	leiden_iso	leiden_usage	leiden
day0_AAACAACGACTGTACA	0	0	0
day0_AAACAACGAGAAACGC	4	2	4
day0_AAACAACGATTGGGTT	2	1	5
day0_AAACACCTGACGACAG	0	0	0
day0_AAACACCTGCAGTAAA	5	1	3
day0_AAACACCTGGCTGCAC	0	0	1
day0_AAACACCTGTTAGAAG	0	1	0
day0_AAACACGCTCTTCTCG	2	1	5
day0_AAACACGCTGGATCAG	3	0	1
day0_AAACAGATGATAGTAG	2	0	5
day0_AAACAGATGATCATGC	4	2	4
day0_AAACAGATGCAAGGGT	5	1	3
day0_AAACAGATGTAGATAG	2	0	5
day0_AAACAGTGAAGCCAGA	4	2	4
day0_AAACAGTGACCTACCT	3	1	1
day0_AAACAGTGACGTTCAA	3	0	5
day0_AAACAGTGACTGAAGG	2	0	5
day0_AAACAGTGAGGACGAT	4	2	4
day0_AAACAGTGATCCCTGT	5	0	3
day0_AAACAGTGATGCACGC	0	0	0
day0_AAACCCAACTAGATCC	5	0	3
day0_AAACCCAACTCCCTCA	2	0	5
day0_AAACCCAACTTCAGTG	3	1	1
day0_AAACCGTACAGAATCA	0	0	0
day0_AAACCGTACCACAGCC	0	1	0
day0_AAACGAAACCAGAAAT	5	1	3
day0_AAACGAAACGGTAGGT	4	2	4
day0_AAACGAAACTCTTAGG	2	0	0
day0_AAACGAAACTGGCGCT	2	0	5
day0_AAACGCTACATTTCCT	6	2	1
day0_AAACGCTACCGCACTG	5	0	3
day0_AAACGCTACTGGGAGT	4	2	4
day0_AAACGGTCTATGAACA	3	0	1
day0_AAACGGTCTCTTGATG	3	0	5
day0_AAACGGTCTTCAAAGA	0	1	0
day0_AAACGGTCTTCAGTGT	3	1	1
day0_AAACGGTCTTGTTGGT	2	1	5
day0_AAACTCGACAGTCATC	5	1	3
day0_AAACTCGACATCCTCC	5	1	3
day0_AAACTCGACGCGGTAA	3	1	5
day0_AAACTCTCTACGCCAC	3	0	5
day0_AAACTCTCTCACGATT	5	0	3
day0_AAACTCTCTTAGCATC	5	1	3
day0_AAACTCTCTTCCTCAC	0	0	0
day0_AAACTCTCTTCGTAGT	2	0	5
day0_AAACTGCTGCTCCAAA	2	0	5
day0_AAACTGCTGGGACGTA	0	0	0
day0_AAAGACCCTCACGTGC	4	2	4
day0_AAAGACCCTTAAACCC	3	1	1
day0_AAAGACTGACGATTCA	5	1	3
day0_AAAGACTGAGGAAGCT	2	0	5
day0_AAAGACTGATCGTAGT	2	0	5
day0_AAAGAGGGAATGGTGG	2	1	1
day0_AAAGAGGGAGCATTCA	3	0	5
day0_AAAGAGGGATACTTCT	1	0	0
day0_AAAGAGGGATGATCTG	3	1	1
day0_AAAGAGGGATGCATCA	2	0	0
day0_AAAGCAATGACCTGTA	3	1	1
day0_AAAGCAATGATCTGTG	2	0	5
day0_AAAGCAATGATTCGTG	2	0	0
day0_AAAGCAATGGAGGAAA	0	1	0
day0_AAAGCAATGGCGAAGT	2	0	5
day0_AAAGCAATGTAAACCC	5	0	3
day0_AAAGCAATGTTATGCG	4	2	4
day0_AAAGCACCTCAACCAT	2	0	5
day0_AAAGCACCTCAGTAAA	3	0	1
day0_AAAGCCGGAGCCCTGA	3	0	1
day0_AAAGGATACAGTTAGA	2	1	5
day0_AAAGGATACTCGGAGA	0	1	1
day0_AAAGGATACTGACGTT	0	0	4
day0_AAAGGATACTGTTCTT	3	1	1
day0_AAAGGATTGACTACGT	1	0	4
day0_AAAGGATTGACTGTGT	3	1	1
day0_AAAGGATTGAGCTATC	3	1	1
day0_AAAGGATTGGAGCATG	2	1	5
day0_AAAGGCCGACACTTGA	3	0	5
day0_AAAGGCCGACAGTAAA	0	1	0
day0_AAAGGCCGATACGATC	0	1	0
day0_AAAGGCCGATGACGTT	3	1	1
day0_AAAGGCCGATTGGTTG	2	0	5
day0_AAAGGGCACAGTCAAA	5	1	3
day0_AAAGGTAACAGTGAAT	3	1	1
day0_AAAGGTAACGGAAGAA	5	1	3
day0_AAAGGTTGAAATGTGA	5	0	3
day0_AAAGGTTGACAAATGA	4	2	4
day0_AAAGGTTGAGGTCATT	5	1	3
day0_AAAGTAGTGCAGCGTC	0	0	0
day0_AAAGTCCTGTAGGAAT	2	1	5
day0_AAAGTCGCTTAAACCC	0	1	1
day0_AAATCCGACATGGTGG	3	0	1
day0_AAATCCGACTACTTCT	3	0	1
day0_AAATCGCTGAATCACC	5	1	3
day0_AAATCGCTGACACCCG	0	1	0
day0_AAATCGCTGCTATCTT	4	2	4
day0_AAATCGGCTACTGTTG	0	1	0
day0_AAATCGGCTAGTTCCA	5	0	3
day0_AAATCGGCTCCTGTCT	0	2	4
day0_AAATCGGCTCGGAATG	2	0	5
day0_AAATCGGCTGTGAAGC	2	0	5
day0_AAATCGGCTTCGATTG	3	0	1
day0_AAATCGGCTTCTTGAG	0	1	0
day0_AAATCGGCTTTTGGTG	5	1	3
day0_AAATGCCTGCCTGATA	0	1	1
day0_AAATGCCTGGAATTGA	1	0	6
day0_AAATGCCTGGGTTACT	0	0	0
day0_AAATGGAACAGTCTCA	4	2	4
day0_AAATGGAACCAATGGG	3	0	0
day0_AAATGGAACCGTGAGA	0	0	0
day0_AACAACGCTCGATGGA	2	1	3
day0_AACAAGAACAGTCTCA	3	1	1
day0_AACAAGAACGAAATTG	3	0	1
day0_AACAAGAACGCACTCG	4	2	4
day0_AACAAGAACGTGCTTA	4	2	4
day0_AACAAGAACTCGAATC	0	0	0
day0_AACAAGAACTGAGGGT	0	1	0
day0_AACAAGTGAAGTGGAC	5	1	3
day0_AACAAGTGACGATGGA	0	1	0
day0_AACAAGTGAGAGATGC	3	0	5
day0_AACAATGGACCAAGCC	0	0	0
day0_AACACACACAAGGTAT	4	2	4
day0_AACACACACTGGCCTG	0	1	0
day0_AACACCAACCAGCGCT	5	1	3
day0_AACACCAACTGTGGAG	5	1	3
day0_AACACCTGAATCCATG	4	2	4
day0_AACACCTGAATGGAAT	2	0	5
day0_AACACCTGAGACAGGT	2	0	0
day0_AACACCTGAGATATGA	0	1	1
day0_AACACGTACCTTGTGA	3	0	1
day0_AACACGTACGAATGAT	4	2	4
day0_AACACTGTGCTCATGA	3	1	1
day0_AACACTGTGGGAACGT	0	0	0
day0_AACACTTCTAAGACAT	3	0	5
day0_AACACTTCTAGTAACA	2	0	5
day0_AACACTTCTCCATTCC	4	2	4
day0_AACACTTCTCGTCCAG	0	1	1
day0_AACAGAATGCGTCGCA	3	0	1
day0_AACAGAATGGACGTCC	0	1	1
day0_AACAGAATGTTGGTTG	1	0	6
day0_AACAGCGGAACGATTC	3	0	5
day0_AACAGCGGACTGGTTA	4	2	4
day0_AACAGCGGAGTCTAAC	2	0	1
day0_AACAGCGGATTCTCGC	3	0	1
day0_AACAGCTACGAAATTG	2	0	5
day0_AACAGCTTGAGGACAC	0	0	0
day0_AACAGCTTGATTGGAA	5	1	3
day0_AACAGCTTGTCACACA	2	0	5
day0_AACAGGGACTGTCCGG	2	0	0
day0_AACAGGGTGCCATAGT	2	0	5
day0_AACAGGGTGGAAATGT	0	0	0
day0_AACAGGGTGGACGCAA	2	0	5
day0_AACAGGGTGTGGACGA	3	0	1
day0_AACAGTCACCGGTAGA	3	0	1
day0_AACAGTCACGGCATGA	2	0	5
day0_AACAGTCACTCACACA	2	1	5
day0_AACAGTCACTGGTACT	5	1	3
day0_AACAGTCACTGTGGGA	3	0	1
day0_AACATGCACAGTTACC	5	1	3
day0_AACATTCCTTCACAAC	0	1	1
day0_AACCAACTGCGTGCGT	5	1	3
day0_AACCAACTGCTAACTG	3	0	1
day0_AACCAACTGTTCCTCG	0	1	0
day0_AACCAACTGTTCGGTA	0	1	0
day0_AACCACATGACTGATC	2	1	5
day0_AACCAGACTCCTACCT	4	2	4
day0_AACCAGACTGATATGA	3	1	1
day0_AACCAGACTGGAACTG	5	0	3
day0_AACCAGACTGGAGGAG	5	1	3
day0_AACCAGACTGGCGTAA	0	1	0
day0_AACCAGGGAATCCCAA	3	0	3
day0_AACCAGGGAGCTGCAC	3	0	1
day0_AACCAGGGAGTTGACT	5	0	3
day0_AACCAGGGATCGATGT	1	1	6
day0_AACCAGTTGACTACCA	0	1	0
day0_AACCATGTGTGCTGGC	3	1	1
day0_AACCATGTGTTACCTT	2	1	5
day0_AACCCAAACACCCTAA	4	2	4
day0_AACCCAAACAGGATAT	4	2	4
day0_AACCCAAACCACAAGG	3	0	0
day0_AACCCAAACCAGGCTC	4	2	4
day0_AACCCAAACCTTAGTG	3	0	1
day0_AACCCAAACGTTAACC	5	0	3
day0_AACCCTCTGATGACCT	3	0	1
day0_AACCCTCTGGGATGAC	4	2	4
day0_AACCCTCTGTGAGTCT	5	0	3
day0_AACCGAACTCGAGTGA	4	2	4
day0_AACCGAACTGGCTGTC	2	0	5
day0_AACCGATACTGGTCAT	3	0	1
day0_AACCGCGACGAGAGAA	6	0	2
day0_AACCGCGTGAGCCAGA	0	1	0
day0_AACCGCGTGCGGAAGT	0	1	0
day0_AACCGCGTGGCCCGTA	2	1	5
day0_AACCGCGTGGTTGTAC	0	0	0
day0_AACCGGCACCATGGTT	4	2	4
day0_AACCGGCACTCCATGA	0	0	6
day0_AACCTAGACACTGATC	4	2	4
day0_AACCTAGTGCCATGGC	0	1	1
day0_AACCTCAGAACGTAAA	4	2	4
day0_AACCTCAGATACGATC	0	0	0
day0_AACCTCCACAGGCATG	0	1	1
day0_AACCTCCACATCCATG	3	0	1
day0_AACCTCCACATTCTCT	3	0	1
day0_AACCTCCACGGCTCAC	3	2	1
day0_AACCTCCACGGGTTAG	4	2	4
day0_AACCTCCACTGTCCGG	5	0	3
day0_AACCTCCACTTGCATG	0	0	0
day0_AACCTCCTGCGACACC	2	0	5
day0_AACCTGAACAACATCC	2	3	5
day0_AACCTGAACACAATGA	3	0	1
day0_AACCTGAACCACTAAC	2	1	0
day0_AACCTGAACCATGAAA	4	2	4
day0_AACCTGAACCTCCTCA	2	1	5
day0_AACCTGAACGCATGGA	4	2	4
day0_AACCTGAACTGTCTAG	2	0	5
day0_AACCTGCCTAATGTGA	6	0	1
day0_AACCTGCCTTCTCAAG	0	0	0
day0_AACGAATGAACCCTTC	3	0	5
day0_AACGAATGACGTGAGA	3	1	1
day0_AACGAATGAGAGCAAC	2	1	5
day0_AACGACTACACAACCT	0	0	0
day0_AACGACTACTACTTCT	3	1	1
day0_AACGACTACTTCTGGA	0	0	0
day0_AACGACTTGGATTACC	0	0	0
day0_AACGAGGTGACTTACG	4	2	4
day0_AACGAGGTGATAGTAG	5	1	3
day0_AACGAGGTGGAATGTA	2	0	5
day0_AACGAGGTGTACCTTT	2	0	5
day0_AACGAGGTGTCATTGG	5	2	3
day0_AACGATAGAATGGGAC	5	1	1
day0_AACGATAGATAACCAC	3	0	1
day0_AACGATAGATCGGAAG	2	0	5
day0_AACGATAGATGATCCA	4	2	4
day0_AACGCATACCATGACT	3	1	1
day0_AACGCATACCCCGATG	3	0	1
day0_AACGCATACCGAAGTG	2	1	5
day0_AACGCCGTGAGATAGT	2	1	5
day0_AACGCCGTGAGTCCCG	3	0	5
day0_AACGCCGTGGACTTAC	5	1	3
day0_AACGCCGTGGGGTATG	3	0	1
day0_AACGCCTCTAGTTACC	4	2	4
day0_AACGCGAGAACTTACG	0	1	0
day0_AACGCGAGAATGTTGC	2	0	5
day0_AACGCGAGACATCTCC	2	0	5
day0_AACGCGAGATAGATAG	3	0	1
day0_AACGCGAGATGATCCA	3	1	1
day0_AACGCGCTGACGTGGA	5	0	3
day0_AACGCGCTGAGATCCT	3	0	1
day0_AACGCGCTGCCTCTTG	4	2	4
day0_AACGCGCTGCTGCCAG	2	0	5
day0_AACGCGCTGTGATCGT	5	0	3
day0_AACGCGCTGTTGTGTG	3	0	1
day0_AACGCTTGAAGAATCA	0	1	0
day0_AACGGCGCTATTGCTG	0	0	0
day0_AACGGCGCTGGAACTG	5	1	3
day0_AACGGGATGACTGTGT	2	0	5
day0_AACGGGATGGCGTGTC	2	0	5
day0_AACGGGATGGGATGCA	1	0	1
day0_AACGGGATGTAGGCAG	3	0	5
day0_AACGGGATGTGGCTTA	4	2	4
day0_AACGGGCCTAGGATAT	3	1	1
day0_AACGGGCCTCGAAGTG	3	0	1
day0_AACGTAAGAAACATGA	4	2	4
day0_AACGTAAGAACTGAGG	2	1	5
day0_AACGTAAGACACTCAA	5	0	3
day0_AACGTAAGACCTCATC	0	1	1
day0_AACGTAAGAGTCTAAC	3	1	1
day0_AACGTAAGAGTGATTC	2	1	5
day0_AACGTAGCTAAATGAC	3	0	1
day0_AACGTAGCTACGCCCA	3	0	1
day0_AACGTAGCTCACTAAC	5	0	3
day0_AACGTCATGCAAACTC	3	0	1
day0_AACGTCATGCCATCAA	3	1	1
day0_AACGTCATGCCTGTCT	0	0	0
day0_AACGTCATGTAACTGC	2	1	5
day0_AACGTGTACCGGATGA	3	1	1
day0_AACGTGTACGCATTCA	5	1	3
day0_AACGTGTACGGGAGGA	4	0	4
day0_AACGTGTACTTTCTAC	4	0	4
day0_AACGTGTTGATCCGAT	2	0	5
day0_AACGTGTTGCAAGAAT	4	2	4
day0_AACGTGTTGCGCCGAT	0	0	0
day0_AACGTGTTGCTTCATT	2	0	5
day0_AACGTGTTGTCGTGAT	5	0	3
day0_AACGTGTTGTCTCAAG	5	1	3
day0_AACGTTGTGATCAGGG	3	1	1
day0_AACGTTGTGGTTGGTT	0	0	0
day0_AACGTTGTGTGCCTAA	5	1	3
day0_AACTACGTGAGAAGGA	2	1	5
day0_AACTACGTGCAAGATA	4	2	4
day0_AACTACGTGCCGTGAC	4	2	4
day0_AACTACGTGTCGGAAG	4	2	4
day0_AACTCAGTGCCAGACC	0	0	0
day0_AACTCAGTGGGAGAGG	5	1	3
day0_AACTCAGTGGTGCTTA	3	1	1
day0_AACTCTACTTTCCGGG	3	1	1
day0_AACTCTTTGAATGTGA	5	1	3
day0_AACTCTTTGACATCCA	5	1	3
day0_AACTCTTTGATCACCA	2	0	5
day0_AACTCTTTGCCAGACC	2	1	1
day0_AACTCTTTGGACTTAC	4	2	4
day0_AACTCTTTGTTTCCGC	2	0	5
day0_AACTGACTGGTGCTTA	2	1	5
day0_AACTGCCCTACCATCA	5	0	3
day0_AACTGCCCTCTCCAAA	5	0	3
day0_AACTGCCCTGAAATCA	2	0	5
day0_AACTGTGACAAGTGAT	2	0	5
day0_AACTGTGACGGTTACT	3	0	5
day0_AACTGTGACTGGTTAC	5	1	3
day0_AACTTACCTGGTCATT	3	0	5
day0_AACTTACCTTAGAACA	2	0	5
day0_AACTTTCACACTGTAC	3	1	1
day0_AACTTTCACAGTGTGG	5	0	3
day0_AACTTTCACGAGGAGG	2	0	5
day0_AAGAAACACGACTCAT	0	0	0
day0_AAGAAACACGCTTATG	0	0	0
day0_AAGAAACACTCATGCA	2	0	5
day0_AAGAAAGCTTGACCCG	3	1	1
day0_AAGAAGTTGACTGAGG	0	0	0
day0_AAGAAGTTGGCTGCTG	2	1	5
day0_AAGAAGTTGGTAATGA	5	0	3
day0_AAGAATGTGAGGCCTC	5	0	3
day0_AAGAATGTGGTAAGTA	4	2	4
day0_AAGAATGTGTGGCATT	2	1	0
day0_AAGACATGAAGACACG	3	1	1
day0_AAGACATGACCAGCAC	2	0	5
day0_AAGACATGACTAAGGG	3	1	1
day0_AAGACGGTGTTGAGGG	5	1	3
day0_AAGACTCTGAGATCGG	2	0	5
day0_AAGACTCTGCCTGCGA	5	1	3
day0_AAGACTCTGGTATAGA	2	0	5
day0_AAGACTCTGTCATGTG	2	0	5
day0_AAGACTGCTCTGACCG	2	1	5
day0_AAGACTGCTTGCATCA	3	1	6
day0_AAGACTGCTTTCTCCG	2	1	5
day0_AAGAGAACTGCTGAGA	2	1	5
day0_AAGAGAGGAAACCAAA	3	1	1
day0_AAGAGAGGAATGTTGC	0	0	5
day0_AAGAGAGGACCATTCC	0	1	0
day0_AAGAGAGGAGACTTAC	2	1	5
day0_AAGAGATACCCATGCG	0	0	0
day0_AAGAGATTGTTGAGTC	3	0	1
day0_AAGAGCCGAATGGGAC	3	0	1
day0_AAGAGCCGAGGCAATG	4	2	4
day0_AAGAGCCGATTCACTT	4	2	4
day0_AAGAGCCGATTCGGGC	4	2	4
day0_AAGATCCTGAACGTGG	0	0	0
day0_AAGATCCTGCATCGGC	2	1	5
day0_AAGATCCTGGAGGTTG	5	1	3
day0_AAGATCCTGGCCATCG	0	0	0
day0_AAGATGAACAGAATCA	2	0	5
day0_AAGATGAACCTGCAGC	2	1	5
day0_AAGATGAACTCCAAAC	3	0	1
day0_AAGATGAACTTGTTCT	5	0	3
day0_AAGATGATGTTCTCGC	2	0	5
day0_AAGATGCCTAGTGGAC	0	1	0
day0_AAGATGCCTCTCCAAA	3	1	1
day0_AAGATGCCTCTTCCAC	5	1	3
day0_AAGATTGGATTCAGCA	2	1	5
day0_AAGCAATGAAAGCACG	2	1	5
day0_AAGCAATGAAGACCAG	3	0	1
day0_AAGCAATGAGTTGTAC	4	2	4
day0_AAGCAATGATGTGGTT	3	0	1
day0_AAGCAATGATTCAGTG	3	1	1
day0_AAGCACTTGACTCATG	4	2	4
day0_AAGCACTTGAGGGATC	2	0	3
day0_AAGCACTTGCATTTCT	4	2	4
day0_AAGCACTTGCGTGTTA	2	0	5
day0_AAGCACTTGGATCACT	2	0	5
day0_AAGCCAGGAACTTCGA	2	0	5
day0_AAGCCCGTGCGATCGC	4	2	4
day0_AAGCCCGTGGGTGGAT	0	1	0
day0_AAGCCCGTGGTCTACA	2	0	5
day0_AAGCCGAGAAGTCACT	3	0	1
day0_AAGCCGAGACAAACAA	3	0	1
day0_AAGCCGAGACGGTGAA	2	0	5
day0_AAGCCGCACCGATCAT	5	0	3
day0_AAGCCGCACTTAGTGC	0	1	0
day0_AAGCCTAACCGTGCGT	0	0	0
day0_AAGCCTAACCGTTCGG	5	0	3
day0_AAGCCTAACTGGTTGT	4	2	4
day0_AAGCCTTGAAGGTATA	3	0	1
day0_AAGCCTTGACACTTCC	0	1	0
day0_AAGCCTTGACGAACTT	5	0	3
day0_AAGCGACGACGAAGTG	3	0	1
day0_AAGCGACGACTCCTAC	3	0	1
day0_AAGCGATCTAGCCTGC	4	2	4
day0_AAGCGATCTCTAGAGG	2	1	5
day0_AAGCGCCACGACTCTA	2	0	3
day0_AAGCGCCACTCATTTC	2	0	5
day0_AAGCGGAACACATCCA	2	1	5
day0_AAGCGGAACGACAGAC	3	0	5
day0_AAGCGGAACGGCAATG	3	1	1
day0_AAGCGGAACTCATGCA	5	0	3
day0_AAGCGGCCTACCCTAA	6	0	1
day0_AAGCGGCCTATTGGCT	2	0	5
day0_AAGCGGCCTCACGTGC	2	0	5
day0_AAGCGGCCTCGCTTGG	3	0	1
day0_AAGCGGCCTGTTGTTG	2	0	5
day0_AAGCGGTGAGAAGGAA	3	0	5
day0_AAGCGGTGAGGAAGTC	4	2	4
day0_AAGCGGTGATCGCTTC	5	0	3
day0_AAGCTAAGAACAGTTC	2	1	5
day0_AAGCTAAGAGAGGAGG	0	1	0
day0_AAGCTAAGAGGATATA	2	0	5
day0_AAGCTAAGATGCACTA	4	2	4
day0_AAGCTGTTGACCCTAA	2	0	5
day0_AAGCTGTTGTGAAGAT	3	0	1
day0_AAGCTTGTGCTCCTCA	5	1	3
day0_AAGCTTGTGGTATCTG	2	0	5
day0_AAGCTTGTGTGAGCCC	0	1	1
day0_AAGCTTGTGTGCCGCA	3	1	5
day0_AAGGAATACAAATGGT	2	0	5
day0_AAGGAATACAGGGTCA	5	1	3
day0_AAGGAATACATCTCCC	5	0	3
day0_AAGGAGCTGATTGGCT	3	0	1
day0_AAGGAGCTGGTTACGT	2	0	5
day0_AAGGAGCTGTAGGAAT	5	1	3
day0_AAGGCAGACCGATAGG	4	2	3
day0_AAGGCAGACCTCCTCA	0	1	1
day0_AAGGCAGACGTATCTG	3	0	5
day0_AAGGCAGACTGTCCGG	2	1	5
day0_AAGGCAGACTTACGAC	2	1	5
day0_AAGGCCAGAACGACTT	0	0	0
day0_AAGGCCAGAGATTACC	4	2	4
day0_AAGGCGATGAGGTCGA	2	0	5
day0_AAGGCGATGATGCCCG	2	0	5
day0_AAGGCGATGGTTTGAC	3	2	4
day0_AAGGGACACAATGCAA	3	0	5
day0_AAGGGACACCGCCACA	5	0	3
day0_AAGGGACACCTCATGA	4	2	4
day0_AAGGGACACTCGTAAC	4	0	4
day0_AAGGGACACTGAGGAC	0	1	0
day0_AAGGGACACTGAGGGT	2	1	5
day0_AAGGGACACTGCCTAA	1	1	6
day0_AAGGGAGCTATGGCCC	2	1	5
day0_AAGGGAGCTCTTCGGG	3	0	5
day0_AAGGGAGCTGTTAGGG	5	1	3
day0_AAGGGAGCTTACCCGG	6	1	0
day0_AAGGGCCCTCGCTTCT	0	1	1
day0_AAGGGTGACCTCGTGG	0	1	0
day0_AAGGGTGACGACTGAG	2	0	0
day0_AAGGTAAACAAATCGA	2	0	5
day0_AAGGTAAACCGCTCAG	0	1	0
day0_AAGGTACCTCCTGTCT	0	0	0
day0_AAGGTACCTGGGAGGA	3	0	1
day0_AAGGTCACTCAGGCAA	3	0	1
day0_AAGGTCACTGGCGATA	2	1	5
day0_AAGGTCACTTACCATG	5	0	3
day0_AAGGTCACTTCACCGG	2	1	5
day0_AAGGTCACTTGGTCTA	5	0	3
day0_AAGGTCTTGCCCGATG	3	0	1
day0_AAGGTCTTGCTTCTCG	0	0	0
day0_AAGTAAGACCGTTCGG	3	0	1
day0_AAGTAAGACCTCGGCA	3	0	1
day0_AAGTAAGACGGAATTA	5	1	3
day0_AAGTAAGACTGACCCG	0	1	0
day0_AAGTAGTGAACTTACG	0	0	0
day0_AAGTAGTGACGATCAT	3	1	5
day0_AAGTATGGAACCCTAA	5	0	3
day0_AAGTATGGAAGACACG	5	1	3
day0_AAGTATGGAATGCTCA	3	0	1
day0_AAGTCAGCTATCTGTG	3	2	5
day0_AAGTCAGCTTTCAGTG	0	1	0
day0_AAGTCCAACAAATGAC	0	0	1
day0_AAGTCCAACCCATGGC	3	0	1
day0_AAGTCCAACTGTACGT	5	1	3
day0_AAGTCGTACCAAGGGT	0	0	0
day0_AAGTCGTTGAGCGTGA	0	1	0
day0_AAGTCGTTGCCTCCAT	0	1	0
day0_AAGTCGTTGCGATCAT	3	0	1
day0_AAGTCTGACCACAGCC	2	0	5
day0_AAGTCTGACCGACGCT	3	0	1
day0_AAGTCTGACTGAATGA	5	0	3
day0_AAGTGAAACACATGAA	0	1	1
day0_AAGTGAAACATCCCAA	3	0	1
day0_AAGTGAAACCAAATGA	5	1	3
day0_AAGTGAAACCTCTACC	0	0	0
day0_AAGTGACCTACCTCTC	4	2	4
day0_AAGTGACCTCACTTGA	5	1	3
day0_AAGTGACCTTGGCAGA	5	1	3
day0_AAGTGACCTTGTGACT	4	2	4
day0_AAGTGACCTTGTGGAG	4	2	4
day0_AAGTGATGAACGCCAC	4	2	4
day0_AAGTGATGAATGGTAA	5	1	3
day0_AAGTGATGATGGTAAA	0	1	0
day0_AAGTGCACTACAGTAA	2	1	5
day0_AAGTGCACTCACTAAC	2	1	5
day0_AAGTGCGGAACGCCAC	2	0	5
day0_AAGTGCGGAATGGTCT	4	2	4
day0_AAGTGCGGAATTTCTC	0	2	0
day0_AAGTGCGGACATGGAG	0	0	0
day0_AAGTGCGGATACTTCT	2	1	5
day0_AAGTGGCGACCTACCT	5	1	3
day0_AAGTGGCGACTAACCA	5	1	3
day0_AAGTGTAGAGAGCATG	4	0	4
day0_AAGTGTAGATGGTGGA	5	1	3
day0_AAGTTCCGACGTCCAG	4	2	4
day0_AAGTTCCGAGAGGAAA	2	0	5
day0_AATACCTCTACAATGA	3	0	5
day0_AATACCTCTGAGCAAC	0	1	0
day0_AATACCTCTTAGCTAC	3	0	1
day0_AATACCTCTTGATCCA	3	0	1
day0_AATACCTCTTGGAATA	2	0	5
day0_AATACGCTGGAATGGC	5	1	3
day0_AATACTCCTTTACCTT	3	0	1
day0_AATAGCCTGCTTTCAT	3	0	1
day0_AATAGCCTGGAATAGT	5	1	3
day0_AATAGCCTGGACGATG	2	0	5
day0_AATAGCCTGTTGAGTC	4	2	4
day0_AATAGGATGAAACCAA	3	0	1
day0_AATAGGATGGAAGTAT	2	0	0
day0_AATAGGATGTATGTGC	5	0	1
day0_AATCACGACCGGGTCT	5	1	1
day0_AATCACGACGGCTCAC	0	0	0
day0_AATCACGACTCGCTTC	0	0	0
day0_AATCAGCACACAAAGT	5	0	3
day0_AATCAGCACAGGTAGC	2	0	5
day0_AATCAGCACCTGGTTA	4	2	4
day0_AATCAGCACTACCTAG	2	0	3
day0_AATCAGCACTCATGCA	2	0	5
day0_AATCAGCACTTCACCC	0	0	0
day0_AATCCAGTGGAACATA	4	2	4
day0_AATCCAGTGGAGGTTG	2	0	5
day0_AATCCAGTGTTCTGAG	0	1	0
day0_AATCCCAGAAGTGGAC	0	0	0
day0_AATCCGATGCCCGTGA	0	0	0
day0_AATCCGATGTACCTGA	4	2	4
day0_AATCCGATGTGTAGCT	4	2	4
day0_AATCCTACTCATGAAA	2	0	5
day0_AATCCTACTCCATAAC	6	1	1
day0_AATCCTACTCCTACGG	0	0	1
day0_AATCCTTTGATTTCTC	4	2	4
day0_AATCCTTTGCAGAACG	3	0	1
day0_AATCCTTTGCGGATGA	3	0	5
day0_AATCCTTTGTCATGCA	0	1	0
day0_AATCGAAGACGTGTTA	4	0	4
day0_AATCGAAGAGACTCTA	2	0	5
day0_AATCGAAGAGAGAGTC	0	0	0
day0_AATCGACACTCTACAG	5	0	3
day0_AATCGGTTGACATCAC	0	1	1
day0_AATCGGTTGCCGCACA	5	0	3
day0_AATCGGTTGCCTGTCT	0	1	0
day0_AATCGGTTGGACACCC	3	1	1
day0_AATCGGTTGGCGCTCA	0	0	0
day0_AATCGGTTGTTCCATT	3	1	1
day0_AATCGTCGAATTGGCT	0	0	0
day0_AATCGTCGAGCCCGTA	0	0	0
day0_AATCGTCGATGAACAA	0	1	1
day0_AATCTACCTAACCCAT	2	0	5
day0_AATCTACCTGGTAGGT	2	1	5
day0_AATCTCGGAGACTACT	3	0	5
day0_AATCTCGGAGAGATTA	0	1	1
day0_AATCTCGGATGACGCC	2	1	5
day0_AATCTCTACTATGTGC	2	0	5
day0_AATCTCTACTTCATCT	6	0	2
day0_AATCTCTTGATGACCT	0	0	1
day0_AATCTCTTGGGTGGAT	2	0	5
day0_AATCTCTTGGTTAGGG	3	0	1
day0_AATCTGCGACTTCCCA	5	0	3
day0_AATGAACGACCATCTC	5	0	3
day0_AATGAACGATATCGCA	3	0	1
day0_AATGAAGACAACAGGC	5	0	0
day0_AATGAAGACGAGGCAT	2	0	5
day0_AATGAAGACTAGACCT	2	0	5
day0_AATGAAGTGCCAAGCC	5	0	3
day0_AATGAAGTGGAATTGA	3	0	1
day0_AATGAAGTGGTCTATG	2	1	5
day0_AATGAAGTGTACTCCC	3	0	1
day0_AATGAAGTGTGAACGG	0	0	0
day0_AATGAGATGAGCGTTT	0	1	0
day0_AATGAGATGCTAACTG	2	0	5
day0_AATGAGATGCTACAAC	2	0	5
day0_AATGAGATGGAGCATG	3	1	1
day0_AATGCTGTGAATCGAA	0	1	0
day0_AATGCTGTGGTAGAAT	2	1	0
day0_AATGGAAACAGCGAAC	0	1	0
day0_AATGGAAACCATGAGG	2	0	5
day0_AATGGAAACGAATAGT	0	1	0
day0_AATGGAAACTTCACCC	0	0	0
day0_AATGGCTTGACGATCT	3	0	5
day0_AATGGCTTGCACGTGC	0	1	6
day0_AATGGCTTGCCCTGTT	2	0	5
day0_AATGGCTTGGAATAGT	2	0	0
day0_AATGGCTTGGAGTAAT	5	1	3
day0_AATGGTCTGTATTCCT	4	2	4
day0_AATGTGCACGACTGCC	4	2	4
day0_AATGTTCCTATGCAGG	2	1	5
day0_AATTACCCTTCGCGAC	0	1	0
day0_AATTCCACTACTTCCC	5	1	3
day0_AATTCCACTCAATTCG	3	1	1
day0_AATTCCACTCGATGAG	5	1	3
day0_AATTCCACTGGGTCAA	3	0	5
day0_AATTCCACTGTACTAC	4	2	4
day0_AATTCCACTTCTTTGT	5	0	3
day0_AATTCCACTTGATAGA	3	0	1
day0_AATTCGGTGACGTTCA	0	0	0
day0_AATTCGGTGACTGAGG	3	1	1
day0_AATTCGGTGAGTAACA	0	0	0
day0_AATTCGGTGCGTTCAA	5	1	3
day0_AATTCGGTGTAACCAC	4	2	4
day0_AATTGGAGAGCAGCTC	0	0	0
day0_AATTGGAGATTCCCAC	0	0	0
day0_AATTTCCACCAGCCCA	4	2	4
day0_AATTTCCACGATCCGC	0	1	0
day0_AATTTCCACGTCGTTA	3	1	1
day0_ACAAACCACACCCGTG	1	0	6
day0_ACAAACCACCGAAGCA	3	0	1
day0_ACAAACCACGGAGAGG	2	0	0
day0_ACAAAGTGACGATCGC	5	0	3
day0_ACAAAGTGATCTGGCG	4	2	4
day0_ACAAATGGACCTGCAG	3	0	1
day0_ACAAATGGAGGCTGTC	0	1	0
day0_ACAAATGGATCTTGTT	0	0	0
day0_ACAACGGGAAAACCCT	0	0	0
day0_ACAACGGGAACCTCTC	3	0	1
day0_ACAACGGGAGTGGCCT	2	0	5
day0_ACAACGGGATAGCTAC	0	0	0
day0_ACAACGGGATTTCGGA	0	0	0
day0_ACAACTCGACTCACGG	0	1	0
day0_ACAACTCGAGGAACTG	2	0	5
day0_ACAAGCTACCGTGGAA	3	1	0
day0_ACAAGGCGATGATAGA	0	1	0
day0_ACAAGGGTGTCTGGCG	0	1	0
day0_ACAATAGGAAGTAACA	0	1	0
day0_ACAATAGGACATGCAT	5	1	3
day0_ACAATAGGACCCAAGC	0	1	0
day0_ACAATAGGAGAAAGGA	4	2	4
day0_ACAATGAGAACTGAGG	4	2	4
day0_ACAATGAGAAGCCTAT	3	0	1
day0_ACAATGCTGACGACTT	0	1	0
day0_ACAATGGCTGGTAAAT	3	0	1
day0_ACACAAGCTAGATCGG	0	1	0
day0_ACACAAGCTAGCCTAT	5	1	3
day0_ACACAAGCTCAAGATA	2	1	0
day0_ACACAAGCTCGGGTCT	5	1	3
day0_ACACAAGCTCGTTCAA	0	0	0
day0_ACACAAGCTCTCTATT	4	2	4
day0_ACACAAGCTGCAGCCT	4	2	4
day0_ACACACTGAAGGTATA	5	0	3
day0_ACACACTGAATGGCTT	0	1	1
day0_ACACACTGACAACCAT	3	0	1
day0_ACACACTGATCTTAGG	3	1	1
day0_ACACCGGACGAGGTTG	3	0	1
day0_ACACCGGACGATGCTT	5	0	3
day0_ACACGATACCAACCAT	3	0	1
day0_ACACGATACCTGTACA	0	0	5
day0_ACACGATACTGTGATC	5	1	3
day0_ACACGCGTGAGGCGAT	1	0	3
day0_ACACGCGTGAGTGAAT	0	0	5
day0_ACACGCGTGCGTGAGA	0	1	0
day0_ACACGCGTGGCGAAGT	4	2	4
day0_ACACGCGTGGGCATGA	2	0	5
day0_ACACGCGTGTAATGAG	5	0	3
day0_ACACGGAGAACAACCT	2	0	5
day0_ACACGGAGACCGAAAG	0	1	1
day0_ACACGTTGAAACGAAT	3	0	5
day0_ACACGTTGATAAACCC	6	1	2
day0_ACACTACGAGACCCGT	4	2	4
day0_ACACTACGAGAGATGC	3	1	1
day0_ACACTAGACAAGGGTC	0	0	0
day0_ACACTATCTGGTTCCG	2	1	5
day0_ACACTGATGATTCTCT	2	0	5
day0_ACACTGTGAATTCCTT	3	0	5
day0_ACACTGTGACATGATC	2	0	5
day0_ACAGACTACACTGCCG	3	0	1
day0_ACAGAGGTGAAGAATC	2	1	0
day0_ACAGCAACTCTCTACC	2	0	5
day0_ACAGCTATGGGATGCA	4	2	4
day0_ACAGCTATGGTAGAAT	4	2	4
day0_ACAGCTATGTTGGGAG	2	0	5
day0_ACAGCTCCTCGATTCA	2	0	5
day0_ACAGCTCCTCTGTAAC	0	0	0
day0_ACAGCTCCTGAGAGGG	3	0	1
day0_ACAGCTTGAGGTTGAG	3	0	1
day0_ACAGCTTGAGTAGCCC	4	2	4
day0_ACAGGAGACAACGCTT	5	1	3
day0_ACAGGAGACCCCAAGC	4	2	4
day0_ACAGGAGACCGCCGAT	2	0	5
day0_ACAGGAGTGACAACAA	3	1	1
day0_ACAGGAGTGGTTAGAA	2	0	5
day0_ACAGGAGTGTAGAGAT	0	0	0
day0_ACAGGCAGAAGATCCT	4	2	4
day0_ACAGGCAGAGTAACCT	2	0	5
day0_ACAGGCAGAGTGAAAT	2	0	5
day0_ACAGGCAGATCGCTTC	4	2	4
day0_ACAGGGTGATCCCGTT	3	0	5
day0_ACAGGTGGACGTTCAA	5	1	3
day0_ACAGGTGGAGAGAGTC	2	1	5
day0_ACAGGTGGATGCACGC	2	1	5
day0_ACAGTAAGACGAAATA	5	0	3
day0_ACAGTAAGAGAGTGAC	2	0	5
day0_ACAGTAAGATACGATC	0	0	0
day0_ACAGTAGCTAGCGAAC	5	1	3
day0_ACAGTAGCTGGAACTG	5	0	3
day0_ACAGTAGCTTGTGGTT	4	2	4
day0_ACAGTCAACACTGAAA	0	1	0
day0_ACAGTCAACGAAGGAA	3	1	1
day0_ACAGTCAACTAGGAAT	2	1	5
day0_ACAGTCAACTGACTCA	2	0	5
day0_ACAGTCATGCTCCATC	2	0	5
day0_ACAGTCATGGCTAACT	2	0	5
day0_ACAGTCATGTGGGTTT	3	0	1
day0_ACAGTCCCTCAGTCTA	0	1	0
day0_ACAGTCCCTCGTGATT	3	0	1
day0_ACAGTCTGACGATTAC	2	2	5
day0_ACAGTCTGAGACAGGT	5	0	3
day0_ACAGTTTCTCCCTGAG	0	1	0
day0_ACAGTTTCTCGTTGTA	4	2	4
day0_ACAGTTTCTCTTCCCA	3	1	5
day0_ACATAAGGATCCATTT	3	1	1
day0_ACATACGACTACTTCT	5	1	3
day0_ACATAGAGACATGGGA	4	2	4
day0_ACATATCCTAGGTTCT	4	2	4
day0_ACATATCCTTCGTAAC	4	2	4
day0_ACATCGATGAATCCCA	3	1	1
day0_ACATCGATGACAGTAA	4	2	4
day0_ACATCGATGAGTCTTG	5	1	3
day0_ACATCGATGGAACATA	0	1	0
day0_ACATGACACATTCCTT	2	0	5
day0_ACATGACACCTCTCCA	2	0	5
day0_ACATGACACCTGTAAC	3	0	5
day0_ACATGACACGAGATGC	3	0	1
day0_ACATGACACTGCACGC	4	2	4
day0_ACATGCAACCCCTGTT	5	0	6
day0_ACATGCAACCGAACTT	2	0	5
day0_ACATGCCCTTCACCGG	5	1	3
day0_ACATGCCCTTCTATCT	3	0	1
day0_ACATTCTACCCATGCG	2	0	5
day0_ACATTCTACTGTCCGG	4	0	5
day0_ACATTCTTGCGGTTGC	3	0	1
day0_ACATTCTTGTCTCAAG	3	0	1
day0_ACATTGCGAAGGTTCT	5	0	1
day0_ACATTGCGACCCAACG	3	0	5
day0_ACATTGCGAGGGTTCC	0	1	0
day0_ACCAAACTGAAACCCT	2	0	5
day0_ACCAAACTGCATCGAT	0	1	0
day0_ACCAAGACTTCACACA	3	1	1
day0_ACCAAGACTTGGTCAT	2	0	5
day0_ACCAAGTTGAGCGTTT	5	1	3
day0_ACCAAGTTGCAAGGGT	3	0	1
day0_ACCAATCGATAGCATC	2	0	1
day0_ACCACAAACAGACTAA	0	0	0
day0_ACCACAAACCCCAAGC	5	0	3
day0_ACCACAAACGAGAGAA	2	1	5
day0_ACCACCACTTAGACCT	2	1	0
day0_ACCACGGTGAGTAACA	0	0	0
day0_ACCACGGTGTCCATGA	3	1	1
day0_ACCACGGTGTTGCATG	3	0	1
day0_ACCAGCCGAAATGTGA	3	0	1
day0_ACCAGCCGACGAAGTG	2	0	5
day0_ACCAGCCGACGTGAGA	3	0	1
day0_ACCAGCCGATAGACTC	4	2	4
day0_ACCAGTCCTTGAAATG	0	1	0
day0_ACCAGTTGAAGGGTCA	5	1	3
day0_ACCAGTTGACCAGCAC	2	1	1
day0_ACCAGTTGACTCACTC	0	0	0
day0_ACCAGTTGATAGATAG	0	0	0
day0_ACCATCAGAAAGAGGA	0	0	1
day0_ACCATCAGAACCCAAT	6	0	1
day0_ACCATCAGACTCGCTT	5	0	3
day0_ACCATCAGAGCAATAA	0	0	0
day0_ACCATCAGAGTAACTC	2	0	5
day0_ACCATCAGAGTGGCCT	3	0	1
day0_ACCATCAGATTGGAGG	0	1	0
day0_ACCATCGCTAACGTAA	2	1	5
day0_ACCATCGCTGACTTAC	0	0	0
day0_ACCATGCCTATGATGA	5	1	3
day0_ACCATGCCTCCGTCGA	3	0	1
day0_ACCATGCCTCTGGGTC	2	0	5
day0_ACCATGCCTGGGACAT	3	1	1
day0_ACCCACGGAGACAGAC	1	1	6
day0_ACCCACTTGCAGCGAA	2	1	5
day0_ACCCACTTGGCTGTCG	3	1	1
day0_ACCCAGGACCGACCGT	3	0	5
day0_ACCCAGGACGAAGTAT	5	1	3
day0_ACCCAGGACGAGATTA	5	0	3
day0_ACCCAGGACTGGTGGA	2	0	1
day0_ACCCAGTCTCACTTCC	4	2	4
day0_ACCCAGTCTCATGAGG	2	1	5
day0_ACCCATGCTTAGGCAG	3	0	1
day0_ACCCGACGAACCCGCA	2	0	5
day0_ACCCGACGACGTGTTA	2	0	5
day0_ACCCGACGACTCCCAT	0	1	0
day0_ACCCGACGAGGGTTAG	1	0	0
day0_ACCCGACGATTGTGTG	3	1	1
day0_ACCCGCAGAACCAGAG	2	0	5
day0_ACCCGCAGATTCAGCA	0	1	0
day0_ACCCGGTGAAACCTCA	3	0	5
day0_ACCCGGTGATAGGATA	0	1	0
day0_ACCCGGTGATGATCTG	0	1	0
day0_ACCCGTGGACTGGTTA	0	1	0
day0_ACCCGTGGAGACTGAG	5	1	3
day0_ACCCGTGGAGGTTGAG	2	0	5
day0_ACCCGTGGATAGAACA	4	2	4
day0_ACCCGTGGATATGTGC	2	1	5
day0_ACCCTCATGAAATGGT	3	1	1
day0_ACCCTCATGGGACTGA	5	0	3
day0_ACCCTCATGGGCTCTG	5	0	3
day0_ACCCTCCCTAGATCGG	2	1	5
day0_ACCCTCCCTCGCCACA	1	0	6
day0_ACCCTCCCTTCGTAGT	4	2	4
day0_ACCCTGACTACCCTAA	0	0	5
day0_ACCGAAACTAGTTGGG	3	1	5
day0_ACCGACCGAACAATGA	1	0	3
day0_ACCGACCGAGCACTCG	5	0	3
day0_ACCGACCGATTGAAAG	3	0	1
day0_ACCGACGACACCAGAG	0	1	0
day0_ACCGACGACAGTGGAC	2	1	5
day0_ACCGACGACATCTCCC	0	0	0
day0_ACCGACGACTCTACCC	4	2	4
day0_ACCGACGTGCTGTGAT	2	1	5
day0_ACCGACGTGTAGGAAT	2	0	5
day0_ACCGAGCTGATCCGAT	0	0	0
day0_ACCGAGCTGGACAGAC	3	1	1
day0_ACCGATATGCACGCCA	2	0	5
day0_ACCGATATGCCGATGC	4	2	4
day0_ACCGATATGGCCCTGA	3	0	1
day0_ACCGATATGTGAAATG	3	0	5
day0_ACCGATTGATAGAATG	0	1	0
day0_ACCGCTTACACTGTTG	4	2	4
day0_ACCGGCATGGACGCAA	2	0	5
day0_ACCGGCATGGCAGCCT	1	1	6
day0_ACCGGCATGTTGAGGG	2	0	5
day0_ACCGGGACTACAACAA	2	0	5
day0_ACCGGGACTGATTACC	0	1	0
day0_ACCGTAATGCTTAGTG	2	1	5
day0_ACCGTAATGGTTGGAG	3	1	1
day0_ACCGTATGAGCATTAC	4	2	4
day0_ACCGTATGAGTCTTGA	0	1	1
day0_ACCGTATGATCATCCC	4	2	4
day0_ACCGTATGATGTACGT	5	1	3
day0_ACCGTCGGACCAGCAC	4	2	4
day0_ACCGTCGGACGACAGA	2	0	5
day0_ACCGTCGGACTAACAC	2	0	0
day0_ACCGTCGGAGTTAGAA	2	0	5
day0_ACCGTCTACAGTTAGA	0	0	0
day0_ACCGTCTACCCTGAAT	3	0	5
day0_ACCGTCTTGACGGAAC	0	1	1
day0_ACCGTCTTGTCTGGGC	0	0	1
day0_ACCGTGCGACTGTACA	5	0	3
day0_ACCGTTAGAGGATGAC	5	1	3
day0_ACCGTTAGAGTACCTA	3	0	5
day0_ACCGTTCACGTAATGA	0	0	0
day0_ACCGTTCACTGTCTAG	5	0	3
day0_ACCTATACTAACCCTA	3	0	1
day0_ACCTATACTCCTCCAT	2	0	5
day0_ACCTATACTGCCTGTG	2	0	5
day0_ACCTATACTTGCATGT	3	1	1
day0_ACCTATGGAATTGGTC	0	0	0
day0_ACCTCCAACAAACTGA	3	1	1
day0_ACCTCCAACAGTCAAA	0	1	0
day0_ACCTCCAACCAGAAAT	3	0	1
day0_ACCTCCAACCTACAAC	3	0	5
day0_ACCTCCAACGGCGATA	3	0	5
day0_ACCTCCAACTCGATTG	3	0	1
day0_ACCTCGACTTACAACC	0	0	0
day0_ACCTCGGGAGTGTGTT	3	1	1
day0_ACCTCGTTGGTACTAC	0	1	0
day0_ACCTGCACTGAGCGTA	1	0	6
day0_ACCTGCACTTGAGCGA	3	0	1
day0_ACCTGCACTTTAGGAA	2	0	5
day0_ACCTGCTTGCATGACT	2	0	5
day0_ACCTGCTTGGCCCGTA	3	0	5
day0_ACCTGCTTGTGGTTAC	0	0	1
day0_ACCTGTAGACGCGTCA	9	1	7
day0_ACCTGTAGACTTCACC	3	0	1
day0_ACCTGTAGAGCATGGA	3	1	1
day0_ACCTGTAGATAATGAG	5	1	3
day0_ACCTGTAGATCTACCC	2	0	0
day0_ACCTGTCACACATCAC	0	0	0
day0_ACCTGTCACGATGCAG	2	0	5
day0_ACCTTATTGTCATCCC	3	0	5
day0_ACCTTATTGTGAGCGA	4	2	4
day0_ACCTTCTCTAGGTAGC	3	0	1
day0_ACCTTGGCTCATGAGG	2	0	6
day0_ACCTTGGCTCCCAACG	5	1	3
day0_ACGAAATGAATACCTG	0	0	0
day0_ACGAACTTGCTCACGG	3	0	1
day0_ACGAACTTGTGGATCT	5	1	3
day0_ACGAAGGTGACTGTGT	2	0	5
day0_ACGAAGGTGCCTCCTA	2	1	5
day0_ACGAAGGTGCGATGGA	5	1	3
day0_ACGAAGGTGCGGAAGT	2	0	0
day0_ACGAAGGTGTTGCCTC	0	0	0
day0_ACGAAGTCTAGGATAT	2	0	5
day0_ACGAAGTCTATTTCTC	4	2	4
day0_ACGAAGTCTTGCAGGA	2	0	0
day0_ACGAAGTCTTGTTGGT	5	0	3
day0_ACGAAGTCTTTTGTCT	0	1	0
day0_ACGAATAGAAGGACAC	3	0	5
day0_ACGAATAGACAGTACT	2	0	5
day0_ACGAATAGACCTACGG	3	1	1
day0_ACGAATAGATCGAGGA	2	0	0
day0_ACGAATCTGCGGGTCT	3	0	1
day0_ACGAATCTGTTGCCTC	2	0	5
day0_ACGACAACTATCCTCC	2	0	5
day0_ACGACAACTGGCGTAA	0	0	0
day0_ACGACAACTTTACGAC	4	2	4
day0_ACGACCTCTGATGCAG	2	0	0
day0_ACGACGAGAAACCCTA	5	0	3
day0_ACGACGAGAGACAGGT	0	0	0
day0_ACGACGAGATACCTAG	2	0	5
day0_ACGACGAGATACTCCC	2	0	5
day0_ACGACGAGATTCATCT	2	0	5
day0_ACGACGCACATCGGAG	5	1	3
day0_ACGACGCACCAGTACT	2	0	5
day0_ACGACGCACGTATAGA	5	0	3
day0_ACGACGCACTTGGAGG	2	1	1
day0_ACGACGGCTGATAAGT	2	0	1
day0_ACGACGGCTGGAAGAA	0	1	0
day0_ACGACGGCTGGGAACT	3	1	6
day0_ACGACGGCTTACCCTC	2	0	5
day0_ACGACGGCTTCGTGAT	0	1	0
day0_ACGACTAACACAACAA	2	1	5
day0_ACGACTAACGTCTATG	0	0	0
day0_ACGACTAACTGTGACT	3	0	3
day0_ACGACTATGGAGAACC	3	0	1
day0_ACGACTTGAACAAAGT	1	1	6
day0_ACGACTTGAACGGATG	2	0	1
day0_ACGAGGTGAATGCCCG	5	1	3
day0_ACGAGGTGATCCCGGA	2	1	1
day0_ACGAGGTGATGGAATA	2	0	5
day0_ACGAGGTGATGGTACT	2	0	5
day0_ACGAGTACTATCGGAG	2	0	5
day0_ACGAGTACTCTGCTCT	4	2	4
day0_ACGAGTACTTAACCCA	5	1	3
day0_ACGAGTTTGGGGCTTC	3	1	1
day0_ACGATCAACCCCTGAG	5	0	4
day0_ACGATCAACGAGTCCC	3	0	1
day0_ACGATCAACGGACTGA	0	0	0
day0_ACGATCAACTGGATCT	0	1	0
day0_ACGATCCCTTCGAATC	3	0	1
day0_ACGATGACTATCCATG	5	0	3
day0_ACGATGACTATTCAGC	3	0	1
day0_ACGATGACTCGGATAG	2	0	5
day0_ACGATGACTGGACTGA	0	1	0
day0_ACGATGACTTAGGAAT	2	0	5
day0_ACGATGTTGAGTAACA	3	0	1
day0_ACGATGTTGATGGTCT	4	2	4
day0_ACGATGTTGATGGTGG	0	1	1
day0_ACGATGTTGGACTGCC	5	0	3
day0_ACGATGTTGGCCCTGA	5	0	3
day0_ACGATGTTGGTTGGAG	3	1	1
day0_ACGCAATTGACCCTTC	3	0	1
day0_ACGCAATTGTTGTGTG	2	0	5
day0_ACGCATATGAATGGCG	4	2	4
day0_ACGCATATGCGACCGT	2	1	5
day0_ACGCATATGCTGAGAG	3	0	1
day0_ACGCATATGTGATCCA	5	0	3
day0_ACGCATCCTATACCTG	5	1	3
day0_ACGCATCCTCCTACGG	5	0	3
day0_ACGCCACGACCATCGG	0	1	0
day0_ACGCCACGACTCATGA	0	0	0
day0_ACGCCACGAGCTCTCT	4	2	4
day0_ACGCCACGAGGAACAC	0	1	0
day0_ACGCCAGTGTACTGCA	0	1	1
day0_ACGCCAGTGTAGGCAG	2	1	5
day0_ACGCCATCTCTGGCTG	0	0	0
day0_ACGCCCAGACAGCTGC	2	0	5
day0_ACGCCGAACAACGTAA	0	0	0
day0_ACGCCGAACTGAAATG	2	0	5
day0_ACGCCTTTGTTTGTGG	3	1	1
day0_ACGCGCTGAATGGCAG	2	0	5
day0_ACGCGCTGAGAGAACC	3	0	5
day0_ACGCGCTGATTCTCGC	2	1	5
day0_ACGCGGTACTGCCGCA	3	0	1
day0_ACGCGGTACTTTGTGG	0	0	0
day0_ACGCGTCGACACTTAG	3	0	1
day0_ACGCGTTCTACCGAAG	3	0	1
day0_ACGCGTTCTCACTTAG	5	0	3
day0_ACGCGTTCTGAGCCCT	0	0	0
day0_ACGCGTTCTTGCATCA	0	1	1
day0_ACGCTGGACCTGATCA	0	1	0
day0_ACGCTGGACGGTAGGT	2	0	5
day0_ACGCTGGTGAACAATG	5	1	3
day0_ACGCTGGTGAGTCATC	0	1	0
day0_ACGCTGGTGCTGTACA	3	1	1
day0_ACGCTGTCTAGTATGA	2	0	5
day0_ACGCTGTCTGCCATCG	2	1	5
day0_ACGCTGTCTTCCTCAC	4	2	4
day0_ACGCTTAGACCGCATG	5	1	3
day0_ACGCTTAGACTCCCAT	5	0	3
day0_ACGCTTAGATCATTTC	1	0	5
day0_ACGCTTCACAATTCCG	4	2	4
day0_ACGCTTCACCGCTCAG	2	0	5
day0_ACGCTTCTGACATGAA	4	2	4
day0_ACGCTTCTGATAGAAC	2	0	5
day0_ACGCTTCTGTTGAGCT	4	2	4
day0_ACGGAAGACAACAATG	3	0	1
day0_ACGGAAGACACTGTAC	4	2	4
day0_ACGGAAGACACTTGAC	2	0	5
day0_ACGGAAGACGTCCTTC	0	2	1
day0_ACGGAAGACTGATAGA	0	1	0
day0_ACGGAAGACTGTGAGG	4	2	4
day0_ACGGACAGAAATGCAA	2	1	5
day0_ACGGACAGAGTAGAAT	5	0	3
day0_ACGGACAGAGTGGACA	0	1	0
day0_ACGGACAGAGTGGGTA	3	0	1
day0_ACGGACCACGCTGTCG	4	2	4
day0_ACGGACCACTGCACTA	2	0	5
day0_ACGGAGTGAGACGGAT	3	1	1
day0_ACGGAGTGAGATCGGA	4	2	4
day0_ACGGAGTGATAACTGC	5	1	3
day0_ACGGGACCTGATGCAG	3	1	1
day0_ACGGGATGAGAGCATG	2	0	5
day0_ACGGGATGAGTGTCCG	2	0	5
day0_ACGGGATGATAGAGAT	0	1	0
day0_ACGGGATGATCTAGAC	2	0	5
day0_ACGGGATGATTTCCGC	2	0	5
day0_ACGGGTCTGAAGTATG	0	0	0
day0_ACGGGTCTGCGAGGTA	2	0	5
day0_ACGGGTCTGGCTGCTG	0	0	0
day0_ACGGGTCTGTGATCCA	3	1	1
day0_ACGGTAGGAGCGTCAC	2	0	5
day0_ACGGTAGGATCGCTTC	3	2	5
day0_ACGGTGGCTGTCTTGA	3	1	1
day0_ACGTAAGCTGTGGGTA	2	0	5
day0_ACGTACAACCACTTCC	0	1	0
day0_ACGTACAACCAGCGTC	1	0	5
day0_ACGTACAACTCCAAAC	1	1	6
day0_ACGTACAACTGGTGGA	2	0	5
day0_ACGTACATGATAGTGA	0	1	0
day0_ACGTACATGCCAGAGA	5	1	3
day0_ACGTACATGGTCCCGA	3	0	1
day0_ACGTACATGTTCGTTT	4	2	4
day0_ACGTACATGTTGCTGA	0	1	0
day0_ACGTACCCTACGCTTA	5	0	3
day0_ACGTACCCTATTCTCT	3	0	1
day0_ACGTACCCTCGTGCTG	4	2	4
day0_ACGTACCCTTTGAGTC	2	1	0
day0_ACGTAGTTGGAGTGAC	2	0	5
day0_ACGTAGTTGGTTAACC	4	2	5
day0_ACGTAGTTGTCTTTGT	5	1	3
day0_ACGTATCGACGTTGGC	3	2	5
day0_ACGTATCGAGTGTCCG	0	1	0
day0_ACGTATGTGCTCGCTT	3	1	1
day0_ACGTATGTGTACCCGG	3	0	1
day0_ACGTATGTGTCTATTC	5	0	3
day0_ACGTCCACTAAGACAT	5	0	3
day0_ACGTCCACTCCGTGCA	2	0	5
day0_ACGTCCACTGAGTCCC	0	1	0
day0_ACGTCCACTTAACCGT	2	1	5
day0_ACGTCCACTTCACAGT	0	0	0
day0_ACGTCCGGACTAACAC	0	1	1
day0_ACGTCCGGAGACGGAT	2	0	5
day0_ACGTCGGACAACGGTG	5	0	3
day0_ACGTCGGACACTCCCT	3	2	5
day0_ACGTCGGACCAAACAA	4	2	4
day0_ACGTCGGACCGGATAG	5	1	3
day0_ACGTCGGACTCATGAC	4	2	4
day0_ACGTCGGACTCTACCC	2	0	5
day0_ACGTCGTCTAATACCC	0	1	1
day0_ACGTCGTCTAATGTAG	3	0	5
day0_ACGTCGTCTGGAATTA	5	1	3
day0_ACGTCTCACGGATATA	2	0	5
day0_ACGTGAGGAACGGAAC	3	0	1
day0_ACGTGAGGAATGGTGG	4	2	4
day0_ACGTGAGGAGAAATTG	1	0	6
day0_ACGTGAGGAGCATGAG	3	1	1
day0_ACGTGAGGAGTAGCCC	3	0	4
day0_ACGTGATACCCTCCAT	0	0	0
day0_ACGTGATACCGATTAC	3	0	1
day0_ACGTGATTGCGGATGA	3	0	5
day0_ACGTGATTGGATGCTT	3	1	1
day0_ACGTGATTGGGCTCAC	5	0	3
day0_ACGTGATTGTCTACCC	0	1	1
day0_ACGTGATTGTTGCATG	0	1	0
day0_ACGTGTTGAGACTTAC	3	1	1
day0_ACGTTAGACAGCCTAT	3	0	1
day0_ACGTTAGACCGCACTG	5	1	3
day0_ACGTTAGACCTGACCG	2	0	5
day0_ACGTTAGACTTAGAAG	2	0	5
day0_ACGTTATCTACTAAGA	5	0	3
day0_ACGTTATCTCTCAATG	5	0	3
day0_ACGTTATCTTAACCGT	2	0	5
day0_ACGTTCAGAACTAGAA	2	1	0
day0_ACGTTGAACCATCCAA	0	0	0
day0_ACGTTGAACGGTAGAC	3	0	1
day0_ACGTTGAACTGTGGTT	3	0	5
day0_ACTAAAGGAACTGTGT	2	0	5
day0_ACTAAAGGAAGTCAAA	3	1	1
day0_ACTAAAGGACCGCATG	3	1	1
day0_ACTAAAGGATATGTGC	2	1	5
day0_ACTAACCGAAACTTCG	0	0	0
day0_ACTAACCGAACGCTTA	5	1	3
day0_ACTAACCGAAGACTAA	3	0	5
day0_ACTAACCGAAGGCCTC	3	0	0
day0_ACTAACCGACACTAAC	2	1	5
day0_ACTAACCGACCCACGA	2	0	5
day0_ACTACAGACAGCGTGA	5	1	3
day0_ACTACAGACCTCAATG	2	0	5
day0_ACTACAGACGAGATTA	0	1	0
day0_ACTACAGACGTGGCCT	0	1	1
day0_ACTACCGCTACATCAC	0	1	0
day0_ACTACCGCTGGATGAC	4	2	4
day0_ACTACCGCTTTCGTTT	5	1	3
day0_ACTACGTGAAGCGATG	5	0	3
day0_ACTACGTGACTAATGC	0	1	0
day0_ACTACGTGATCTTGAG	0	0	0
day0_ACTAGCAACAACATGA	5	1	3
day0_ACTAGCAACCATGGTT	4	2	4
day0_ACTAGCTGACAATCTG	0	1	0
day0_ACTAGCTGACGATGAG	3	0	5
day0_ACTAGGTACAATGGCG	5	0	3
day0_ACTAGGTACGGGTATG	5	0	3
day0_ACTAGTGACCAGTGAG	4	2	4
day0_ACTATACCTTCGCTTC	1	1	6
day0_ACTATCACTAGAATCA	3	1	1
day0_ACTATCACTCTCCAAA	0	1	1
day0_ACTATCACTGGACGAT	2	0	5
day0_ACTATCGGACATAGTC	0	0	0
day0_ACTATCGGACGACGCT	5	0	3
day0_ACTATCGGAGACAGTG	4	2	4
day0_ACTATGCGAAGGTCGA	5	1	3
day0_ACTATGCGACATCGGC	5	1	3
day0_ACTATGGACCGACTTA	3	1	1
day0_ACTATGGACCGGCACT	2	1	1
day0_ACTATGGACCTACAAC	1	0	6
day0_ACTATGTCTGGGTAAC	2	1	5
day0_ACTATTGCTCGGCACT	0	1	0
day0_ACTCAAGACTACCCGG	5	0	3
day0_ACTCAAGACTTATGCG	2	0	5
day0_ACTCAAGTGCGTGATT	4	2	4
day0_ACTCAAGTGTTTGGGT	3	1	1
day0_ACTCAATCTAGTGAAT	0	1	0
day0_ACTCAATCTCGGTTGC	0	0	1
day0_ACTCAATCTGCCGTTG	4	2	4
day0_ACTCAATCTGGATTAA	2	0	5
day0_ACTCAATCTTGACGTT	2	0	5
day0_ACTCACGCTCCTCGAG	2	0	5
day0_ACTCAGAACACGATTC	2	0	5
day0_ACTCAGAACGAATGGC	3	1	1
day0_ACTCAGAACGTAACCT	5	1	3
day0_ACTCATACTGGCAATG	3	0	1
day0_ACTCATGGAGAGTAAT	5	0	3
day0_ACTCATGGATACCTAG	3	0	5
day0_ACTCATTTGCTGCCAG	4	2	4
day0_ACTCCAGCTCAGGCAA	3	1	1
day0_ACTCCAGCTGTCATTG	5	1	3
day0_ACTCCTGACGTTAGAA	2	0	0
day0_ACTCGACCTACTGGGA	2	0	0
day0_ACTCGACCTCAAGCGA	2	0	5
day0_ACTCGACCTCGTTCGG	0	1	1
day0_ACTCGACCTGGATCCC	5	0	3
day0_ACTCGACCTTCGAGAG	2	1	5
day0_ACTCGACCTTGGCTGC	5	1	3
day0_ACTCGCGGATGCATGT	3	0	1
day0_ACTCGCTACAAGGTAT	2	0	5
day0_ACTCGCTACCTTTGTT	1	1	6
day0_ACTCGCTTGGGAACAC	5	1	3
day0_ACTCGCTTGGGGTATG	3	1	1
day0_ACTCGGCGACATCGAT	2	0	5
day0_ACTCGGCGAGCTTATG	4	2	4
day0_ACTCTAGGAACCTGTA	0	1	0
day0_ACTCTAGGAATTCTTC	5	0	3
day0_ACTCTAGGACTAAGGG	4	2	4
day0_ACTCTAGGACTCGGCA	0	1	1
day0_ACTCTAGGATAGCTTG	3	0	1
day0_ACTCTATTGAACATGA	2	1	5
day0_ACTCTATTGCCAGAGA	5	1	3
day0_ACTCTATTGCGCTTCT	0	1	0
day0_ACTCTGGCTCTCGCTT	1	0	0
day0_ACTCTGGCTCTGCAGC	3	0	5
day0_ACTCTGGCTGAGATTA	0	0	0
day0_ACTCTGGCTGGAACTG	4	2	4
day0_ACTGAAAGAAAGAGGA	4	2	4
day0_ACTGAAAGACGTGAGA	0	1	1
day0_ACTGAACACACGCCAC	3	0	5
day0_ACTGAACACATTGCTG	0	0	0
day0_ACTGAACACGCATGAG	0	0	0
day0_ACTGACAACGAGCATG	3	1	1
day0_ACTGACATGAGGGATC	0	2	0
day0_ACTGACATGCAGTGAG	4	2	4
day0_ACTGACATGTACCCAA	5	1	3
day0_ACTGACTGATGCACTA	5	0	3
day0_ACTGATGACATGTTGC	0	0	1
day0_ACTGATGACTCTATTC	5	0	3
day0_ACTGCAAACATTTCTC	5	1	3
day0_ACTGCAAACTCCCTCA	0	1	0
day0_ACTGCAAACTGTTCGA	5	0	3
day0_ACTGCATGAAGACACG	4	2	4
day0_ACTGCATGACTCCCAT	2	0	5
day0_ACTGCATGATATTCCT	3	1	1
day0_ACTGCATGATTAGTGC	2	2	0
day0_ACTGCCACTCTTGCGG	4	2	4
day0_ACTGCCACTGATGCAG	3	0	5
day0_ACTGCCACTTTGAGTC	0	1	1
day0_ACTGCCGGAGTAGAAT	2	0	5
day0_ACTGCCTACTGGTGGA	1	0	5
day0_ACTGCGGACCTCTATT	3	1	5
day0_ACTGCGGACTCCATTT	3	0	5
day0_ACTGCGTCTACTGTTG	4	2	4
day0_ACTGCGTCTCGATGGA	3	1	1
day0_ACTGCGTCTTGGCAGA	3	0	1
day0_ACTGCTCACGAAGGAA	5	0	3
day0_ACTGCTCACGCAGCTC	4	2	4
day0_ACTGCTCACTTCATCT	0	0	0
day0_ACTGCTGCTACCCAAT	2	0	5
day0_ACTGCTGCTCGGATAG	4	2	4
day0_ACTGCTGCTGCCTGCA	0	0	0
day0_ACTGCTGCTGGAATTA	4	2	4
day0_ACTGGAACTATGGTGG	4	2	4
day0_ACTGGAACTGCTGCAC	2	0	0
day0_ACTGGATTGCATTCAG	5	1	3
day0_ACTGGATTGGTACCTA	2	1	5
day0_ACTGGATTGTGAGTCT	5	1	3
day0_ACTGGCGTGACAACCT	4	2	4
day0_ACTGGCGTGCTCACGG	4	2	4
day0_ACTGGGCACAATGTAG	1	0	6
day0_ACTGGGCACATGAACA	4	2	4
day0_ACTGGGCACCCTCCTA	4	2	4
day0_ACTGGGCACCCTCTTG	5	1	3
day0_ACTGGGCACGGTGTGA	4	2	4
day0_ACTGGGCTGTGTAGCT	2	0	5
day0_ACTGGTATGGTAACCT	5	0	3
day0_ACTGGTATGTAACTGC	0	0	0
day0_ACTGGTATGTTCCGGG	5	0	3
day0_ACTGTAGACAATTCCG	4	2	4
day0_ACTGTAGACATCGGAG	4	2	4
day0_ACTGTAGACGACAGTG	3	0	1
day0_ACTGTAGACTCGAGAG	4	2	4
day0_ACTGTAGTGGAAGGAA	5	0	3
day0_ACTGTAGTGTGTGAGG	0	0	1
day0_ACTGTATCTAGTGTGG	2	0	8
day0_ACTGTCAGAACGTAAA	0	1	0
day0_ACTGTCCACCATAGTC	0	0	0
day0_ACTGTCCTGAGTTGGG	0	1	0
day0_ACTGTCCTGTATCCGA	2	0	5
day0_ACTGTCGCTGACAGAC	3	0	1
day0_ACTGTCGCTGGACAGT	2	0	5
day0_ACTGTCGCTGGAGGAG	4	2	4
day0_ACTGTCGCTTCCCGTT	3	0	1
day0_ACTGTGATGCTTCCCA	2	0	5
day0_ACTGTGATGGAGATTA	0	0	0
day0_ACTGTGATGGGAAGAA	4	2	4
day0_ACTGTTACTGGAATTA	1	0	6
day0_ACTGTTACTTTGGGAG	3	0	1
day0_ACTTACTACGTAATGA	0	1	0
day0_ACTTAGTCTCGTTGTA	4	2	4
day0_ACTTCAACTATGCTCA	5	0	3
day0_ACTTCAACTGTTGAGG	3	0	1
day0_ACTTCATACCCTGATA	2	1	5
day0_ACTTCATACGGACGTA	0	1	0
day0_ACTTCCGTGACGTAGG	0	1	0
day0_ACTTCCGTGCTTGCGG	2	0	0
day0_ACTTCCGTGTCATGAC	4	2	4
day0_ACTTCTAACTGGGTAG	3	0	1
day0_ACTTGAGACACATGAA	0	1	0
day0_ACTTGAGACATCCCTC	0	0	0
day0_ACTTGAGACGGAAGCT	0	1	0
day0_ACTTGTGGAACAAAGT	1	1	6
day0_ACTTGTGGAACGAGCA	3	0	1
day0_ACTTGTGGAAGTCACT	2	0	5
day0_ACTTGTGGAGATCGGA	3	1	1
day0_ACTTGTTACCGACCGT	2	0	5
day0_ACTTGTTACCGTGAGA	0	0	0
day0_ACTTGTTACTCTGGGC	2	0	5
day0_ACTTGTTACTTACGAC	3	0	1
day0_ACTTTCATGCGAAATA	2	0	5
day0_ACTTTCATGGGGACAT	3	0	1
day0_ACTTTCATGGGTAGAC	2	0	5
day0_ACTTTCATGTGTCCGG	3	0	1
day0_ACTTTGTACAAACTGA	3	1	1
day0_ACTTTGTACATTCGTG	5	0	1
day0_ACTTTGTTGCAAATGA	2	1	5
day0_ACTTTGTTGCACAGCC	2	0	5
day0_AGAAACCCTCTTAGTG	4	2	4
day0_AGAAATCGAAAATGAC	0	0	0
day0_AGAAATCGAAATCGCT	3	0	1
day0_AGAACAAACCAGTGAG	4	2	4
day0_AGAACCACTCTTCCGT	4	2	4
day0_AGAACCACTGTACTAC	2	0	5
day0_AGAACCACTTTGCTCC	4	2	4
day0_AGAACTCTGTGATGTC	2	0	5
day0_AGAAGATACAGACCAG	0	0	0
day0_AGAAGCCGAAGGACAC	0	0	1
day0_AGAAGCCGAATCGCAT	2	0	5
day0_AGAAGCCGATGGATCT	2	0	5
day0_AGAAGGCACAATGCCT	0	1	0
day0_AGAAGGCACGCATTCA	3	0	1
day0_AGAAGGCTGAGCGAAC	0	1	0
day0_AGAAGTCCTAAATGGT	2	0	5
day0_AGAAGTCCTAGGTCCC	0	1	0
day0_AGAATCAGACGTGACC	0	0	1
day0_AGAATCCTGAACGCTT	2	0	5
day0_AGAATCCTGCAGCGAA	2	0	5
day0_AGAATCCTGCGATAGG	2	1	5
day0_AGAATCCTGCGGGAAT	3	0	5
day0_AGAATCCTGTTCCTCG	2	1	5
day0_AGAATCGCTGAATGTA	2	1	0
day0_AGAATCGCTGACTACT	3	0	1
day0_AGAATCGCTGCAGCAA	0	0	0
day0_AGACACGGACACAGCC	5	1	3
day0_AGACACGGAGTGGGTA	5	1	3
day0_AGACACGGATTGTTCT	3	0	5
day0_AGACACTTGAGCTACT	3	0	1
day0_AGACACTTGCATGCAT	3	0	1
day0_AGACACTTGTGGATCT	3	0	1
day0_AGACAGCGAGAACGTG	5	1	1
day0_AGACAGCGAGTGGCCT	0	0	0
day0_AGACAGCGATCAGGTT	0	0	0
day0_AGACAGCGATCCAACA	3	1	3
day0_AGACAGCGATTGCCTC	0	0	0
day0_AGACAGGTGAGCCATT	2	0	0
day0_AGACAGGTGCACTGGC	2	0	3
day0_AGACAGGTGGCAGCAA	3	0	1
day0_AGACAGGTGTCATCCC	3	0	1
day0_AGACAGGTGTGGCTGC	4	2	4
day0_AGACAGGTGTGGTCTA	2	0	5
day0_AGACCAGGAAACAATG	3	0	1
day0_AGACCAGGAATCACCA	2	0	5
day0_AGACCAGGAATTGGTC	4	2	4
day0_AGACCAGGACATCAGT	4	2	4
day0_AGACCAGGACGCGTGT	0	0	0
day0_AGACCAGGAGCAGGTA	2	1	3
day0_AGACCAGGATACAACC	4	2	4
day0_AGACCCTCTAGACCGA	5	1	3
day0_AGACCCTCTCATTACG	5	1	3
day0_AGACCGAGAACAGTTC	1	0	6
day0_AGACCGAGATAAAGAC	3	0	5
day0_AGACCGAGATATTCCT	0	0	0
day0_AGACCGCTGAACAATG	2	0	5
day0_AGACCGCTGACCTGTA	2	1	5
day0_AGACCGCTGACTGTAC	4	0	4
day0_AGACCGCTGGAGTCTT	5	0	3
day0_AGACGCAGAGGTAAAT	4	2	4
day0_AGACGTACTCGGATGA	4	2	4
day0_AGACTCAACACATCCA	4	2	4
day0_AGACTCAACACGGGTA	3	1	1
day0_AGACTCAACGGATGAC	3	0	1
day0_AGACTCAACTCGCTTC	0	0	1
day0_AGACTGTACCGATGAG	5	1	3
day0_AGACTGTACGCCACAC	4	2	4
day0_AGACTGTACGGCGATA	3	1	1
day0_AGAGAATACACGTTCA	3	1	1
day0_AGAGAATACCCGCAAC	4	2	4
day0_AGAGAATACTCTAACG	2	0	5
day0_AGAGAATTGAGATCGG	4	0	4
day0_AGAGACGACCCGATCG	3	0	1
day0_AGAGACGACTACCATG	5	1	3
day0_AGAGACGTGTCGGAAG	3	0	1
day0_AGAGACGTGTGCATGT	2	0	5
day0_AGAGACGTGTGGGATG	0	0	0
day0_AGAGAGCACAGAATCA	3	0	1
day0_AGAGAGCACAGCACGA	3	0	1
day0_AGAGAGCACCGCATCG	2	1	1
day0_AGAGAGCACGTAACTC	5	0	3
day0_AGAGAGCACTGAGCAG	0	0	0
day0_AGAGAGGCTGGACGAT	2	1	0
day0_AGAGAGGCTGGTAGGT	4	0	4
day0_AGAGAGGCTTTCCCAC	1	0	6
day0_AGAGATATGCCCGTGA	2	0	5
day0_AGAGATATGCCGATGC	3	0	1
day0_AGAGATTGAACTTACG	0	0	0
day0_AGAGATTGAATAGGAT	3	1	1
day0_AGAGATTGATAACACC	3	0	1
day0_AGAGATTGATACTGCA	3	1	1
day0_AGAGCACGACCCGTAG	2	0	1
day0_AGAGCGATGAACACCT	3	0	5
day0_AGAGCGATGACTTCCC	1	1	6
day0_AGAGCGATGAGCTTGT	2	1	0
day0_AGAGCGATGATGGTCT	3	0	5
day0_AGAGCGATGCGCTTCT	2	0	5
day0_AGAGCGATGGACTAAA	2	1	5
day0_AGAGCGATGGATCATC	2	0	5
day0_AGAGCGATGTGGTACT	0	0	0
day0_AGAGCGCCTAGACCGA	6	0	1
day0_AGAGCGCCTCAAACAA	2	0	5
day0_AGAGCGCCTCATGGAG	0	0	0
day0_AGAGCGCCTTCATTGG	1	1	6
day0_AGAGCTACTAATGTGA	1	1	6
day0_AGAGCTACTATCGGAG	5	0	3
day0_AGAGCTACTCCTCTTG	5	1	3
day0_AGAGCTACTCGTCGCA	2	0	5
day0_AGAGCTACTGGCTGTC	3	1	1
day0_AGAGCTGGACTCTCCA	5	1	3
day0_AGAGCTGGAGTATAGA	5	1	3
day0_AGAGCTGGATTCCGGG	0	0	0
day0_AGAGCTTACGGTAGGT	2	0	5
day0_AGAGCTTTGAACTCAC	2	1	5
day0_AGAGCTTTGTTTGACG	2	0	5
day0_AGAGGCCCTAACATGA	0	1	0
day0_AGAGGCCCTCATTACG	3	0	5
day0_AGAGGCCCTGTACCTA	3	1	1
day0_AGAGGCCCTTAAACCC	0	0	0
day0_AGAGGCCCTTAGACCT	4	2	4
day0_AGAGGCCCTTAGACTC	0	2	0
day0_AGAGGCTGACGTCCAG	3	0	5
day0_AGAGGGTTGACGTTCA	4	2	4
day0_AGAGTAATGCGAAATA	0	0	0
day0_AGAGTAATGGTAAGTA	4	2	4
day0_AGAGTAATGTCTAACG	0	0	0
day0_AGAGTAATGTGTGACT	2	0	5
day0_AGAGTGCGACTCCTAC	0	0	1
day0_AGAGTGCGAGTCCTTC	3	0	1
day0_AGAGTGGACAGCCATT	4	2	4
day0_AGAGTGGACGAATGAT	2	2	4
day0_AGAGTGGACGGACGAT	4	2	4
day0_AGAGTGGACTCTTAGG	3	1	1
day0_AGAGTTCTGACAAACA	2	0	5
day0_AGAGTTCTGAGTTAGA	2	1	5
day0_AGAGTTCTGGTTGACT	0	0	0
day0_AGAGTTGCTCCATAAC	2	0	1
day0_AGATAACGATGAACAA	2	0	5
day0_AGATAGAACAGACACG	3	0	1
day0_AGATAGAACGAAAGGA	5	0	3
day0_AGATAGAACGAATGTA	2	0	5
day0_AGATAGATGAAACCAA	0	1	0
day0_AGATAGATGATTGGTC	2	1	0
day0_AGATAGATGGAAATAC	4	0	0
day0_AGATAGATGGGCAGTA	0	0	0
day0_AGATAGATGGTTACAC	2	0	5
day0_AGATAGCCTAACCAAA	1	1	3
day0_AGATCCAACCGCGTCA	0	0	0
day0_AGATCCAACTGTTGGT	5	1	3
day0_AGATCCAACTTTCTAC	0	0	0
day0_AGATCCATGCCCGGTA	4	2	4
day0_AGATCCATGCGGTTGC	3	0	1
day0_AGATCCATGCGTGGCT	0	0	0
day0_AGATCCATGTACCGTA	2	0	5
day0_AGATCGGGAACCTGAT	3	1	1
day0_AGATCGGGAAGGCTGA	5	1	3
day0_AGATCGGGATCGCGAC	0	2	0
day0_AGATCGTACACCAATC	4	2	4
day0_AGATCGTACACCTGAT	5	0	3
day0_AGATCGTACAGAGGAA	2	0	5
day0_AGATCGTACAGTTAGA	5	0	3
day0_AGATCGTACATCCCAA	3	0	5
day0_AGATCGTACCCATCTC	5	1	3
day0_AGATCGTTGAACGTTC	3	0	1
day0_AGATCGTTGCAAACAA	2	0	5
day0_AGATCGTTGCGAGTGA	2	0	5
day0_AGATCTTCTAGCCTAT	2	1	5
day0_AGATCTTCTCACAGCC	0	0	0
day0_AGATCTTCTTCGAGGA	2	0	5
day0_AGATCTTCTTGATCCA	3	0	1
day0_AGATGAATGAGGATAT	3	0	1
day0_AGATGACCTCTTCACC	5	1	3
day0_AGATGTCACACGAGCA	4	2	4
day0_AGATGTCACATCAGTC	3	0	3
day0_AGATGTCTGAGGAATT	3	1	1
day0_AGATGTCTGAGGCCTC	5	0	3
day0_AGATGTCTGTACCATG	2	0	0
day0_AGATGTCTGTACCGTA	2	0	5
day0_AGATGTCTGTGGTACT	2	1	5
day0_AGATTCTCTAGTATGA	4	2	4
day0_AGATTCTCTCAGAACG	5	0	3
day0_AGCAAATGAACCGAAG	3	1	1
day0_AGCAAATGACACTTAG	2	0	5
day0_AGCAAATGACTGATCA	2	0	5
day0_AGCAAATGAGTGGCCT	5	1	3
day0_AGCAAGCGAATCGCAT	5	0	3
day0_AGCACCGTGACGAGCA	2	1	5
day0_AGCACCGTGGTGGCCT	5	0	3
day0_AGCACCGTGGTTTGAC	3	0	1
day0_AGCACCGTGTCGAGAG	0	1	1
day0_AGCACCGTGTCTAACG	2	1	5
day0_AGCACCTCTATAACCC	3	0	1
day0_AGCACCTCTCGGAATG	3	0	1
day0_AGCACCTCTTCTGTAG	2	0	5
day0_AGCACGCACCCGATGC	3	0	1
day0_AGCACGCACGGGAGGA	0	1	0
day0_AGCACGCTGAGCCTCG	0	0	0
day0_AGCACGCTGGAGAGGG	4	2	4
day0_AGCAGAGTGGAATGGC	5	1	3
day0_AGCAGAGTGTGAGGAC	3	0	5
day0_AGCAGAGTGTTTGAGC	5	1	3
day0_AGCAGCCACGGTACAG	2	1	5
day0_AGCAGCCACTGTTGTG	3	0	1
day0_AGCAGCCACTTGGGAG	5	1	3
day0_AGCAGCGCTAACACTC	0	0	0
day0_AGCAGCGCTACCTGGC	4	2	4
day0_AGCAGCGCTATCGAAA	5	1	3
day0_AGCAGCGCTCATGGGA	0	1	0
day0_AGCAGCGCTGACAGGT	4	2	4
day0_AGCAGCGCTTCGGTAT	2	0	5
day0_AGCAGGCCTATCGCAT	0	1	0
day0_AGCAGGCCTATGCCCG	2	1	1
day0_AGCAGGCCTCTCACGG	2	0	5
day0_AGCAGGCCTTATGTGC	4	2	4
day0_AGCAGTTTGCAATCTG	0	0	0
day0_AGCAGTTTGCCCGGTA	2	0	5
day0_AGCAGTTTGTCTTGTT	3	0	1
day0_AGCATCATGGCAGCCT	2	1	5
day0_AGCATCATGGGTGGAT	4	2	4
day0_AGCATCTGACCATCGG	2	1	5
day0_AGCATCTGACCATGGC	4	2	4
day0_AGCATCTGAGTTTGGT	2	0	0
day0_AGCATCTGATCTCTAT	3	1	1
day0_AGCATGACTCTGCTCT	3	0	5
day0_AGCATTCGAACATCAC	0	0	0
day0_AGCATTCGACGCCCAA	0	1	1
day0_AGCATTCGAGCACTCG	0	1	0
day0_AGCATTCGAGTGGACA	4	2	4
day0_AGCATTGTGAGTATGA	3	0	1
day0_AGCATTGTGATGAACA	0	1	0
day0_AGCCAAACTAGAGGAA	2	1	5
day0_AGCCAAACTCTCGCTT	0	0	0
day0_AGCCAAACTGACCGAA	2	1	5
day0_AGCCAAACTGGGCTCT	0	0	0
day0_AGCCAAACTTTCAGTG	3	1	1
day0_AGCCAATACAACCAAA	4	2	4
day0_AGCCAATACACCTGAT	3	0	1
day0_AGCCAATACGCGTGAA	2	0	5
day0_AGCCAATACGGGATGT	2	0	5
day0_AGCCAATACTACCGTA	3	2	1
day0_AGCCATATGCAGTGAG	3	0	1
day0_AGCCATCCTGGTACTT	0	0	0
day0_AGCCATCCTTACAACC	0	1	0
day0_AGCCCGTGAGCAGCAA	2	0	5
day0_AGCCCTTTGAGTCCCG	2	0	5
day0_AGCCCTTTGATAGTAG	1	0	1
day0_AGCCCTTTGCGGGTCT	3	0	1
day0_AGCCCTTTGGCAAGCA	3	0	1
day0_AGCCGAGCTAACGTAA	4	2	4
day0_AGCCGAGCTCCTCGAG	1	1	1
day0_AGCCGAGCTGAAATGT	5	0	3
day0_AGCCGCAACCCCAAGC	5	0	3
day0_AGCCTAATGATTCAGC	2	0	5
day0_AGCCTAATGGATGCTT	2	1	3
day0_AGCCTAATGTCGAATC	2	1	5
day0_AGCCTAATGTCGTAAC	0	0	1
day0_AGCCTACCTATCACAC	5	0	3
day0_AGCCTACCTCGCGTGT	2	0	5
day0_AGCCTACCTCTGCAGC	4	2	4
day0_AGCCTACCTTTCCTCG	3	1	1
day0_AGCCTATGAAACATCC	3	0	5
day0_AGCCTATGAATCCCTC	0	0	0
day0_AGCCTATGACCAGAGA	0	0	0
day0_AGCCTATGATTCTATC	5	1	3
day0_AGCCTCACTCACTCAA	3	1	3
day0_AGCCTCACTGATTACC	4	2	4
day0_AGCCTCGGAAGATTCC	0	0	0
day0_AGCCTCGGAATCGCAT	3	0	1
day0_AGCCTCGGACGGTAAG	0	1	0
day0_AGCCTCGGAGGATTAA	3	1	1
day0_AGCCTCGGATATCACG	3	0	1
day0_AGCCTCGGATTCAGCA	6	0	1
day0_AGCCTCTTGCAGTGAG	2	0	5
day0_AGCCTCTTGGAACATA	2	0	5
day0_AGCCTCTTGTTGGAGG	0	0	0
day0_AGCGAACGAACGCTTA	2	0	5
day0_AGCGAACGACAGTAAA	5	0	3
day0_AGCGAACGATCCAAAC	5	0	3
day0_AGCGAACGATTCACAG	5	1	3
day0_AGCGAATCTACAAAGT	2	0	5
day0_AGCGAATCTCAATGGG	4	2	4
day0_AGCGAATCTCGGAATG	0	1	0
day0_AGCGAATCTTAGCTAC	5	0	3
day0_AGCGAATCTTTAGGAA	2	0	5
day0_AGCGAATCTTTTCGGA	3	0	1
day0_AGCGACAGAAACACTC	3	0	1
day0_AGCGACAGAACGTAAA	4	2	4
day0_AGCGACAGACCAGACC	3	1	1
day0_AGCGACAGATCCTCCA	3	1	1
day0_AGCGAGAACGAAATAC	1	0	6
day0_AGCGAGAACGTATCTG	2	1	5
day0_AGCGCAAGAAGAGGAA	4	2	4
day0_AGCGCAAGAAGCTACT	4	2	4
day0_AGCGCAAGAAGTGTGG	0	0	0
day0_AGCGCAAGAATGAATG	0	1	0
day0_AGCGCAAGATCGGTAT	3	1	1
day0_AGCGCTGTGAACCCAT	2	0	0
day0_AGCGCTGTGATAGGAT	3	1	1
day0_AGCGCTGTGCCTACCT	2	0	5
day0_AGCGCTGTGCGATCAT	2	0	5
day0_AGCGCTGTGGCGTGTC	5	1	3
day0_AGCGCTTCTCGTGCGT	5	1	3
day0_AGCGCTTCTCGTTCGG	4	2	4
day0_AGCGGGTCTCTCATGA	3	0	1
day0_AGCGGGTCTGAGTGAC	0	0	0
day0_AGCGGGTCTTGGTGGA	0	1	0
day0_AGCGGTCTGAAGATCA	4	2	4
day0_AGCGGTCTGACTTCCC	2	1	5
day0_AGCGGTCTGAGTGAAT	4	0	4
day0_AGCGGTCTGCGGGAAT	4	2	4
day0_AGCGGTCTGCTCCAAA	2	0	5
day0_AGCGTATTGACAAGTA	3	0	5
day0_AGCGTATTGTGGACGA	3	1	5
day0_AGCGTCGACACAACCT	4	2	4
day0_AGCGTCGACGATCACT	2	0	5
day0_AGCGTCGTGACGTGCC	3	1	1
day0_AGCGTCGTGCTCATGA	2	1	5
day0_AGCGTTCCTCCATCAA	0	1	0
day0_AGCGTTCCTCTTGATG	5	1	1
day0_AGCGTTCCTGTTGTTG	3	0	1
day0_AGCGTTCCTTTGAGGG	3	0	1
day0_AGCTAACACATCCCTC	4	2	4
day0_AGCTACAACCTCGTGG	5	1	3
day0_AGCTACAACGGCGTAA	3	0	5
day0_AGCTACAACGTTAGGG	2	0	5
day0_AGCTAGACTCAGCGCT	5	0	5
day0_AGCTAGACTCTCGCTT	2	0	5
day0_AGCTAGACTTTGTTCT	6	0	1
day0_AGCTAGTACGTAAGTA	2	0	5
day0_AGCTAGTACGTGAAGC	2	1	5
day0_AGCTCAATGAACCAAA	2	1	5
day0_AGCTCAATGCTTCCGT	1	1	1
day0_AGCTCACCTAACACTC	0	0	0
day0_AGCTCACCTCTCCCAT	4	2	4
day0_AGCTCACCTGACTCTA	0	1	0
day0_AGCTCGTCTAGAGAAG	2	0	0
day0_AGCTCGTCTAGCGTTT	3	1	1
day0_AGCTCGTCTATCCGAT	4	2	4
day0_AGCTCGTCTCATGAAA	0	0	1
day0_AGCTCGTCTCTTATGG	3	1	1
day0_AGCTCGTCTTGGTAAA	0	0	0
day0_AGCTCTAGACGCATCG	5	0	3
day0_AGCTCTAGAGTTACGT	2	0	1
day0_AGCTCTAGAGTTCTTT	5	0	3
day0_AGCTGATACGACAGGT	3	0	5
day0_AGCTGATACTCGAACT	5	1	3
day0_AGCTGATTGCTGTATG	5	0	3
day0_AGCTGATTGTACCGTA	2	0	5
day0_AGCTGATTGTTCTGAG	3	1	1
day0_AGCTGCTCTATTCCTT	0	1	0
day0_AGCTGTAACAGTTACC	2	0	0
day0_AGCTGTAACTACCCGG	0	1	0
day0_AGCTGTAACTGGGAGT	5	1	3
day0_AGCTGTATGAAATGAC	0	1	0
day0_AGCTGTATGTAGACTC	3	0	1
day0_AGCTGTCCTACAACAA	3	0	1
day0_AGCTGTCCTTTGCTCC	3	0	5
day0_AGCTTTACTTAGCATC	5	1	3
day0_AGCTTTACTTCCAACA	2	0	5
day0_AGCTTTACTTTTGTCT	1	2	6
day0_AGGAAATTGACGATCT	6	0	1
day0_AGGAAATTGACGATTC	3	0	1
day0_AGGAAATTGGGGTTAG	0	0	0
day0_AGGAAGCTGACAGATA	3	0	5
day0_AGGAAGCTGACTTCGA	5	1	3
day0_AGGAAGCTGCATGAAA	5	0	3
day0_AGGAAGCTGCGTGAGA	3	1	1
day0_AGGAAGCTGTAGGATA	2	0	5
day0_AGGAAGCTGTTCAGCA	3	1	1
day0_AGGACAGACCATCTCC	0	0	0
day0_AGGACAGACGGTGTGA	2	0	5
day0_AGGACAGACTCGAGAG	2	0	5
day0_AGGACAGTGGACTTAC	0	0	0
day0_AGGACAGTGTCTCTAT	3	0	5
day0_AGGACAGTGTTCTTTG	5	0	3
day0_AGGACGATGACTTCGA	3	1	5
day0_AGGACGATGATGGCTT	2	1	0
day0_AGGACGCCTGCTGAGA	1	0	6
day0_AGGACGTGACATGACT	5	0	3
day0_AGGACGTGATTCGGTA	0	1	0
day0_AGGACTACTATCCGAT	3	1	1
day0_AGGACTACTATTGGAA	0	0	0
day0_AGGACTACTGCAGCTC	3	0	5
day0_AGGACTACTTGAAGAT	4	2	4
day0_AGGAGACACACTAGAA	5	0	3
day0_AGGAGACACATTCACG	3	1	1
day0_AGGAGACACATTTCCT	4	2	4
day0_AGGAGACACGACTGCC	2	1	0
day0_AGGAGACACGAGATGC	3	0	1
day0_AGGAGCAACTAGGATA	3	0	1
day0_AGGAGTCGAATCCTCC	3	0	5
day0_AGGAGTCGAGGGATGT	5	0	3
day0_AGGAGTCGATATTCCT	2	0	5
day0_AGGAGTCGATGAAAGT	2	1	5
day0_AGGAGTTCTGATTACC	2	1	5
day0_AGGATCTACCAATTCG	3	0	1
day0_AGGATCTACCATTACG	0	0	0
day0_AGGATCTACCCATCAA	4	2	4
day0_AGGATCTACTCACAGT	3	1	1
day0_AGGATCTACTGGGTTT	0	0	0
day0_AGGATCTTGCTAGAGG	2	0	5
day0_AGGATCTTGGAAACGC	2	0	5
day0_AGGATGTCTATAACCC	2	0	5
day0_AGGATGTCTCCGAAAG	3	0	1
day0_AGGATGTCTGACCGAA	3	1	1
day0_AGGATGTCTTATCGCA	0	1	0
day0_AGGCACGCTAGATTGA	3	1	1
day0_AGGCACGCTCTGAAGG	3	0	1
day0_AGGCACGCTGGGTGTA	3	0	1
day0_AGGCCAGCTACAACCT	5	0	3
day0_AGGCCAGCTCGGTTGC	3	1	1
day0_AGGCCAGCTCGTGACC	4	2	4
day0_AGGCCAGCTGGACAAC	3	0	1
day0_AGGCCCAACTACCTCC	2	0	5
day0_AGGCCGACTCGTGGCT	3	0	5
day0_AGGCCGACTGACAGTG	2	0	5
day0_AGGCCGACTGCAGCTC	0	1	0
day0_AGGCCGACTTACTCCC	3	0	5
day0_AGGCCGTTGCACGGAA	5	1	3
day0_AGGCCGTTGTAACTCG	4	2	4
day0_AGGCGACCTATCTGCA	2	0	5
day0_AGGCGACCTCGTTGTA	0	0	0
day0_AGGCGACCTTGACGCC	2	1	5
day0_AGGCGATGACACTTGA	2	0	5
day0_AGGCGATGAGAGGAGG	3	0	1
day0_AGGCGATGATCTATCT	2	0	5
day0_AGGCGCTACAACGCCC	0	0	0
day0_AGGCGCTACACGTAAA	3	0	5
day0_AGGCGCTACCTGAAGG	1	1	6
day0_AGGCGCTACGAAGGAA	0	0	0
day0_AGGCGCTACGAATGTA	0	1	0
day0_AGGCGCTACGATCGGA	5	1	3
day0_AGGCGGTCTGTGAAGC	3	1	1
day0_AGGCGGTCTTGCCCGA	0	0	1
day0_AGGCGTCACGAACGTG	2	1	5
day0_AGGCGTCACGAATGTA	5	1	3
day0_AGGCGTCACTTGCATG	3	0	1
day0_AGGCTAGGACGTATTG	3	1	1
day0_AGGCTAGGAGAGATGC	5	1	3
day0_AGGCTAGGATTTCTGT	1	1	6
day0_AGGCTTTGAAAGGAAG	5	0	3
day0_AGGCTTTGACATGAAA	4	2	4
day0_AGGGACAACAACTCAC	3	1	1
day0_AGGGACAACACTTACG	2	0	5
day0_AGGGACAACATGGCCC	3	0	5
day0_AGGGACAACTAACGTC	2	1	5
day0_AGGGAGTACGACGGAT	3	1	1
day0_AGGGAGTACTCGGAGA	3	1	1
day0_AGGGAGTACTTCCGGG	3	0	1
day0_AGGGAGTTGACTGTCA	3	0	1
day0_AGGGAGTTGAGCTACT	2	0	5
day0_AGGGAGTTGCCCAGTG	3	1	1
day0_AGGGAGTTGCTGTACA	3	0	1
day0_AGGGATCGACTCCCAT	2	0	0
day0_AGGGATCGATAGATAG	0	1	0
day0_AGGGATGACCTATCTT	2	0	5
day0_AGGGATGTGACCATCA	4	2	4
day0_AGGGATGTGATCCATG	2	1	5
day0_AGGGATTCTCATCAGT	3	0	1
day0_AGGGATTCTCATGATC	5	0	1
day0_AGGGATTCTGGTCTAT	3	1	1
day0_AGGGATTCTTACAGAA	5	1	3
day0_AGGGCATGATAGAACA	5	1	3
day0_AGGGCATGATGCATGT	2	0	5
day0_AGGGCGTCTTGCTGGC	2	1	5
day0_AGGGCGTCTTTAGTGC	4	2	4
day0_AGGGCTCTGAGGTAGC	0	1	0
day0_AGGGCTCTGCGATGAG	2	0	5
day0_AGGGCTCTGTACGATC	2	1	5
day0_AGGGCTGCTCAGAACG	2	0	5
day0_AGGGTAGTGAATCAAG	5	0	3
day0_AGGGTAGTGAGCAATA	3	1	1
day0_AGGGTAGTGCAGTGAG	0	2	0
day0_AGGGTAGTGCGCTCAG	3	2	4
day0_AGGGTCAGACAGACCC	5	1	3
day0_AGGGTCAGACAGGCTC	2	1	5
day0_AGGGTCGCTCAAACTC	5	1	3
day0_AGGGTGTGAACGGAAC	2	0	5
day0_AGGGTGTGAATCACAC	2	1	5
day0_AGGGTGTGACATTCAG	4	2	4
day0_AGGGTGTGAGCGGTAA	3	1	1
day0_AGGGTGTGATAGAATG	2	0	5
day0_AGGGTGTGATCATCCC	2	0	5
day0_AGGGTGTGATGAATGA	2	1	0
day0_AGGTAATGAAACGTGG	0	0	0
day0_AGGTAATGACAACATC	0	0	0
day0_AGGTAATGAGCGTGAA	5	1	3
day0_AGGTAATGAGGCTCAC	0	0	0
day0_AGGTAATGATCAAAGA	3	0	1
day0_AGGTACACTTCGTAGT	3	1	1
day0_AGGTACTTGCGCGTCA	3	0	1
day0_AGGTACTTGCGTCGCA	0	0	1
day0_AGGTAGTCTAGGTCCC	3	0	1
day0_AGGTATCACGGTGTGA	4	2	4
day0_AGGTATCACTAGGCAG	3	0	1
day0_AGGTATCTGACAGATA	4	2	4
day0_AGGTATCTGCCCGGTA	4	2	4
day0_AGGTATCTGCGTGGAA	4	2	4
day0_AGGTATCTGCTATCTT	2	0	5
day0_AGGTATCTGGAGTCCC	5	1	1
day0_AGGTATCTGTTATGCG	0	1	0
day0_AGGTCATTGAAACTGA	3	0	5
day0_AGGTCATTGATCAGTC	2	0	1
day0_AGGTCATTGCAATGAA	4	2	4
day0_AGGTCATTGTGAGGAC	4	2	4
day0_AGGTCGAGACGCCCAA	0	1	0
day0_AGGTCGAGAGAAGTTA	2	1	5
day0_AGGTCGAGAGTAAGTA	4	2	4
day0_AGGTCGAGAGTCGTTA	5	0	3
day0_AGGTCGAGAGTGAGAC	0	0	0
day0_AGGTCGAGATTCAGCA	3	0	1
day0_AGGTCTCCTTAACCCA	3	1	1
day0_AGGTGACGACGTGCTG	4	2	4
day0_AGGTGATCTATGACTC	2	0	5
day0_AGGTGATCTGAATGTA	3	0	1
day0_AGGTGATCTTTTCTAC	0	0	0
day0_AGGTGGCCTAATACCC	2	1	5
day0_AGGTGGCCTGAACATA	3	1	1
day0_AGGTGGCCTGAGCATG	2	1	5
day0_AGGTGGCCTGGTACTT	3	0	1
day0_AGGTGGCCTTGACGTT	1	0	6
day0_AGGTGGCCTTTCTATC	0	0	0
day0_AGGTGGCCTTTGCTGA	4	2	4
day0_AGGTGTGGAAGTAACA	1	1	6
day0_AGGTGTGGAATCCCTC	2	1	1
day0_AGGTGTGGAGCAGGTA	2	0	5
day0_AGGTGTGGATCGCGAC	5	0	3
day0_AGGTGTGGATCTATCT	0	0	0
day0_AGGTGTTACGAATTGA	0	1	0
day0_AGGTGTTTGACCCGCA	4	2	4
day0_AGGTTACTGATACCTG	2	0	5
day0_AGGTTCTGACAAACAA	5	1	3
day0_AGGTTCTGAGGGTATG	5	1	3
day0_AGGTTCTGAGTTGACT	0	1	0
day0_AGTAAACGAAGTCAAA	4	2	4
day0_AGTAAACGAATGGACG	2	0	5
day0_AGTAAACGACATCTCC	3	0	1
day0_AGTAAACGACATGCAT	2	0	5
day0_AGTAAACGAGAGGAGG	2	0	5
day0_AGTAACCTGAAACCAA	2	0	5
day0_AGTAACCTGGCACTCG	4	2	4
day0_AGTAACCTGGTAATGA	3	0	1
day0_AGTAACGCTAGTGTGG	0	0	1
day0_AGTAACGCTGCTTACA	4	2	4
day0_AGTACACACAAGTCCT	3	0	1
day0_AGTACACACGAGGTTG	2	1	5
day0_AGTACACACGATAAGT	0	0	0
day0_AGTACACACTTTGGGT	2	0	5
day0_AGTACACTGAACACAA	4	0	4
day0_AGTACACTGAGCCAGA	6	0	1
day0_AGTACACTGCGCGTGT	3	0	5
day0_AGTACACTGTTGCCTC	4	2	4
day0_AGTACAGCTCGCCACA	2	1	5
day0_AGTACAGCTGACCGAA	3	0	5
day0_AGTACAGCTGTGGATG	0	1	0
day0_AGTACCAACAATGTAG	3	0	1
day0_AGTACGTACGTTGAGG	4	2	4
day0_AGTACGTACTTCAGTG	0	1	0
day0_AGTACTCGAGGAAGAA	2	0	5
day0_AGTACTGTGAGGAATT	0	0	0
day0_AGTACTGTGTAACCAC	5	1	3
day0_AGTACTGTGTGGGTAG	4	2	4
day0_AGTAGACCTTCGATGT	5	0	3
day0_AGTAGACCTTGGGTAG	0	1	0
day0_AGTAGATGAACCCGTG	0	0	0
day0_AGTAGATGACCGATCG	2	0	5
day0_AGTAGCACTCTGCTCT	3	1	1
day0_AGTAGCACTTCTCTAT	4	2	4
day0_AGTAGCTTGATGACCT	0	0	0
day0_AGTAGCTTGGAACGGT	3	0	1
day0_AGTATCCGAACCTCCT	2	0	5
day0_AGTATCCGAGCATTCA	2	0	5
day0_AGTATCCGAGTGATGG	2	1	5
day0_AGTATGCACCGGTAGA	0	1	1
day0_AGTATGCTGACATCAC	0	0	0
day0_AGTATGCTGGGAAGCT	4	2	4
day0_AGTATGCTGGGGCTTC	4	2	4
day0_AGTATGCTGTGGGATG	3	1	1
day0_AGTATGCTGTTCTCGC	2	1	5
day0_AGTCAACACTACAACC	5	1	3
day0_AGTCACATGAACGGTG	5	1	3
day0_AGTCACATGCCCGTGA	5	0	3
day0_AGTCACATGGAATGTA	3	0	1
day0_AGTCACATGGGACGAT	2	1	5
day0_AGTCACATGGTTGGAG	3	1	1
day0_AGTCACATGTTCGGGC	2	0	5
day0_AGTCAGTACAGCGTTT	2	0	5
day0_AGTCAGTACCCAGAGA	0	1	0
day0_AGTCAGTACGTCTAAC	0	1	0
day0_AGTCATGACATGACCT	2	0	5
day0_AGTCATGACGATCAAA	3	0	1
day0_AGTCATGACGCATGGA	3	0	1
day0_AGTCATGACTGAGCCC	5	0	3
day0_AGTCATGACTTAGAAG	3	1	1
day0_AGTCATGTGACCCTTC	0	1	0
day0_AGTCATGTGTCACACA	3	0	5
day0_AGTCCCGGAAACGCCC	2	1	5
day0_AGTCCCGGACACGCCA	5	1	3
day0_AGTCCCGGAGAGGAAA	3	0	1
day0_AGTCCCGGATTGCCTC	0	0	0
day0_AGTCCCGGATTTCGGA	0	1	0
day0_AGTCCGCGACCAGCAC	3	0	5
day0_AGTCCGCGAGGAACTG	4	2	4
day0_AGTCCGGACAACGCCC	0	0	0
day0_AGTCCGGACCCGTGCA	2	0	0
day0_AGTCCGGACTGAGCAG	3	1	1
day0_AGTCCGGACTGGAATA	3	1	1
day0_AGTCCTCTGAAGGTAT	3	1	1
day0_AGTCCTCTGATTCTCT	6	0	1
day0_AGTCCTCTGCGATCTA	2	1	5
day0_AGTCGCTCTACCATCA	4	2	4
day0_AGTCTCCTGACCTCTC	3	1	1
day0_AGTCTTACTAATACCC	3	1	1
day0_AGTCTTACTAGCGAAC	2	0	5
day0_AGTCTTACTCCCGTGA	0	1	0
day0_AGTCTTACTGTCTACA	0	0	0
day0_AGTCTTACTTGATCCA	0	1	0
day0_AGTGAACCTCAGCGAA	0	1	3
day0_AGTGAACCTCGCGTGT	0	1	0
day0_AGTGAACCTTACCTAG	3	0	1
day0_AGTGAATGAACAAAGT	5	1	3
day0_AGTGAATGAACAGATA	2	1	5
day0_AGTGAATGACACTGGC	0	1	0
day0_AGTGAATGAGAAATCA	3	1	1
day0_AGTGACGGAAAACCAA	2	0	5
day0_AGTGACGGAAACGAAT	2	0	5
day0_AGTGACGGACTCGTGG	1	0	0
day0_AGTGACGGATGTTCTT	5	0	3
day0_AGTGACTACGAAAGGA	2	1	5
day0_AGTGACTACGTTGGAG	2	1	5
day0_AGTGACTACTCACCGG	0	0	0
day0_AGTGACTACTGGCCTG	3	0	4
day0_AGTGACTACTTATCCT	2	1	5
day0_AGTGATAGAAGCCACC	0	1	0
day0_AGTGATAGATACCTCC	3	0	1
day0_AGTGATCTGACATCCA	3	0	1
day0_AGTGATCTGGTTCTCC	2	2	5
day0_AGTGCCGACAGATTGA	3	0	1
day0_AGTGCCGACCCATGGC	5	0	3
day0_AGTGCCGTGATGGTAA	3	0	5
day0_AGTGCCGTGCCATCGG	5	0	3
day0_AGTGCCGTGCCTCGAG	2	1	5
day0_AGTGCGGCTGAAATGT	0	0	0
day0_AGTGCTATGACCTGCG	5	1	3
day0_AGTGCTATGATGGTGG	3	0	1
day0_AGTGGAGTGAATGCCT	2	0	5
day0_AGTGGAGTGAATGTAG	2	1	5
day0_AGTGGAGTGGAGCAAC	5	0	5
day0_AGTGGAGTGTCATTGG	4	2	4
day0_AGTGGAGTGTGGCTTA	0	0	0
day0_AGTGGAGTGTGGTCAT	5	1	3
day0_AGTGGAGTGTGTGCTA	0	1	0
day0_AGTGGCCACCGTTCAA	1	0	6
day0_AGTGGCCACTCCAAAC	3	0	5
day0_AGTGGGAACAATCAAG	0	1	0
day0_AGTGGGAACATGGGAC	3	0	5
day0_AGTGGGAACCCTCTTG	4	2	4
day0_AGTGGGATGCCCACGA	2	0	5
day0_AGTGGGATGCGTTGTA	4	2	4
day0_AGTGGGATGGGATGAC	2	0	5
day0_AGTGGGCCTAATCACC	0	1	0
day0_AGTGGTTTGGTGTTAC	2	0	3
day0_AGTGTAAGAACCTCTC	0	0	3
day0_AGTGTAAGAACTGTTG	3	0	1
day0_AGTGTAAGAATTCTTC	3	1	1
day0_AGTGTAAGATTTGGTG	3	1	1
day0_AGTGTCATGAGTCACT	3	0	1
day0_AGTGTCATGCTCCCAT	4	2	4
day0_AGTGTCATGCTGCCAG	3	0	1
day0_AGTGTCATGTTGGAGG	2	1	5
day0_AGTGTCCCTACCTGTA	0	0	0
day0_AGTGTCCCTGTACCTA	0	2	0
day0_AGTGTCCCTTAACCCA	4	2	4
day0_AGTGTGACTAAATCGA	4	2	4
day0_AGTGTGACTCACGTGC	3	0	1
day0_AGTGTGACTCCAAGCC	0	0	0
day0_AGTGTGTTGTCTACGA	0	0	0
day0_AGTGTGTTGTCTATCT	0	0	0
day0_AGTGTTCGAAATGTAG	4	2	4
day0_AGTGTTCGAGAGTAAT	3	0	1
day0_AGTGTTCGAGATCAAA	5	0	3
day0_AGTGTTCGAGTGTGTT	4	2	4
day0_AGTGTTGACGAAGTTA	5	1	3
day0_AGTTACCGAATCCCTC	2	0	5
day0_AGTTACCGATGGTCAT	3	0	5
day0_AGTTACGTGCCCAACG	2	0	5
day0_AGTTACGTGCGAACTT	3	0	1
day0_AGTTACGTGGTGGCCT	2	1	1
day0_AGTTACTCTACGTGCC	2	1	5
day0_AGTTAGCTGACAACTC	3	1	1
day0_AGTTAGCTGAGCTACT	0	0	0
day0_AGTTAGCTGGAGCAAC	2	0	5
day0_AGTTAGCTGTGGGACA	4	2	4
day0_AGTTAGGCTGACCGAA	0	0	1
day0_AGTTAGGCTTTTCCGC	3	1	1
day0_AGTTCATCTAGATTCC	0	1	0
day0_AGTTCATCTATGGCCC	4	2	4
day0_AGTTCATCTATTGCTG	1	1	6
day0_AGTTCATCTCAATGAA	4	2	4
day0_AGTTCATCTGAAAGCC	2	0	5
day0_AGTTCATCTTGTGAAA	1	0	6
day0_AGTTCGAACAGCCAGA	0	0	0
day0_AGTTCGAACAGGATAT	4	2	4
day0_AGTTCGAACGAAAGCC	3	0	5
day0_AGTTCGAACGAATAGT	0	0	0
day0_AGTTCGAACTTTCGGA	4	2	4
day0_AGTTCGATGACTCACA	0	1	0
day0_AGTTCGATGGAGGCAT	3	0	5
day0_AGTTCGATGTACCTTT	2	1	5
day0_AGTTCGATGTCCTCCA	3	0	1
day0_AGTTCGATGTTGTTCT	0	0	1
day0_AGTTCGCCTAGTGTGG	3	0	1
day0_AGTTCGCCTCTCACTC	3	1	1
day0_AGTTCGTGAAGTCAAA	3	0	5
day0_AGTTCGTGAGAACGAC	2	1	5
day0_AGTTCGTGATCCATGA	3	0	1
day0_AGTTCTTACCCCGGTA	2	0	5
day0_AGTTCTTACCTCGCTT	2	0	5
day0_AGTTGACTGCATGAAA	3	1	1
day0_AGTTGACTGTACCTAG	3	0	1
day0_AGTTGCAACCCACGTG	2	1	5
day0_AGTTGCAACGCATTCA	4	2	4
day0_AGTTGCAACTTTGTCT	4	2	4
day0_AGTTGGTTGCGAGGTA	5	0	3
day0_AGTTGGTTGGAACATA	3	1	1
day0_AGTTTACCTCACTGGC	0	1	0
day0_AGTTTACCTCTCGCTT	0	0	3
day0_AGTTTACCTTAGGATA	0	0	1
day0_AGTTTCTACCACGCTG	3	0	1
day0_AGTTTCTACCGCTGAC	0	0	0
day0_AGTTTCTACGCATGGA	0	0	0
day0_AGTTTCTACTCACGCG	4	2	4
day0_AGTTTCTACTGAGCGA	3	1	1
day0_AGTTTCTTGACTGCCG	5	1	3
day0_AGTTTCTTGAGTGAAT	0	0	0
day0_AGTTTCTTGATCCTCC	3	0	1
day0_AGTTTCTTGGCATTAC	2	0	5
day0_AGTTTCTTGTCCTCAC	0	0	3
day0_ATAAAGCGAACGGAAC	4	2	4
day0_ATAAAGCGAAGAGGAA	2	0	5
day0_ATAAAGCGATTGAGTC	1	1	6
day0_ATAACAGGAAAGTATG	4	2	4
day0_ATAACAGGATCTACGA	3	1	1
day0_ATAACCTCTCAAGAAT	0	0	0
day0_ATAACCTCTTGTGCTA	3	1	1
day0_ATAACCTCTTTCTCGC	0	0	0
day0_ATAACGGCTAAGTATG	0	0	1
day0_ATAACGGCTTCACGGC	2	1	5
day0_ATAACGGCTTCGTCCT	0	1	0
day0_ATAAGCAGAATTCTCT	1	0	6
day0_ATAAGCAGATGTGGAG	3	0	1
day0_ATAAGCCACAGCGAAC	5	1	3
day0_ATAAGCCACCAACAAA	3	0	5
day0_ATAAGCCACCAACCTA	2	0	5
day0_ATAAGCCACGAGGAAA	3	0	1
day0_ATAAGGTGAAACGTGG	1	0	6
day0_ATAAGGTGACAGTGAG	3	1	1
day0_ATAAGGTGACTCAATG	3	1	1
day0_ATAAGGTGAGCCATCG	4	2	4
day0_ATACACCGAAAGTATG	5	0	3
day0_ATACACCGAAAGTTAG	3	1	1
day0_ATACACCGAAATGTAG	2	0	5
day0_ATACACCGAACCCTTC	4	2	4
day0_ATACACCGATTCTCGC	2	0	5
day0_ATACAGCTGTACCTTT	2	0	5
day0_ATACAGCTGTCGTAAC	0	0	0
day0_ATACCACGAAATCAAG	0	1	0
day0_ATACCACGATCAAGAA	0	1	0
day0_ATACCATCTGACAGTG	5	1	3
day0_ATACCATCTGGGCTTC	0	0	0
day0_ATACCCGCTATCCGAT	0	0	0
day0_ATACCCGCTCACGCCA	5	0	3
day0_ATACCCGCTCATTACG	3	1	1
day0_ATACCCGCTGTGAAGC	3	0	1
day0_ATACCCGCTTACTACG	5	0	3
day0_ATACCCGCTTGTGAAA	0	1	0
day0_ATACCGAACACAAGTA	5	0	3
day0_ATACCGAACACGCCAC	0	1	0
day0_ATACGAAGAACGATTC	5	1	3
day0_ATACGAAGAGCCCTTT	0	1	0
day0_ATACGAAGATGTTGGT	0	1	0
day0_ATACGAAGATTCTCCG	2	0	5
day0_ATACGCAACCAAGATA	0	1	0
day0_ATACGCAACCAATGGG	3	0	5
day0_ATACGCAACGGGTATG	2	0	5
day0_ATACGGTTGACCTGCG	2	0	5
day0_ATACGGTTGCTTGATG	5	1	3
day0_ATACGGTTGGTGAAGC	3	1	1
day0_ATACGGTTGTAGGATA	2	0	5
day0_ATACTACCTAGGATAT	3	1	1
day0_ATACTACCTCAACATC	5	0	3
day0_ATACTACCTCTACAAC	4	2	4
day0_ATACTACCTGCATTCA	1	1	6
day0_ATACTACCTTCGGAAG	2	0	5
day0_ATACTACCTTGGGTAG	3	0	1
day0_ATACTCTTGGGAAGTC	0	1	0
day0_ATAGAACGAGTGGATG	4	2	4
day0_ATAGAAGACGCAATAA	1	0	6
day0_ATAGAAGACTGTGGGA	2	0	5
day0_ATAGAAGACTGTGGTT	4	2	4
day0_ATAGACCACAATTCCG	0	0	0
day0_ATAGACCACCCGTCGA	3	0	5
day0_ATAGACCACCTTCCGT	4	2	4
day0_ATAGAGAACACTCATG	2	0	5
day0_ATAGAGCCTTTGCTCC	2	0	5
day0_ATAGCCAACCCTGATA	5	1	3
day0_ATAGCCAACGGATGAC	3	0	1
day0_ATAGCCAACTTCCATT	2	1	5
day0_ATAGCCATGTGCACGC	1	0	6
day0_ATAGCGACTCACTTAG	3	0	5
day0_ATAGCGACTCAGGGAT	3	0	3
day0_ATAGCGACTGGCTGTC	1	1	6
day0_ATAGCGTACAAACCCT	2	1	5
day0_ATAGCGTACAAATGGT	2	1	5
day0_ATAGCGTACAGATTGA	3	0	5
day0_ATAGCGTACTTCAGCA	3	1	1
day0_ATAGGAATGATGCCCG	0	0	0
day0_ATAGGAATGATTTCCT	4	2	4
day0_ATAGGAATGCACTGGC	0	1	1
day0_ATAGGAATGCCACGTG	0	1	0
day0_ATAGGAATGGCTGTCG	4	2	4
day0_ATAGGAATGGTTTGAC	3	0	5
day0_ATAGGATGAATCGGAG	4	2	4
day0_ATAGGATGACACGATT	2	0	5
day0_ATAGGATGACTGCCAG	3	0	1
day0_ATAGGATGATTGCTCC	5	1	3
day0_ATAGGCGGAGCAGCAA	4	2	4
day0_ATAGGTCTGAGTGTGG	0	1	0
day0_ATAGGTCTGCCGTCGA	2	0	5
day0_ATAGGTCTGGAAGGAA	2	1	5
day0_ATAGTCGTGTGAGTCT	3	0	5
day0_ATAGTTCCTACAAAGT	3	0	1
day0_ATAGTTCCTCGGAACA	3	0	1
day0_ATAGTTCCTCTGATCA	0	0	1
day0_ATAGTTCCTGTGCTTA	0	0	0
day0_ATATACCCTACTGAAA	2	0	5
day0_ATATACCCTAGGCCTC	3	0	1
day0_ATATACCCTGAGTCCC	3	1	1
day0_ATATCCTACAAGAATC	4	2	4
day0_ATATCCTACAAGTATG	2	1	5
day0_ATATCCTACGTTACAC	5	0	3
day0_ATATCCTACTGATCGT	4	2	4
day0_ATATCGTCTAGAAGTT	3	1	1
day0_ATATCGTCTGGAGGAG	2	0	5
day0_ATATCGTCTGTACTAC	3	0	5
day0_ATATCGTCTTAGATCC	3	0	1
day0_ATATCGTCTTCGGAGA	5	0	3
day0_ATATCGTCTTCGTAAC	0	0	0
day0_ATATCTCACCCCGTAG	3	0	1
day0_ATATCTCACTGAGCCC	5	1	3
day0_ATATCTGCTATTGCTG	2	1	0
day0_ATATCTGCTCGGTAGA	2	0	5
day0_ATATCTGCTGATCGGA	5	1	3
day0_ATATCTGCTTAGAATG	4	2	4
day0_ATATCTGCTTGTGAAA	2	1	0
day0_ATATGAGGACATGAGG	3	0	5
day0_ATATGAGGAGCTGCAC	2	0	5
day0_ATATGAGGATCGTCCT	3	0	1
day0_ATATGAGGATGCAGGA	2	0	5
day0_ATATGAGGATGTACGT	0	1	0
day0_ATATGCTCTAAGTCCT	2	1	1
day0_ATATGCTCTAGAAGGA	0	1	0
day0_ATATGCTCTCAAATGA	5	0	3
day0_ATATGCTCTCGCAAGA	2	0	5
day0_ATATGGAGACGCACTG	2	0	5
day0_ATATTCCTGCATGATC	1	1	3
day0_ATATTCCTGCCCACAG	2	0	5
day0_ATCAAAGGAATGCTCA	3	0	1
day0_ATCAAAGGAGTTTGGT	0	1	0
day0_ATCAAAGGATAACCAC	3	0	1
day0_ATCAAAGGATCCATGA	4	2	4
day0_ATCAACTCTCTAATGC	4	2	4
day0_ATCAACTCTCTGCCAG	0	0	0
day0_ATCAACTCTGAGGAAA	5	1	3
day0_ATCAAGGCTCGTCGCA	4	2	4
day0_ATCAAGGCTTCACACA	3	0	5
day0_ATCACACGAGCCCTTT	2	0	5
day0_ATCACAGTGGGCATGA	2	0	5
day0_ATCACAGTGGTCGATT	2	0	5
day0_ATCACAGTGTGCACTA	3	0	1
day0_ATCACAGTGTGTACCA	3	0	5
day0_ATCAGCAACAAACCAA	3	1	1
day0_ATCAGCAACACATCCA	2	0	5
day0_ATCAGCAACATCACCA	4	2	4
day0_ATCAGCAACCATGGTT	5	1	3
day0_ATCAGCAACCTCAACA	2	0	5
day0_ATCAGCAACGACAGTG	2	1	5
day0_ATCAGCAACGGCATGA	2	0	5
day0_ATCAGCAACGTTAGGG	3	1	5
day0_ATCAGCAACTGGTTAC	0	1	0
day0_ATCAGCAACTTCCTCG	2	1	1
day0_ATCAGCCCTAATCGCT	2	0	1
day0_ATCAGCCCTATGACCT	5	0	3
day0_ATCAGCCCTCGGCACT	2	0	5
day0_ATCAGCCCTTTTGTCT	5	0	3
day0_ATCAGCTGAAGAAATC	3	0	1
day0_ATCAGCTGAAGGTTTC	3	1	1
day0_ATCAGCTGACAACCTA	3	0	1
day0_ATCAGCTGAGAACGGT	0	0	0
day0_ATCAGTGACAACACCT	2	1	5
day0_ATCAGTGACCCGTGAC	2	0	0
day0_ATCAGTTCTGCTGCAC	3	1	1
day0_ATCATGCGAAGTTGGG	3	0	1
day0_ATCATGCGAGACAGGT	3	1	1
day0_ATCATGCGAGGACGAT	1	0	6
day0_ATCATGCGAGGTACTT	2	0	5
day0_ATCATGCGAGTGTGTT	5	1	3
day0_ATCATGCGATGCTTGA	0	1	0
day0_ATCATTCACAAGATCA	3	1	1
day0_ATCATTCACCTACAAC	3	0	1
day0_ATCATTCACGCCTGCA	4	2	4
day0_ATCATTCACTGATCCA	3	1	1
day0_ATCCACCTGACTGTCA	0	0	0
day0_ATCCACCTGCCCACAG	2	1	5
day0_ATCCACCTGTAGGCAG	0	0	0
day0_ATCCACCTGTTACGAC	2	0	5
day0_ATCCAGCCTTAGAATG	3	1	1
day0_ATCCATACTTGATAGA	0	1	0
day0_ATCCATTTGAGCCTGC	3	0	1
day0_ATCCATTTGATCGAAA	2	0	5
day0_ATCCATTTGGAACAAT	2	0	5
day0_ATCCCGTACGCAGCTC	4	2	4
day0_ATCCGCGGAGATGCTT	5	1	3
day0_ATCCGCGGAGCATGGA	6	1	1
day0_ATCCGCGGAGGGACAT	1	0	6
day0_ATCCGCTTGAGAATCA	2	0	0
day0_ATCCGCTTGCAGGGAT	0	1	0
day0_ATCCGCTTGCATCTCC	5	1	3
day0_ATCCGCTTGGCTGGCT	0	1	1
day0_ATCCGCTTGGGACCCT	2	1	5
day0_ATCCGTCTGCCCAAGC	2	0	5
day0_ATCCGTGCTACAATGA	2	1	5
day0_ATCCGTGCTATCGCAT	3	0	5
day0_ATCCGTGCTGACTCTA	0	0	1
day0_ATCCTATACACTGAAA	3	1	1
day0_ATCCTATACGTAACCT	3	1	5
day0_ATCCTATTGAATTGAG	0	1	0
day0_ATCCTATTGCGTGCTG	3	0	1
day0_ATCCTCGTGCGCTGAC	4	0	4
day0_ATCCTGCACAACGTAA	2	0	5
day0_ATCCTGCACCAAACTC	5	1	3
day0_ATCCTGCACGGAGACT	4	2	4
day0_ATCCTGCACTCATCCC	0	1	0
day0_ATCCTGCTGAATCCCA	5	1	3
day0_ATCCTGCTGACTAAGA	2	0	5
day0_ATCCTTAACACAAACA	4	2	4
day0_ATCCTTAACCATTACG	5	1	3
day0_ATCCTTTGAAACTCAC	3	0	5
day0_ATCCTTTGAAGCCACC	0	0	0
day0_ATCCTTTGAGAATTGA	2	1	5
day0_ATCGAAAGAACGGGTA	2	0	1
day0_ATCGAAAGATCTGTAG	2	1	5
day0_ATCGAGGGACCGAAAG	2	0	5
day0_ATCGAGTACCGCGTCA	6	0	2
day0_ATCGAGTACGGACTGA	2	0	0
day0_ATCGAGTTGACGCTTA	0	0	0
day0_ATCGAGTTGAGCTATC	0	1	0
day0_ATCGAGTTGATTCCTT	0	1	0
day0_ATCGAGTTGGGATCAG	2	0	5
day0_ATCGAGTTGTAGACTC	3	1	1
day0_ATCGAGTTGTTCTATC	3	0	5
day0_ATCGATTCTATGGCAG	4	2	4
day0_ATCGATTCTGTGAAAT	2	1	5
day0_ATCGCACCTAGCGTTT	5	0	3
day0_ATCGCACCTCAGCGTC	2	0	5
day0_ATCGCACCTGGATAAT	3	1	1
day0_ATCGCACCTTTCATCT	0	0	0
day0_ATCGCCACTACTTCGA	3	0	5
day0_ATCGCCACTGGTAAAT	3	1	1
day0_ATCGCCACTGTGCTTA	0	0	0
day0_ATCGCTCACTTCAGTG	5	0	3
day0_ATCGCTGCTGAGCGTA	5	0	3
day0_ATCGCTGCTGCCTCAG	2	0	5
day0_ATCGGCTCTGTGATGG	3	0	1
day0_ATCGGCTCTTCTGACA	3	0	1
day0_ATCGGTTGACTTCTCG	4	2	4
day0_ATCGGTTGATGAAGTA	3	0	6
day0_ATCGTAGACACAGTAA	4	2	4
day0_ATCGTAGACACGTGGA	4	2	4
day0_ATCGTAGACTGAGTCT	5	1	3
day0_ATCGTATCTATCAGGG	2	0	5
day0_ATCGTATCTCTAACCA	1	0	6
day0_ATCGTATCTGTGATTC	0	1	0
day0_ATCGTATCTTCGATTG	0	0	0
day0_ATCGTATCTTGAAAGT	2	0	5
day0_ATCGTCCTGCAAGGGT	2	2	5
day0_ATCGTGAACAGTGTCT	3	0	1
day0_ATCGTGAACCTACCGG	4	2	4
day0_ATCGTGCCTATCCATG	4	2	4
day0_ATCGTGTGAATCGGAG	0	1	0
day0_ATCGTGTGACACGCCA	5	0	3
day0_ATCGTGTGACATGACT	2	2	5
day0_ATCGTGTGATAACCGT	2	2	5
day0_ATCGTGTGATTATGCG	4	2	4
day0_ATCGTTACTACCAATC	0	0	0
day0_ATCGTTACTATGGACG	5	0	3
day0_ATCGTTACTGTTTGAC	0	0	0
day0_ATCGTTACTTACCTCC	0	1	0
day0_ATCTACACTACTCCCT	2	0	5
day0_ATCTAGTCTAACAGGC	5	1	3
day0_ATCTAGTCTAAGATCA	2	0	5
day0_ATCTAGTCTCGGCTGT	5	0	3
day0_ATCTAGTCTGATAAGT	2	1	5
day0_ATCTAGTCTGGAACGT	2	0	0
day0_ATCTAGTCTGTTGTTG	0	0	6
day0_ATCTATCACCGGAACA	2	0	5
day0_ATCTATCACGTGGATG	0	0	0
day0_ATCTCATACCGGGTCT	0	0	0
day0_ATCTCATACGATCTAC	3	1	1
day0_ATCTCTAACCTGTATG	5	1	3
day0_ATCTGACGAATGGCCC	4	2	4
day0_ATCTGACGAGCATGGA	2	0	5
day0_ATCTGAGACAGATCGG	0	1	0
day0_ATCTGAGACGTCGTTA	0	0	1
day0_ATCTGAGACGTTGAGG	4	2	4
day0_ATCTGAGACTCGAGGA	0	1	1
day0_ATCTGAGTGATCACAC	0	0	0
day0_ATCTGAGTGTAGGAAT	0	1	0
day0_ATCTGCCACACCAGAG	5	1	3
day0_ATCTGCCACAGATCCT	5	0	3
day0_ATCTGCCACGGTACAG	0	1	0
day0_ATCTGTACTCCAGACC	4	2	4
day0_ATCTGTACTCCTCGAG	3	0	1
day0_ATCTTGTTGAACATGA	0	0	1
day0_ATCTTGTTGAGAGAAG	3	0	1
day0_ATCTTGTTGCAAGAAT	0	0	0
day0_ATCTTGTTGTGTTGTG	2	0	5
day0_ATCTTGTTGTTTGAGC	2	0	5
day0_ATCTTTGACATTTCTC	3	1	1
day0_ATCTTTGACCATCGGC	2	0	5
day0_ATCTTTGACCTCGGCA	3	0	5
day0_ATCTTTGACGAATAGT	3	1	1
day0_ATCTTTGACTCATTTC	4	2	4
day0_ATGAAAGACAACACCT	4	2	4
day0_ATGAAAGACAGGCCCT	2	0	5
day0_ATGAAAGACCACGCCA	3	0	1
day0_ATGAAAGACGACGATG	3	1	1
day0_ATGAAAGACGCGGTAA	2	0	5
day0_ATGAAAGACGCTGGCT	5	0	3
day0_ATGAACAGAGAAACGC	2	0	5
day0_ATGAACCTGAATTCCG	4	2	4
day0_ATGAACGCTGACTACT	2	0	0
day0_ATGAACGCTGGAGTCA	3	1	1
day0_ATGAACGCTTCTAGAC	3	1	1
day0_ATGAAGAACAACACAA	5	1	3
day0_ATGAAGAACCGGTTGC	0	1	0
day0_ATGAAGAACGAAAGGA	0	1	0
day0_ATGAAGAACGGCGTAA	4	2	4
day0_ATGAAGAACTGATGTC	3	1	1
day0_ATGAATGGACACTTAG	2	1	5
day0_ATGACTGTGACGATCT	4	2	4
day0_ATGACTGTGAGACTAA	2	0	5
day0_ATGACTGTGTTAGAAG	0	0	0
day0_ATGACTTCTAGACTAA	2	1	5
day0_ATGACTTCTCGTGATT	3	0	1
day0_ATGACTTCTTGGATCT	2	0	5
day0_ATGAGGGACGAAATAC	3	1	1
day0_ATGAGGGACGTCGTTA	3	0	1
day0_ATGAGGTCTATTGGTC	3	1	1
day0_ATGAGGTCTCGGATGA	3	1	1
day0_ATGAGTAGAACTGGGA	0	1	0
day0_ATGAGTAGAAGTATGA	2	1	1
day0_ATGAGTAGACTGTATG	2	0	5
day0_ATGAGTAGAGAATGAT	3	0	1
day0_ATGAGTAGATGGGATG	0	0	0
day0_ATGAGTGCTGGTTACT	0	1	0
day0_ATGCAAAGAACTGCCG	3	0	5
day0_ATGCAAAGAATGAACA	2	0	5
day0_ATGCAAAGAATGGACG	3	1	1
day0_ATGCAAAGACAGGTAG	2	0	5
day0_ATGCAAAGAGAGAGGG	5	1	3
day0_ATGCACAACAGATCGG	0	0	0
day0_ATGCACAACCATGGTT	2	1	5
day0_ATGCAGACTCACCCGA	0	0	0
day0_ATGCAGACTCCTCATC	4	2	4
day0_ATGCAGACTGCCGTTG	3	2	4
day0_ATGCAGACTGTTCTTT	4	2	4
day0_ATGCATCGAATGACCT	0	0	0
day0_ATGCATCGAGGTGTGA	2	1	5
day0_ATGCATCGATCCAAAC	0	0	1
day0_ATGCATGACCATGACT	2	0	5
day0_ATGCATGACCGTGACC	3	1	0
day0_ATGCCAATGACAAGTA	3	0	1
day0_ATGCCAATGACTGTCA	0	0	0
day0_ATGCCAATGCAGCCCA	3	0	1
day0_ATGCCAATGTTGCATG	5	0	3
day0_ATGCCCTTGACCATCA	2	0	5
day0_ATGCCCTTGCAGTCTA	5	1	3
day0_ATGCCCTTGCGCCCAA	0	1	1
day0_ATGCCCTTGCTGATCA	4	2	4
day0_ATGCCCTTGTATTCCT	4	2	4
day0_ATGCCGGACATTCAGC	2	0	5
day0_ATGCCGGACCCTACCT	2	0	5
day0_ATGCCGGACCGTCGCA	3	1	5
day0_ATGCCGGACGTGGCCT	2	0	5
day0_ATGCCGGACTACCGTA	3	0	5
day0_ATGCCTAGAATCTCCC	5	1	3
day0_ATGCCTAGACCGCACA	0	0	0
day0_ATGCCTCACACCGGAA	2	1	5
day0_ATGCCTCACAGATCGG	2	0	5
day0_ATGCCTCACCAACCTA	2	0	5
day0_ATGCCTCACCACCCGA	2	0	5
day0_ATGCCTCACTGAGCAG	5	1	3
day0_ATGCCTCACTGGTGGA	3	0	5
day0_ATGCCTCTGAGTGGAC	5	0	1
day0_ATGCCTCTGGTGGCCT	0	0	0
day0_ATGCCTGCTGACGGAT	2	0	0
day0_ATGCCTGCTTTGTGTG	2	0	5
day0_ATGCGAACTACAGTAA	3	1	1
day0_ATGCGAACTACTACGT	4	0	4
day0_ATGCGAACTCAGCGTC	3	0	1
day0_ATGCGAACTCTCAATG	0	1	0
day0_ATGCGAACTTGGGTAG	2	1	5
day0_ATGCGAGGAGGGACAT	4	2	4
day0_ATGCGAGGAGTGAAAT	3	1	1
day0_ATGCGAGGATGATGTC	4	0	4
day0_ATGCGATACCTAACCA	5	1	3
day0_ATGCGATACGGTCATT	3	0	5
day0_ATGCGATACTAGACTC	4	2	4
day0_ATGCGATACTTACGAC	4	2	4
day0_ATGCGATACTTCACTT	4	2	4
day0_ATGCGATACTTGGAGG	2	1	0
day0_ATGCGATTGAACACTC	3	0	1
day0_ATGCGCGTGAGCCATT	2	0	0
day0_ATGCGCGTGATTGGAA	4	2	4
day0_ATGCGCGTGCTGTGAT	3	2	5
day0_ATGCGCGTGTCCCTTG	2	1	5
day0_ATGCGGAGACTTCGGG	3	0	1
day0_ATGCGGAGAGTAACCT	2	0	5
day0_ATGCGGAGATACGATC	0	1	0
day0_ATGCGGAGATCCATTT	0	1	1
day0_ATGCGTATGCGACTTA	5	0	3
day0_ATGCGTCCTGTACCTA	6	0	2
day0_ATGCGTCCTTGGGATG	0	1	0
day0_ATGCTATCTTCGAGGA	0	0	0
day0_ATGCTCAGACTTCCGT	2	0	5
day0_ATGCTCAGAGCAGCAA	0	1	0
day0_ATGCTCAGAGTCATTG	2	0	5
day0_ATGCTCAGATGAAAGT	3	0	1
day0_ATGCTGATGAGTGGAC	2	1	0
day0_ATGCTGATGATTGCTG	5	0	3
day0_ATGCTGATGGAAGTTA	2	0	5
day0_ATGCTTACTAGCCATT	3	0	1
day0_ATGCTTACTAGCGTGA	3	1	1
day0_ATGCTTACTCTCCCAT	0	0	3
day0_ATGCTTACTCTGAAGG	2	0	5
day0_ATGCTTACTGCTGCTG	2	0	0
day0_ATGCTTACTTACCTAG	3	0	1
day0_ATGCTTGGAAAGAATC	2	1	5
day0_ATGCTTGGATCGTGAT	2	0	5
day0_ATGGACTTGATCGGAG	0	0	0
day0_ATGGACTTGTCTTGAG	0	1	0
day0_ATGGAGGACCCTGATA	3	0	1
day0_ATGGAGGACCGATCTA	3	0	5
day0_ATGGAGGACTAGCTAC	2	0	5
day0_ATGGAGGACTGCACTA	0	1	0
day0_ATGGAGGACTTCCCAC	5	1	3
day0_ATGGATAGAGAGGAAA	2	0	1
day0_ATGGATCTGTATCGCA	2	0	5
day0_ATGGCAGGACGTTGGC	4	2	4
day0_ATGGCCGTGTGCTGGC	5	0	3
day0_ATGGCCTCTAACCTAC	2	0	5
day0_ATGGCCTCTAGTCACT	2	0	5
day0_ATGGCCTCTGAGGAAA	4	2	4
day0_ATGGCCTCTTTTGGTG	3	0	1
day0_ATGGCTTGATGACTCA	3	1	1
day0_ATGGGATCTCACTTAG	3	0	1
day0_ATGGGCCACAGTTACC	0	0	0
day0_ATGGGCCACTCCCTTG	2	0	5
day0_ATGGGCGCTTGTGCTA	0	1	0
day0_ATGGTAAGAGGATAAT	0	1	0
day0_ATGGTAAGAGTATCTG	5	1	3
day0_ATGGTCCCTAATACAG	0	0	0
day0_ATGGTCCCTTGGACGA	3	0	1
day0_ATGGTTCGACACGGAA	0	0	0
day0_ATGGTTGACCAAGCGA	5	0	3
day0_ATGGTTGACCCATAAC	0	0	0
day0_ATGGTTGACCTCTATT	5	1	3
day0_ATGGTTGACGAGCCCT	2	0	5
day0_ATGGTTGACTCACTTT	4	2	4
day0_ATGGTTTCTATCCTCC	5	0	3
day0_ATGGTTTCTTCCATTT	0	0	0
day0_ATGTACGACAATGTAG	4	2	4
day0_ATGTACGTGACGGAAC	5	0	3
day0_ATGTACGTGAGTCAAA	4	2	4
day0_ATGTACGTGTCCAACA	2	0	5
day0_ATGTACGTGTTGGTGT	2	1	5
day0_ATGTAGCTGCATGAAA	2	0	3
day0_ATGTAGCTGCGGCTGT	4	2	4
day0_ATGTAGCTGCTATCTT	0	0	0
day0_ATGTATCCTAACTTCG	0	1	0
day0_ATGTATCCTAAGTATG	4	2	4
day0_ATGTATCCTACATGAA	2	0	5
day0_ATGTATCCTCCATAGT	0	1	1
day0_ATGTATCCTGACCCGT	0	0	0
day0_ATGTATCCTTTTGAGC	2	0	5
day0_ATGTCCCACAGTCACT	0	1	1
day0_ATGTCCCACATCTGCA	4	2	4
day0_ATGTCCCACCTAACTG	0	0	0
day0_ATGTCCCACCTTCCCA	3	0	5
day0_ATGTCCCACCTTGCGG	3	1	1
day0_ATGTCCCACGTAAGTA	4	2	4
day0_ATGTCCCACTCGAGGA	0	1	0
day0_ATGTCCGCTACTGCCG	3	0	1
day0_ATGTCCGCTGATTGAA	3	1	1
day0_ATGTCGCCTCTTCACC	3	0	1
day0_ATGTCGCCTTGAAAGT	5	0	3
day0_ATGTCGCCTTGTAGCT	0	1	0
day0_ATGTCTACTGGAGAGG	3	0	1
day0_ATGTCTACTGTGAGAC	0	0	0
day0_ATGTCTACTTCACAAC	0	0	0
day0_ATGTCTACTTTTCCGC	4	2	4
day0_ATGTGAAGAACGGATG	3	1	1
day0_ATGTGAAGAAGGTTTC	3	1	1
day0_ATGTGAAGAGAAAGCC	1	1	6
day0_ATGTGAAGAGGTTACT	3	1	1
day0_ATGTGACACAGTGTGG	3	0	1
day0_ATGTGACACCATTCAG	5	1	3
day0_ATGTGACACGCGGTAA	2	0	5
day0_ATGTGGTTGATCGAAA	2	1	5
day0_ATGTGGTTGGAAATAC	5	0	3
day0_ATGTGGTTGGGTTGAG	1	0	3
day0_ATGTGGTTGTACTTCT	0	1	1
day0_ATGTGGTTGTTGGAGG	2	1	5
day0_ATGTTCACTCCTCGAG	5	0	3
day0_ATGTTCACTCGAGAGT	3	1	1
day0_ATGTTCACTGCGTGAA	3	0	1
day0_ATGTTCACTTAACACC	2	0	5
day0_ATGTTGCGAAGTCAAA	2	1	5
day0_ATGTTGCGATAGATCC	5	3	3
day0_ATGTTGGTGGAACGTG	0	1	0
day0_ATGTTGGTGGGAACAC	0	1	1
day0_ATGTTGTCTATTCAGC	5	0	3
day0_ATGTTGTCTGTCATTG	3	1	1
day0_ATGTTGTCTTCATGTG	5	1	3
day0_ATGTTTGCTAAACCCT	2	1	5
day0_ATGTTTGCTCTTATGG	3	0	1
day0_ATTAACCCTAAGATCA	3	0	1
day0_ATTAACCCTATTCTTC	2	1	5
day0_ATTAACCCTCGAACTT	3	1	1
day0_ATTACCGGAAACCTAC	0	1	0
day0_ATTACCGGAGGACAAC	2	1	5
day0_ATTACCGGATCCCTCA	4	2	4
day0_ATTACCGGATCCTGAA	2	0	5
day0_ATTACTCACATGCTCA	2	1	5
day0_ATTACTCACCCTCCTA	4	0	4
day0_ATTACTCACGCCACAC	3	1	1
day0_ATTACTCACTCGTGAT	0	0	0
day0_ATTACTCTGGGGTAAC	2	0	5
day0_ATTAGAGGACACGCCA	2	0	1
day0_ATTAGAGGACATAGTC	2	0	5
day0_ATTAGAGGACGATGAG	3	0	1
day0_ATTAGAGGAGTAACTC	0	0	0
day0_ATTAGGCACAGGATAT	3	0	1
day0_ATTAGGCACGTGAGAC	0	0	1
day0_ATTAGTCCTGAAATTG	2	0	5
day0_ATTAGTCCTTTGTTCT	0	1	0
day0_ATTCAGGACATTCACG	2	1	5
day0_ATTCAGGACCAGTCTA	3	0	1
day0_ATTCAGGACCCAGCAC	0	0	0
day0_ATTCAGGACTGTGGTT	3	0	1
day0_ATTCAGGTGCATTCAG	0	1	0
day0_ATTCAGGTGGACAGGT	2	0	5
day0_ATTCATCACCCATCGG	4	2	4
day0_ATTCCAACTCAATGGG	2	1	5
day0_ATTCCAACTGAGATGC	0	0	0
day0_ATTCCAACTTCCCGTT	5	1	3
day0_ATTCCATACAGTGTGG	3	0	1
day0_ATTCCATACCGGGTCT	0	0	0
day0_ATTCCATACGTCTTGA	2	1	5
day0_ATTCCGGCTAACAATG	6	0	1
day0_ATTCCGGCTCCCACAG	0	0	0
day0_ATTCGCCTGTACCCTC	5	1	3
day0_ATTCGCCTGTTAGAAG	0	0	0
day0_ATTCGGATGAAATTGG	5	1	3
day0_ATTCGGATGATCTGTG	2	1	5
day0_ATTCGGATGGTTGAGG	2	1	0
day0_ATTCGGATGTGGTACT	5	1	3
day0_ATTCGGATGTTTCTGT	3	0	1
day0_ATTCGTGGACTACGAT	3	0	5
day0_ATTCGTGGAGTTAGAA	0	0	0
day0_ATTCGTGGATTTCTAC	0	0	0
day0_ATTCTACTGAACGGTG	3	0	1
day0_ATTCTACTGCTTAGTG	3	1	1
day0_ATTCTCATGAGAATCA	3	0	1
day0_ATTCTCCCTATCTGTG	2	1	5
day0_ATTCTCCCTTTCTGAG	2	0	5
day0_ATTCTGTACCATCGGC	2	0	5
day0_ATTCTGTACCTGTATG	0	0	0
day0_ATTCTGTACGCATGGA	5	0	3
day0_ATTCTGTACTGGACGA	5	1	3
day0_ATTCTTCGAGCTTATG	4	2	4
day0_ATTGACTCTGGACAGT	1	1	1
day0_ATTGACTCTTCTAGAC	2	0	5
day0_ATTGAGAGAACAAGTA	2	0	5
day0_ATTGAGAGACGAAGTG	5	0	0
day0_ATTGAGGCTACCGTGC	0	2	5
day0_ATTGAGGCTAGAATCA	5	1	3
day0_ATTGAGGCTCAAGTGG	6	0	1
day0_ATTGCTACTTGTTGTG	2	1	5
day0_ATTGCTACTTTCCTCG	5	0	3
day0_ATTGCTGGATATTCCT	3	0	1
day0_ATTGCTTACGTCGTTA	2	0	5
day0_ATTGCTTTGGTTCTCC	5	0	3
day0_ATTGCTTTGTCTTTGT	2	0	5
day0_ATTGGCAACCTCCTAC	2	1	0
day0_ATTGGCAACGAAGTAT	0	1	0
day0_ATTGGCAACGTTGTTG	5	1	3
day0_ATTGGCAACTACAGAA	2	0	5
day0_ATTGGCAACTCGATTG	4	2	4
day0_ATTGGCAACTCTAGAC	0	1	0
day0_ATTGGCCCTGAAGGTC	0	0	0
day0_ATTGGGACTATTCTCT	4	2	4
day0_ATTGGTCGACGGAACA	5	1	3
day0_ATTGGTCGAGATAAGT	3	0	1
day0_ATTGGTCGATCTTGTT	5	1	3
day0_ATTGTACCTAGTCACT	0	1	0
day0_ATTGTCTACAGTCATC	0	0	1
day0_ATTGTCTACCCATCTC	4	2	4
day0_ATTGTCTACCCTGCGA	2	0	5
day0_ATTGTCTACCGGTGAA	3	0	5
day0_ATTGTCTACTCGAACT	2	0	5
day0_ATTGTCTTGTGCTGGC	5	1	3
day0_ATTGTTGCTCCACGTG	5	0	3
day0_ATTGTTGCTGAGCATG	2	0	0
day0_ATTTAGCCTAGTAACA	2	2	5
day0_ATTTAGCCTTTCGGGC	5	0	3
day0_ATTTCAGCTAACACAA	2	0	5
day0_ATTTCAGCTGCAGCCT	0	0	0
day0_ATTTCAGCTGTTAGAA	0	1	0
day0_ATTTCCTGAAAGAGGA	3	0	1
day0_ATTTCCTGACGAACTT	4	2	4
day0_ATTTCCTGAGAATGGC	0	1	0
day0_ATTTCGACTCGCAAGA	4	2	4
day0_ATTTCGACTGAACGTG	0	1	0
day0_ATTTCGACTGCTGAGA	3	0	1
day0_ATTTCGACTTGGTCTA	2	0	5
day0_ATTTCGACTTTGGGAG	4	2	4
day0_ATTTCGGGAAATGGCG	2	0	5
day0_ATTTCGGGACTTGATG	0	1	0
day0_ATTTCGGGATGATCGT	2	1	5
day0_ATTTCGTACAGTGTTC	2	0	5
day0_ATTTCGTACCCGAAAG	0	1	0
day0_ATTTCGTACTACCCTC	2	0	3
day0_ATTTCTCGACTACGAT	0	0	0
day0_ATTTCTCGAGATTACC	0	0	0
day0_ATTTCTCGATCTTAGG	2	0	5
day0_ATTTCTCGATGGTCAT	0	0	0
day0_ATTTGCACTACTGTGT	2	0	5
day0_ATTTGCACTAGAGGAA	2	0	5
day0_ATTTGCGGACAACCAT	0	1	1
day0_ATTTGCGGATACCTGA	5	0	3
day0_ATTTGGGACAGTCACT	4	2	4
day0_ATTTGGGACATCATGC	0	0	0
day0_ATTTGGTCTTCCTAAG	0	0	0
day0_ATTTGGTCTTGAAGAT	0	1	0
day0_ATTTGGTCTTTAGAAG	2	0	5
day0_ATTTGTCTGGAACGTG	3	1	1
day0_ATTTGTCTGTGAAATG	1	0	6
day0_ATTTGTCTGTTGCTGA	0	0	0
day0_ATTTGTGCTAAATGAC	3	0	5
day0_CAAACACACCAGTGAG	3	0	1
day0_CAAACACACTGGTACT	4	2	4
day0_CAAACTGACATCAGGG	0	1	0
day0_CAAAGCTACCAGCGCT	3	0	1
day0_CAAAGCTACCCCGGTA	0	0	0
day0_CAAAGCTACTATGTGC	3	1	1
day0_CAAAGCTACTGCTTGA	5	1	3
day0_CAAAGGCGAACTGAGG	2	1	5
day0_CAAAGGCGAAGCGAAC	5	1	3
day0_CAAAGGCGAATTCGAC	4	2	4
day0_CAAAGGCGACCAAAGG	5	0	3
day0_CAAAGGCGACCCAATA	3	0	1
day0_CAAAGGTCTACAATGA	2	0	5
day0_CAAAGTGCTCTGTACA	3	0	1
day0_CAAAGTGCTGGTTAGG	0	0	0
day0_CAAAGTGCTTCATGTG	4	2	5
day0_CAAAGTGCTTGTCTAG	3	1	1
day0_CAAAGTGCTTTGCATG	4	2	4
day0_CAAATAGGAATAGAAC	2	1	5
day0_CAAATAGGACGAAGTG	2	0	5
day0_CAAATAGGACGATCGC	2	0	5
day0_CAAATAGGACTGCAGC	1	0	6
day0_CAAATAGGAGGAACTG	3	1	1
day0_CAAATCGACACATCAC	2	0	5
day0_CAAATCGACAGCTATC	4	2	4
day0_CAAATCGACCACTCAA	0	1	1
day0_CAAATCGACGGTGGAT	3	0	1
day0_CAAATGAGAACCAGAG	0	1	0
day0_CAAATGAGACGATTAC	3	0	1
day0_CAAATGAGATTGGGAG	3	0	1
day0_CAAATGCACAACGTAA	4	2	4
day0_CAAATGCACTGAGGAC	2	1	5
day0_CAAATGGCTAATACCC	2	0	5
day0_CAAATGGCTACCTCCT	3	0	1
day0_CAAATGGCTCGAAGTG	0	1	0
day0_CAAATGGCTCTAGAGG	2	0	5
day0_CAACAACTGAGGCATG	0	0	0
day0_CAACAACTGCAATGGG	4	2	4
day0_CAACAACTGCCGCATG	4	2	4
day0_CAACAACTGGGTGGAT	3	0	1
day0_CAACACAACCCAGAGA	2	0	5
day0_CAACACAACTGACCCG	2	0	5
day0_CAACACTGACCAAAGG	5	0	3
day0_CAACAGGGAACGGGTA	2	0	0
day0_CAACAGGGAAGGAATT	3	1	1
day0_CAACAGGGACGGAATG	2	0	5
day0_CAACAGGGAGGAAGTC	2	1	5
day0_CAACATGTGAACACAA	0	0	0
day0_CAACATGTGCTACGAT	4	2	4
day0_CAACATGTGTCCCTTG	4	2	4
day0_CAACATTCTAACATGA	1	0	6
day0_CAACATTCTTATTCCT	0	0	0
day0_CAACATTCTTGATCCA	5	0	3
day0_CAACCACCTACGACTT	3	0	1
day0_CAACCACCTTCTTGAG	3	1	1
day0_CAACCACCTTTAGTGC	2	0	5
day0_CAACCGTCTGAACGGT	2	0	5
day0_CAACCGTCTGGTGTGA	0	1	0
day0_CAACGATACCGCACTG	0	1	1
day0_CAACGATACTAGCTTG	3	0	4
day0_CAACGATACTCATTTC	4	2	4
day0_CAACGATACTCTACCC	0	1	0
day0_CAACGCGACAACCTCA	5	0	3
day0_CAACGCGACGGGCTTC	3	1	1
day0_CAACGCGACTTCATCT	5	0	3
day0_CAACGGCACATGGTGG	3	0	1
day0_CAACGGCACTCCTTCG	2	1	5
day0_CAACGGCTGGCAGCAA	3	1	1
day0_CAACGGCTGGGAAGCT	3	1	1
day0_CAAGAACCTCATCGAT	1	1	6
day0_CAAGAACCTTCTTTGT	3	1	1
day0_CAAGAATGAACAGTTC	2	0	0
day0_CAAGAATGATCTCTAT	0	0	1
day0_CAAGACTACCGCCACA	0	0	3
day0_CAAGACTACGGGTTAG	2	0	5
day0_CAAGACTACTACAACC	3	0	5
day0_CAAGACTACTCTTGAG	3	0	5
day0_CAAGAGTCTAGGTATA	4	2	4
day0_CAAGAGTCTGAGTGAC	3	1	3
day0_CAAGAGTCTTCGTAGT	0	0	0
day0_CAAGAGTCTTGTCTAG	0	2	0
day0_CAAGCATACCGTGCTG	3	0	1
day0_CAAGCATACTCTTGAG	0	0	0
day0_CAAGCGAGAAACACAA	5	1	3
day0_CAAGCGAGATCTACAG	0	1	0
day0_CAAGCGCTGATGGACG	1	1	6
day0_CAAGCGCTGCTTTGTT	2	0	5
day0_CAAGCGCTGTAGATAG	3	1	1
day0_CAAGCGGCTAGCGATG	5	1	3
day0_CAAGCGGCTAGGAATT	3	0	1
day0_CAAGCGGCTAGTCTCA	2	0	5
day0_CAAGCGGCTGACTGCC	2	0	5
day0_CAAGCTTGAACTAAGA	3	0	1
day0_CAAGCTTGACCTGCAG	0	1	0
day0_CAAGGACGAAACGCCC	0	1	0
day0_CAAGGACGACACGGTC	2	0	5
day0_CAAGGACGATAGGAAT	3	0	1
day0_CAAGGAGTGAATCGCT	2	0	0
day0_CAAGGAGTGATGGTAA	3	1	1
day0_CAAGGAGTGGACGCAA	3	0	5
day0_CAAGGAGTGGTCGTTA	3	1	1
day0_CAAGGCGCTTGGCAGA	4	2	4
day0_CAAGGGTGACATGCAT	0	1	0
day0_CAAGGGTGACGACTTA	4	2	4
day0_CAAGGGTGACTTCCCA	3	0	5
day0_CAAGGGTGATTGCTGA	3	0	1
day0_CAAGTCATGCGCATCG	4	2	4
day0_CAATACGACAACCCTA	2	0	5
day0_CAATACGACTGGTTAC	0	1	0
day0_CAATAGCACAAACCCT	5	0	3
day0_CAATAGCACTGAAATG	1	1	6
day0_CAATAGCACTGGTAAA	5	1	3
day0_CAATAGGCTGACAGTG	2	0	5
day0_CAATCAGTGAATGTAG	5	0	3
day0_CAATCAGTGATACGCT	3	1	1
day0_CAATCATCTAATGTAG	2	1	1
day0_CAATCATCTCCGTGCA	4	2	4
day0_CAATCATCTCGATCTA	4	2	4
day0_CAATCATCTTCCCTCA	3	1	1
day0_CAATCGAACACGCCCA	5	1	3
day0_CAATCGAACAGACCAG	0	1	0
day0_CAATCGAACCACAAGG	3	0	1
day0_CAATCGAACGGGTCTC	1	1	6
day0_CAATCGAACGGTCATT	4	2	4
day0_CAATCGAACTGATGTC	2	1	5
day0_CAATCTTACACATGAA	2	0	5
day0_CAATGACACTAACTCG	3	0	5
day0_CAATGCAACACTGAAA	5	0	3
day0_CAATGCAACGGAGAGG	3	1	1
day0_CAATGCTGAAAGAGGA	3	0	1
day0_CAATGCTGACAATGGG	4	2	4
day0_CAATGCTGAGCAAGCA	3	1	1
day0_CAATGTGACAAATGGT	2	0	5
day0_CAATTGCGAAGTGTGG	2	0	5
day0_CAATTGCGAGCCATCG	3	1	1
day0_CAATTGGTGGGTCATT	5	0	3
day0_CAATTGGTGGTAACCT	4	2	4
day0_CAATTGGTGTTTCTAC	4	2	4
day0_CAATTTCTGACGCCCA	0	1	0
day0_CAATTTCTGCGTGGCT	2	0	5
day0_CAATTTCTGGGCAATG	0	0	0
day0_CAATTTCTGTCACCCT	2	0	5
day0_CAATTTCTGTGATAGA	0	0	0
day0_CACAAAGCTACGTTCA	1	0	6
day0_CACAAAGCTCAAGATA	5	0	3
day0_CACAAAGCTCCCGGTA	5	1	3
day0_CACAAAGCTCGGTTGC	2	1	1
day0_CACAAAGCTGGAACAC	0	0	0
day0_CACAAAGCTTCTCCAC	2	0	5
day0_CACAACAACAGCTACT	0	1	0
day0_CACAACAACTCACCGG	2	0	5
day0_CACAACAACTTGTAGC	3	0	5
day0_CACAAGTACAACACCT	3	1	1
day0_CACAAGTACAACTTCG	5	0	3
day0_CACAAGTACAGTGCGA	0	1	0
day0_CACAAGTACCAACACT	0	0	0
day0_CACAAGTACCAACCAT	0	1	0
day0_CACAAGTACCGGTTGC	2	0	5
day0_CACAAGTACTGAAGAT	2	0	5
day0_CACAATGTGGAAATTG	5	0	3
day0_CACAATGTGTGTCCGG	3	0	5
day0_CACAATTCTGTCTAAC	4	2	5
day0_CACAATTCTTTGCCTC	0	1	1
day0_CACACTCTGAGCACGA	2	0	4
day0_CACACTCTGTACCCAA	3	0	5
day0_CACAGCCGAACCTCTC	5	1	3
day0_CACAGCCGATGCTGGC	0	1	0
day0_CACAGCGTGACTCCCT	0	1	0
day0_CACAGCGTGAGGCCCT	3	0	1
day0_CACAGCGTGATAGTGA	0	1	0
day0_CACAGCGTGCTCCATC	3	0	5
day0_CACAGCGTGGTTGTTG	0	0	0
day0_CACAGCGTGTCTTAGG	5	0	3
day0_CACAGCGTGTGAATGA	2	0	5
day0_CACAGGAGACTCGGCA	2	1	5
day0_CACAGGAGAGCGTCAC	0	1	0
day0_CACAGTATGAGTTAGA	4	2	4
day0_CACATAGTGAGAATCA	5	1	3
day0_CACATAGTGATCACCA	0	1	0
day0_CACATAGTGCCGCATG	5	0	3
day0_CACATAGTGGAGTGAC	0	0	0
day0_CACCAACCTCTTCGGG	1	0	6
day0_CACCAACCTGAAGGAA	5	0	3
day0_CACCAACCTTTTCGTT	3	1	5
day0_CACCAATGAAACACTC	0	1	0
day0_CACCAATGAAGGTATA	2	0	5
day0_CACCAATGAATGGAAT	2	1	5
day0_CACCAATGATTGGGTT	2	0	5
day0_CACCACGGAACGGGTA	5	1	3
day0_CACCACGGACGTGCGT	5	0	3
day0_CACCACGGACTTCTCG	4	2	4
day0_CACCACGGAGCATTCA	2	0	5
day0_CACCACTTGAGATCCT	5	0	3
day0_CACCAGGACAGCCATT	2	0	5
day0_CACCAGGACCCATGGC	2	0	0
day0_CACCAGGACCCCTGAG	2	0	5
day0_CACCAGGACCTTCACC	5	1	3
day0_CACCAGGACTACCTTT	0	0	0
day0_CACCCAGGAACTTGAC	4	2	4
day0_CACCCAGGACCCGTGA	4	0	4
day0_CACCCAGGACTGTACA	4	2	4
day0_CACCCAGGAGAACAAT	0	0	0
day0_CACCCATTGAGGGTCA	2	1	5
day0_CACCCATTGGGAAATT	5	1	3
day0_CACCCATTGGTTCTTT	2	0	5
day0_CACCCTAACCTTAGTG	3	1	1
day0_CACCCTAACGTGGATG	5	0	3
day0_CACCCTCCTAAGACAT	5	0	3
day0_CACCCTCCTGAGATGC	2	0	5
day0_CACCCTCCTGATAAGT	5	0	3
day0_CACCGATCTGCGTCAC	5	0	3
day0_CACCGGAACAGGCTGA	5	0	3
day0_CACCGGAACGGACTGA	3	1	5
day0_CACCGGAACGGTGGAT	5	0	3
day0_CACCGGATGCAAGATA	0	0	0
day0_CACCGGATGCATAGTC	2	0	5
day0_CACCGGATGCATCGAT	2	0	5
day0_CACCGGATGGAGGAGG	0	0	0
day0_CACCGGATGTACCCGG	0	1	0
day0_CACCGGATGTCACGGC	4	2	4
day0_CACCGGATGTTGGGTT	0	1	0
day0_CACCGGTGAACGAGCA	4	2	4
day0_CACCGGTGAGGGAACT	1	0	6
day0_CACCGTTACACTACGT	3	0	1
day0_CACCGTTACAGCAATA	2	0	5
day0_CACCGTTACCACTTGA	2	0	5
day0_CACCGTTACGCTGGCT	5	0	3
day0_CACCTCCCTTCCCTTG	0	0	0
day0_CACCTGTACGAAATAC	5	0	3
day0_CACCTGTACTCACTTT	2	0	5
day0_CACCTTGTGATCGGAG	3	0	1
day0_CACGAATTGAACCTAC	2	0	5
day0_CACGAATTGAGTCACT	0	2	0
day0_CACGAATTGCAACAAA	3	0	1
day0_CACGAATTGGATCGGA	0	0	0
day0_CACGAGCACACGACTT	5	0	3
day0_CACGAGCACGCATGGA	4	2	4
day0_CACGAGCACGGAAGCT	2	0	5
day0_CACGCAGTGCGAAGTG	1	0	6
day0_CACGCAGTGGACTACT	2	0	5
day0_CACGCAGTGTTTCTGT	0	1	0
day0_CACGCGAACAAATGGT	2	1	5
day0_CACGGAAGAGGAATTA	1	1	6
day0_CACGGACACCTTGATG	5	0	3
day0_CACGGACACGGGTTCC	3	1	1
day0_CACGGACTGATTCGAC	3	0	1
day0_CACGGACTGCCGTGAC	5	0	3
day0_CACGGACTGCGATTAC	5	0	3
day0_CACGGACTGTAACTCG	3	1	1
day0_CACGTCTACACTCACA	2	0	5
day0_CACGTCTACAGGTTCT	5	0	3
day0_CACGTCTACGCCCGTA	2	0	4
day0_CACGTCTACTACAGAA	2	0	5
day0_CACTAACGAAATCCCA	2	0	5
day0_CACTAACGAACTTCGA	2	0	5
day0_CACTAACGAGACCCGT	3	1	1
day0_CACTAAGACCACGCCA	5	0	3
day0_CACTAAGACCCCTCAT	2	0	5
day0_CACTAAGACTCAGTGT	3	1	1
day0_CACTAATCTAAGCACG	4	2	4
day0_CACTAATCTAGTTCCA	0	1	0
day0_CACTAATCTATGCCCG	1	0	5
day0_CACTAATCTGAACATA	2	1	5
day0_CACTACCTGACGGAAC	4	2	4
day0_CACTACCTGGGAGTCA	2	0	5
day0_CACTACCTGTGGCCTG	3	0	1
day0_CACTACCTGTGTGGAG	2	1	0
day0_CACTCGGGAACGCTTA	2	1	5
day0_CACTCGGGAAGCACGA	5	1	3
day0_CACTCGGGATAGATAG	2	0	5
day0_CACTCGTACGAACGTG	2	0	5
day0_CACTGATGACACGTGC	0	1	0
day0_CACTGATGACTGGCTG	1	0	6
day0_CACTGCGGACCGCAAC	3	1	5
day0_CACTGCGGAGAGTCTT	0	0	0
day0_CACTGCGGAGGAAGAA	0	0	0
day0_CACTGCGGAGTACCTA	2	0	5
day0_CACTGGCGAGACTGCC	3	0	1
day0_CACTGGCGAGTCCCGA	5	0	3
day0_CACTGGCGATTGAGGG	3	1	1
day0_CACTTAGGAATCCGAT	5	1	3
day0_CACTTAGGACAATTCG	4	2	4
day0_CACTTAGGACGCTTCT	1	1	6
day0_CACTTAGGAGCATTAC	0	1	0
day0_CACTTGGCTAGAGGAA	1	0	6
day0_CACTTGGCTAGTGTCT	4	2	4
day0_CACTTGGCTCCCGGTA	0	1	1
day0_CACTTGGCTCGGGTCT	0	0	0
day0_CACTTTAACCGTGCAC	2	0	5
day0_CACTTTAACGAAATTG	3	0	1
day0_CACTTTAACTACCATG	5	0	3
day0_CACTTTAACTGTGAAA	0	1	0
day0_CACTTTCCTCCCTGAG	3	0	1
day0_CAGAATCACAGCGATG	5	0	3
day0_CAGAATCACCATCAGT	2	1	5
day0_CAGAATCACCGGTAAG	6	0	1
day0_CAGAATCACCTTCACC	4	2	4
day0_CAGAATCACGCCCGTA	2	0	5
day0_CAGAATCACGTTACAC	3	0	5
day0_CAGACATACAACGAAT	2	1	5
day0_CAGACATACATGCCCG	4	0	4
day0_CAGACATACATGGACG	2	1	0
day0_CAGACATACGCAAGCA	5	1	3
day0_CAGACATACGGAACTG	0	1	0
day0_CAGACATTGTAACCCA	5	0	3
day0_CAGACATTGTAGGAAT	0	0	0
day0_CAGACATTGTTCACAG	2	0	5
day0_CAGACTCCTCCGAAAG	4	2	4
day0_CAGACTCCTGGAAATT	0	0	1
day0_CAGACTCCTTAGAATG	6	1	2
day0_CAGACTCCTTTCCGGG	2	0	5
day0_CAGACTTGAGCATAAA	2	1	5
day0_CAGACTTGAGGTAAAT	3	1	1
day0_CAGAGAGACACGTAGG	3	0	1
day0_CAGAGAGACTTCTCCG	1	1	6
day0_CAGAGAGACTTGAGGG	3	0	1
day0_CAGAGCAGATAGATAG	2	0	5
day0_CAGAGCCACAACCCAT	3	0	5
day0_CAGAGCCTGGGTAGGT	0	0	0
day0_CAGAGGTGAGCCTGCA	0	1	0
day0_CAGAGGTGAGGACTTT	4	2	4
day0_CAGAGGTGATAACCAC	0	1	0
day0_CAGAGTTTGAGGGTCA	1	1	6
day0_CAGAGTTTGCCCGGTA	5	1	3
day0_CAGAGTTTGTAACCCA	2	0	5
day0_CAGAGTTTGTAACGTC	0	0	0
day0_CAGAGTTTGTCCCTCA	4	2	4
day0_CAGAGTTTGTGCATCA	5	1	3
day0_CAGAGTTTGTTGTTCT	4	2	4
day0_CAGATAGCTACCAATC	3	0	1
day0_CAGATAGCTAGGGATC	3	0	5
day0_CAGATAGCTCGCACTG	4	2	4
day0_CAGATCATGCCGTGCA	0	1	0
day0_CAGATCATGTCCCTTG	4	2	4
day0_CAGATCCCTAAGGTAT	4	2	4
day0_CAGATCCCTAGTGAAT	5	1	3
day0_CAGATCCCTCTCACGG	3	0	1
day0_CAGATTGTGCTTGCGG	1	1	6
day0_CAGATTGTGCTTTGTT	5	0	3
day0_CAGCAAACTCATCTCC	2	0	5
day0_CAGCAATTGCGGTAAG	0	1	0
day0_CAGCAATTGCGTGGAA	4	2	4
day0_CAGCAATTGGTGTCCG	2	0	5
day0_CAGCAATTGTCGATGT	2	1	5
day0_CAGCAATTGTTACTTC	2	0	5
day0_CAGCAGAGAAAATCGA	2	0	5
day0_CAGCAGAGAAATCGCT	3	0	1
day0_CAGCAGAGATCGCTTC	2	0	5
day0_CAGCCACGACATCGGC	3	0	1
day0_CAGCCACGACGAGGTA	3	1	1
day0_CAGCCACGAGACGCAA	0	0	0
day0_CAGCCACGAGCGTGAA	4	2	4
day0_CAGCCACGAGTGACCC	0	0	5
day0_CAGCCGAACACCTGCG	4	2	4
day0_CAGCCGAACTGGGATG	0	0	0
day0_CAGCCTTACATCAGTC	3	0	5
day0_CAGCCTTACCTAGAGG	4	2	4
day0_CAGCCTTACCTTATGG	3	1	1
day0_CAGCCTTTGTAAAGAC	0	0	1
day0_CAGCCTTTGTCGTAAC	3	0	1
day0_CAGCGAAGAAGGCTGA	2	0	0
day0_CAGCGACTGACGTTCA	5	0	1
day0_CAGCGACTGCATGGTT	0	0	0
day0_CAGCGACTGGCGTGTC	0	0	0
day0_CAGCGGTTGCTTGATG	4	2	4
day0_CAGCGGTTGGCTGAGA	0	0	0
day0_CAGCGTCGAAATGGAT	3	0	1
day0_CAGCGTCGAACCCTTC	4	2	4
day0_CAGCGTCGAGAATGAT	3	0	1
day0_CAGCGTGACACGGAAC	3	0	1
day0_CAGCGTGACCGATAGG	4	2	4
day0_CAGCGTGACGGTTGAG	4	2	4
day0_CAGCGTGACTACAACC	0	1	0
day0_CAGCTCGGAAGAAGTT	2	0	5
day0_CAGCTCGGACATAGTC	2	0	5
day0_CAGCTCGGACGGTAGA	5	1	3
day0_CAGCTCTACACCCAAT	2	0	5
day0_CAGCTCTTGACCTGAT	2	0	5
day0_CAGCTCTTGCGAAAGC	1	0	6
day0_CAGCTCTTGTTCACAG	2	0	5
day0_CAGCTGGTGACAATGA	2	0	5
day0_CAGCTGGTGACGGGTA	5	1	3
day0_CAGCTGGTGCACTAAC	5	0	0
day0_CAGCTGTCTGCCATCG	4	2	4
day0_CAGCTGTCTTGTGGTT	2	0	5
day0_CAGGAACGAAAGTTAG	0	1	0
day0_CAGGAACGAGAGATGC	2	0	5
day0_CAGGAACGATGGTAAA	2	0	5
day0_CAGGAACGATTGCATG	6	0	1
day0_CAGGAAGTGCGTGAGA	5	0	3
day0_CAGGAAGTGTGAACAA	5	1	3
day0_CAGGAAGTGTGCCGCA	3	0	5
day0_CAGGAGAACAACAATG	3	1	1
day0_CAGGAGAACACCAATC	0	0	0
day0_CAGGAGAACCATGAGG	2	0	5
day0_CAGGAGAACCATGCAT	5	1	3
day0_CAGGAGAACCATTCAG	2	0	3
day0_CAGGAGAACCGAGAGT	3	0	1
day0_CAGGAGAACGAGCAAC	4	2	4
day0_CAGGAGAACGCTGCTG	3	1	1
day0_CAGGAGAACTTCAGCA	5	1	3
day0_CAGGAGAACTTCTGGA	3	0	1
day0_CAGGATACTAAACTGA	5	1	3
day0_CAGGATACTACCAATC	5	0	3
day0_CAGGCACACGCAGCTC	2	0	5
day0_CAGGCACTGATCAGTC	3	1	1
day0_CAGGCACTGTTTGGGT	0	1	0
day0_CAGGCAGCTCCATCGG	2	1	5
day0_CAGGCTCGAAAGTGAT	4	0	4
day0_CAGGCTCGACATCTCC	2	0	0
day0_CAGGCTGTGGGAAGTC	3	0	1
day0_CAGGCTGTGTTGTGTG	0	1	0
day0_CAGGCTTCTACCGTGC	3	1	5
day0_CAGGCTTCTGGATGCA	3	0	5
day0_CAGGCTTCTTACTTCT	4	0	4
day0_CAGGCTTCTTGAACAA	0	1	0
day0_CAGGGACCTAATCCCA	0	0	0
day0_CAGGGACCTCGTTCAA	5	1	3
day0_CAGGGCTACACAAACA	0	0	0
day0_CAGGGCTACACAGTAA	0	0	0
day0_CAGGGCTACAGATCGG	2	1	5
day0_CAGGTATTGAAATGGT	4	2	4
day0_CAGGTATTGATGCAGG	3	1	5
day0_CAGGTCGTGCGGCACT	2	0	5
day0_CAGGTCGTGGGAACGT	5	0	3
day0_CAGGTCGTGTGTGGAG	1	0	6
day0_CAGGTTAACAATCAAG	3	1	1
day0_CAGGTTAACAGAAGGA	5	0	3
day0_CAGGTTAACAGAGAAG	3	1	1
day0_CAGGTTAACCGATAGG	2	0	0
day0_CAGGTTAACGTGTGTT	4	2	4
day0_CAGGTTAACTGTGAGG	5	0	3
day0_CAGGTTTGAAAGGTAT	2	0	5
day0_CAGGTTTGAAATGCAA	5	1	3
day0_CAGGTTTGAACTGATC	4	2	4
day0_CAGGTTTGACACGCCA	3	0	1
day0_CAGGTTTGACCAAGCC	3	1	1
day0_CAGGTTTGAGCATGAG	2	0	0
day0_CAGTAACACACGTAAA	0	1	1
day0_CAGTAACACCCCGATG	3	0	1
day0_CAGTATCGAACGTAAA	3	1	1
day0_CAGTATCGACATGGAG	0	0	1
day0_CAGTATCGACCCACGA	0	1	0
day0_CAGTATGTGATTGGTC	0	0	0
day0_CAGTATGTGTCCCGGA	2	0	5
day0_CAGTCAATGACCCTTC	6	0	1
day0_CAGTCCACTCATTACG	1	0	6
day0_CAGTCCACTTGTTGTG	3	0	1
day0_CAGTCCGGAAGAGAAG	2	1	5
day0_CAGTCCGGAATGACTC	5	0	3
day0_CAGTCCGGACATGGAG	2	0	5
day0_CAGTCCGGAGTTAGAA	3	0	1
day0_CAGTCCTACATCAGGG	3	0	1
day0_CAGTCCTACATTTCCT	3	0	1
day0_CAGTCCTACCGACCGT	2	0	5
day0_CAGTCCTACGTTCTTT	2	1	5
day0_CAGTCCTACTGGCGCT	5	0	3
day0_CAGTCCTACTGGGTTT	2	0	5
day0_CAGTCGTCTGCGTCAC	0	0	0
day0_CAGTCTCTGAATGTGA	1	1	6
day0_CAGTCTCTGCAATTCG	0	0	0
day0_CAGTCTCTGCATAGTC	0	0	0
day0_CAGTCTCTGCGCGTGT	5	1	3
day0_CAGTCTCTGTCATGTG	2	0	5
day0_CAGTCTCTGTTCAGTG	3	1	1
day0_CAGTGAACTAGCCTCG	0	0	0
day0_CAGTGAACTGGATCAG	0	0	0
day0_CAGTGAGGACAGTCTA	3	0	5
day0_CAGTGAGGACATTACG	0	0	0
day0_CAGTGAGGACGGAAGT	2	1	1
day0_CAGTGAGGACGTGACC	0	1	0
day0_CAGTGAGGAGAACGAC	5	1	3
day0_CAGTGAGGAGATATGA	2	0	0
day0_CAGTGCTCTAAGAATC	4	2	4
day0_CAGTGCTCTCAGTAAA	3	1	1
day0_CAGTGCTCTCCGAAAG	0	0	0
day0_CAGTGCTCTGCTCTCT	4	2	4
day0_CAGTGGAGAAGGGTCA	2	0	5
day0_CAGTGGAGAATCTCCC	3	0	1
day0_CAGTGGAGAGATGAAT	3	1	1
day0_CAGTGGAGATCTTTGT	4	2	4
day0_CAGTGGAGATGTTCTT	0	1	0
day0_CAGTGGAGATTCAGTG	0	1	0
day0_CAGTGGAGATTTCCGC	3	1	1
day0_CAGTGTAACAGCGTTT	2	0	5
day0_CAGTGTAACATGTTGC	4	2	4
day0_CAGTGTAACCGGCTGT	4	2	4
day0_CAGTGTAACGCCGTTG	0	1	0
day0_CAGTGTAACGTTTGAC	0	0	0
day0_CAGTGTAACTCCATGA	0	0	0
day0_CAGTGTCCTATTGAAG	0	1	0
day0_CAGTGTCCTTCTCAAG	2	0	5
day0_CAGTGTCCTTGTTGGT	0	0	0
day0_CAGTTACGAAAGGGTC	3	1	1
day0_CAGTTAGACACTACGT	3	0	1
day0_CAGTTAGACAGTGTCT	0	0	0
day0_CAGTTAGACGAGGCAT	2	0	5
day0_CAGTTCGCTATGTAGA	2	0	5
day0_CAGTTCGCTGTTCTCC	1	0	6
day0_CAGTTCGCTTCGAACT	4	2	4
day0_CAGTTTACTAAGACAT	2	0	5
day0_CAGTTTACTTTGAGGG	2	0	5
day0_CATAACGACAACAATG	3	0	1
day0_CATAACGACTGACGTT	2	0	5
day0_CATAAGCACAATGCCT	2	0	5
day0_CATAAGCACAATTGAG	2	0	5
day0_CATAAGCACGACTCAT	5	1	3
day0_CATAAGCACTAAACCC	2	0	3
day0_CATAAGCACTCACCCT	0	0	0
day0_CATACCCACAGCCTGC	3	1	1
day0_CATACCCACTGCCTAA	3	0	5
day0_CATACCCACTTGAGCT	2	0	5
day0_CATACCGCTCTTTGTT	3	0	1
day0_CATACCGCTGTCTATG	5	1	3
day0_CATACCGCTTACTACG	2	0	5
day0_CATACTTTGAGGGTCA	3	0	5
day0_CATACTTTGGAGGAGG	0	0	1
day0_CATACTTTGTGAGCAG	4	2	4
day0_CATAGAGCTTGAGCAG	5	1	3
day0_CATAGAGCTTGGAGCA	3	0	5
day0_CATAGGTACACTAAGA	3	1	1
day0_CATAGGTACGAGTAAT	0	0	0
day0_CATAGGTACTGGGAGT	2	0	5
day0_CATAGGTTGTCTGGGC	3	0	1
day0_CATATGGTGAGTGTCT	0	1	0
day0_CATATGGTGGAGAACC	2	0	5
day0_CATATGGTGTCTAACG	0	0	0
day0_CATATGTCTCTCCTAC	3	0	1
day0_CATATGTCTTCACAAC	2	0	5
day0_CATATTCACCGAGGTA	2	1	1
day0_CATATTCACCGCTTGG	2	0	3
day0_CATCAATCTGAAGGAA	3	0	1
day0_CATCACCACACGGATG	2	0	5
day0_CATCACCACCTGCCAG	4	2	4
day0_CATCAGTGACTTATGG	0	0	0
day0_CATCAGTGAGGAAGCT	1	1	6
day0_CATCAGTGATCTCTAT	4	2	4
day0_CATCAGTGATGACGCC	2	0	5
day0_CATCATACTAGGAATT	4	2	4
day0_CATCATACTCCGCATG	3	0	5
day0_CATCATACTGGCTCTG	0	1	0
day0_CATCATACTTCTACAG	2	0	5
day0_CATCATACTTGTCTAG	4	2	4
day0_CATCATGGAAATCAAG	5	0	3
day0_CATCATGGAGGATGCA	4	2	4
day0_CATCATGGAGTCTTGA	3	0	1
day0_CATCATGGATCCATTT	0	1	0
day0_CATCATGGATGTGACT	0	0	0
day0_CATCATTACAACGCCC	0	1	0
day0_CATCATTTGATTGGTC	5	0	3
day0_CATCATTTGGAGCATG	5	1	3
day0_CATCATTTGGTAACCT	3	0	1
day0_CATCATTTGTGGTCAT	5	0	3
day0_CATCCAAGAAACTCAC	2	1	0
day0_CATCCAAGAATGCCCG	0	0	0
day0_CATCCAAGACTTCTCG	3	1	1
day0_CATCCCAACTCTGTAG	4	2	4
day0_CATCCCTGACCATAAC	2	0	5
day0_CATCCCTGACTGCCAG	3	1	1
day0_CATCCCTGATAACCAC	1	0	6
day0_CATCCCTGATGTGACT	5	1	3
day0_CATCCGTACGAGTAAT	2	0	5
day0_CATCCGTACGTTGACT	0	0	0
day0_CATCCGTACTAGGCAG	3	1	1
day0_CATCCGTACTGGCATT	5	1	3
day0_CATCCTGTGTCACAAC	0	1	1
day0_CATCCTTCTTGGCTGC	2	1	5
day0_CATCGAAACACGACAG	3	1	1
day0_CATCGAAACCCTACCT	2	0	5
day0_CATCGAAACGCCTGCA	2	1	5
day0_CATCGAAACGGATATA	0	0	0
day0_CATCGAATGCTTGTGA	4	2	4
day0_CATCGCGGAACTCCCT	0	0	0
day0_CATCGCGGAATACCTG	0	1	1
day0_CATCGCGGACATGGAG	0	0	0
day0_CATCGCGGACTCTACC	0	1	0
day0_CATCGCGGACTGTATG	2	1	5
day0_CATCGCTACAAGGAAG	4	2	4
day0_CATCGCTACATCCTTT	3	0	1
day0_CATCGCTACTTGTCCC	2	1	5
day0_CATCGCTTGATTCGTG	3	1	1
day0_CATCGTCTGTACTCCC	0	1	0
day0_CATCGTCTGTAGACCT	5	0	3
day0_CATCGTGCTAACGGTG	3	0	1
day0_CATCGTGCTGAAGTTA	3	1	1
day0_CATCGTGCTGGGATGT	3	0	1
day0_CATCTCGACATCTGCA	0	1	1
day0_CATCTCGACCGTGAGA	4	2	4
day0_CATCTCGACTCTCTAT	3	0	1
day0_CATCTCGACTGTGAGG	3	0	1
day0_CATCTGCTGCTCTCCA	5	0	3
day0_CATCTTATGACGTTCA	0	1	0
day0_CATCTTATGAGTTCCA	5	1	3
day0_CATCTTATGCAAGGGT	0	1	0
day0_CATCTTATGGTGACCC	0	1	0
day0_CATCTTATGGTTAGAA	3	1	1
day0_CATCTTATGTGTTCTT	0	0	0
day0_CATGAACACAATGCAA	5	0	3
day0_CATGAACACTGCCTAA	2	0	5
day0_CATGAAGCTAGCTTGT	4	2	4
day0_CATGAAGCTCAGTACT	2	0	5
day0_CATGAAGCTCTGGTTA	2	0	5
day0_CATGACAACGCCATCG	4	2	4
day0_CATGACAACGTCGATT	5	0	3
day0_CATGACTGAATGAACA	3	0	1
day0_CATGACTGACGCTTCT	3	1	1
day0_CATGACTGAGAGGTTG	0	0	0
day0_CATGACTGAGGTACAG	3	0	1
day0_CATGACTGATGGCTGC	2	0	5
day0_CATGAGGGAAACGCCC	2	0	5
day0_CATGAGGGAACATGAA	3	1	1
day0_CATGAGGGAACTCATG	6	0	1
day0_CATGAGGGACGCAAGA	4	2	4
day0_CATGAGGGACGGTTGC	2	0	5
day0_CATGAGTTGCACGCAC	2	0	5
day0_CATGAGTTGTAGCTAC	3	0	1
day0_CATGAGTTGTGATGTC	2	2	5
day0_CATGAGTTGTTCTCCG	0	0	0
day0_CATGATGTGAGTCAAA	3	0	1
day0_CATGATGTGGAGCGTA	4	2	4
day0_CATGATGTGGCCTGTG	0	1	0
day0_CATGATGTGGGGACAT	5	0	3
day0_CATGATGTGTGAGGGT	3	0	1
day0_CATGATGTGTGTTCGA	2	0	5
day0_CATGCACCTACGCCCA	3	0	5
day0_CATGCACCTTCGGAAG	4	2	4
day0_CATGCATGAACGACTT	3	0	1
day0_CATGCATGACGATCGC	5	0	3
day0_CATGCATGACGCCACA	3	1	1
day0_CATGCATGAGGACGAT	0	1	0
day0_CATGCATGAGGGTGTA	5	1	3
day0_CATGCATGATGACTCA	4	2	4
day0_CATGCATGATTGTAGC	2	1	5
day0_CATGCGTCTCTTCCGT	5	1	3
day0_CATGCGTCTGGTTAGG	3	1	1
day0_CATGCGTCTTCGTCCT	5	1	3
day0_CATGCGTCTTTCACCC	0	1	0
day0_CATGCGTCTTTGGTTG	4	2	4
day0_CATGGAACTCGCTCAG	3	0	5
day0_CATGGCTCTAACCTAC	4	2	4
day0_CATGGCTCTATCATGC	3	1	1
day0_CATGGCTCTTGATGCT	5	1	3
day0_CATGGCTCTTTCACAG	0	0	0
day0_CATGGGAGAATTCACG	0	1	0
day0_CATGGTATGATTCAGC	0	1	0
day0_CATGGTATGCGTCCAG	3	0	1
day0_CATGGTATGCGTTGGC	2	1	5
day0_CATGTAGACCAATCTG	4	2	4
day0_CATGTAGACTATGTGC	0	1	0
day0_CATGTAGACTGCTTGA	3	0	1
day0_CATGTAGACTTCCTCG	2	0	5
day0_CATGTAGACTTGCCTC	0	0	0
day0_CATGTATCTCCCACGA	2	0	5
day0_CATGTATCTCTGTGAT	3	1	1
day0_CATGTCCTGACGATTC	0	1	1
day0_CATGTCCTGATGTAGA	5	0	3
day0_CATGTCCTGGTGAGAC	0	1	0
day0_CATGTCGCTGCGTCAC	4	2	4
day0_CATGTCGCTGTTACGT	3	0	5
day0_CATGTCGCTTGGTGGA	2	0	5
day0_CATTACGGAACAGATA	0	1	0
day0_CATTACGGAACTGATC	5	0	3
day0_CATTACGGACTTCATT	0	1	0
day0_CATTAGCGAAGACCGA	5	0	3
day0_CATTAGCGAAGGTCCC	3	0	1
day0_CATTAGCGAGATATGA	4	2	4
day0_CATTAGCGATACGATC	3	0	1
day0_CATTAGCGATTTGGTG	4	2	4
day0_CATTCGGCTATGGAAT	3	1	1
day0_CATTCGGCTTCAAGAA	0	0	0
day0_CATTCTATGCACTAAC	3	1	1
day0_CATTCTCCTTAGACCT	1	0	6
day0_CATTCTTGAGGGCTTC	5	0	3
day0_CATTCTTGAGTGAGAC	0	1	0
day0_CATTGCCTGGTAAGTA	2	0	5
day0_CATTGCCTGTCGTAGT	0	1	0
day0_CATTGGATGCAACACT	2	0	5
day0_CATTGGATGCCATAAC	5	0	3
day0_CATTGGATGGAGCGTA	2	1	5
day0_CATTGGATGGCTTATG	2	1	5
day0_CATTGGATGTGCATCA	3	0	1
day0_CATTTACACCCTGCGA	0	1	0
day0_CATTTACACGAAATAC	3	0	1
day0_CATTTAGCTAGCGTTT	0	0	5
day0_CATTTAGCTCAACACT	5	1	3
day0_CATTTAGCTCAATCTG	1	1	6
day0_CATTTAGCTCATCTCC	2	0	5
day0_CATTTAGCTTCTCTAT	1	0	6
day0_CCAAACAACAAAGGTT	0	0	0
day0_CCAAACAACAGTGAAT	3	0	1
day0_CCAAACAACATCTGCA	2	0	5
day0_CCAAACATGTATCGCA	2	0	5
day0_CCAAACATGTTGGAGG	3	1	1
day0_CCAAAGGGACATTTCT	0	0	0
day0_CCAAAGGGACTAGAGG	4	0	4
day0_CCAAAGGGAGCAATAA	3	1	1
day0_CCAAAGGGAGGATGAC	5	1	3
day0_CCAAAGGGATCATTGG	5	0	3
day0_CCAAAGGGATCGGAAG	2	0	5
day0_CCAAATTCTCACTTCC	2	0	3
day0_CCAAATTCTCGCCCAA	2	0	0
day0_CCAAATTCTGATCAAA	4	2	4
day0_CCAACAAACCTGCAGC	5	0	3
day0_CCAACAAACGAAACGC	3	0	1
day0_CCAACAAACGGCGATA	2	0	5
day0_CCAACAAACGTTGGTT	3	0	1
day0_CCAACCACTAATCCCA	3	0	1
day0_CCAACCTTGACGGATG	2	1	5
day0_CCAACCTTGAGCTACT	0	0	0
day0_CCAACTCACAGCCTAT	3	0	5
day0_CCAACTCACGTGGACA	4	2	4
day0_CCAACTCTGAGTCAAA	2	0	5
day0_CCAACTCTGCACGGAA	2	0	5
day0_CCAACTCTGGAAACGC	0	0	0
day0_CCAAGCGACAAGGTAT	0	1	0
day0_CCAAGCGACCGCACTG	3	1	1
day0_CCAAGCGACTAAACCC	0	1	0
day0_CCAAGCGACTCCATTT	0	1	1
day0_CCAATGATGAAGTCTC	0	1	0
day0_CCAATGATGGACAGAC	3	0	5
day0_CCAATGTGAACCGTGC	2	0	5
day0_CCAATGTGAACTCCCT	2	0	5
day0_CCAATGTGAATCGAAA	3	0	1
day0_CCAATGTGAGACAGGT	3	0	1
day0_CCAATTACTTGCTGGC	3	0	1
day0_CCACAATGAAAACCAA	5	0	3
day0_CCACAATGAGGCATGA	0	0	0
day0_CCACAATGATAACGTC	0	0	5
day0_CCACACTACCCGCAAC	4	2	4
day0_CCACACTACCGCTGAC	0	1	0
day0_CCACACTACGTCTATG	2	1	5
day0_CCACACTACTGTGGAG	5	0	3
day0_CCACATAGACATTACG	0	1	0
day0_CCACATAGAGAAGGAA	4	2	4
day0_CCACCCTCTACCTGAT	0	0	0
day0_CCACCTTGAAGTGAAT	0	1	0
day0_CCACGTGGAATAGAAC	9	1	7
day0_CCACGTGGAATTCACG	0	0	0
day0_CCACGTGGACGTTACA	3	0	1
day0_CCACGTGGAGACAGAC	3	1	1
day0_CCACGTTTGAAGGTAT	3	1	1
day0_CCACGTTTGAAGTGAT	0	1	0
day0_CCACGTTTGAGGATAT	0	1	1
day0_CCACGTTTGCGAGAGT	4	2	4
day0_CCACGTTTGGTCTACA	2	0	5
day0_CCACTACTGATCGTTG	0	1	0
day0_CCACTACTGATTGAAG	0	1	1
day0_CCACTACTGGGAAATT	0	0	0
day0_CCACTCTGAGTGATTC	2	0	5
day0_CCACTCTGAGTTTGAC	3	0	1
day0_CCACTGGGAACTTCCC	0	0	0
day0_CCACTGTTGGAGGGAG	2	0	5
day0_CCACTGTTGGCTTATG	0	1	1
day0_CCACTGTTGTACCCGG	3	0	3
day0_CCACTGTTGTCGAACT	5	1	3
day0_CCACTGTTGTTTGTCT	4	2	4
day0_CCACTTCGACGTTCAA	3	0	1
day0_CCACTTCGATAAAGAC	2	0	1
day0_CCACTTCGATCACGCG	0	0	0
day0_CCACTTCGATCTGACA	5	1	3
day0_CCACTTGTGCAGTCTA	2	1	5
day0_CCACTTGTGGACAGTG	2	0	5
day0_CCACTTGTGGATAAGT	2	0	1
day0_CCACTTGTGGGTACAG	1	0	0
day0_CCAGAAGGAACGACAG	3	0	1
day0_CCAGAAGGATGTACGT	5	1	3
day0_CCAGACCGACCTCGAG	3	0	6
day0_CCAGACTCTCGAAATA	3	0	5
day0_CCAGACTCTGACTGCC	0	1	0
day0_CCAGAGCTGCCTATAG	2	0	5
day0_CCAGAGCTGCTTATGG	0	1	0
day0_CCAGAGCTGGAACGTG	3	0	1
day0_CCAGAGCTGTAGGCAG	4	2	4
day0_CCAGAGCTGTTGAGCT	3	0	1
day0_CCAGAGCTGTTGCTGA	5	0	3
day0_CCAGAGGCTACGTTCA	4	2	4
day0_CCAGAGGCTATGGTGG	2	1	5
day0_CCAGAGGCTGACGCAA	2	1	5
day0_CCAGAGGCTTGGTTAC	3	0	5
day0_CCAGATAACCATTACG	3	1	5
day0_CCAGATAACTATTCCT	3	0	5
day0_CCAGATATGGCAGCTC	3	0	1
day0_CCAGATATGGCCTGCA	5	0	3
day0_CCAGATATGGGAATTA	4	2	4
day0_CCAGATATGTAACCGT	2	0	5
day0_CCAGATATGTACTCCC	0	0	0
day0_CCAGCATCTGGGTTCC	0	0	0
day0_CCAGCCAGACCGAAAG	5	1	3
day0_CCAGCGATGGTTAGGG	0	0	1
day0_CCAGCGATGTGGGAGT	5	0	3
day0_CCAGCGATGTGTCTAG	4	2	4
day0_CCAGGTGTGACCGTGC	2	0	5
day0_CCAGGTGTGCCTCTAC	4	2	4
day0_CCAGGTGTGGCAATAA	3	1	1
day0_CCAGTAAACAATTCCG	3	1	1
day0_CCAGTAAACACACCCG	2	1	0
day0_CCAGTACCTAAGAATC	0	0	1
day0_CCAGTACCTACTGCCG	2	2	4
day0_CCAGTCTACCTGTGAT	4	2	4
day0_CCAGTCTACGGGCTCT	4	2	4
day0_CCAGTCTACTGGCTTA	3	1	1
day0_CCAGTGGTGATACGCT	5	1	3
day0_CCAGTGGTGCAACCAT	5	0	3
day0_CCAGTGGTGGCAATAA	3	0	1
day0_CCATACCACCGCTGAC	1	1	5
day0_CCATACCTGCAAGCGA	3	1	1
day0_CCATACGCTAGTCAAA	5	0	3
day0_CCATACGCTCGGATAG	4	2	4
day0_CCATACGCTGTGTGTT	2	0	5
day0_CCATATGGAAGCGATG	3	0	1
day0_CCATATGGAATACCTG	3	0	1
day0_CCATATGGATCGTAGT	0	1	0
day0_CCATATGGATGAACAA	5	1	3
day0_CCATATGGATTCTCGC	5	0	3
day0_CCATCGTACACCCTTC	0	1	0
day0_CCATCGTACGTGGATG	2	0	5
day0_CCATCTCGAATACGCT	2	2	5
day0_CCATCTCGACCGAAAG	0	0	0
day0_CCATCTCGAGACTGAG	0	1	0
day0_CCATCTCGATAACCAC	2	0	5
day0_CCATCTCGATACTGCA	3	0	1
day0_CCATGGTCTAAGTATG	5	0	3
day0_CCATGGTCTAATCACC	2	0	5
day0_CCATGGTCTGCTTACA	2	0	5
day0_CCATGGTCTTAACCAC	4	2	4
day0_CCATTATACAACACTC	3	1	1
day0_CCATTATACTCTGGGC	4	2	4
day0_CCATTCCGAACCTGGC	2	0	5
day0_CCATTCCGACACGCAC	3	1	1
day0_CCATTCCGACATCAGT	3	1	1
day0_CCATTCCGACTCAACA	5	0	3
day0_CCATTCCGAGAAATAC	0	1	0
day0_CCATTCCGAGGTCTAT	0	1	1
day0_CCATTCGACCGATGAG	0	0	0
day0_CCATTCGACTCGAATC	5	1	3
day0_CCATTGCACAACGCTT	2	0	5
day0_CCATTGCACAGTGTTC	2	0	5
day0_CCATTGCACGGTTACT	0	1	0
day0_CCCAAATGAGGCATGA	4	2	4
day0_CCCAACGGACTGAGAG	3	0	1
day0_CCCAACGGATCCTCCA	3	0	1
day0_CCCAACGGATGTTCGA	2	0	5
day0_CCCAACTTGGTTCTTT	2	0	1
day0_CCCAATCACACCAATC	1	1	6
day0_CCCAATCACACTGGGA	1	0	6
day0_CCCAATCACAGTCTCA	0	1	3
day0_CCCAATCACATCACCA	0	0	0
day0_CCCAATCACATTCCTT	0	1	0
day0_CCCAATCACCGCACTG	3	1	1
day0_CCCACATTGATCAGGG	4	2	4
day0_CCCACATTGCATCAGT	5	1	3
day0_CCCACGAGAAGTCTTG	3	1	1
day0_CCCACTTGAACCTGCG	5	0	3
day0_CCCACTTGAGAAACGC	3	1	1
day0_CCCACTTGAGGAAGAA	0	0	0
day0_CCCACTTGAGTAACCT	2	1	0
day0_CCCACTTGATTTGGTG	3	0	1
day0_CCCAGGTGAATGGACG	2	0	5
day0_CCCAGGTGAGACTCTA	2	0	5
day0_CCCAGGTGATGACGTT	0	0	0
day0_CCCAGTACTCAGAAAT	5	0	3
day0_CCCAGTGGAAGCTTGT	3	1	1
day0_CCCATGACTAGCTTGT	0	0	0
day0_CCCATGACTAGTGTTC	0	1	0
day0_CCCATGACTTCAAGAA	2	0	0
day0_CCCATGACTTGGGTTT	0	2	5
day0_CCCATGGGAAGTTCCA	4	2	4
day0_CCCATGGGACAGTACT	5	0	3
day0_CCCATGGGAGTAGAAT	2	0	5
day0_CCCATGGGATATCGCA	2	1	1
day0_CCCATTGACGCCATCG	5	0	3
day0_CCCATTGACGGTTAGG	4	2	4
day0_CCCATTTCTACTTCGA	2	0	5
day0_CCCATTTCTTCACAGT	2	0	5
day0_CCCGATTTGAGGGTCA	3	1	1
day0_CCCGATTTGATGGCAG	0	1	0
day0_CCCGATTTGCCTCCAT	2	0	5
day0_CCCGCTTCTATGGGAC	4	2	4
day0_CCCGCTTCTCCTGAAT	2	1	5
day0_CCCGCTTCTTCAGTGT	3	0	1
day0_CCCGTAACTAATCCCA	0	1	1
day0_CCCGTAACTACATCCA	2	1	5
day0_CCCGTAACTAGGCCTC	2	0	5
day0_CCCGTAACTATCCGAT	4	2	4
day0_CCCGTAACTGTACTAC	0	1	0
day0_CCCGTAGGAGCCATCG	5	1	3
day0_CCCGTATACCCCAATA	5	1	1
day0_CCCGTATACTGTAGCT	3	0	1
day0_CCCGTATACTTATGCG	0	1	0
day0_CCCGTTATGAACGTGG	0	1	0
day0_CCCGTTATGACAGATA	3	1	1
day0_CCCGTTATGACCCGTG	0	0	1
day0_CCCGTTATGCACTAAC	2	0	3
day0_CCCGTTATGCATGGAG	3	0	1
day0_CCCGTTATGCCATCAA	4	2	4
day0_CCCGTTATGTTGTGTG	3	0	1
day0_CCCTAACTGACTTCCC	0	0	0
day0_CCCTAACTGCTCACGG	2	0	1
day0_CCCTAACTGGACTCAT	0	0	3
day0_CCCTAACTGGATGAAT	0	1	0
day0_CCCTAACTGGGGTTAG	2	2	5
day0_CCCTACTGAAGAGGAA	4	2	4
day0_CCCTACTGATACCCAA	3	1	1
day0_CCCTAGGGAACTGTGT	5	0	3
day0_CCCTAGGGACAGGCAA	2	0	5
day0_CCCTAGGGACATCTCC	0	0	0
day0_CCCTCAATGAGTCTCA	2	1	5
day0_CCCTCAATGCAGGACA	3	1	1
day0_CCCTCAATGGGAAGCT	3	1	1
day0_CCCTCAATGTTTCGTT	0	0	0
day0_CCCTCATGAGTGGATG	0	1	0
day0_CCCTCCTACCATGATC	4	2	4
day0_CCCTCCTACTTCCCAC	3	1	1
day0_CCCTCTCACGTATCTG	3	0	5
day0_CCCTCTCACTCCCTCA	1	1	1
day0_CCCTCTCTGTTGAGTC	2	1	5
day0_CCCTGAGGACAGCGCT	1	1	6
day0_CCCTGATACCCGCACA	0	0	0
day0_CCCTGATACCTACAAC	0	1	0
day0_CCCTGTATGATCTCCC	3	0	1
day0_CCCTGTATGCTCTACC	3	1	1
day0_CCCTGTATGGCTGAGA	2	0	5
day0_CCCTTGAACGGTTGAG	0	1	0
day0_CCCTTGTGAAGCCTCG	3	0	1
day0_CCCTTGTGAGGCAGTA	2	0	5
day0_CCCTTGTGATCCCGTT	4	2	4
day0_CCCTTTGGATCGTCCT	3	0	1
day0_CCGAAATACCCGCATG	5	0	1
day0_CCGAAATACGTAACTC	4	2	4
day0_CCGAACGTGCATCTCC	4	2	4
day0_CCGAACGTGGAGCCCT	5	0	3
day0_CCGAACGTGTCCCTGT	1	0	6
day0_CCGAACGTGTTATCCT	2	0	1
day0_CCGAACTCTACTACGT	2	0	5
day0_CCGAACTCTAGTTAGA	3	0	5
day0_CCGAACTCTGCATGGA	5	1	3
day0_CCGAAGCTGAGACCAG	5	1	3
day0_CCGAATATGCCAATAC	5	0	3
day0_CCGAATATGGCTTATG	5	0	3
day0_CCGAATATGGGAACGT	5	0	3
day0_CCGAATATGGTCTACA	6	0	1
day0_CCGAATATGTCGATTG	4	2	4
day0_CCGAATATGTGCACTA	3	0	1
day0_CCGACAGTGAAGACAT	5	0	3
day0_CCGACAGTGATTGAAG	3	0	1
day0_CCGACAGTGCGAGGTA	0	1	0
day0_CCGAGCAACGATGCTT	1	0	5
day0_CCGAGTGACCCATGCG	4	2	4
day0_CCGAGTGACCTGGCTG	3	0	1
day0_CCGAGTGACGTCTTGA	5	0	3
day0_CCGAGTGACTTTCGTT	4	2	4
day0_CCGATCGGATCCAAAC	2	0	5
day0_CCGATCTACCATGGTT	3	0	1
day0_CCGATTCTGATTCGTG	2	0	5
day0_CCGCAAGACGACAGAC	1	0	6
day0_CCGCAAGACGGCTGTC	3	1	1
day0_CCGCAATCTAGTGGAC	5	0	3
day0_CCGCAATCTGACTGAG	2	0	5
day0_CCGCACAGAAAACCCT	3	0	1
day0_CCGCACAGAAGAGAAG	3	0	1
day0_CCGCACAGACGCTTCT	4	2	4
day0_CCGCACAGAGCCTGCA	4	2	4
day0_CCGCACAGAGTCGATT	3	0	5
day0_CCGCAGATGCACGCCA	3	0	1
day0_CCGCAGATGCGGAATG	4	2	4
day0_CCGCAGATGGAGATTA	2	0	1
day0_CCGCATTACACTGGGA	0	0	0
day0_CCGCATTACAGTTGGG	5	1	3
day0_CCGCATTTGACTCATG	4	2	4
day0_CCGCATTTGATAGGAT	5	0	3
day0_CCGCGTAGAGACTCTA	0	1	1
day0_CCGCGTAGATCACGGC	0	0	3
day0_CCGCTAGGAATCGAAA	2	0	5
day0_CCGCTAGGACGCTTCT	2	0	5
day0_CCGCTCTCTGACTTAC	0	1	0
day0_CCGCTCTCTTTGGAGG	3	1	1
day0_CCGCTTATGTGTGCTA	4	2	4
day0_CCGGAAAGATGATGCT	0	0	0
day0_CCGGAAAGATGCACGC	2	1	5
day0_CCGGACTGAAGGACAC	4	2	4
day0_CCGGACTGACATCACA	0	0	0
day0_CCGGAGTACATCCTTT	4	2	4
day0_CCGGATGACACGTGGA	2	0	5
day0_CCGGCAAACGTGGATG	3	1	1
day0_CCGGCAAACGTTAGAA	3	1	1
day0_CCGGCAAACTGAGGAC	4	2	4
day0_CCGGCAAACTGGTACT	1	1	6
day0_CCGGCAATGCATCGAT	3	0	1
day0_CCGGCAATGCTATCTT	0	1	0
day0_CCGGCATGAAAGTGAT	0	1	0
day0_CCGGCATGAACGGGTA	0	1	0
day0_CCGGCATGAAGATCGG	5	0	3
day0_CCGGCATGAAGTGTTC	2	0	5
day0_CCGGGTTGATCACACA	3	0	1
day0_CCGGTAGTGAACATCC	2	0	5
day0_CCGGTAGTGCAGGTAG	3	1	1
day0_CCGGTAGTGTTCAGGT	2	1	5
day0_CCGGTGAACCAATTCG	0	1	1
day0_CCGGTGAACTCCCTGT	2	1	5
day0_CCGGTTACTAGGCATG	3	0	5
day0_CCGGTTACTCAATCTG	4	2	4
day0_CCGGTTACTCCCGGTA	5	0	3
day0_CCGGTTACTTATGTGC	3	0	5
day0_CCGGTTGGAACCTGCG	3	1	1
day0_CCGGTTGGAGTTAACC	0	1	0
day0_CCGTAATGAATCCTCC	2	1	5
day0_CCGTAATGACCCAATA	3	0	1
day0_CCGTAATGAGGCTCTG	3	1	1
day0_CCGTACGGAAGGTTCT	3	0	1
day0_CCGTACGGATGAGCCC	2	1	5
day0_CCGTACTACCTCCATC	5	1	3
day0_CCGTACTACGAAAGCC	4	2	4
day0_CCGTACTACGAAGTTA	0	1	0
day0_CCGTACTACTCCAAAC	4	2	4
day0_CCGTAGCGAGCGTGTC	4	2	4
day0_CCGTAGCGATCACGAT	2	0	5
day0_CCGTAGGACACCTCCT	3	0	1
day0_CCGTAGGACATCATGC	1	0	6
day0_CCGTAGGACCAGCGTC	2	2	5
day0_CCGTAGGACGAGAGAA	2	0	5
day0_CCGTAGTCTGGGTCTC	3	1	5
day0_CCGTAGTCTTGACGTT	0	1	5
day0_CCGTATAGAAACCTCA	0	0	0
day0_CCGTATAGAACCCAAT	0	0	0
day0_CCGTATAGAGAGCAAC	3	0	1
day0_CCGTCGAGAAACCTCA	4	2	4
day0_CCGTCGAGAATTCTCT	3	1	1
day0_CCGTCGAGAGTACCTA	3	1	5
day0_CCGTCGAGAGTCATTG	3	0	1
day0_CCGTGAGACGTGGATG	1	0	6
day0_CCGTGAGACTACCCTC	2	1	5
day0_CCGTGGAACAGGTTCT	3	0	1
day0_CCGTGGAACATCCATG	0	1	0
day0_CCGTGGAACCCTGAAT	3	0	1
day0_CCGTGTTACCGAGTGA	3	0	1
day0_CCGTGTTACGGGTAAC	3	1	1
day0_CCGTGTTACTTCAGTG	2	0	5
day0_CCGTGTTACTTGAAAG	2	1	1
day0_CCGTGTTACTTGGTTG	3	0	1
day0_CCGTGTTTGATCCCTC	2	0	4
day0_CCGTTACACATGGAAT	2	0	5
day0_CCGTTACACCGATGGA	5	0	3
day0_CCGTTACACTTGAGTC	0	1	0
day0_CCGTTACTGAACCAAA	2	0	0
day0_CCGTTACTGAAGTTAG	3	0	1
day0_CCGTTACTGAGCCTCG	2	0	5
day0_CCGTTACTGGGAAGCT	3	0	5
day0_CCGTTGTACCACGCCA	5	0	3
day0_CCGTTGTACTAGGATA	0	0	0
day0_CCGTTTGACAGGCATG	2	0	5
day0_CCGTTTGACCCCGTAG	0	0	0
day0_CCGTTTGACCTTTCAT	3	1	1
day0_CCGTTTGTGCAACACT	2	1	5
day0_CCTAACGCTGTAAGTA	2	0	5
day0_CCTAACGCTTACTCCC	3	1	1
day0_CCTAAGAACAGGCCTC	0	0	0
day0_CCTAAGAACCTGGTTA	4	2	4
day0_CCTAAGAACGAGATTA	3	0	5
day0_CCTAAGATGACTGAGG	3	0	1
day0_CCTAAGATGCGTATTG	0	1	0
day0_CCTAAGCCTGAGCCCT	0	0	0
day0_CCTAAGCCTGGTCTAT	4	2	4
day0_CCTAAGCCTTGTGAGG	2	0	5
day0_CCTAATACTAGTTAGA	0	0	0
day0_CCTAATTACAACCCTA	3	0	1
day0_CCTAATTACCCGCATG	0	0	0
day0_CCTAATTACCTTGCGG	6	1	0
day0_CCTAATTTGAACAGGC	5	1	3
day0_CCTAATTTGCATCACA	0	0	0
day0_CCTAATTTGCCCGATG	3	0	1
day0_CCTAATTTGGAATGAT	0	1	0
day0_CCTAATTTGGATTACC	3	0	1
day0_CCTAATTTGTCACCCT	3	0	1
day0_CCTAATTTGTCGGAGA	2	1	5
day0_CCTACCAACAGCGTTT	5	0	3
day0_CCTACCAACCGTGCTG	5	1	3
day0_CCTACCAACTCACGAT	3	0	1
day0_CCTACGTACAAGACAT	0	0	0
day0_CCTACGTACACTGTAC	3	0	1
day0_CCTACGTACCCTGTAA	0	0	0
day0_CCTAGCACTAGTTAGA	3	0	1
day0_CCTAGCACTGCAGCCT	4	2	4
day0_CCTAGCACTGGGTATG	3	0	1
day0_CCTAGCGGAACTCACA	2	0	5
day0_CCTAGCGGAATCACCA	0	0	0
day0_CCTAGCGGACTTGATG	4	2	4
day0_CCTAGGCGAACGGAAC	3	0	1
day0_CCTAGGCGACCACGTG	2	0	5
day0_CCTAGGCGAGAGTAAT	3	1	1
day0_CCTAGGGTGACAGTAA	2	0	5
day0_CCTAGGGTGGAACGGT	2	0	5
day0_CCTAGTGCTACTGTCA	0	0	0
day0_CCTAGTGCTCTACAAC	3	0	5
day0_CCTAGTGCTGAGGCAT	3	0	1
day0_CCTATCGTGGATCGGA	4	2	4
day0_CCTATCGTGGGCTGTC	0	1	0
day0_CCTATGAGAACCGAAG	2	1	5
day0_CCTATTTGAGACCCGT	4	2	4
day0_CCTCAACACGCAATAA	2	0	5
day0_CCTCACCCTTGAGCAG	2	0	5
day0_CCTCACCCTTGAGCCC	3	0	1
day0_CCTCAGTACTTTGACG	3	0	1
day0_CCTCCAAACAACATGA	6	1	0
day0_CCTCCAAACTCTAACG	2	1	5
day0_CCTCCATGAGAGAGTC	3	0	1
day0_CCTCCCTACCATCACA	0	1	0
day0_CCTCCCTACCTCGGCA	3	1	1
day0_CCTCGATACCAAGAAT	3	0	1
day0_CCTCGATACTCATGTG	3	0	1
day0_CCTCGGAGAAATGTAG	9	1	7
day0_CCTCGGAGACAACCTA	3	1	1
day0_CCTCGGAGACATGACT	3	0	1
day0_CCTCGGAGAGAGTAAT	3	0	1
day0_CCTCGGAGAGTTTGGT	3	1	1
day0_CCTCGTTGACCTAAGT	2	0	5
day0_CCTCGTTGATAGATAG	4	2	4
day0_CCTCGTTGATGAGGAC	0	1	0
day0_CCTCGTTGATGATCTG	4	2	4
day0_CCTCTAGTGAATCCCA	2	0	5
day0_CCTCTAGTGACTGAGG	2	0	5
day0_CCTCTAGTGCGATGGA	2	0	5
day0_CCTCTCAGACACGGTC	4	2	4
day0_CCTCTCAGACGAGTGA	4	2	4
day0_CCTCTCAGACGTTCGG	0	1	0
day0_CCTCTCAGAGGGAGGA	0	1	0
day0_CCTCTTACTAAGAATC	3	0	1
day0_CCTCTTACTTTTCGGA	0	0	0
day0_CCTCTTGGATCGCGAC	5	1	3
day0_CCTGAACCTCTCCAAA	3	0	1
day0_CCTGAACCTGTAGAAT	4	2	4
day0_CCTGAACCTGTTAGGG	0	1	1
day0_CCTGAACCTTCCCGGA	5	1	3
day0_CCTGAACCTTTCGTTT	0	1	1
day0_CCTGAGGACATGGCCC	5	1	3
day0_CCTGATGCTGAGAGTC	2	0	5
day0_CCTGATGCTGTTGTTG	0	0	0
day0_CCTGATGCTTCCACAA	2	0	5
day0_CCTGATGCTTCCCTTG	1	0	6
day0_CCTGCATTGACTACGT	3	0	1
day0_CCTGCATTGGCGAAGT	0	1	1
day0_CCTGCGAGACACTTAG	3	1	5
day0_CCTGCGAGATACTTCT	3	1	1
day0_CCTGCGAGATGATGTC	3	1	1
day0_CCTGCGAGATGCCTAA	2	0	5
day0_CCTGGTTACAACGGTG	5	0	3
day0_CCTGGTTACGGATGCA	0	0	0
day0_CCTGGTTACTGCAGGA	2	0	0
day0_CCTGGTTACTGGGTTT	4	2	4
day0_CCTGTCATGGAATGTA	3	1	1
day0_CCTGTCATGTCAAAGA	0	1	0
day0_CCTGTCATGTCACCGG	2	0	5
day0_CCTGTCCCTAACGTTC	3	0	5
day0_CCTGTCCCTACTGAAA	5	0	3
day0_CCTGTCCCTACTGATC	5	0	3
day0_CCTGTCCCTGACCCGT	0	1	0
day0_CCTGTGACTCTGGGTC	3	1	1
day0_CCTGTGACTTTTCGGA	0	0	0
day0_CCTGTGTTGGCCGTTG	0	0	0
day0_CCTGTGTTGTCTCTAT	3	0	1
day0_CCTTAATACACGATTC	3	0	5
day0_CCTTACCGAATCGCAT	0	1	0
day0_CCTTACCGAATGATGA	4	2	4
day0_CCTTACCGAATTCACG	2	0	5
day0_CCTTACCGACAATGAA	5	0	3
day0_CCTTACCGAGACTGCC	0	0	0
day0_CCTTACCGAGGGTTCC	2	0	5
day0_CCTTAGAGAGATCGGA	2	0	5
day0_CCTTAGAGATGGCATT	6	0	2
day0_CCTTCATCTAGGTATA	2	0	5
day0_CCTTCATCTGACTGCC	3	0	3
day0_CCTTCATCTGATCGGA	2	0	5
day0_CCTTCATCTGCCTGTG	5	1	3
day0_CCTTCCAGAACGTAAA	2	0	5
day0_CCTTCGAACCAGACCC	5	1	3
day0_CCTTCGAACGCATTCA	2	1	5
day0_CCTTCGATGGTGGGTA	5	1	3
day0_CCTTCGATGTAGAGAT	6	0	1
day0_CCTTCGATGTAGGCAG	3	0	1
day0_CCTTCGATGTTGTCCC	2	0	5
day0_CCTTCGCCTAATTGAG	4	2	4
day0_CCTTCGCCTCCCGGTA	4	2	4
day0_CCTTCGCCTCTGACCG	4	2	4
day0_CCTTCGCCTTCTGGCG	5	0	3
day0_CCTTCGCCTTGGGTTT	3	0	1
day0_CCTTGCAACATCACAC	4	2	4
day0_CCTTGCCCTAGTCACT	2	1	5
day0_CCTTGCCCTCTCACGG	0	1	0
day0_CCTTGTTCTAACGTTC	0	0	0
day0_CCTTGTTCTATGCCCG	2	0	5
day0_CCTTGTTCTCACTTCC	3	0	5
day0_CCTTGTTCTCGCCACA	5	0	3
day0_CCTTGTTCTCGTGATT	0	0	0
day0_CCTTGTTCTTCACCCT	2	1	5
day0_CCTTTAATGGATCACT	2	1	5
day0_CCTTTAATGTCTAGAC	3	0	5
day0_CCTTTACCTCAAGTGG	0	0	5
day0_CCTTTACCTGTGAGAC	0	1	0
day0_CCTTTGGACAACATGA	4	2	4
day0_CCTTTGGACAGTCAAA	5	1	3
day0_CCTTTGGACAGTGCGA	2	0	5
day0_CCTTTGGACTCACCGG	0	0	0
day0_CGAAACGGAGGAACAC	3	1	1
day0_CGAAACGGATCTGTAG	3	0	1
day0_CGAAATAGAAAGAATC	3	0	5
day0_CGAAATAGACCTGCAG	2	0	4
day0_CGAAATAGACGGAACA	3	1	1
day0_CGAAATAGACGTGAGA	3	0	1
day0_CGAAATAGATAGAACA	0	1	0
day0_CGAAATAGATCCATGA	2	0	5
day0_CGAAATAGATCGTAAC	4	2	4
day0_CGAAATCTGTTTCCGC	2	0	5
day0_CGAAATGCTACGGAAC	0	0	0
day0_CGAACTAACACTCACA	0	1	0
day0_CGAACTAACTGGCGCT	3	1	1
day0_CGAAGGATGCCCGTAG	0	0	0
day0_CGAAGGATGTTGAGCT	2	1	5
day0_CGAAGGCCTCCTCTAC	0	1	0
day0_CGAAGGCCTTCACTGA	3	0	1
day0_CGAAGTGGAGCTGTCG	4	2	4
day0_CGAATACACAATTCCG	5	1	3
day0_CGAATACACCACGTGC	0	1	0
day0_CGAATACACTTGTAGC	0	1	0
day0_CGAATACTGCAGGTAG	0	1	0
day0_CGAATACTGCCTCGAG	2	0	5
day0_CGAATGGGACTAACAC	5	0	3
day0_CGAATGGGAGCAGCAA	2	0	5
day0_CGAATGGGAGGAAGAA	0	1	0
day0_CGAATTGTGAACGTAA	5	0	3
day0_CGAATTGTGAAGGAAG	2	0	5
day0_CGAATTGTGACCTGGC	2	0	5
day0_CGAATTGTGGAAGTTA	2	0	1
day0_CGAATTGTGTCGTAGT	4	0	5
day0_CGAATTGTGTGAGTCT	2	0	5
day0_CGAATTTCTAGGTTTC	3	0	1
day0_CGAATTTCTGACTGAG	2	0	5
day0_CGACAAACTATCAGTC	2	1	0
day0_CGACAAACTCACGCTG	0	0	0
day0_CGACAAACTTCATGCA	3	0	1
day0_CGACAAACTTCCCGTT	2	0	5
day0_CGACAGCACAGCCTAT	2	1	5
day0_CGACAGCACCAACAAA	2	1	5
day0_CGACAGCACCTCCTAC	3	0	1
day0_CGACAGCTGATAGGAT	2	0	5
day0_CGACAGCTGTGAAGTA	3	0	1
day0_CGACAGCTGTGTGGTT	2	0	5
day0_CGACAGCTGTTGAGCT	2	0	5
day0_CGACAGGCTATAACCC	3	1	1
day0_CGACAGGCTCATCACA	2	1	5
day0_CGACAGGCTGAAAGGA	3	1	1
day0_CGACAGGCTTTGGGAG	5	1	3
day0_CGACATAACCAAGTGG	4	2	4
day0_CGACATAACCGGATGA	5	0	1
day0_CGACATAACTCACCCT	3	0	5
day0_CGACATTGAAGTGTGG	4	2	4
day0_CGACCATCTCGCCCAA	0	0	0
day0_CGACCATCTGCTCTCT	3	0	1
day0_CGACCGAACCATTTCT	3	0	1
day0_CGACCGAACCTCGTGG	3	0	5
day0_CGACCGAACTTGTGGT	3	1	5
day0_CGACCGTGAAATGAAC	4	2	4
day0_CGACCGTGAGGACAGT	2	0	3
day0_CGACCGTGATACTTCT	5	0	3
day0_CGACCGTGATCACGGC	2	0	5
day0_CGACCGTGATCCTAAG	4	2	4
day0_CGACCGTGATGAACGG	0	1	0
day0_CGACCTTACAAGGTAT	2	1	5
day0_CGACCTTACATTGGCT	0	0	0
day0_CGACCTTACCAGCCCA	5	1	3
day0_CGACGCTGAATCGTTG	3	0	1
day0_CGACGCTGAGTTGAGG	4	2	4
day0_CGACGGACTCAGACCC	0	1	0
day0_CGACGGACTCGGTTGC	2	0	5
day0_CGACGGACTGAGGAAA	4	2	4
day0_CGACGGTACTCTATCT	3	0	5
day0_CGACGTCGAAAGCACG	1	0	6
day0_CGACGTCGAACGTTCA	3	1	1
day0_CGACGTCGACGCAAGA	5	1	3
day0_CGACGTCGAGCATTAC	0	0	1
day0_CGACTAAACAGTTGGG	5	1	0
day0_CGACTAAACCATCGAT	3	0	1
day0_CGACTACCTAACGGTG	3	1	1
day0_CGACTACCTAAGCACG	2	1	5
day0_CGACTACCTAGTCTCA	4	2	4
day0_CGACTACCTATGGACG	3	1	1
day0_CGACTACCTCGATCAT	2	0	4
day0_CGACTACCTGTTACGT	0	1	0
day0_CGACTGCGAATTTCTC	5	0	3
day0_CGACTGCGAGGAGGAG	2	0	5
day0_CGACTGTCTAACGGTG	0	1	0
day0_CGACTGTCTAATACAG	2	0	5
day0_CGACTGTCTCCGCAAC	2	0	5
day0_CGACTTGCTAGTCATC	2	1	5
day0_CGACTTGCTGTTCAAC	2	0	5
day0_CGAGAACGACACTGGC	0	1	0
day0_CGAGAACGACCCGGTA	5	1	3
day0_CGAGAACGACGTGAGA	4	2	4
day0_CGAGAACGAGAAATTG	3	0	1
day0_CGAGAAGTGAGAGAAG	2	0	5
day0_CGAGAAGTGCCCACGA	0	0	0
day0_CGAGAAGTGCCGCAAC	3	0	1
day0_CGAGAAGTGCGTCGCA	5	0	5
day0_CGAGAAGTGGAACGGT	2	0	5
day0_CGAGACAGATGATGCT	2	0	5
day0_CGAGACAGATTAGGAA	4	2	4
day0_CGAGACCACAGTTGGG	2	0	0
day0_CGAGACCACATGGTAA	5	0	3
day0_CGAGACCACCACGCTG	0	1	1
day0_CGAGACCACCCGCAAC	5	0	3
day0_CGAGACCACCTCACTC	0	0	0
day0_CGAGACCTGAGAGGAA	0	1	0
day0_CGAGACGCTATGCCCG	2	0	5
day0_CGAGACGCTCGTTGTA	2	0	5
day0_CGAGACGCTGAGATTA	0	1	0
day0_CGAGAGAACGGAGAGG	5	1	3
day0_CGAGAGAACTGAACAA	5	0	3
day0_CGAGAGCCTCAGGCTC	3	1	1
day0_CGAGAGCCTGAACGTG	5	1	3
day0_CGAGAGCCTTTTGGTG	2	0	5
day0_CGAGATGGAACCATCA	3	0	1
day0_CGAGGAATGACCTGTA	5	1	3
day0_CGAGGAATGCCCGTAG	5	1	3
day0_CGAGGAATGTACTTCT	2	0	5
day0_CGAGGAATGTCATGCA	3	0	5
day0_CGAGGCACTCCACGTG	3	0	1
day0_CGAGGCACTCGCGTGT	4	2	4
day0_CGAGGCACTGCCCTTT	3	1	3
day0_CGAGGCACTGGTGGAT	5	0	5
day0_CGAGTAACTCTAACTG	0	1	0
day0_CGAGTAACTCTGGCTG	0	1	0
day0_CGAGTAACTTTTGACG	2	0	5
day0_CGAGTGAGAACGTGCC	3	0	1
day0_CGAGTGAGACGAAGCA	0	1	0
day0_CGAGTGAGAGGACTGA	4	2	4
day0_CGAGTGAGATGTGGTT	3	1	1
day0_CGAGTGGCTACGCTTA	3	1	1
day0_CGAGTGGCTCATGCAT	4	2	4
day0_CGAGTGGCTCGAGTGA	3	0	1
day0_CGAGTGGCTCGGATGA	2	0	5
day0_CGAGTGGCTGCATTAC	3	0	5
day0_CGAGTGGCTGCCTGCA	2	0	5
day0_CGAGTGGCTGGTAGGT	3	0	1
day0_CGAGTGGCTTAACTGC	2	0	5
day0_CGAGTTATGACAGATA	0	0	0
day0_CGAGTTATGCAAACAA	3	0	1
day0_CGAGTTCCTACTGTTG	5	0	3
day0_CGAGTTCCTAGGTATA	0	1	0
day0_CGAGTTCCTTCCTTCG	2	0	5
day0_CGAGTTCCTTGGTCTA	2	0	5
day0_CGATAACACCGACGCT	0	0	0
day0_CGATAACACCTAACCA	3	1	1
day0_CGATAACACCTGTACA	2	0	5
day0_CGATATGTGGGAGACT	2	0	5
day0_CGATCAAACAAGTATG	4	2	4
day0_CGATCAAACCAATCTG	4	2	4
day0_CGATCAAACCCTAAGT	0	1	0
day0_CGATCACCTGATCAAA	2	0	2
day0_CGATCGCGAAAAGGAG	2	1	1
day0_CGATCGCGATAGATCC	2	0	5
day0_CGATCGCGATGCCTAA	0	0	0
day0_CGATCGGACTAGCTTG	5	0	3
day0_CGATCGGACTATCCGA	3	0	1
day0_CGATCTAGACACGGAA	0	0	0
day0_CGATCTAGACGCGTGT	2	0	5
day0_CGATCTAGATCACACA	1	0	6
day0_CGATCTCACAATGTAG	0	0	0
day0_CGATCTCACAGGTCCC	3	0	1
day0_CGATCTCACGGGACAT	0	1	0
day0_CGATCTCACTGCAGGA	5	0	3
day0_CGATGAACTAACGAAT	2	0	5
day0_CGATGAACTCCATCAA	2	0	5
day0_CGATGAACTCTCGTGG	2	0	5
day0_CGATGAACTTGTGAGG	0	1	0
day0_CGATGCCGAGAAAGGA	0	1	0
day0_CGATGCGACAACCTAC	0	1	0
day0_CGATGCGACAGATCGG	3	0	5
day0_CGATGCGACAGCACGA	3	1	1
day0_CGATGCGACTGAACGG	3	1	5
day0_CGATGTATGAGATTCC	3	1	1
day0_CGATGTCCTATTGGCT	4	2	4
day0_CGATGTCCTCGTGGAA	3	0	5
day0_CGATGTCCTGGTTAGG	0	0	0
day0_CGATGTCCTTATCCGA	4	2	4
day0_CGATGTCCTTCACAGT	4	2	4
day0_CGATTAGACCCCAACG	0	1	0
day0_CGATTAGACCGACTTA	5	0	3
day0_CGATTAGACTACTCCC	5	1	3
day0_CGATTCAGAAACACTC	0	1	0
day0_CGATTCAGAACCCTTC	5	1	3
day0_CGATTCAGAACGTGGA	3	0	1
day0_CGATTCAGAATTTCTC	0	0	0
day0_CGATTCAGATTGTGTG	5	1	1
day0_CGATTGAACAGCTACT	3	1	1
day0_CGATTGAACAGTATGA	3	0	1
day0_CGATTGAACCCGCACA	3	0	3
day0_CGATTGAACCTGGGTC	3	0	1
day0_CGCAACGACGCATGGA	0	1	0
day0_CGCAACTCTTACCGTA	2	0	0
day0_CGCAAGAGAAAGGGTC	5	0	3
day0_CGCAAGAGAGATCACT	1	0	6
day0_CGCAAGAGAGGACAAC	5	1	3
day0_CGCAAGAGATAGAACA	0	1	0
day0_CGCAAGAGATATCGCA	2	1	5
day0_CGCACAGACCTCCAAA	2	0	5
day0_CGCACCAGAAACACAA	2	0	5
day0_CGCACCAGACTGAGAG	0	0	1
day0_CGCACCAGAGATGCAG	0	1	1
day0_CGCACCAGATAACACC	5	1	3
day0_CGCACCAGATCCAACA	2	0	5
day0_CGCACCAGATCTGACA	5	0	3
day0_CGCACCAGATTTCCGC	0	0	0
day0_CGCACGAACATCTGTG	3	0	1
day0_CGCACGAACTTTGGGT	0	0	0
day0_CGCACGATGTGAGCCC	4	2	3
day0_CGCACTACTGGAACTG	3	0	1
day0_CGCACTGGAGCAATAA	2	0	5
day0_CGCACTGGAGGACGTA	3	0	5
day0_CGCAGCATGACCTGTA	3	1	1
day0_CGCAGCATGATCTGCA	5	0	3
day0_CGCAGCATGCCGCATG	2	0	5
day0_CGCAGCATGTCACCGG	3	1	1
day0_CGCAGCATGTGTCCGG	0	0	0
day0_CGCAGGACTTATCGCA	4	2	4
day0_CGCATAAACAATACAG	4	2	4
day0_CGCATAAACACCTGTA	3	0	1
day0_CGCATAAACAGCTACT	3	0	1
day0_CGCATAAACCGTTCAA	0	0	0
day0_CGCATAAACCTGTACA	3	0	1
day0_CGCATAAACTCCTGAA	4	2	4
day0_CGCATAATGTGGACGA	3	0	1
day0_CGCATCGGAAACGGTG	3	0	1
day0_CGCATCGGACGCCGAT	2	0	5
day0_CGCATCGGACTGTGAT	4	2	4
day0_CGCATCGGATCATTGG	2	0	5
day0_CGCATCGGATGTGAGG	0	1	0
day0_CGCATGTCTTCACCGG	3	1	1
day0_CGCATGTCTTGGTCTA	2	0	5
day0_CGCCAAGTGGCAGCCT	3	1	1
day0_CGCCAAGTGGCTGTCG	2	0	1
day0_CGCCATACTACTGAAA	2	0	5
day0_CGCCATACTATGACTC	0	1	1
day0_CGCCATACTCCAAGCC	3	0	3
day0_CGCCATACTGAAGGTC	0	1	0
day0_CGCCATACTGCAGGTA	0	1	0
day0_CGCCATACTTTGCTCC	3	0	1
day0_CGCCATACTTTGTAGC	3	1	1
day0_CGCCATTTGCCCACAG	2	1	5
day0_CGCCATTTGTAGAGAT	0	0	0
day0_CGCCATTTGTATTCCT	2	0	5
day0_CGCCATTTGTCAAGAA	2	0	1
day0_CGCCATTTGTCACAGT	0	1	0
day0_CGCCCAAGAGTGATGG	5	1	3
day0_CGCCGAAACATAGTGA	5	0	3
day0_CGCCGAAACCTCGCAG	0	1	0
day0_CGCCGAAACGACTGAG	4	2	4
day0_CGCCTGAGACAAACTC	5	1	3
day0_CGCCTGAGAGGAATTA	5	1	3
day0_CGCCTGAGAGGTTGAG	2	0	5
day0_CGCGAGTACACTGAGG	3	1	1
day0_CGCGAGTACATGCCCG	0	0	0
day0_CGCGAGTACGCAAGCA	0	1	0
day0_CGCGAGTACGGGTCTC	0	0	0
day0_CGCGAGTACTCCTGAA	0	0	0
day0_CGCGAGTACTTGAGCT	2	0	6
day0_CGCGATGACAGCCACC	5	1	3
day0_CGCGATTCTAGGTCCC	3	0	1
day0_CGCGATTCTCTGGTTA	4	0	4
day0_CGCGTCAGAAGCATCT	2	0	5
day0_CGCGTCAGAATGGGAC	0	1	0
day0_CGCGTCAGAGGATCAG	2	0	5
day0_CGCGTCAGATGAGGGT	4	2	4
day0_CGCTCATACATAGAAC	2	0	5
day0_CGCTCATACGTAATGA	0	0	5
day0_CGCTCATTGCGTGACC	5	0	3
day0_CGCTCATTGGACTGCC	0	1	0
day0_CGCTGCAGATGAGCAG	4	2	4
day0_CGCTGTACTAGCCTCG	2	0	5
day0_CGCTGTACTATGGTAA	4	2	4
day0_CGCTGTACTCAAGGGT	0	0	0
day0_CGCTGTGGACAGGTAG	2	0	5
day0_CGCTGTGGACAGTGAG	2	0	5
day0_CGCTGTGGAGAAGTTA	2	0	5
day0_CGCTGTGGATGACGTT	3	0	1
day0_CGCTTCATGAGTATGA	4	2	4
day0_CGCTTCATGCGATGGA	3	0	1
day0_CGCTTGACTTAAACCC	5	0	3
day0_CGCTTGGGAAACGTTC	3	0	1
day0_CGCTTGGGAACGCTTA	0	1	0
day0_CGCTTGGGATCATCCC	2	0	5
day0_CGCTTGTACAGCTTGT	3	1	1
day0_CGCTTGTACCGTGTTA	5	1	3
day0_CGCTTGTACGCTGCAC	0	1	0
day0_CGCTTGTACGTGACCC	4	2	4
day0_CGCTTGTACTTACTTC	5	1	3
day0_CGCTTTGACCCAGACC	0	1	0
day0_CGCTTTGACCCCTCAT	5	1	3
day0_CGCTTTGACGAACGAC	5	0	3
day0_CGCTTTGACGGTACTT	4	2	4
day0_CGCTTTGACGTGATTC	3	0	1
day0_CGCTTTGTGCCCAGTG	4	2	4
day0_CGCTTTGTGTACCATG	2	0	5
day0_CGCTTTGTGTCCAAAC	2	0	5
day0_CGGAACCTGCCTGTCT	0	0	1
day0_CGGAACCTGGGAACAC	2	0	5
day0_CGGAACCTGTGAGCCC	5	1	3
day0_CGGAACGCTACAACCT	4	2	4
day0_CGGAACGCTTAGATAG	0	0	0
day0_CGGAACGCTTCGTAGT	5	1	6
day0_CGGAAGCCTCTTTCAT	3	0	5
day0_CGGAAGCCTGGGTTAG	5	0	3
day0_CGGAAGCCTTCGCTTC	2	0	5
day0_CGGAAGCCTTCGGTAT	0	1	0
day0_CGGAATACTGTTAGGG	4	2	4
day0_CGGACACACACTTACG	5	0	3
day0_CGGACACACAGTCTCA	0	1	0
day0_CGGACACACCATTCAG	2	0	5
day0_CGGACACACCGAGTGA	4	2	4
day0_CGGACACACTGGTTGT	5	0	3
day0_CGGACAGCTAAGGGTC	1	0	6
day0_CGGACAGCTACCTGGC	3	1	1
day0_CGGACAGCTCGTGGCT	5	0	3
day0_CGGACTCGAAAACCCT	3	0	1
day0_CGGACTCGAGGATTAA	0	1	0
day0_CGGACTCGATCGAACT	4	2	4
day0_CGGACTGACCAATTCG	4	2	4
day0_CGGACTGACGATCACT	5	0	3
day0_CGGACTGACGGAACTG	2	0	5
day0_CGGACTGACGTATCTG	0	0	1
day0_CGGACTGTGACCCGCA	5	1	3
day0_CGGACTGTGGAAGCAC	2	0	5
day0_CGGACTGTGTATCACG	5	1	3
day0_CGGACTTCTATTGCTG	0	1	0
day0_CGGACTTCTGAAGGTC	3	0	5
day0_CGGACTTCTTGTGGAG	3	1	1
day0_CGGAGAATGAACGTAA	4	2	4
day0_CGGAGAATGGACCGAA	4	2	4
day0_CGGAGAATGGCATGAG	2	1	5
day0_CGGAGGTCTCGTGCAC	3	0	1
day0_CGGAGGTCTGGACGTA	5	1	3
day0_CGGAGTGCTCGATGGA	0	1	0
day0_CGGAGTGCTGCAGCCT	5	0	3
day0_CGGAGTGCTTACAGAA	0	1	0
day0_CGGATATTGCGAAATA	2	0	5
day0_CGGATATTGGGCAGTA	3	0	1
day0_CGGATATTGTACCTCC	2	0	5
day0_CGGATGGCTAGATTGA	2	0	5
day0_CGGATGGCTCTACGAT	2	0	5
day0_CGGATGGCTTCCATGA	4	2	4
day0_CGGATTATGACTCATG	2	1	5
day0_CGGATTATGGAGGGAG	1	0	0
day0_CGGCACAACCCTCCAT	2	0	5
day0_CGGCACAACGTCCCGA	3	1	1
day0_CGGCACAACTCACAGT	3	0	1
day0_CGGCACAACTTGCTCC	3	0	1
day0_CGGCACATGAACACAA	3	1	1
day0_CGGCACATGAACATCC	2	0	5
day0_CGGCACATGCAAGATA	5	1	3
day0_CGGCACATGCAGCGCT	5	1	3
day0_CGGCACATGCGGAATG	2	0	5
day0_CGGCAGTACGGGTTCC	4	2	4
day0_CGGCAGTTGCACTTAG	2	0	5
day0_CGGCAGTTGGACACCC	4	2	4
day0_CGGCAGTTGTACTTCT	2	0	5
day0_CGGCCATGACATTTCT	5	1	3
day0_CGGCCATGAGATCCAT	3	0	5
day0_CGGCCTAGAACGCCCA	0	0	1
day0_CGGCCTAGAATGGCTT	3	1	1
day0_CGGCCTAGACCTGTCT	5	0	3
day0_CGGCCTAGAGATCACT	4	2	4
day0_CGGCCTAGAGGAAATT	0	1	0
day0_CGGCGATTGAGTGCGA	5	1	3
day0_CGGCGATTGCCTAAGT	2	0	5
day0_CGGCGTAACGAGAACC	0	1	0
day0_CGGCGTAACGCCATCG	0	0	1
day0_CGGCGTAACGGCATGA	2	1	5
day0_CGGCGTAACTACTGCA	4	2	4
day0_CGGCTACGAGCGTCAC	4	2	4
day0_CGGCTTGGAAGATAGT	2	0	5
day0_CGGCTTGGAGGTACTT	0	0	0
day0_CGGCTTGGAGTTACGT	0	1	0
day0_CGGCTTGGATGTGACT	5	1	3
day0_CGGGACTTGACACCCG	0	1	5
day0_CGGGACTTGAGAGGAA	3	1	1
day0_CGGGACTTGCCAGACC	3	1	1
day0_CGGGACTTGGAATGGC	6	1	0
day0_CGGGACTTGGCGTGAA	3	0	1
day0_CGGGATGCTCACCCGA	0	1	0
day0_CGGGATGCTCGGAATG	4	2	4
day0_CGGGATGCTCGTGTTA	4	2	4
day0_CGGGCAACTCTCAATG	2	0	5
day0_CGGGCTTGAAACCCAT	2	0	5
day0_CGGGCTTGAACGATTC	0	1	0
day0_CGGGCTTGAAGCCCTG	2	0	5
day0_CGGGCTTGAGGCAATG	0	1	0
day0_CGGGCTTGATTCATCT	4	2	4
day0_CGGGTCATGTGAGCGA	3	0	1
day0_CGGGTCTGAACGGGTA	2	0	5
day0_CGGGTCTGAAGCCTGC	3	1	1
day0_CGGGTCTGACGACAGA	2	1	5
day0_CGGGTCTGAGGAATTA	2	0	1
day0_CGGGTCTGAGGATCAG	4	2	4
day0_CGGGTTTCTTTATGCG	2	0	5
day0_CGGTAAGGAAAGAGGA	3	0	1
day0_CGGTAAGGAACCCTAA	2	0	5
day0_CGGTAAGGAAGGACGT	3	0	5
day0_CGGTAAGGACGATCAT	2	1	5
day0_CGGTAAGGATGAGGAC	3	0	1
day0_CGGTACTCTAATACAG	5	0	3
day0_CGGTACTCTCCATCTC	4	2	4
day0_CGGTACTCTGACCCGT	0	0	5
day0_CGGTAGCTGACGTAAA	1	0	6
day0_CGGTATATGCAGCGTC	0	0	1
day0_CGGTATATGTGTTCGA	2	0	5
day0_CGGTATCCTCATAGTC	2	0	5
day0_CGGTCATCTATACCTG	3	1	1
day0_CGGTCATCTCAAGATA	2	0	5
day0_CGGTCATCTCGATCAT	5	0	3
day0_CGGTCATCTCGATTCA	0	0	0
day0_CGGTCATCTGCAAGCA	0	0	0
day0_CGGTCATCTTGAGCCC	2	0	5
day0_CGGTCCAGAGATAAGT	0	1	0
day0_CGGTCCAGATCTGGGC	2	0	5
day0_CGGTCCAGATTGGAGG	3	1	1
day0_CGGTCTACTGTAGAAT	0	1	0
day0_CGGTCTTACACAAGTA	0	1	0
day0_CGGTCTTACCTTCCAC	2	0	5
day0_CGGTGCTGAACCATCA	0	0	1
day0_CGGTGCTGACGTGTTA	2	0	5
day0_CGGTGCTGATAACCGT	2	0	5
day0_CGGTGTCGACACTTCC	3	0	1
day0_CGGTGTCGAGAACAAT	3	0	1
day0_CGGTTTCTGATCGAAA	2	0	5
day0_CGGTTTCTGGAAATAC	3	0	1
day0_CGTAAACACATTTCTC	2	0	5
day0_CGTAAACACGGTAAAT	5	0	3
day0_CGTAACATGCGTGATT	5	1	3
day0_CGTAATGTGCCATCGG	3	0	1
day0_CGTAATGTGGGGCTCT	0	1	0
day0_CGTAATGTGGGTAGAC	5	0	3
day0_CGTAATGTGGTTCTCC	2	0	5
day0_CGTAATGTGTGAGTCT	3	0	1
day0_CGTACAATGACTGGGA	0	0	0
day0_CGTACAATGAGGACAC	5	0	7
day0_CGTACAATGCCCAACG	3	1	1
day0_CGTACAATGCTTATGG	3	0	5
day0_CGTACCTACAACCTCA	3	1	1
day0_CGTACCTTGGAGGCAT	2	0	5
day0_CGTACCTTGGTATCTG	0	0	0
day0_CGTACCTTGTAACTCG	0	0	0
day0_CGTACGGACAATTGAG	3	0	1
day0_CGTACGGACTTTGGGT	0	1	0
day0_CGTACGGTGACTGGGA	0	1	0
day0_CGTACGGTGTTTCTGT	3	0	1
day0_CGTACTAGAACGTAGG	0	0	1
day0_CGTACTGCTCTCACGG	2	0	5
day0_CGTACTGCTGTAAGTA	3	1	1
day0_CGTAGAACTGCTGAGA	2	1	5
day0_CGTAGGAGACGAGTGA	4	2	4
day0_CGTAGGAGACTCCTAC	2	0	5
day0_CGTAGGAGACTTTCAT	3	0	1
day0_CGTAGGAGAGGACTTT	3	0	0
day0_CGTAGGCACAACACAA	2	0	3
day0_CGTAGGCACCAAGCGA	4	2	4
day0_CGTAGGCACTTCAGGT	0	0	0
day0_CGTAGGCTGCAGGCAA	2	0	5
day0_CGTAGGCTGCAGGGAT	0	1	0
day0_CGTAGGCTGGGGCTCT	4	2	4
day0_CGTAGGCTGTTCTCGC	2	0	5
day0_CGTAGTTGAAGGCCCT	5	0	1
day0_CGTAGTTGACCAAGCC	0	0	0
day0_CGTAGTTGAGAGAACC	0	1	0
day0_CGTATCCACGGAACGT	5	0	0
day0_CGTATCCACTCATCCC	3	0	5
day0_CGTATCCACTCCTTCG	2	1	5
day0_CGTATCCACTTGGTGT	2	1	5
day0_CGTATGTGACACAGCC	2	1	3
day0_CGTATGTGATCTACCC	3	0	5
day0_CGTATTACTACAATGA	3	1	1
day0_CGTATTACTGAAGGAA	0	1	0
day0_CGTATTACTGCTAACT	0	0	0
day0_CGTCAACCTATTGGTC	4	2	4
day0_CGTCAACCTCGGGAAT	2	0	5
day0_CGTCAACCTGAAATCA	0	1	3
day0_CGTCAACCTTATTCCT	0	0	0
day0_CGTCACGGAAGCTATC	2	1	5
day0_CGTCACGGAGCATGAG	3	0	1
day0_CGTCACGGATAAAGAC	2	0	5
day0_CGTCACTTGACAATGA	2	0	5
day0_CGTCACTTGGGATCCC	5	0	3
day0_CGTCACTTGTGTGAAA	5	0	3
day0_CGTCAGCGAAGTCCCG	0	0	0
day0_CGTCAGCGACTCGCAG	3	0	5
day0_CGTCAGCGAGGTAGAC	2	0	5
day0_CGTCCAACTATCTGCA	4	2	4
day0_CGTCCTTGAAGATTCC	3	1	1
day0_CGTCCTTGAAGCCTGC	3	0	1
day0_CGTCCTTGATGGACGA	4	0	3
day0_CGTCCTTGATTCACCC	0	0	0
day0_CGTCGAGACACCCAAT	5	0	3
day0_CGTCGATCTCGTTCAA	3	0	1
day0_CGTCGATCTTCTACGA	4	2	4
day0_CGTCGGTGAAAGAATC	0	0	0
day0_CGTCGGTGATAGGATA	2	1	5
day0_CGTCGGTGATCGCTTC	2	0	5
day0_CGTCGGTGATCTATCT	5	1	3
day0_CGTGAAGGAACGATCT	4	2	4
day0_CGTGAAGGATTCTGGA	2	0	5
day0_CGTGAATTGGAAGTAT	2	0	5
day0_CGTGACCGAGCTGAGA	2	1	5
day0_CGTGACTCTCCATAGT	3	0	5
day0_CGTGACTCTTGACGCC	3	0	1
day0_CGTGACTCTTTCCATT	5	0	3
day0_CGTGACTCTTTTGACG	0	1	0
day0_CGTGAGGCTAGATCCT	4	2	4
day0_CGTGAGGCTGAGAGGG	2	1	5
day0_CGTGAGGCTGGTTAGG	5	0	3
day0_CGTGAGGCTTTCTGGA	2	1	0
day0_CGTGATCCTTTGTCTT	2	0	5
day0_CGTGCACGAAAATGGT	4	2	4
day0_CGTGCAGTGGTGTGTT	3	0	1
day0_CGTGCTGGAATGTAGA	3	1	1
day0_CGTGCTGGACAATTCG	4	2	4
day0_CGTGCTGGACAGGCAA	0	0	0
day0_CGTGCTGGACTTCCAC	0	1	1
day0_CGTGCTTTGACACGGA	2	0	5
day0_CGTGCTTTGATCCTTT	2	0	0
day0_CGTGCTTTGGTTCAAC	0	0	0
day0_CGTGCTTTGTTAGTGC	2	1	5
day0_CGTGGAAGATTGTCTT	5	0	3
day0_CGTGGACACGATTGAA	0	1	0
day0_CGTGGACACTTGAGGG	3	1	1
day0_CGTGGAGCTACGTAGG	3	1	5
day0_CGTGGAGCTTGTTGTG	3	0	1
day0_CGTGGGTACAACGCCC	2	0	5
day0_CGTGGGTACAACGCTT	5	0	3
day0_CGTGGGTACACAAGTA	4	2	4
day0_CGTGGTCGAAATGTGA	5	1	3
day0_CGTGGTCGACAACAAA	2	1	5
day0_CGTGGTCGACCAGACC	2	0	5
day0_CGTGGTCGACGTTGGC	3	0	1
day0_CGTGGTCGATGAGGAC	0	1	0
day0_CGTGGTCGATGATCGT	2	0	5
day0_CGTGGTCGATTTGTCT	3	0	1
day0_CGTGGTGACAGGTCGA	0	0	0
day0_CGTGGTGACCGTCCAG	3	0	1
day0_CGTGGTGACGATCAAA	0	0	0
day0_CGTGTAAACAGGTCCC	0	1	0
day0_CGTGTCACTCTGTATG	3	1	1
day0_CGTGTCTACGAGGCAT	5	1	3
day0_CGTGTGGACCAGCCCA	0	1	0
day0_CGTGTGTCTAGGACGT	4	2	4
day0_CGTGTGTCTTGTTGTG	2	0	5
day0_CGTGTTAGAACCTCCT	2	0	5
day0_CGTGTTAGACGTCCAG	0	0	5
day0_CGTGTTAGAGAAAGGA	3	0	1
day0_CGTTACCACCAGCTGC	0	0	5
day0_CGTTACCACCGAAGCA	3	0	1
day0_CGTTAGAACAACACCT	5	0	3
day0_CGTTAGAACACTGTAC	2	0	5
day0_CGTTAGAACATGCCCG	3	0	1
day0_CGTTAGAACGGGAGGA	3	1	1
day0_CGTTAGAACTACTGCA	0	1	0
day0_CGTTAGATGGATCAAA	3	0	1
day0_CGTTAGATGGCGAAGT	3	0	1
day0_CGTTAGATGGTTGACT	0	0	0
day0_CGTTAGATGTCCATTT	3	0	1
day0_CGTTAGATGTGAGGAC	0	0	0
day0_CGTTAGCCTTACCCGG	4	2	4
day0_CGTTATACTACCTGCG	3	0	5
day0_CGTTATACTCGTGCAC	4	2	4
day0_CGTTATACTCTATCTT	0	0	0
day0_CGTTCAAGACAACAGG	2	0	0
day0_CGTTCAAGACCGCATG	2	1	5
day0_CGTTCAAGAGAAAGCC	1	0	6
day0_CGTTCCATGAACCTAC	4	2	4
day0_CGTTCCTGAAATGCCT	3	0	1
day0_CGTTCGGGAGCATGAG	2	0	5
day0_CGTTCTCGAATTGGTC	3	0	1
day0_CGTTCTTCTAGACTAA	0	0	0
day0_CGTTCTTCTAGCTACT	2	1	5
day0_CGTTCTTCTATTGAAG	5	0	3
day0_CGTTCTTCTTCCCTCA	4	2	4
day0_CGTTGCACTTCGAGAG	2	1	5
day0_CGTTGCGGAAGGTATA	2	0	5
day0_CGTTGCGGAATGGTCT	3	1	1
day0_CGTTGCGGAGGCATGA	0	0	0
day0_CGTTGCGGATATCCGA	3	1	1
day0_CGTTGCGGATGAAAGT	0	0	0
day0_CGTTGCGGATTGCAGT	3	1	1
day0_CGTTGGCGAAGCTTGT	5	0	3
day0_CGTTGGCGACGACTTA	3	1	1
day0_CGTTGGCGACGGATAG	4	2	4
day0_CGTTGGCGAGCTCTCT	2	1	5
day0_CGTTGGCGATCGATGT	5	0	3
day0_CGTTGGCGATCTGGGC	5	0	3
day0_CGTTGGCGATGCATCA	3	0	1
day0_CGTTGGCGATGTTCTT	2	0	5
day0_CGTTGGGTGAGCCACC	5	0	3
day0_CGTTGGGTGCAAACTC	5	1	3
day0_CGTTGGGTGCATCACA	3	0	1
day0_CGTTGGGTGTCAGTGT	4	2	4
day0_CGTTGGTCTAGGACAC	3	1	1
day0_CGTTGGTCTAGTTGGG	0	1	0
day0_CGTTGGTCTATGGTGG	2	1	0
day0_CGTTGGTCTTCTCCAC	4	2	4
day0_CGTTGGTCTTTTCTGT	0	0	1
day0_CGTTGTCACGAAGTAT	3	1	1
day0_CGTTTAGGAATAGTAG	2	0	5
day0_CGTTTAGGATGATGCT	0	1	0
day0_CGTTTCCGATTCGTTT	3	0	5
day0_CGTTTCGACCTACAAC	3	0	1
day0_CTAAATCCTCGATTAC	4	2	4
day0_CTAAATCCTCTTCATT	3	0	1
day0_CTAAATCCTGAGTGAC	2	0	3
day0_CTAACATCTAAGTCCT	2	0	5
day0_CTAACATCTATCCTCC	2	0	5
day0_CTAACATCTTCCTAAG	3	1	1
day0_CTAACTTACACGGGTA	4	2	4
day0_CTAACTTACATCCTTT	2	0	1
day0_CTAACTTACGACTCAT	4	2	4
day0_CTAACTTACGCACTCG	4	2	4
day0_CTAACTTACGTGGGTA	0	1	0
day0_CTAAGACACAAATCGA	3	0	1
day0_CTAAGACACGTCATTG	4	2	4
day0_CTAAGTGACAGTCATC	5	1	3
day0_CTAAGTGACCTTCGGG	2	1	1
day0_CTAAGTGACGAGAGAA	5	1	3
day0_CTAAGTGACTCCCTGT	0	1	0
day0_CTAAGTGTGATCAGGG	3	0	1
day0_CTAAGTGTGCCAGACC	0	1	0
day0_CTAAGTGTGCCGCAAC	5	0	3
day0_CTAAGTGTGCGGAATG	4	2	4
day0_CTAAGTGTGTCGGAAG	5	1	3
day0_CTAATCGGACTTAGTG	2	0	0
day0_CTAATCGGAGCAGCAA	4	0	5
day0_CTAATCGGAGTTCTTT	2	1	5
day0_CTAATCGGATTAGAAG	4	2	4
day0_CTAATCTACACGTTCA	2	0	5
day0_CTAATCTACGATGCAG	3	1	1
day0_CTAATCTACGGAAGCT	4	0	0
day0_CTAATCTACTCAGGTT	2	0	5
day0_CTAATGCGATAAACCC	4	2	4
day0_CTAATGCGATAGAACA	3	0	1
day0_CTAATGCGATTGGTTG	5	0	3
day0_CTAATTCACCTGCAGC	5	0	3
day0_CTAATTGCTAACAGGC	2	1	3
day0_CTAATTGCTGAAGGTC	3	0	1
day0_CTACAACGAAAAGGAG	5	1	3
day0_CTACAACGACCTACGG	2	0	5
day0_CTACAACGACCTCTAC	3	0	5
day0_CTACAACGAGAATGAT	3	0	1
day0_CTACAACGAGCAGCTC	2	0	5
day0_CTACAACGAGTTGGAG	3	1	1
day0_CTACAGCCTACTGTGT	0	0	0
day0_CTACAGCCTCGACACC	0	1	0
day0_CTACAGCCTGGATCCC	4	2	4
day0_CTACATACTCCATAAC	0	1	0
day0_CTACCCTGAGTGAAGC	2	0	5
day0_CTACCCTGAGTGGCCT	0	1	0
day0_CTACCCTGATGGCTGC	5	0	3
day0_CTACCCTGATTCTCGC	2	0	5
day0_CTACCGGGAAAGTCTC	2	0	5
day0_CTACCGGGATGCCTAA	0	0	0
day0_CTACCGGGATGGAGCA	3	0	3
day0_CTACCGTTGGAGATTA	4	2	4
day0_CTACCGTTGTTATGCG	4	2	4
day0_CTACCTGACACATCGT	0	2	0
day0_CTACCTGACGTATAGA	5	1	3
day0_CTACCTTCTAGATCGG	0	0	0
day0_CTACCTTCTGCGGTAA	3	0	5
day0_CTACCTTCTTAACGTC	2	0	5
day0_CTACCTTCTTCCAAAC	2	1	5
day0_CTACCTTCTTGGAGCA	3	0	1
day0_CTACGAAACAGCCATT	0	0	0
day0_CTACGAAACCGGATAG	3	1	1
day0_CTACGACCTTGAGGAC	6	0	2
day0_CTACGATGATAACCGT	2	1	5
day0_CTACGCTACACAAAGT	0	1	0
day0_CTACGCTACGATGCAG	4	0	4
day0_CTACGCTACTGTACGT	3	0	1
day0_CTACGGGTGAGCGTTT	4	2	4
day0_CTACGGGTGAGTCTTG	2	0	5
day0_CTACTAACTGCGTCAC	2	1	5
day0_CTACTAACTGTTGTTG	2	1	5
day0_CTACTAACTGTTTGAC	2	2	5
day0_CTACTATTGGAGGAAA	0	0	0
day0_CTACTATTGTCCCTCA	3	0	1
day0_CTACTCCGAAGGACAC	0	1	0
day0_CTACTCCGACCATTCC	3	0	1
day0_CTACTCCGACCCGTGA	5	1	3
day0_CTACTCCGATGGCGCT	5	1	3
day0_CTACTGCTGCCAGAGA	2	0	5
day0_CTACTGCTGCCCACGA	2	0	5
day0_CTACTGCTGGAATGGC	2	1	5
day0_CTACTGCTGTCATTTC	4	2	4
day0_CTACTGCTGTGGGAGT	2	1	7
day0_CTACTGGCTAGGACAC	3	1	1
day0_CTACTGGCTCTCCATC	5	1	3
day0_CTACTGGCTGGCTCTG	5	0	3
day0_CTACTGGCTTGGTTGT	4	2	4
day0_CTACTTCCTGCGTCAC	5	0	3
day0_CTACTTCCTGGAAGTC	3	0	1
day0_CTAGAAAGAACTTCCC	4	2	4
day0_CTAGAAAGAGACTCTA	2	0	5
day0_CTAGAAAGAGTAGAAT	1	0	6
day0_CTAGAACTGACAGTAA	5	1	3
day0_CTAGAACTGATGCTCA	3	0	1
day0_CTAGAACTGGGCATGA	0	1	0
day0_CTAGAACTGTTCTCGC	6	2	1
day0_CTAGAAGCTCCTATAG	0	0	0
day0_CTAGAAGCTGGGCTTC	3	0	1
day0_CTAGACAACAGCCAGA	3	0	5
day0_CTAGACAACCTCTCCA	2	1	5
day0_CTAGACAACTTTCGTT	5	0	3
day0_CTAGACATGACGATCT	0	0	0
day0_CTAGACATGGCCCTTT	2	0	5
day0_CTAGACATGTTTCGGA	5	0	3
day0_CTAGAGGGACTCAATG	2	0	1
day0_CTAGAGGGATGAAATG	0	1	0
day0_CTAGATGACGGGACAT	5	1	3
day0_CTAGATGACTCTACAG	2	1	0
day0_CTAGATTCTGTGTCCG	0	1	0
day0_CTAGATTCTTGAAATG	3	2	1
day0_CTAGATTCTTTTGACG	3	0	1
day0_CTAGCACCTCCTGTCT	1	0	0
day0_CTAGCACCTTTGAGTC	0	1	0
day0_CTAGCATGATAGGCAG	4	2	4
day0_CTAGCGGTGGAAGTTA	3	0	1
day0_CTAGCGGTGTCCCGTT	2	0	0
day0_CTAGCGGTGTTGAGCT	3	0	1
day0_CTAGCTCTGGAATGTA	3	2	5
day0_CTAGCTCTGTGAAATG	0	1	0
day0_CTAGGATTGGAGCATG	2	0	5
day0_CTAGGATTGGGGCTTC	4	2	4
day0_CTAGGCGACGAAGGTC	0	0	0
day0_CTAGGCGACGTCCTTC	4	2	4
day0_CTAGGGAGAAACACAA	4	2	4
day0_CTAGGGAGACCCTCAT	5	0	3
day0_CTAGGGAGAGATTGAA	2	0	0
day0_CTAGGGAGATGAAATG	0	0	0
day0_CTAGTCCACCCTACCT	3	1	1
day0_CTAGTCCACGAAGGTC	5	0	3
day0_CTAGTCCACTAGACTC	5	0	3
day0_CTAGTCCACTTGTCTT	0	0	1
day0_CTAGTCCTGAAGTCCT	2	1	5
day0_CTAGTCCTGATCCTCC	3	0	1
day0_CTAGTCCTGGACCGAA	5	1	3
day0_CTAGTCCTGTCGCTTC	3	1	1
day0_CTAGTGCCTCTGTATG	0	0	0
day0_CTAGTGCCTGACAGTG	2	0	5
day0_CTAGTTGGACATCGGC	0	0	0
day0_CTAGTTGGACTCCTCA	3	1	1
day0_CTAGTTGGAGATCCGC	0	0	0
day0_CTAGTTGGATCTTGTT	5	0	3
day0_CTAGTTGGATTTGGTG	2	0	5
day0_CTATAACCTTAACCGT	3	1	1
day0_CTATAACCTTTGAGTC	5	1	3
day0_CTATACGGAGAATTGA	4	0	4
day0_CTATACGGAGGAAGCT	2	0	5
day0_CTATACTACTAAACCC	3	0	1
day0_CTATACTTGAGTCACT	0	0	0
day0_CTATACTTGATTGAAG	0	1	0
day0_CTATACTTGCGATTAC	0	1	1
day0_CTATACTTGGAAGCAC	0	0	0
day0_CTATACTTGGACAGAC	3	0	1
day0_CTATACTTGGAGAGTC	2	0	5
day0_CTATACTTGGTTAACC	5	0	3
day0_CTATACTTGTTACCTT	2	0	1
day0_CTATAGGACACAAAGT	5	0	3
day0_CTATAGGACCATCGGC	3	1	1
day0_CTATAGGACCCTCGAG	3	1	1
day0_CTATAGGACCTCTCCA	4	2	4
day0_CTATAGGACGTGAGAC	0	0	0
day0_CTATATCACCAGTGAG	0	1	0
day0_CTATATCACCTGTACA	5	1	3
day0_CTATATCACGTGGACA	0	0	1
day0_CTATATCACGTGGCCT	3	0	1
day0_CTATCAGGAAATGTAG	3	0	1
day0_CTATCAGGAAGCGTTT	2	0	5
day0_CTATCAGGAAGTCACT	3	0	5
day0_CTATCAGGAATAGGAT	0	1	0
day0_CTATCGGCTCGGTAGA	3	1	1
day0_CTATCGGCTTCGCTTC	5	0	3
day0_CTATCTCCTAGAGAAG	4	2	4
day0_CTATCTCCTAGATCGG	2	0	5
day0_CTATCTCCTCAGCGCT	2	0	5
day0_CTATCTCCTCGATAGG	3	0	1
day0_CTATCTCCTCGATTAC	2	0	5
day0_CTATCTCCTGGAGAGG	0	0	1
day0_CTATCTCCTTCGTGAT	4	2	4
day0_CTATCTCCTTGGCAGA	0	0	0
day0_CTATCTTGATGGTTGT	2	0	5
day0_CTATGAGTGATGTAGA	3	0	1
day0_CTATGAGTGTGAGTCT	5	1	3
day0_CTATGAGTGTTCTGGA	5	1	3
day0_CTATGCAGACATAGTC	0	1	1
day0_CTATGCAGACCTGCAG	5	0	3
day0_CTATGGTGAACGACAG	3	0	1
day0_CTATGGTGACATGACT	0	1	0
day0_CTATGGTGACCTCCAT	5	1	3
day0_CTATGGTGACTGACCG	4	2	4
day0_CTATGGTGATGAGCAG	2	0	5
day0_CTATGTGGAAAGTTAG	4	2	4
day0_CTATGTGGATGTGAGG	2	0	5
day0_CTATGTTACCAATGAA	2	0	5
day0_CTATGTTACGCTTATG	2	0	5
day0_CTATGTTACTAACACC	2	0	5
day0_CTATGTTACTGTGGAG	1	1	0
day0_CTATTCTGACCATCAA	0	1	1
day0_CTATTGGGAACCCAAT	2	1	5
day0_CTATTGGGATAACGTC	2	0	0
day0_CTATTGGGATCTACCC	2	0	5
day0_CTATTGTACAGCTACT	3	0	1
day0_CTATTTGTGCAAGCGA	3	1	1
day0_CTCACGGGAAACATGA	4	2	4
day0_CTCACGTACAGCGTGA	3	0	1
day0_CTCACGTACAGTGTGG	3	1	1
day0_CTCACGTACATGTTGC	5	0	3
day0_CTCACGTACCGGTTGC	5	0	3
day0_CTCACGTACGACGATG	2	0	5
day0_CTCACGTACGGGAGGA	3	1	1
day0_CTCACTCGAACGACTT	2	1	5
day0_CTCACTCGATGTTGTG	5	1	3
day0_CTCACTGTGTTCAGTG	0	0	0
day0_CTCAGCTACAGACCAG	0	0	0
day0_CTCAGCTACTTCCATT	2	1	1
day0_CTCAGGGACAGGTCGA	0	1	0
day0_CTCAGGGACCCGTCGA	5	0	3
day0_CTCAGGGACCGCATCG	1	0	6
day0_CTCAGGGTGACTCACA	3	0	5
day0_CTCAGGGTGTCACCCT	0	1	0
day0_CTCAGTAGAACATCAC	2	0	5
day0_CTCAGTAGAGCTTATG	5	0	0
day0_CTCAGTAGATAGCTAC	2	1	0
day0_CTCAGTAGATAGGATA	1	1	6
day0_CTCAGTCACAAGCACG	4	2	4
day0_CTCAGTCACAATCACC	3	1	1
day0_CTCAGTCACAGTTACC	0	0	0
day0_CTCAGTCACCATCGAT	0	0	0
day0_CTCAGTCACTAACTGC	2	0	0
day0_CTCATGCACAAGAGGA	2	0	5
day0_CTCATGCACACGTTCA	0	1	0
day0_CTCATGCACTCACCCT	4	2	4
day0_CTCATTAACTTATGCG	5	1	3
day0_CTCATTATGACATGAA	3	0	1
day0_CTCATTATGCGACTTA	2	0	5
day0_CTCATTATGCTCTATT	2	0	5
day0_CTCATTATGGACTCAT	3	1	1
day0_CTCATTATGTACCCTC	2	0	5
day0_CTCATTTGAAGTGTCT	4	2	4
day0_CTCCACAACCTTCATT	2	0	5
day0_CTCCACAACGAAAGGA	0	0	0
day0_CTCCAGACTCTTCCCA	2	0	0
day0_CTCCAGACTGCCCTGA	3	1	1
day0_CTCCAGACTGTAACTC	5	0	3
day0_CTCCATCGAAGGTAAT	0	1	0
day0_CTCCATCGAATTCACG	5	0	3
day0_CTCCATCGAGAGCCCT	3	0	5
day0_CTCCCAAACTGCCGCA	2	1	5
day0_CTCCCAATGTGATGTC	3	0	1
day0_CTCCCAATGTGCTTGA	0	0	0
day0_CTCCCATGAATCACAC	4	2	4
day0_CTCCCATGAATGGTGG	2	0	5
day0_CTCCCATGAGAAATTG	2	1	5
day0_CTCCCATGAGAAGTAT	5	1	3
day0_CTCCCTGCTACCTGCG	4	2	4
day0_CTCCCTGCTAGACACG	5	0	3
day0_CTCCCTGCTATAACCC	0	0	6
day0_CTCCGTAACCCTATAG	2	0	5
day0_CTCCGTCCTCAGCGAA	4	2	4
day0_CTCCGTCCTCTTTCAT	2	0	1
day0_CTCCGTCCTTGAAGAT	5	0	3
day0_CTCCTACGAAGATCCT	2	1	5
day0_CTCCTACGAATCCATG	4	2	4
day0_CTCCTACGAATCTGTG	0	1	0
day0_CTCCTACGACGCATCG	2	0	5
day0_CTCCTACGAGGCTGTC	4	2	4
day0_CTCCTACGAGGTTGAG	0	1	0
day0_CTCCTCCTGGGCAGTA	2	2	5
day0_CTCCTCCTGGGTTCCG	0	0	5
day0_CTCCTCCTGTGTTGTG	2	0	5
day0_CTCCTCGCTCACGGAA	0	1	1
day0_CTCGAGTCTAGCGAAC	2	0	5
day0_CTCGAGTCTATTCAGC	2	0	5
day0_CTCGAGTCTCGGTGAA	3	1	1
day0_CTCGATGCTAGCTTGT	2	0	5
day0_CTCGATGCTCAGGGAT	2	1	5
day0_CTCGATGCTCAGTACT	5	1	3
day0_CTCGATGCTCCTCCTA	2	0	5
day0_CTCGATGCTTAGACCT	2	0	5
day0_CTCGCAACTCAATGGG	5	0	3
day0_CTCGCAACTGGACCCT	2	0	5
day0_CTCGCAACTGGGTTAG	0	0	0
day0_CTCGCAACTTTGTGGT	2	0	5
day0_CTCGGAGTGCGGTAAG	2	1	5
day0_CTCGGAGTGGAAGGAA	3	1	1
day0_CTCGGATCTAAGTCTC	2	0	5
day0_CTCGGATCTATGCAGG	0	0	0
day0_CTCGGATCTTGGGTTT	2	0	5
day0_CTCGTCATGATCACCA	0	0	0
day0_CTCGTCATGCCACGTG	2	0	5
day0_CTCGTCATGCGTTACA	3	0	5
day0_CTCGTCATGTGCACTA	2	0	5
day0_CTCGTGACTAGGACGT	2	0	5
day0_CTCGTGACTCGATCAT	5	0	3
day0_CTCGTGACTGATTACC	3	1	1
day0_CTCGTGACTTATGTGC	0	1	0
day0_CTCGTGTTGACTCATG	2	1	5
day0_CTCGTGTTGACTGTAC	3	0	1
day0_CTCGTGTTGTCACGAT	1	0	6
day0_CTCGTTGTGAGGTTTC	3	0	1
day0_CTCGTTGTGATAACCC	2	0	5
day0_CTCGTTGTGCCTGCAG	4	2	4
day0_CTCGTTGTGGGTGGAT	3	0	5
day0_CTCTACCGAGGCAATG	4	2	4
day0_CTCTACCGAGTTGAGG	0	1	0
day0_CTCTACCGATGATCGT	3	2	5
day0_CTCTACGTGGCAGCAA	3	0	1
day0_CTCTACGTGTTGCTGA	2	0	5
day0_CTCTCACGAAAACTGA	0	0	0
day0_CTCTCCAGATTCCGGG	2	1	5
day0_CTCTCCCACATCACAC	2	0	5
day0_CTCTCCCACCCGCATG	0	1	0
day0_CTCTCCCACCTTAGTG	3	0	1
day0_CTCTCCCACCTTTGTT	2	1	5
day0_CTCTCCCACTGTGAGG	5	1	3
day0_CTCTCCCTGTGGTTAC	5	1	3
day0_CTCTGACTGCCAAGCC	0	1	1
day0_CTCTGAGCTATTCTCT	1	0	6
day0_CTCTGAGCTTGGAATA	2	0	5
day0_CTCTGCCCTAATCGAA	2	0	5
day0_CTCTGCCCTCCTGATA	0	0	0
day0_CTCTGCCCTGCCCGTA	5	1	3
day0_CTCTGCTGACGTGCAC	5	1	3
day0_CTCTGGTACAGGTTTC	3	0	1
day0_CTCTGGTACCAGAAAT	2	1	5
day0_CTCTGGTACGACCCGT	3	2	5
day0_CTCTGGTACGGACAAC	3	0	1
day0_CTCTGGTTGTCTCCCA	2	1	5
day0_CTCTGTGACCACGCTG	2	0	5
day0_CTCTGTGACCCAATAC	0	1	0
day0_CTCTGTGTGTGTGATC	5	0	3
day0_CTCTTACCTGTATCTG	3	0	1
day0_CTCTTACCTTCGTCCT	3	0	5
day0_CTCTTGCGAGACGTCC	4	0	4
day0_CTCTTGGACAGACCGA	0	1	0
day0_CTCTTGGACCCTCGAG	4	2	4
day0_CTCTTGGACGGCTGTC	0	1	0
day0_CTCTTGGACTCTCCAC	2	0	5
day0_CTCTTGGACTTATCCT	0	0	0
day0_CTGAAACTGATGGTCT	0	1	0
day0_CTGAAACTGCGTTGTA	0	1	0
day0_CTGAAACTGCTTAGTG	0	0	0
day0_CTGAAACTGTACCCAA	3	1	1
day0_CTGAACATGACTAGAA	5	1	3
day0_CTGAACATGAGCGTGA	3	0	5
day0_CTGAACATGGACGGAT	2	0	5
day0_CTGAATTCTATGCCCG	0	0	1
day0_CTGAATTCTCTCGCTT	2	0	5
day0_CTGAATTCTGTTGTAC	5	1	3
day0_CTGAATTCTTAACTGC	2	0	0
day0_CTGAATTCTTCACTTT	3	0	1
day0_CTGAATTCTTGGAATA	5	1	3
day0_CTGAATTCTTTCACAG	3	0	5
day0_CTGACATGATTAGTGC	5	1	3
day0_CTGACCACTACCTGAT	2	1	5
day0_CTGACCACTGGAAGTC	0	1	0
day0_CTGACCTACATAGGAT	3	0	1
day0_CTGACCTACATTGGAA	2	0	5
day0_CTGACCTTGAGTTGGG	3	1	1
day0_CTGACTAGAAGCCCTG	0	1	1
day0_CTGACTAGACATTTCT	3	0	1
day0_CTGACTAGACGATTCA	3	1	1
day0_CTGACTAGACGGCTGT	2	0	5
day0_CTGACTAGATCCCGTT	3	0	5
day0_CTGACTCACGAGAGAA	4	2	4
day0_CTGACTCACGATTGAA	3	0	1
day0_CTGACTCTGGGTACTT	3	0	1
day0_CTGACTCTGTAATGAG	0	1	1
day0_CTGAGTAACAAGTGAT	3	1	1
day0_CTGAGTAACGCGTGAA	5	1	3
day0_CTGAGTAACTACAACC	3	1	1
day0_CTGATCCACCACTTGA	4	2	4
day0_CTGATCCACCTCGCAG	5	0	3
day0_CTGATCCACGAGCAAC	5	0	3
day0_CTGATGCCTGCTGTCG	0	1	0
day0_CTGATGCCTGTTCTCC	2	0	5
day0_CTGATGCCTTACCCGG	3	0	1
day0_CTGATGCCTTCAGGTT	2	0	5
day0_CTGATGTGAAAATTGG	0	1	0
day0_CTGATGTGACCCGTAG	4	2	4
day0_CTGATGTGACCGTGCA	5	1	3
day0_CTGATGTGACTTCCCA	3	1	1
day0_CTGATGTGAGAGTAAT	1	1	6
day0_CTGATGTGAGCTTACA	3	1	1
day0_CTGATGTGAGGTTACT	4	2	4
day0_CTGATGTGATTAGGAA	5	1	3
day0_CTGCAGGTGATGAATG	2	0	5
day0_CTGCAGGTGCAGGTAG	4	2	4
day0_CTGCAGGTGCGGGTCT	5	1	3
day0_CTGCAGGTGGCTGTCG	3	1	1
day0_CTGCATGCTACGGAAC	4	2	4
day0_CTGCATGCTACTAGAA	1	1	3
day0_CTGCATGCTAGTGTCT	5	0	3
day0_CTGCCATTGCAATCTG	0	1	0
day0_CTGCCATTGTGTACCA	5	1	3
day0_CTGCCTCCTCGATAGG	4	0	4
day0_CTGCCTCCTCGTGCTG	1	1	3
day0_CTGCGGAACCCACGTG	0	0	0
day0_CTGCGGAACCGGAAGT	0	1	0
day0_CTGCGGAACTTACCTT	3	0	1
day0_CTGCTAAGACAATGGG	2	1	5
day0_CTGCTAAGAGAGCATG	3	1	1
day0_CTGCTAAGATAACGTC	5	0	3
day0_CTGCTAAGATGGCAGA	2	0	5
day0_CTGCTACACAAGTCCT	5	1	3
day0_CTGCTACACAGCCTGC	5	1	3
day0_CTGCTACACGGACCCT	3	0	1
day0_CTGCTACACTGTCTAG	1	1	6
day0_CTGCTACACTTCCTCG	5	0	3
day0_CTGCTCTGAGTGGATG	3	0	1
day0_CTGCTTCGAAATCAAG	3	0	1
day0_CTGCTTCGATAGAATG	5	1	3
day0_CTGCTTGTGGAAATTG	2	0	5
day0_CTGCTTGTGTAGGATA	2	1	3
day0_CTGGAGGCTGATTGAA	5	1	3
day0_CTGGAGGCTTCATTTC	0	0	0
day0_CTGGAGGCTTTTCCGC	3	0	5
day0_CTGGATAACAACACTC	5	0	3
day0_CTGGATAACAACCTCA	5	1	3
day0_CTGGATAACCAAGTGG	0	1	0
day0_CTGGATAACTACCCAA	5	1	3
day0_CTGGATTGAAAGTATG	2	0	5
day0_CTGGATTGATGGCATT	6	0	1
day0_CTGGCCAGACCTGTAA	0	0	0
day0_CTGGCCAGATGTGGAG	2	1	5
day0_CTGGCTACTAACAGGC	0	1	0
day0_CTGGCTACTCATCAGT	5	1	3
day0_CTGGCTACTTTCCTCG	4	2	4
day0_CTGGGAAGACCTGATA	2	0	5
day0_CTGGGAAGAGCTTACA	2	0	5
day0_CTGGGAAGAGGACGAT	1	0	6
day0_CTGGGAAGAGTTCAAC	2	0	5
day0_CTGGGAAGATCCCTCA	3	0	1
day0_CTGGGAAGATGCTTGA	2	0	5
day0_CTGGGTCGAATTGCTG	3	1	1
day0_CTGGGTCGACATCGAT	0	1	0
day0_CTGGGTCGACCCACGA	0	1	0
day0_CTGGGTCGACGGAAGT	0	1	0
day0_CTGGGTCGATCCCGTT	3	0	1
day0_CTGGTAAACAGTGAAT	5	0	3
day0_CTGGTAAACCAGCGTC	3	0	5
day0_CTGGTAAACCGGTGAA	0	1	0
day0_CTGGTAAACGTGATGG	3	0	1
day0_CTGGTAAACTTCAGTG	3	0	5
day0_CTGGTTGCTCGACTTA	1	1	6
day0_CTGTAAGACGTTGTAC	2	0	5
day0_CTGTAAGACTCACCCT	4	2	4
day0_CTGTAAGTGCACTGGC	3	0	5
day0_CTGTACAGACGCATCG	0	0	1
day0_CTGTACAGAGATGCAG	5	0	3
day0_CTGTACAGAGTTACGT	5	0	3
day0_CTGTACAGATGGACGA	4	2	4
day0_CTGTACAGATGGTCAT	0	0	0
day0_CTGTACCACCAACAAA	2	0	5
day0_CTGTACCACCGGATGA	0	0	0
day0_CTGTACCACTACCTTT	2	0	5
day0_CTGTACGCTAGGCATG	5	1	3
day0_CTGTACGCTATGGTAA	2	0	5
day0_CTGTACGCTCTGGCTG	3	0	1
day0_CTGTACGCTGCCATCG	2	0	5
day0_CTGTACGCTTTAGAAG	5	1	3
day0_CTGTATTTGCCCAATA	2	0	5
day0_CTGTATTTGCTAAGGG	0	1	1
day0_CTGTATTTGTCGAGGA	3	0	1
day0_CTGTCAGCTCATCGGC	5	0	3
day0_CTGTCAGCTCGGATGA	2	0	5
day0_CTGTCAGCTCTCTATT	3	0	5
day0_CTGTCCATGCACTTCC	0	0	0
day0_CTGTCCATGTAGGCAG	4	2	4
day0_CTGTCCTGAGACACCC	4	2	4
day0_CTGTCGTACAGGACAC	3	1	1
day0_CTGTCGTACCAAGAAT	2	0	5
day0_CTGTCGTACCGCCGAT	2	2	5
day0_CTGTCGTACGCCATCG	2	0	5
day0_CTGTCGTACGGAGACT	3	1	1
day0_CTGTGAAACAGTGTTC	3	0	1
day0_CTGTGAAACCGTGACC	5	1	3
day0_CTGTGAAACGACGATG	4	2	4
day0_CTGTGAAACTGATGCT	3	0	1
day0_CTGTGACCTAGATTGA	3	2	4
day0_CTGTGATGACCTGATA	2	0	5
day0_CTGTGCACTCCATCTC	5	0	3
day0_CTGTGCACTGCGTGTC	5	0	3
day0_CTGTGCACTGGATCCC	3	1	1
day0_CTGTGCACTTGAACAA	4	2	4
day0_CTGTGCTACACAAACA	5	1	3
day0_CTGTGCTACCCTGTAA	5	1	3
day0_CTGTGCTACCGGTTGC	0	0	0
day0_CTGTGCTACCGTTCAA	4	2	4
day0_CTGTGCTACTGTACGT	2	0	5
day0_CTGTGCTTGAGCACGA	0	0	0
day0_CTGTGCTTGAGCCTGC	4	2	4
day0_CTGTGTAGAGAGAGTC	3	0	1
day0_CTGTGTAGATCTCTAT	3	1	1
day0_CTGTGTAGATTCATCT	2	0	5
day0_CTGTGTCACCATGAGG	2	0	5
day0_CTGTGTCACTCAAGAA	5	0	3
day0_CTGTGTCTGACATGAA	3	0	5
day0_CTGTGTCTGATCCATG	3	0	1
day0_CTGTGTCTGATTGGTC	2	0	5
day0_CTGTGTGCTTATTCCT	4	0	4
day0_CTGTTAACTACGACTT	3	1	1
day0_CTGTTAACTGGATATA	0	0	0
day0_CTGTTAACTTCAGTGT	2	0	5
day0_CTGTTAGGAGAGATTA	3	0	1
day0_CTGTTAGGATCACGGC	3	1	5
day0_CTGTTCGACAGCGTTT	5	1	3
day0_CTGTTCGACCAGACCC	0	1	0
day0_CTGTTGCACGCCCTTT	3	0	5
day0_CTGTTTAACAACCCTA	3	1	1
day0_CTGTTTAACAGGATAT	3	1	1
day0_CTTAAGCGAAGTGTCT	5	1	3
day0_CTTAAGCGACGTGTTA	0	0	0
day0_CTTAAGGACCTCACTC	0	0	0
day0_CTTAAGTCTACGGGTA	1	0	6
day0_CTTAAGTCTTTAGTGC	5	0	3
day0_CTTAATCTGGTTGTTG	0	1	0
day0_CTTACAACTAAACCCT	2	0	1
day0_CTTACAACTAGATCGG	3	1	1
day0_CTTACAACTAGGTAAT	0	0	0
day0_CTTACAACTCCATGGC	2	0	5
day0_CTTACAACTGATGAAT	5	1	3
day0_CTTACAACTGATTGAA	0	1	0
day0_CTTACAACTTCACGAT	3	1	1
day0_CTTACCGACTCTACCC	0	0	0
day0_CTTACGGCTCCTCCAT	2	1	5
day0_CTTACGGCTGGGTTAG	2	0	5
day0_CTTACGGCTGTGAAAT	5	0	3
day0_CTTACGGCTGTTAACC	0	1	0
day0_CTTACGGCTTGAGCAG	0	1	1
day0_CTTACTTGACATAGTC	2	0	5
day0_CTTACTTGACATGAAA	0	1	0
day0_CTTACTTGACTTCCAC	0	0	0
day0_CTTAGACGACAATTCG	6	0	1
day0_CTTAGACGACTGGGTC	5	1	3
day0_CTTAGACGAGAGCATG	0	0	0
day0_CTTAGACGATTTCTGT	3	1	1
day0_CTTAGGAACTTCCGGG	2	1	1
day0_CTTAGGATGAGTGTGG	0	0	1
day0_CTTAGGATGGGGTCTC	4	2	4
day0_CTTAGGATGTTTCCGC	4	2	4
day0_CTTAGGCCTAAATGAC	0	0	0
day0_CTTAGGCCTAACACAA	4	2	4
day0_CTTAGGCCTACGATTC	2	1	0
day0_CTTAGGCCTACTGTTG	3	0	1
day0_CTTAGGCCTCGGGAAT	0	1	0
day0_CTTAGGCCTTGACTCA	4	2	4
day0_CTTAGGCCTTGTCCGG	2	0	5
day0_CTTAGGCCTTGTGATC	3	1	1
day0_CTTAGTTACAACGTAA	2	1	5
day0_CTTAGTTACGGACTTT	6	0	2
day0_CTTAGTTTGCCCGATG	5	0	3
day0_CTTAGTTTGGGAAGTC	0	1	0
day0_CTTAGTTTGTCCCTGT	0	0	0
day0_CTTAGTTTGTGTACGT	4	2	4
day0_CTTATGGGACTTCATT	1	0	0
day0_CTTCAAGGAAACGGTG	3	0	1
day0_CTTCAAGGACAACACT	2	0	5
day0_CTTCAAGGACGGAACA	4	2	4
day0_CTTCAAGGATCGTAAC	4	2	4
day0_CTTCAATTGAGAGGAA	3	0	5
day0_CTTCAATTGCGGTTGC	2	1	5
day0_CTTCACCGACTTGCGG	2	0	5
day0_CTTCACTCTACATCGT	3	0	1
day0_CTTCACTCTCTCACTC	3	0	5
day0_CTTCAGCTGAGCCTAT	1	0	0
day0_CTTCAGCTGCATCGAT	0	1	0
day0_CTTCAGCTGCTACAAC	1	0	1
day0_CTTCAGCTGTAGGAAT	4	2	4
day0_CTTCAGGCTCCTAAGT	0	0	5
day0_CTTCAGGCTTGGTCAT	3	0	1
day0_CTTCATATGCATCACA	3	0	5
day0_CTTCATATGGCTCTCT	2	0	0
day0_CTTCCACGACCCAACG	0	1	0
day0_CTTCCACGAGGAAGCT	2	0	5
day0_CTTCCACGATAGAATG	3	0	5
day0_CTTCCAGTGCTCCTAC	2	1	5
day0_CTTCCAGTGGAGTGAC	3	0	1
day0_CTTCCAGTGTAGAACA	0	1	0
day0_CTTCCGATGAAGTATG	0	1	0
day0_CTTCCGATGACCCGTG	2	0	5
day0_CTTCCGATGCCTGATA	3	0	1
day0_CTTCCTACTCAATCTG	4	2	4
day0_CTTCGAGCTATTGAAG	5	0	3
day0_CTTCGAGCTTAACCCA	5	2	3
day0_CTTCGAGCTTAACGTC	0	0	0
day0_CTTCGCAACATCACAC	5	0	3
day0_CTTCGCAACCCAGAGA	3	0	5
day0_CTTCGCAACGGACGAT	3	1	1
day0_CTTCGCAACTCAGGTT	4	2	4
day0_CTTCGCAACTCAGTGT	2	0	5
day0_CTTCGCCCTACCCTAA	5	0	3
day0_CTTCGCCCTATCGGAG	3	1	1
day0_CTTCGCCCTATTCTTC	5	1	3
day0_CTTCGCCCTCTCAACA	2	0	5
day0_CTTCGCCCTGCTGCAC	5	1	3
day0_CTTCTCGGAAAGTCCT	4	2	4
day0_CTTCTCGGAAATTCCG	2	1	5
day0_CTTCTCGGACGAGAGT	3	0	1
day0_CTTCTGGACACCCAGC	3	0	1
day0_CTTCTGGACGAGCATG	4	2	4
day0_CTTCTGGACGCATTAC	2	0	5
day0_CTTCTGGACGCCTGCA	4	2	4
day0_CTTCTGGACTCCCGGA	5	1	3
day0_CTTCTTAGACACGGAA	4	2	4
day0_CTTGAAGACACCTGCG	5	1	3
day0_CTTGAAGACTGTCCGG	5	0	3
day0_CTTGAAGTGAATGCAA	2	0	5
day0_CTTGAAGTGACGGGTA	0	1	0
day0_CTTGAAGTGCCGATCG	2	2	5
day0_CTTGAAGTGGGACCCT	3	1	1
day0_CTTGAAGTGGGGCTTC	0	1	0
day0_CTTGAAGTGTAGCTTG	2	0	5
day0_CTTGAAGTGTGTACGT	0	0	0
day0_CTTGACCACGAGATTA	3	0	1
day0_CTTGACCACTAACCGT	5	0	3
day0_CTTGACCACTGGCTTA	0	0	0
day0_CTTGACCACTTCTCGC	0	0	0
day0_CTTGACCACTTTGGTG	5	0	3
day0_CTTGACCTGCCCGTAG	5	0	3
day0_CTTGACCTGGCGTGAA	3	0	1
day0_CTTGACCTGGGGAACT	4	2	4
day0_CTTGACCTGTGGTGGA	0	1	0
day0_CTTGACGCTAGCCTCG	3	1	1
day0_CTTGACGCTCGTGAGA	5	0	3
day0_CTTGACGCTTCACGGC	2	0	5
day0_CTTGAGATGGTCTAAC	0	0	0
day0_CTTGAGATGTTGGTGT	5	0	3
day0_CTTGAGCCTAGTGGAC	0	0	0
day0_CTTGAGCCTGTGTGTT	3	0	1
day0_CTTGATTACATCTCCC	3	0	1
day0_CTTGATTACGACCGAA	0	1	0
day0_CTTGATTACTAACACC	2	0	5
day0_CTTGATTACTGTTGTG	4	2	4
day0_CTTGATTTGGGATCAG	2	0	5
day0_CTTGCAAGAATCATGC	2	1	5
day0_CTTGCAAGAATTCTCT	3	1	1
day0_CTTGCAAGAGCTCTCT	2	0	5
day0_CTTGCAAGATACAACC	0	0	0
day0_CTTGGAAACAACATGA	2	0	5
day0_CTTGGAAACAGAGAAG	4	2	4
day0_CTTGGAAACTCTTAGG	3	0	1
day0_CTTGGAAACTGAGGGT	5	1	3
day0_CTTGGTCTGAGGCGAT	5	1	3
day0_CTTGGTCTGTTGAGTC	3	1	1
day0_CTTGTAGGAGAACATA	4	2	4
day0_CTTGTAGGATGTACCA	2	1	5
day0_CTTGTCCGAATGAACA	3	1	3
day0_CTTGTCCGACGACACC	5	1	3
day0_CTTGTCGTGAATTGAG	3	1	5
day0_CTTGTCGTGGGAACAC	3	1	1
day0_CTTGTCGTGTCGTAGT	2	0	5
day0_CTTGTCGTGTGCATGT	4	2	4
day0_CTTGTCTCTTGTACGT	3	0	3
day0_CTTGTGCACACATCGT	2	0	5
day0_CTTGTGCACATCCTCC	3	0	1
day0_CTTGTGCACATCTCCC	2	1	5
day0_CTTGTGCACCCAATAC	2	1	0
day0_CTTGTGCACCTCCATC	0	0	0
day0_CTTGTGCTGGACACCC	2	0	5
day0_CTTGTGCTGTAAACCC	3	0	1
day0_CTTTAACTGAGTAAAC	4	2	4
day0_CTTTAACTGTGTCTAG	5	0	3
day0_CTTTAACTGTGTGAAA	0	0	0
day0_CTTTACAACGAGCATG	2	1	5
day0_CTTTACAACTCACCCT	5	0	3
day0_CTTTATGACAAATCGA	3	0	1
day0_CTTTATGACACCTCCT	3	0	1
day0_CTTTATGACATCTGCA	0	0	0
day0_CTTTATGACCGCTGAC	3	1	1
day0_CTTTATGACGTGGACA	3	1	1
day0_CTTTATGACTCGCGAC	4	2	4
day0_CTTTATGACTGATAGA	2	0	5
day0_CTTTCAAACAACGTAA	0	0	1
day0_CTTTCAAACACGGATG	4	2	4
day0_CTTTCAAACATTGGCT	2	0	5
day0_CTTTCAAACATTTCCT	4	2	4
day0_CTTTCAAACCATGGGA	3	0	1
day0_CTTTCAAACCCATTCC	3	0	1
day0_CTTTCAAACGTGAAAT	2	0	5
day0_CTTTCAATGCGACAGA	2	0	1
day0_CTTTCAATGGAGAGTC	4	2	4
day0_CTTTCAATGTCACTTT	3	1	1
day0_CTTTCAATGTGTGCTA	2	0	5
day0_CTTTCATGACTAAGGG	0	0	0
day0_CTTTCATGATGACTCA	4	2	4
day0_CTTTCCACTAACGTGG	2	0	5
day0_CTTTCCACTAGTGGAC	2	0	5
day0_CTTTCCACTCACAAGG	3	0	1
day0_CTTTCCACTCTGAAGG	3	1	1
day0_CTTTCCACTTTACGAC	3	0	1
day0_CTTTCCACTTTGTGGT	5	1	3
day0_CTTTCCTACACTGATC	3	0	1
day0_CTTTCCTACCCTATAG	1	1	6
day0_CTTTCCTACTCGAACT	0	0	0
day0_CTTTCCTACTTCCCAC	3	1	1
day0_CTTTCGGACACAAAGT	0	1	0
day0_CTTTCTCTGATTGGAA	3	1	5
day0_CTTTCTCTGGTAACCT	3	0	1
day0_CTTTCTCTGTGTACGT	3	0	1
day0_CTTTCTGCTCAAGCGA	3	0	5
day0_CTTTGCGTGATCCGAT	0	0	0
day0_GAAACCTACGGCAGTA	6	0	2
day0_GAAACCTACGTTAACC	3	0	1
day0_GAAACGCGAGAACGAC	5	1	3
day0_GAAACGCGAGAATAGT	2	0	1
day0_GAAACGCGATCATTGG	2	0	5
day0_GAAACGGACCACGTGC	3	1	1
day0_GAAACGGACGCCTGCA	2	1	1
day0_GAAACGGACGGTAGGT	3	0	1
day0_GAAACTCACCGGGAAT	3	0	1
day0_GAAACTCACGATCAAA	3	0	5
day0_GAAACTCACGGTTCCG	3	0	1
day0_GAAAGAGGAAACTCAC	2	0	5
day0_GAAAGAGGACAACCAT	4	2	4
day0_GAAAGAGGAGCGTCAC	3	1	1
day0_GAAAGCTCTACCAATC	2	0	5
day0_GAAAGGCACATGTAGA	6	0	2
day0_GAAAGGCACCAAGAAT	3	0	1
day0_GAAAGGCACTACAGAA	0	1	0
day0_GAAAGGCACTCCCTCA	0	1	0
day0_GAAAGTATGGAACATA	5	1	3
day0_GAAAGTTGAAGACCAG	5	1	3
day0_GAAAGTTGACATTACG	3	0	1
day0_GAAAGTTGACGCAAGA	2	0	5
day0_GAAATCCACAACGTTC	3	1	1
day0_GAAATCCACCATGATC	3	0	1
day0_GAAATCCACCCATGGC	4	2	4
day0_GAAATCCACTCCCTGT	0	1	0
day0_GAAATGCCTATTCCTT	0	1	0
day0_GAAATGCCTCAGTGAG	0	1	0
day0_GAAATGCCTGAAGTTA	4	2	4
day0_GAAATGCCTTCGAACT	5	0	3
day0_GAAATGCCTTCTTGAG	3	1	1
day0_GAACAACCTAATCAAG	3	1	1
day0_GAACAACCTCAAGATA	4	2	4
day0_GAACAACCTCAATGGG	0	0	0
day0_GAACAATGAGTCGATT	2	0	5
day0_GAACAATGATACCCAA	2	0	5
day0_GAACAATGATGTGATC	3	1	1
day0_GAACACACTACATGAA	2	0	5
day0_GAACACACTACGTGCC	5	1	1
day0_GAACACACTATCAGGG	4	2	4
day0_GAACACACTATCATGC	3	0	5
day0_GAACACACTCAGCGAA	5	1	3
day0_GAACACACTCCAGAGA	0	1	1
day0_GAACACACTTAGAGAT	0	1	0
day0_GAACAGCGACCCGTAG	5	0	3
day0_GAACAGGACAGGGATC	2	0	0
day0_GAACAGGACTGAGTCT	3	1	1
day0_GAACAGTCTAACAGGC	2	1	5
day0_GAACAGTCTATTTCCT	1	0	6
day0_GAACAGTCTCTCATGA	0	0	0
day0_GAACAGTCTTACCTAG	3	0	1
day0_GAACAGTCTTAGACTC	2	1	0
day0_GAACATGCTAAGTTAG	2	0	5
day0_GAACATGCTCACGATT	4	2	4
day0_GAACATGCTGAGTGAC	3	1	1
day0_GAACATGCTGATTACC	6	0	1
day0_GAACATGCTGGTGTGA	3	1	1
day0_GAACATGCTTCGCGAC	2	0	3
day0_GAACCATACCAGTAAA	3	0	1
day0_GAACCATACTCGGAAG	2	0	5
day0_GAACCGCTGGCGTCAC	2	0	5
day0_GAACCGCTGGGCTCAC	4	2	4
day0_GAACCGCTGGTGGGTA	3	1	1
day0_GAACCTATGACCTGAT	0	1	0
day0_GAACCTATGTAAACCC	3	0	1
day0_GAACCTATGTGCCTAA	5	0	3
day0_GAACCTCCTGACTCAT	0	0	0
day0_GAACCTCCTGTAACTC	3	1	1
day0_GAACGCCTGACCCGCA	0	0	0
day0_GAACGCCTGGTGAAAT	0	0	1
day0_GAACGCCTGTTGTGGT	0	0	0
day0_GAACGCGCTAGAGAAG	2	0	5
day0_GAACGCGCTGAAACGC	4	2	4
day0_GAACGGAACGCCGTTG	2	1	5
day0_GAACGGAACGCTCTCT	2	0	5
day0_GAACGGATGAAGTCTC	1	0	6
day0_GAACGGATGCGATTCA	4	2	4
day0_GAACGGATGGGCGTAA	3	1	5
day0_GAACGGATGTCCTGAA	2	0	5
day0_GAACGTTACGCTTACA	3	1	1
day0_GAACGTTACTCTACGA	2	1	5
day0_GAACTAAGAAAATGAC	0	0	0
day0_GAACTAAGACAACACT	5	0	3
day0_GAACTAAGATGCAGGA	2	0	0
day0_GAACTACTGGTTGTAC	0	1	0
day0_GAACTAGCTATTAGGA	4	2	4
day0_GAACTAGCTGAGGGAG	4	2	4
day0_GAACTAGCTGCCGTTG	2	0	5
day0_GAACTCCCTGAAATGT	4	2	4
day0_GAACTCCCTTGTCTAG	0	0	0
day0_GAACTCTGAGGTAGAC	2	1	5
day0_GAACTCTGATACCCAA	0	0	0
day0_GAACTGTACACAATGA	3	1	1
day0_GAACTGTACGGGATGT	2	0	5
day0_GAACTGTACTCTTAGG	2	0	5
day0_GAACTTGTGTCTTAGG	2	0	5
day0_GAAGAAACTCATGGAG	3	0	5
day0_GAAGAAACTGCCCTGA	5	0	3
day0_GAAGAAACTTCTTGAG	4	2	4
day0_GAAGAAGGACATAGTC	3	0	1
day0_GAAGAAGGACGACACC	2	1	5
day0_GAAGAAGGACTACAAC	2	0	5
day0_GAAGAAGGAGGAGGAG	2	0	6
day0_GAAGAATTGGGGTGTA	0	0	0
day0_GAAGAATTGTCGAGAG	2	0	5
day0_GAAGACTCTCCCACGA	0	1	0
day0_GAAGACTCTCCTGTAA	5	0	3
day0_GAAGACTCTGCCTGTG	2	0	5
day0_GAAGAGAGAAAGTTAG	0	1	0
day0_GAAGAGAGACACAGCC	2	0	5
day0_GAAGAGCACCTTCCAC	2	0	5
day0_GAAGAGCACTCGTAGT	0	0	0
day0_GAAGAGCACTGCCTAA	2	0	0
day0_GAAGAGCACTTGCTGA	3	0	5
day0_GAAGATAACCTTCGGG	3	1	1
day0_GAAGATAACTCATCCC	0	0	1
day0_GAAGATAACTGTTCGA	0	1	1
day0_GAAGATTGAACCTGAT	3	0	1
day0_GAAGATTGACTGCTCT	0	0	0
day0_GAAGATTGATCGCTTC	0	2	3
day0_GAAGATTGATGAGCCC	2	0	0
day0_GAAGCAGTGATGCTCA	5	1	3
day0_GAAGCAGTGCGACTTA	2	1	5
day0_GAAGCAGTGGACGTCC	2	0	5
day0_GAAGCAGTGGAGCATG	5	1	1
day0_GAAGCAGTGGATCCGC	4	2	4
day0_GAAGCATCTACCCAAT	0	2	3
day0_GAAGCATCTAGAGGAA	2	1	5
day0_GAAGCATCTCATTTCT	2	0	5
day0_GAAGCATCTGGACGAT	0	0	0
day0_GAAGCATCTTCTACAG	5	0	3
day0_GAAGCCCACAACAATG	3	0	5
day0_GAAGCCCACACAGATA	3	0	1
day0_GAAGCCCACTACTTCT	0	1	1
day0_GAAGCCCTGAGACTAA	5	1	3
day0_GAAGCCCTGCGATCTA	0	0	0
day0_GAAGCCCTGGGATATA	0	0	0
day0_GAAGCGCCTAACACCT	2	0	5
day0_GAAGGCTGAGAGCAAC	0	1	0
day0_GAAGGCTGAGGAGACT	2	1	5
day0_GAAGGCTGAGTTGAGG	0	0	0
day0_GAAGGCTGATCCCGTT	2	0	5
day0_GAAGGCTGATGGAGCA	5	0	3
day0_GAAGGCTGATGTGGAG	0	1	0
day0_GAAGGCTGATTCATCT	6	0	1
day0_GAAGGTGACCCATAGT	2	1	5
day0_GAAGGTGACCCTACCT	3	0	1
day0_GAAGGTGACTACTACG	2	0	5
day0_GAAGGTGACTCGCTTC	2	1	5
day0_GAAGGTGTGACATCGT	3	0	1
day0_GAAGGTGTGCAGCCCA	2	0	5
day0_GAAGTAAACAACATGA	3	1	1
day0_GAAGTAAACCCCGTAG	0	0	0
day0_GAAGTAAACGAATAGT	2	0	5
day0_GAAGTAAACGATCACT	0	1	0
day0_GAAGTAAACGGAACGT	4	2	4
day0_GAAGTGGACCAATGAA	0	0	0
day0_GAAGTGGACGGTAGAC	5	0	3
day0_GAAGTGGACGTCTAAC	5	0	3
day0_GAAGTGGACTTGTCTT	0	0	0
day0_GAAGTTCTGCCTATAG	4	2	4
day0_GAAGTTGCTAGTTCCA	1	0	6
day0_GAATCAAGATACGATC	3	1	1
day0_GAATCAAGATTCGGTA	3	1	1
day0_GAATCGTACGAACATA	3	0	1
day0_GAATCGTTGAATGTGA	3	1	1
day0_GAATCGTTGATGATGA	4	2	4
day0_GAATCGTTGCGTCGCA	0	0	0
day0_GAATCGTTGGTTAGAA	4	2	4
day0_GAATCTGACACCAATC	2	1	5
day0_GAATCTGACATCCCTC	5	0	3
day0_GAATCTGACGAGCCCT	3	1	1
day0_GAATGACCTGGTTCCG	2	0	5
day0_GAATGACCTGTGATGG	5	1	3
day0_GAATGACCTTACCATG	2	0	5
day0_GAATGGTCTAGCCCTG	5	0	3
day0_GAATGGTCTTTACCTT	5	1	3
day0_GAATTCCGACAAGTGG	0	1	0
day0_GAATTCCGAGAAATTG	3	0	5
day0_GAATTCCGAGGTTGTT	5	0	3
day0_GAATTCCGATTCAGTG	0	0	0
day0_GAATTCGACACTGTAC	0	1	0
day0_GAATTCGACCAGCGTC	2	0	5
day0_GAATTCGACGGAGTCA	2	0	5
day0_GAATTGCTGAGCCTCG	4	2	4
day0_GAATTGCTGCGCCCAA	2	0	1
day0_GACAAATGAATAACCC	4	2	4
day0_GACAAATGAGGTTAGG	2	1	5
day0_GACAACACTTCTGGGC	5	0	3
day0_GACAAGGACGTTGTAC	3	1	1
day0_GACAAGGACTTCGGTA	5	0	3
day0_GACAAGTCTACAACAA	1	2	6
day0_GACAAGTCTCAAGGGT	5	1	3
day0_GACAAGTCTCAGTAAA	1	0	3
day0_GACAAGTCTCATCTCC	4	2	4
day0_GACAAGTCTTCCATGA	5	0	3
day0_GACAATAGAATTCTCT	6	0	2
day0_GACAATGCTCATCGAT	0	0	5
day0_GACAATGCTGTACCTA	4	2	4
day0_GACAATGCTTTTGTCT	3	1	1
day0_GACACATACACCTGGC	2	0	2
day0_GACACATACCGCACTG	5	0	3
day0_GACACCGACCTAGAGG	3	1	1
day0_GACACCGACGAACGGT	2	0	5
day0_GACACCGACGGGCTCT	0	1	0
day0_GACACCGTGCGGCACT	0	0	0
day0_GACACCGTGTGATGTC	2	0	5
day0_GACACTTGAAGCGATG	3	0	5
day0_GACACTTGATTTCGTT	0	1	0
day0_GACAGGATGACCTGCG	3	0	1
day0_GACAGGATGGGCGTAA	4	2	4
day0_GACAGGATGTATGTGC	0	0	0
day0_GACAGGTGAACCTGGC	0	0	0
day0_GACAGGTGACAAACAA	3	0	1
day0_GACAGGTGACCCACAG	2	1	5
day0_GACAGGTGACCCTGAG	4	0	4
day0_GACAGGTGATGTTCGA	3	1	1
day0_GACAGTACTAGGTATA	2	0	5
day0_GACAGTACTTGTACGT	0	0	0
day0_GACATCAACAATTCCG	3	0	1
day0_GACATCAACTGGTAAA	0	0	1
day0_GACATCCCTATCTCCC	0	0	5
day0_GACATCCCTATTGGCT	0	1	0
day0_GACATCCCTTGCTTGA	5	1	3
day0_GACATTGTGAACGCTT	3	1	1
day0_GACATTGTGCCAGAGA	0	0	0
day0_GACCAATTGACGTAGG	2	0	5
day0_GACCAATTGCTTGTGA	1	0	6
day0_GACCAATTGTTCACAG	2	0	0
day0_GACCACGACATGACCT	2	0	3
day0_GACCACGACTGTGGGA	2	0	5
day0_GACCAGAGAACAGTAA	2	0	5
day0_GACCAGAGACCTACCT	0	0	0
day0_GACCAGAGAGATTACC	3	0	1
day0_GACCAGAGAGCTAACT	2	0	5
day0_GACCAGAGATGGCCTG	0	0	0
day0_GACCAGCTGAGACACG	0	1	1
day0_GACCAGCTGGCGTGTC	3	1	1
day0_GACCAGCTGGTCGATT	2	1	5
day0_GACCAGCTGTCCTCCA	0	0	0
day0_GACCCACGAAGTCTCA	4	2	4
day0_GACCCACGATAAACCC	0	1	1
day0_GACCCGAACCGTTGGC	4	2	4
day0_GACCCTACTCTACGAT	0	0	0
day0_GACCCTACTTGCCCGA	4	2	4
day0_GACCCTTTGAAGGTAT	2	0	5
day0_GACCCTTTGGACTACT	0	1	1
day0_GACCCTTTGGTTAACC	5	0	3
day0_GACCGAAGACAGCCCA	2	0	5
day0_GACCGAAGAGGCTCTG	4	2	4
day0_GACCGAAGAGTCTACA	2	0	5
day0_GACCGACTGGAATGAT	4	2	4
day0_GACCGACTGGATATGA	2	1	5
day0_GACCGACTGGTAGAAT	3	0	1
day0_GACCGACTGTTACGAC	5	1	3
day0_GACCGCATGGAGGCAT	2	1	5
day0_GACCGCATGTTGCAGT	5	0	3
day0_GACCGCATGTTTGTGG	2	0	5
day0_GACCGTGTGAGCGTTT	3	0	1
day0_GACCGTGTGGGGTTCC	3	1	1
day0_GACCTCACTAGCTTGT	0	0	1
day0_GACCTCACTCTCATGA	5	0	3
day0_GACCTCTTGAATGAAC	3	0	1
day0_GACCTCTTGTCCATTT	3	0	1
day0_GACCTGGACCCTCTAC	2	0	5
day0_GACCTGGTGAAACCCT	3	0	1
day0_GACCTGGTGTAACTCG	5	0	3
day0_GACGACAGAGGGCTTC	3	0	5
day0_GACGACAGATTACCTT	0	0	0
day0_GACGAGAACTCCTTCG	3	0	1
day0_GACGATGGACCTGAAT	3	1	1
day0_GACGATTTGCCGCAAC	0	0	0
day0_GACGCGTACCGTGGCT	4	2	4
day0_GACGCTGACACGATTC	3	0	1
day0_GACGCTGACAGAAGGA	2	0	0
day0_GACGCTGACCGTGCGT	5	1	3
day0_GACGCTGACCTTGTGA	5	1	3
day0_GACGCTGACGTTCTTT	2	0	5
day0_GACGGTCACCTCCTCA	3	0	1
day0_GACGGTGCTGGAACAC	0	0	5
day0_GACGTAACTAACACTC	2	0	5
day0_GACGTAACTAAGTGAT	5	0	3
day0_GACGTAACTATTGCTG	5	0	3
day0_GACGTAACTCATTACG	0	0	0
day0_GACGTAACTGGGTTCC	4	2	4
day0_GACGTCCGAAGCCTCG	0	1	1
day0_GACGTCCGACGCTGAC	2	1	5
day0_GACGTCCGACGGATGA	2	0	5
day0_GACGTCCGAGAACGTG	3	0	5
day0_GACGTCGTGCACTAAC	2	0	5
day0_GACGTCGTGGAATGAT	2	1	5
day0_GACGTTCCTCCATTCC	2	0	5
day0_GACGTTCCTGTTGACT	5	0	3
day0_GACGTTCCTTGTGAGG	2	0	5
day0_GACGTTTGACGAGAGT	4	2	4
day0_GACGTTTGACTTCACC	3	0	1
day0_GACGTTTGATATTCCT	3	0	1
day0_GACGTTTGATCGTGAT	3	1	1
day0_GACTAAGCTACCGAAG	0	0	1
day0_GACTAAGCTCCCGTGA	2	0	5
day0_GACTAAGCTGAGCAAC	2	0	5
day0_GACTAAGCTTTTGTCT	3	0	1
day0_GACTATGACCTGGTTA	2	0	5
day0_GACTATGACGAAATTG	2	0	6
day0_GACTATGACGGTCATT	0	1	1
day0_GACTATGACTTTCCGC	2	0	5
day0_GACTATTCTACAACCT	2	0	5
day0_GACTCATGAAGTTGGG	3	1	1
day0_GACTCATGAGGCAATG	3	0	1
day0_GACTCCTACATGACCT	3	0	1
day0_GACTCCTACATGGCAG	2	1	5
day0_GACTCCTACGGTTGTT	2	0	5
day0_GACTCCTTGCACGGTC	0	1	0
day0_GACTCCTTGGAATGAT	5	0	3
day0_GACTCCTTGTCAAAGA	0	0	0
day0_GACTCCTTGTTGGAGG	2	0	5
day0_GACTCCTTGTTGGTTG	2	0	5
day0_GACTGCCGAAGAAATC	2	0	5
day0_GACTGCCGAGCGCTCA	0	0	0
day0_GACTGCGACGTAACCT	2	1	5
day0_GACTGCGTGCAGCGCT	5	0	3
day0_GACTGCGTGCTAACAC	3	1	1
day0_GACTGCGTGGTATCTG	2	0	5
day0_GACTGCGTGTAACCCA	5	1	3
day0_GACTGCTCTCAGGACA	0	1	0
day0_GACTGTCCTTCAAAGA	2	0	5
day0_GACTGTCCTTCTACCC	0	1	0
day0_GACTTCCACCACCCGA	5	1	3
day0_GACTTCCACCACTTAG	2	0	5
day0_GACTTCCACGAAGTAT	0	1	0
day0_GACTTCCACTGACTCA	0	1	1
day0_GACTTCCACTGATCCA	3	0	1
day0_GACTTCCTGAAGATCA	3	0	5
day0_GACTTGAACACTGAAA	4	2	4
day0_GACTTGAACCCTATAG	3	2	0
day0_GACTTGAACTCTAGAC	2	0	5
day0_GACTTGAACTTGAGTC	2	0	5
day0_GAGAAATACAAGTATG	2	0	5
day0_GAGAAATACATTAGGA	0	0	0
day0_GAGAAATACTCCCTGT	3	0	5
day0_GAGAAATACTGTTGGT	0	1	1
day0_GAGAAATTGATTCTTC	5	1	3
day0_GAGAAATTGCCATAGT	3	0	1
day0_GAGAAATTGCGACTTA	0	1	1
day0_GAGAAATTGCTCCCAT	0	1	0
day0_GAGAAGGCTATTGCTG	2	0	5
day0_GAGAAGGCTTGTGGAG	0	0	5
day0_GAGAAGGCTTTCACAG	3	0	1
day0_GAGAATAACAGTCATC	3	0	1
day0_GAGAATAACGTCGTTA	3	1	5
day0_GAGAATAACTTTGTCT	2	1	5
day0_GAGACCCTGAATGTAG	5	1	3
day0_GAGACCCTGGAGTGAC	3	1	1
day0_GAGACTACTCGTCCAG	5	0	3
day0_GAGACTACTCTCCCAT	5	0	3
day0_GAGACTACTGTATAGA	0	0	0
day0_GAGAGACTGTTCTGGA	0	1	0
day0_GAGAGCTGACTGTAAC	0	1	0
day0_GAGAGCTGATCCTTCG	0	1	0
day0_GAGAGTGACAGCGAAC	3	0	1
day0_GAGAGTGACCCATCTC	5	0	3
day0_GAGAGTGACTCGAGAG	0	0	0
day0_GAGATACCTAACCTCA	4	2	4
day0_GAGATACCTAACGTTC	2	0	5
day0_GAGATACCTAGGCCCT	3	0	5
day0_GAGATCGGACGGCACT	2	1	5
day0_GAGATCGGAGGGACAT	4	2	4
day0_GAGATCGGATGACTCA	0	0	0
day0_GAGATGGACAGGTAAT	4	2	4
day0_GAGATGGACCGGAACA	5	0	3
day0_GAGATGGACGAACGAC	2	0	5
day0_GAGCAAGACAGTGTGG	2	1	5
day0_GAGCAAGACAGTGTTC	2	0	1
day0_GAGCAAGACGGAACTG	2	0	5
day0_GAGCAAGACTGGTTAC	2	0	5
day0_GAGCACAGAACAACCT	2	0	5
day0_GAGCACAGAAGTAAAC	5	1	3
day0_GAGCACAGAATCCCTC	5	0	3
day0_GAGCACAGAATTCAGC	5	1	3
day0_GAGCACAGAGATCACT	5	0	3
day0_GAGCACAGAGTCGATT	2	0	5
day0_GAGCACAGAGTTGGTT	2	1	5
day0_GAGCACGCTAACAGGC	1	0	4
day0_GAGCACGCTTGGTCTA	3	0	1
day0_GAGCAGTGAGTTCTTT	0	0	0
day0_GAGCAGTGATGTTGTG	2	0	5
day0_GAGCATTACCCGATCG	2	1	5
day0_GAGCATTACCGCTGAC	0	0	0
day0_GAGCATTACGAAGGAA	4	2	4
day0_GAGCATTTGCTAACCA	2	0	5
day0_GAGCATTTGGATGAAT	3	1	1
day0_GAGCATTTGTAGACCT	5	1	3
day0_GAGCCAAGACCATGGC	0	0	0
day0_GAGCCAAGACCTATAG	4	2	4
day0_GAGCCAAGATTGAGCT	5	1	3
day0_GAGCCACTGAATGGCG	2	1	5
day0_GAGCCACTGCCAGAGA	5	0	3
day0_GAGCCACTGCCTAAGT	3	0	5
day0_GAGCCACTGGCACTCG	4	2	4
day0_GAGCCAGCTACTGTAC	0	1	0
day0_GAGCCAGCTGGGTCAA	3	0	3
day0_GAGCCGTTGATTGCTG	3	1	1
day0_GAGCCGTTGCCTCGAG	2	0	0
day0_GAGCCTTCTAACACTC	5	1	3
day0_GAGCCTTCTATCCTTT	2	1	3
day0_GAGCGAAACCCTGTCT	3	1	1
day0_GAGCGAAACGAAATAC	4	2	4
day0_GAGCGAAACGGTTAGG	4	2	4
day0_GAGCGATGAACACGGA	3	1	1
day0_GAGCGCACTCGCGTGT	5	0	3
day0_GAGCGCACTGTACTAC	4	2	4
day0_GAGCGCACTTGTGGTT	2	0	5
day0_GAGCGCTACTCTACGA	4	2	4
day0_GAGCGCTTGCATCAGT	1	0	6
day0_GAGCGCTTGCCCGATG	2	0	5
day0_GAGCGCTTGCGCTTCT	0	1	0
day0_GAGCGCTTGGTTTGGT	0	0	0
day0_GAGCGTCTGAATCCCA	0	1	0
day0_GAGCGTCTGAGTCATC	2	0	5
day0_GAGCGTCTGCCATGCG	3	0	1
day0_GAGCGTCTGCTCGCTT	4	2	4
day0_GAGCGTCTGTTGGGAG	2	1	3
day0_GAGCTAGGAATCGAAA	3	0	1
day0_GAGCTAGGACATCCAA	3	1	1
day0_GAGCTAGGATGAATGA	3	1	1
day0_GAGCTATACCAGTGAG	2	0	5
day0_GAGCTATACCTGTAAC	2	0	5
day0_GAGCTCGACAGCAATA	5	0	3
day0_GAGCTCGACCGCAAGA	0	1	0
day0_GAGCTCGACCTGTAAC	4	2	4
day0_GAGCTCGACGAGTCCC	2	1	5
day0_GAGCTCGACTCGGTAT	2	0	5
day0_GAGGAACACCAGAAAT	2	0	5
day0_GAGGAACACCAGCGTC	4	0	4
day0_GAGGAACACCAGGCTC	4	2	4
day0_GAGGAACACCCCTCAT	3	0	5
day0_GAGGAACACCTTGATG	0	0	0
day0_GAGGAACACTATTCCT	0	0	5
day0_GAGGAGACTTTCACTT	3	0	1
day0_GAGGCAATGCCTGATA	4	2	4
day0_GAGGCAATGGGAACGT	4	2	4
day0_GAGGCAATGTTATGCG	3	1	1
day0_GAGGCACCTCGTTCAA	4	2	4
day0_GAGGCACCTCTCTCCA	0	1	0
day0_GAGGCCACTCAAACTC	3	1	1
day0_GAGGCCACTCTGAAGG	0	1	0
day0_GAGGCCACTGCAGGTA	5	0	3
day0_GAGGCCTTGACATGAA	3	0	1
day0_GAGGCCTTGTCACCGG	2	0	5
day0_GAGGCTAGAGGCGATA	3	0	1
day0_GAGGCTGCTCTGCAGC	0	0	0
day0_GAGGCTGCTTACCTTT	2	0	5
day0_GAGGGATACAGGAATT	5	1	3
day0_GAGGGATACGGTCATT	2	1	5
day0_GAGGGATACTCGCTTC	3	0	5
day0_GAGGGATACTTGCAGT	3	1	1
day0_GAGGGATACTTTCTGT	0	0	1
day0_GAGGGTAACGCAGGTA	3	0	5
day0_GAGGTACGAATTAGGA	5	1	3
day0_GAGGTCCACGAAGGTC	5	1	3
day0_GAGGTTACTAGTGGAC	3	1	1
day0_GAGGTTACTCGAGTGA	4	0	4
day0_GAGGTTACTTGCACGC	3	0	1
day0_GAGGTTACTTTCTTTG	5	1	3
day0_GAGTAATGAAAGAATC	0	0	0
day0_GAGTAATGAGCATGGA	5	0	3
day0_GAGTAATGATTGGTGT	2	1	5
day0_GAGTATAGAGGGAACT	3	1	1
day0_GAGTATAGATGACCCG	0	1	1
day0_GAGTATCACAAGGAAG	3	1	1
day0_GAGTATCACGACACCC	4	2	4
day0_GAGTATCACTGGATCT	3	0	1
day0_GAGTATCTGAGGGTCA	3	0	1
day0_GAGTATCTGCCGTGAC	0	1	0
day0_GAGTATCTGTGGCATT	3	1	1
day0_GAGTATGCTAGGCATG	5	0	3
day0_GAGTATGCTTACAACC	4	2	4
day0_GAGTCCTCTCATTTCT	3	0	1
day0_GAGTCCTCTTTTCTAC	2	0	1
day0_GAGTCTATGAATCACC	0	1	0
day0_GAGTCTATGTTGCATG	5	0	3
day0_GAGTGAGTGCACAAGG	1	1	6
day0_GAGTGAGTGCCATCGG	1	1	6
day0_GAGTGAGTGGCTGCAC	0	1	0
day0_GAGTGAGTGGTACCTA	0	0	0
day0_GAGTGATCTAGCTTGT	0	1	0
day0_GAGTGATCTGGAGTCA	4	2	4
day0_GAGTGATCTTGGCCTG	2	1	5
day0_GAGTGCCACACGACTT	0	1	0
day0_GAGTGCCACCACTAAC	5	1	3
day0_GAGTGCCACGGACGTA	4	0	4
day0_GAGTGCCACTCTACAG	2	0	5
day0_GAGTGCCACTGGTGGA	2	0	5
day0_GAGTGCCTGATTCAGC	2	0	5
day0_GAGTGCCTGTAGAATG	4	2	4
day0_GAGTGCCTGTTGTAGC	9	1	7
day0_GAGTGGCCTAGACACG	2	0	5
day0_GATAAAGACACTAAGA	3	0	1
day0_GATAAAGACACTGCCG	5	1	3
day0_GATAAAGACCTGCTCT	0	1	0
day0_GATAAAGTGCGTGGAA	2	1	5
day0_GATAAAGTGGAGATTA	2	1	1
day0_GATAAGTGAACAACAA	1	1	6
day0_GATAAGTGAATGGAAT	0	0	5
day0_GATAAGTGATAACCCA	0	1	1
day0_GATAAGTGATGTTCTT	0	1	0
day0_GATACACTGAGGTTCT	2	0	5
day0_GATACACTGTGTTCGA	3	0	1
day0_GATACGTTGAACGTTC	2	1	5
day0_GATACGTTGCCAAGCC	5	1	3
day0_GATACTGTGCCCGATG	0	0	0
day0_GATACTGTGGTGAGAC	5	0	3
day0_GATACTTCTGGCAATG	2	0	5
day0_GATAGAAACCTACCGG	5	1	3
day0_GATAGAAACGTACTAC	3	1	1
day0_GATAGATGACCCGTGA	0	1	0
day0_GATAGATGACTCAATG	5	0	3
day0_GATAGATGAGGTCATT	3	0	5
day0_GATAGATGATACTTCT	4	2	4
day0_GATAGGCGAGATTGAA	2	0	5
day0_GATAGGCGAGTAAGTA	1	0	6
day0_GATAGGCGATGCACTA	3	0	1
day0_GATAGGGTGAACACCT	4	2	4
day0_GATAGGGTGACATGAA	4	2	4
day0_GATAGGGTGCAGTACT	0	1	0
day0_GATAGGGTGGCATTCA	4	2	4
day0_GATAGTAGAAGCTTGT	6	1	1
day0_GATAGTAGACGATCGC	3	0	5
day0_GATAGTAGATGATAGA	5	0	3
day0_GATATGGCTATTGCTG	2	0	4
day0_GATATGGCTGCATTAC	1	0	6
day0_GATATGGCTGTACTAC	3	0	1
day0_GATCAAAGACCGAAAG	0	0	0
day0_GATCAAAGAGAATAGT	3	0	1
day0_GATCAACACATCGAAA	2	0	5
day0_GATCAACACTGCACTA	2	2	5
day0_GATCACTGAACCAGAG	3	1	1
day0_GATCACTGACCCGTGA	3	0	1
day0_GATCAGTTGACGACTT	4	2	4
day0_GATCAGTTGAGTAAAC	3	1	1
day0_GATCCAATGATTCGAC	3	0	5
day0_GATCCAATGTCCCTCA	4	0	4
day0_GATCCAATGTGGTTAC	4	2	4
day0_GATCCATGAACAACAA	0	0	0
day0_GATCCATGACGAACTT	5	1	3
day0_GATCCATGATTCGGTA	5	0	3
day0_GATCCGGACCGTCGCA	3	1	1
day0_GATCCGGACCTTCCAC	0	1	0
day0_GATCCGGACGCTGCAC	5	0	3
day0_GATCCGTCTATGCAGG	2	0	5
day0_GATCCGTCTGAGGAGG	0	1	0
day0_GATCCTCACTGTGACT	2	0	5
day0_GATCGAGGACACGCCA	5	0	3
day0_GATCGAGGACCCTGTT	2	0	5
day0_GATCGAGGACCTCTAC	2	0	5
day0_GATCGAGGAGGCATGA	0	1	0
day0_GATCGAGGATCACCGG	4	2	4
day0_GATCGATACACTCCCT	5	1	3
day0_GATCGATACATGTAGA	2	0	5
day0_GATCGATACCTTTCAT	3	2	4
day0_GATCGATACTCTTTGT	4	2	4
day0_GATCGCCGACCCGATG	0	1	0
day0_GATCGGAGACCATCTC	3	0	1
day0_GATCGGAGATTGAGTC	3	0	1
day0_GATCGTAACTTCTGGA	3	0	5
day0_GATCTAGACAGTTAGA	2	0	5
day0_GATCTAGACCAGACCC	1	0	6
day0_GATCTAGACGCCCTTT	2	1	5
day0_GATCTAGACTAGGCAG	2	0	5
day0_GATCTAGACTGATAGA	0	1	1
day0_GATCTAGACTTGAGCT	3	0	1
day0_GATCTAGACTTGCCTC	2	0	5
day0_GATCTCAGAAGATTGA	2	0	5
day0_GATCTCAGACATCAGT	0	1	1
day0_GATCTCAGACGTTGGC	5	0	3
day0_GATCTCAGATTGCCTC	6	0	1
day0_GATCTCAGATTGTGTG	2	0	5
day0_GATGAACCTACAAAGT	5	0	3
day0_GATGAACCTACTAAGA	4	2	4
day0_GATGAACCTATGGTAA	0	1	0
day0_GATGAACCTCATGGTT	4	2	4
day0_GATGAATGATTCGGGC	3	1	1
day0_GATGACACTAAGAATC	2	1	0
day0_GATGACACTACTCATG	3	0	1
day0_GATGACACTCCCACGA	2	1	5
day0_GATGACTTGAATACCC	3	1	1
day0_GATGACTTGATCCCTC	2	1	5
day0_GATGACTTGCAGTAAA	3	0	1
day0_GATGAGCGAACTTCCC	2	0	5
day0_GATGAGCGAGTCCCGA	5	0	3
day0_GATGAGCGAGTTAACC	4	2	4
day0_GATGAGGACAGTCTTG	4	2	4
day0_GATGAGGACCGAGAGT	2	0	5
day0_GATGAGGACGATCAAA	0	1	0
day0_GATGAGGACTGAAGAT	3	1	1
day0_GATGAGTCTCACAGCC	2	1	5
day0_GATGAGTCTCAGACCC	0	1	0
day0_GATGAGTCTCGTGATT	0	1	0
day0_GATGATCACAGCCAGA	0	0	1
day0_GATGATCACATCACAC	0	1	1
day0_GATGATCTGGGGATGT	5	1	3
day0_GATGATCTGTGGGTAG	2	0	0
day0_GATGCAACTGAGCATG	3	1	1
day0_GATGGACGAATTGGCT	2	0	4
day0_GATGGACGAGGAATTA	3	0	1
day0_GATGGACGATACAGAA	0	0	0
day0_GATGGCGCTAGCGAAC	0	0	0
day0_GATGGCGCTCCTGTAA	5	0	3
day0_GATGGCGCTCGAAAGC	3	1	1
day0_GATGGTACTAACCTAC	5	1	3
day0_GATGGTTTGCAATCTG	3	0	5
day0_GATGGTTTGGCTGCAC	4	2	4
day0_GATGGTTTGTAGGATA	2	1	5
day0_GATGGTTTGTGGCCTG	3	0	1
day0_GATGTACACTACCGTA	2	0	5
day0_GATGTACACTTTCGTT	0	1	0
day0_GATGTCTGAACATCCA	5	0	3
day0_GATGTCTGAAGGTAAT	4	0	0
day0_GATGTCTGAGAAGGTC	3	1	1
day0_GATGTTGACAGGAATT	0	0	0
day0_GATGTTGACCAGGGAT	5	0	3
day0_GATGTTGACCGATGAG	2	0	1
day0_GATGTTGACTCCTAAG	2	1	5
day0_GATTACGACAAACTGA	5	0	3
day0_GATTACGACACGTGCC	0	0	0
day0_GATTACGACCGAGTGA	0	0	0
day0_GATTATCCTAAGTCCT	5	0	3
day0_GATTATCCTGGATTAA	4	2	4
day0_GATTATCCTTAAAGAC	3	0	5
day0_GATTCAGTGATGACCT	2	0	5
day0_GATTCAGTGTGCCGCA	2	1	5
day0_GATTCATCTAAGAATC	4	2	4
day0_GATTCATCTACAGATA	2	0	5
day0_GATTCATCTGAAGGAA	5	1	3
day0_GATTCATCTTCACCGG	2	0	5
day0_GATTCATCTTCCTCAC	5	1	3
day0_GATTCCCTGTGTGGAG	4	2	4
day0_GATTCCCTGTTCAGTG	4	2	4
day0_GATTCTACTACATCGT	2	0	5
day0_GATTCTACTCGCCCAA	0	0	0
day0_GATTGCCCTATCATGC	4	2	4
day0_GATTGCCCTCATCGAT	3	0	1
day0_GATTGCCCTGGGCTCT	0	0	1
day0_GATTGCTGAATCGCAT	4	0	4
day0_GATTGCTGACAATGAA	5	1	3
day0_GATTGGTACAGTTAGA	5	0	3
day0_GATTGGTACCTAGAGG	0	0	0
day0_GATTGGTACTGATCGT	2	1	5
day0_GATTGGTTGAGATTGA	5	1	3
day0_GATTGGTTGCACGTGC	2	1	5
day0_GATTGGTTGGGCGATA	0	0	0
day0_GATTGGTTGGTATAGA	0	1	0
day0_GATTGGTTGTAGAACA	0	0	0
day0_GATTGTGACGGGTGTA	2	1	0
day0_GATTGTGACGTGGACA	5	1	3
day0_GATTGTGACTGTCTAG	3	0	1
day0_GATTGTGACTTACCTT	3	0	5
day0_GATTGTGACTTGCCTC	0	1	1
day0_GATTTCGGAACGCTTA	3	1	1
day0_GATTTCGGAAGGACAC	0	1	0
day0_GATTTCGGAATCTGCA	4	2	4
day0_GATTTCGGAGTCATTG	0	0	0
day0_GATTTCTTGATTGAAG	0	0	0
day0_GATTTCTTGTTGAGTC	2	0	5
day0_GATTTGGACAATGGCG	3	1	1
day0_GATTTGGACCTACAAC	2	0	5
day0_GATTTGGACCTAGAGG	2	1	5
day0_GATTTGGACTCTACGA	2	1	5
day0_GATTTGGTGACATCCA	5	1	3
day0_GATTTGGTGACGGAAC	3	0	1
day0_GATTTGGTGCCATTCC	0	1	0
day0_GATTTGGTGGAGTAAT	2	1	5
day0_GATTTGGTGTGGGATG	4	2	4
day0_GCAAACTTGAGGATAT	0	1	0
day0_GCAAACTTGCAGAAAT	5	0	3
day0_GCAAACTTGCGCACTG	0	1	0
day0_GCAAACTTGTTACTTC	3	1	1
day0_GCAAAGGACGACTTAC	2	0	5
day0_GCAAATGCTAACATCC	0	1	0
day0_GCAAATGCTTAGGCAG	0	1	1
day0_GCAAATGCTTGGTTGT	0	1	1
day0_GCAACAGGAACAGTTC	2	0	5
day0_GCAACAGGACGTGTTA	5	1	3
day0_GCAACAGGATGTGATC	4	2	4
day0_GCAACATTGATCGGAG	3	0	5
day0_GCAACATTGGAATAGT	5	0	3
day0_GCAACGCTGATCACCA	3	0	1
day0_GCAACGCTGCTAACCA	2	0	5
day0_GCAACGCTGGCCTCAG	4	2	4
day0_GCAACGCTGTCTGGCG	4	2	4
day0_GCAACGGCTGCCTGTG	6	0	2
day0_GCAACGGCTTCCATTT	4	2	4
day0_GCAACGGCTTTTGGTG	3	0	1
day0_GCAACTTGAACACCCG	4	2	4
day0_GCAAGCCACACCTCCT	3	0	5
day0_GCAAGCCACCATCGGC	3	0	1
day0_GCAAGCCACCGATCGC	0	1	5
day0_GCAAGCCTGTGCTGGC	3	0	1
day0_GCAAGGAACCTGACCG	5	2	5
day0_GCAAGGAACTCCTCAC	4	2	4
day0_GCAAGGATGAAATGGT	5	1	3
day0_GCAAGGATGTTAGAAG	0	0	1
day0_GCAAGGCCTCGCTTGG	2	1	5
day0_GCAAGGCCTGGATATA	0	0	1
day0_GCAATACACCACGCAC	3	0	1
day0_GCAATACACTGAAGAT	5	1	3
day0_GCAATACACTGACGCC	0	0	0
day0_GCAATCTGAACATCGT	2	0	5
day0_GCAATCTGAACTGTCA	2	0	5
day0_GCAATCTGACCCAGTG	3	1	1
day0_GCAATGACTAGTGTTC	2	0	5
day0_GCAATGACTTTGTCTT	5	0	3
day0_GCAATGTACACTTCGA	4	0	5
day0_GCAATGTACATGGTCT	5	0	3
day0_GCAATGTACCGTGCGT	2	2	5
day0_GCAATTTCTACATCGT	5	0	3
day0_GCAATTTCTATGGGAC	2	1	5
day0_GCAATTTCTTACCTAG	0	0	0
day0_GCAATTTCTTCCCGTT	2	0	5
day0_GCACAATTGACAATGA	2	1	5
day0_GCACAATTGAGGATAT	0	0	0
day0_GCACAATTGAGGTAGC	2	0	5
day0_GCACAATTGCTCAATG	4	2	4
day0_GCACAATTGTTTCCGC	4	2	4
day0_GCACACGTGCAAACAA	2	1	5
day0_GCACACGTGGCCTGTG	5	0	3
day0_GCACACTCTGGACGAT	3	0	1
day0_GCACAGCTGGACGTCC	2	0	2
day0_GCACAGCTGGTCGTTA	0	0	0
day0_GCACAGGCTGGACTGA	3	1	5
day0_GCACAGGCTTAGGAAT	2	0	5
day0_GCACAGGCTTGGCAGA	4	2	4
day0_GCACAGGCTTTTGTCT	2	0	5
day0_GCACATAACGACCCGT	3	1	1
day0_GCACGAAGAATGCTCA	4	2	4
day0_GCACGAAGACCTCGAG	5	0	3
day0_GCACGAGCTCACCCGA	0	0	0
day0_GCACGAGCTGAATGAT	4	2	4
day0_GCACGCATGTAGGCAG	0	0	0
day0_GCACGGTACATACGCT	3	1	1
day0_GCACGGTACCCGATGC	2	0	5
day0_GCACGGTACTTCTATC	4	2	4
day0_GCACGGTTGGGACAGT	2	0	5
day0_GCACGTGACAGCCATT	4	2	4
day0_GCACGTGACAGGACGT	2	1	5
day0_GCACGTGACCCCGTGA	4	2	4
day0_GCACGTGACTCGAGGA	0	1	0
day0_GCACGTTCTACCTCCT	2	0	5
day0_GCACGTTCTCATCACA	3	0	1
day0_GCACGTTCTGTTGACT	1	1	1
day0_GCACGTTCTTGTTGGT	3	1	1
day0_GCACTCACTAGCGTTT	2	0	5
day0_GCACTCACTGAAGGTC	1	1	6
day0_GCACTCACTGGATGAC	2	0	5
day0_GCACTCGGAAGCCACC	2	0	5
day0_GCACTCGGACTGGCTG	5	1	3
day0_GCACTCGGATTGGTGT	2	1	5
day0_GCACTGCGAACTTACG	0	1	0
day0_GCACTGCGACACAGCC	4	2	4
day0_GCACTGCGACTGTATG	3	0	1
day0_GCACTTCTGCTTGCGG	3	0	1
day0_GCACTTCTGGTTTGAC	3	0	5
day0_GCACTTCTGTCATGTG	5	1	3
day0_GCACTTCTGTGTGAAA	2	0	5
day0_GCACTTGCTGAGATTA	2	0	5
day0_GCACTTGCTTAGGATA	5	0	3
day0_GCAGAACGAGCATGAG	2	0	5
day0_GCAGAACGAGTTAGGG	3	0	5
day0_GCAGAACGAGTTGAGG	3	0	1
day0_GCAGACCACAGAGGAA	4	2	4
day0_GCAGACCACCTGCAGC	2	0	5
day0_GCAGACCACGACGCAA	5	1	3
day0_GCAGACCACGTACTAC	3	0	1
day0_GCAGACCACTGAACAA	0	0	0
day0_GCAGACCACTTCAGCA	2	0	5
day0_GCAGACGCTCCTCGAG	3	1	1
day0_GCAGACGCTCGGATGA	4	2	4
day0_GCAGACGCTGGGTTCC	2	1	5
day0_GCAGACGCTTCTCAAG	2	0	5
day0_GCAGATACTACAAAGT	0	1	0
day0_GCAGATACTACTGAAA	2	2	4
day0_GCAGATACTACTGTAC	1	0	6
day0_GCAGATACTGGGCTCT	3	1	1
day0_GCAGATGGAAATCCCA	0	0	0
day0_GCAGATGGATAGAATG	5	1	3
day0_GCAGCCATGAGATCCT	4	2	4
day0_GCAGCCATGAGGAAGA	0	1	0
day0_GCAGCTCGAACCCAAT	1	0	6
day0_GCAGCTCGAATCCGAT	0	0	0
day0_GCAGCTCGAGCCCTGA	0	0	1
day0_GCAGCTCGAGGGTTAG	5	0	3
day0_GCAGCTGTGAACCCAT	5	0	3
day0_GCAGCTGTGCCTATAG	0	0	0
day0_GCAGCTGTGCTTAGTG	3	1	1
day0_GCAGCTGTGGGAAGCT	4	2	5
day0_GCAGCTGTGTGATCCA	4	2	4
day0_GCAGCTTCTAATTGAG	0	1	0
day0_GCAGGACCTGCCTGCA	5	1	3
day0_GCAGGACCTGTTGACT	4	2	4
day0_GCAGGATGAACAGTTC	3	0	5
day0_GCAGGATGAATGGCTT	2	0	5
day0_GCAGGATGACAAACTC	2	0	5
day0_GCAGGATGACCCTCAT	4	2	4
day0_GCAGGATGATCGTGAT	3	1	1
day0_GCAGGCTTGCAAGATA	2	1	5
day0_GCAGGCTTGTTTGAGC	0	0	0
day0_GCAGGTCACACCGTGC	3	0	1
day0_GCAGGTCACACGACTT	2	0	0
day0_GCAGGTCACCGATCGC	2	0	5
day0_GCAGGTCACGAGGAAA	5	1	3
day0_GCAGGTCACTAGGAAT	5	1	3
day0_GCAGGTCTGAAATCGA	4	2	4
day0_GCAGGTCTGAGGACAC	2	0	5
day0_GCAGGTCTGCTTATGG	0	1	0
day0_GCAGGTCTGTCCAAAC	2	1	5
day0_GCAGGTCTGTCGTCCT	5	0	3
day0_GCAGGTGCTAATTGAG	2	1	1
day0_GCAGGTGCTTCGGTAT	3	0	1
day0_GCAGTAGGAAGAAATC	2	0	1
day0_GCAGTAGGAATGACTC	0	0	1
day0_GCAGTAGGAGGCATGA	5	0	3
day0_GCAGTAGGATCGGTAT	2	0	5
day0_GCAGTCCGAAACGGTG	0	1	1
day0_GCAGTCCGATTAGTGC	2	0	5
day0_GCAGTCCGATTCCTCG	4	2	4
day0_GCAGTCGACAGTGTTC	0	0	0
day0_GCAGTCGACCAGCTGC	0	1	0
day0_GCAGTCGACCCCAATA	2	0	0
day0_GCAGTCGACCGTCCAG	4	2	4
day0_GCAGTTTGACGGATAG	1	0	1
day0_GCAGTTTGATCACAAC	0	1	0
day0_GCATACAACCCTGCGA	2	0	5
day0_GCATATGACACCATCA	2	0	5
day0_GCATATGACGTTACAC	3	1	1
day0_GCATATGACTTGCTGA	3	0	5
day0_GCATATGTGACCCGCA	3	0	1
day0_GCATATGTGGTCGATT	3	1	1
day0_GCATATGTGGTCTACA	2	0	5
day0_GCATCCTTGACCTGGC	3	1	1
day0_GCATCCTTGAGCACGA	3	0	1
day0_GCATCCTTGCAGTACT	3	0	5
day0_GCATCCTTGCTAAGGG	3	0	1
day0_GCATCCTTGGCAGCCT	0	0	0
day0_GCATCTCTGAGGCGAT	2	0	5
day0_GCATCTCTGCTGTACA	5	0	3
day0_GCATCTCTGTGGTTAC	4	2	4
day0_GCATGAACTGGACAAC	2	0	5
day0_GCATGAACTGGACTGA	3	0	1
day0_GCATGATACACGTGGA	1	0	3
day0_GCATGATACTTGAGTC	2	0	0
day0_GCATGCGACAAGACAT	2	2	1
day0_GCATGCGACGGCAATG	4	2	4
day0_GCATGCGACTCTTTGT	5	0	3
day0_GCATTACGACAGGTAG	3	0	1
day0_GCATTACGAGAGAGTC	2	0	5
day0_GCATTCAGAATCTCCC	3	1	1
day0_GCATTCAGAATGGTCT	2	0	5
day0_GCATTCAGACCATCAA	0	0	0
day0_GCATTCAGAGATCTAC	0	1	0
day0_GCATTCAGAGCCTGCA	3	0	1
day0_GCATTCAGAGTAACTC	5	1	3
day0_GCATTCCACACACGGA	4	0	4
day0_GCATTCCACGTGATGG	3	1	1
day0_GCATTCCACTACCCAA	0	1	0
day0_GCATTCCACTTGGAGG	0	1	1
day0_GCATTCGCTGAGTCCC	3	1	1
day0_GCATTCGCTTAGATCC	3	1	1
day0_GCATTGCCTCTCGCAG	1	0	6
day0_GCATTGCCTGACTGCC	4	2	5
day0_GCATTGCCTTCACGGC	4	2	4
day0_GCATTGCCTTGACGTT	5	0	3
day0_GCATTTGGAATGGCCC	5	0	1
day0_GCATTTGGAGAAATAC	4	2	4
day0_GCATTTGGATACCCTC	3	0	5
day0_GCCAACGTGCATCGGC	2	0	1
day0_GCCAACGTGTCTTTGT	4	2	4
day0_GCCACACGAAAGTGAT	0	0	0
day0_GCCACACGAACCTGGC	4	2	4
day0_GCCACACGACAAACAA	2	0	5
day0_GCCACAGACCACGCCA	0	0	0
day0_GCCACAGACTCGAGAG	6	0	2
day0_GCCACCAGAAGGCCCT	5	1	3
day0_GCCACCAGATACCCTC	0	1	0
day0_GCCACCAGATACGATC	1	0	1
day0_GCCACGATGGAGCGTA	2	1	5
day0_GCCACGATGGGACAAC	2	0	5
day0_GCCACGATGTCACTGA	2	0	5
day0_GCCAGAAGAAGAAGGA	3	1	1
day0_GCCAGAAGAATCACCA	3	0	1
day0_GCCAGACTGTTCACAG	2	0	5
day0_GCCAGTGTGACATGAA	0	0	0
day0_GCCATATGACACTTGA	2	0	5
day0_GCCATATGACCAGACC	0	0	0
day0_GCCATATGACCTCCTA	4	2	4
day0_GCCATATGATTTCCGC	2	1	5
day0_GCCATCACTAGGCCTC	1	1	3
day0_GCCATCACTCGGAATG	5	1	3
day0_GCCATCTTGACTGCCG	0	2	4
day0_GCCATCTTGAGGAATT	3	1	1
day0_GCCATCTTGCCTGATA	0	0	0
day0_GCCCAATCTGAGCCCT	3	0	5
day0_GCCCAATCTGATCTAC	0	1	0
day0_GCCCAGATGAGTATGA	0	1	0
day0_GCCCAGATGTCCCTTG	3	0	1
day0_GCCCGAATGACTTCGA	0	1	0
day0_GCCCGAATGCCTGTCT	3	0	5
day0_GCCCGATGAAGACCGA	4	2	4
day0_GCCCGATGATACGATC	2	0	0
day0_GCCCGATGATAGACCT	4	2	4
day0_GCCCGATGATAGCTTG	3	1	1
day0_GCCCGTAGATGCATCA	3	0	1
day0_GCCCTATACTAGCTTG	4	2	4
day0_GCCCTATTGATCACAC	0	0	1
day0_GCCCTCTCTAGGTTTC	2	0	5
day0_GCCCTCTCTTCTGGCG	5	0	3
day0_GCCCTTAACGAACATA	0	0	0
day0_GCCCTTAACTCGATTG	3	0	5
day0_GCCGATGACCCAATAC	2	0	1
day0_GCCGATGACCGTTGGC	3	0	1
day0_GCCGATGACCTCCAAA	6	0	5
day0_GCCGATGACGACGATG	0	1	0
day0_GCCGATGACGGACGAT	4	2	4
day0_GCCGCATGAAACGGTG	3	1	1
day0_GCCGCATGAAATTGAG	1	1	6
day0_GCCGCATGAACCCAGC	4	2	4
day0_GCCGCATGACCAAAGG	0	1	0
day0_GCCGCATGAGCATAAA	2	1	5
day0_GCCGCATGATAACCAC	5	1	3
day0_GCCGGAACTCGCTTGG	2	0	5
day0_GCCGGAACTGGCGATA	0	2	0
day0_GCCGTAGTGAGGATAT	3	0	1
day0_GCCGTAGTGCGCTCAG	1	1	6
day0_GCCGTGATGAGCACGA	1	0	1
day0_GCCTACGGAACTACCA	5	1	3
day0_GCCTACGGACAATCTG	0	0	1
day0_GCCTACGGAGACTGAG	2	1	5
day0_GCCTACGGAGAGCCCT	0	1	0
day0_GCCTACGGATACCCTC	0	1	0
day0_GCCTATGCTATTTCTC	2	0	5
day0_GCCTATGCTCAAATGA	3	0	1
day0_GCCTATGCTCAATGGG	3	0	1
day0_GCCTATGCTCTCGCTT	2	0	5
day0_GCCTCATACTGATGCT	2	0	5
day0_GCCTCTATGATTCACG	3	0	5
day0_GCCTCTATGGCACTCG	2	0	5
day0_GCCTCTTGAAGGCGAT	3	0	1
day0_GCCTCTTGAGATCACT	2	0	5
day0_GCCTCTTGATACCCAA	5	0	7
day0_GCCTGAGACAATGCAA	0	1	0
day0_GCCTGAGACACCGAAG	0	0	0
day0_GCCTGAGACGACAGGT	2	0	5
day0_GCCTGAGACGTCTACA	0	1	0
day0_GCCTGAGACTTTGGGT	0	1	0
day0_GCCTGGAACATACGCT	3	0	1
day0_GCCTGGAACCATGGAG	0	0	0
day0_GCCTGGAACCCGTGAC	5	1	3
day0_GCCTGTGGAAACACCT	3	0	5
day0_GCCTGTGGACAATCTG	3	0	1
day0_GCCTGTGGAGATCACT	2	0	5
day0_GCCTGTGGAGGAAGCT	0	1	0
day0_GCCTGTGGAGTGGGTA	4	2	4
day0_GCCTGTGGATTCAGTG	3	0	5
day0_GCCTGTTACCCCTGTT	4	2	4
day0_GCCTGTTACGTTGGTT	2	1	5
day0_GCCTGTTACTAGGATA	0	1	0
day0_GCCTGTTTGATGGACG	2	0	5
day0_GCCTTAAGAAACGTGG	5	1	3
day0_GCCTTAAGAATCGTTG	2	0	5
day0_GCCTTAAGACCGCACA	5	0	3
day0_GCCTTAAGAGGCTGTC	2	0	4
day0_GCCTTAAGATGTGGGA	4	2	4
day0_GCCTTAAGATGTTCTT	3	1	6
day0_GCCTTCATGGCAAGCA	5	0	3
day0_GCCTTCATGTAGGCAG	2	0	5
day0_GCGAACCTGATTCTCT	3	0	1
day0_GCGAACCTGCAGGCTC	2	0	5
day0_GCGAACCTGTCTCCAC	3	1	1
day0_GCGAACCTGTGAATGA	2	1	5
day0_GCGAAGATGTCGTAAC	2	0	5
day0_GCGAATGGATTGTGTG	3	0	1
day0_GCGACACACCACTGGC	2	0	5
day0_GCGACACACCAGGACA	2	1	1
day0_GCGACTGACGAAAGGA	0	1	0
day0_GCGACTGTGTGAAATG	4	2	4
day0_GCGACTGTGTTCTCGC	0	0	1
day0_GCGAGCACTGGAGAGG	0	0	0
day0_GCGAGCACTTACGATC	0	1	0
day0_GCGAGCACTTCGAACT	4	2	4
day0_GCGAGCTACACCAGAG	1	1	6
day0_GCGAGCTACTGACGTT	4	2	4
day0_GCGAGTCACACCCAAT	4	2	4
day0_GCGAGTCACCCTGCAG	5	1	3
day0_GCGAGTCACGGAATTA	0	0	0
day0_GCGAGTCACTGTTGTG	5	1	3
day0_GCGAGTGCTAAGTGAT	2	0	5
day0_GCGAGTGCTAGTTAGA	0	1	3
day0_GCGAGTGCTCTGCTCT	0	0	0
day0_GCGATCTCTACTGGGA	0	0	1
day0_GCGATCTCTCAGGCAA	0	1	0
day0_GCGATCTCTCGCTGAC	4	2	4
day0_GCGATTAACAGCATCT	4	2	4
day0_GCGATTAACCAACAGG	0	0	0
day0_GCGATTAACCGGATAG	2	0	5
day0_GCGATTAACCTTCACC	2	0	5
day0_GCGATTAACGAAATAC	0	0	0
day0_GCGATTAACTTCTCGC	2	0	5
day0_GCGATTATGGTTGAGG	4	2	4
day0_GCGATTATGTATCGCA	0	0	0
day0_GCGCAAAGAAGGAATT	3	1	1
day0_GCGCAACTGACTTCCC	4	2	4
day0_GCGCAACTGCTGGGTC	2	0	5
day0_GCGCACTGACTACGAT	5	0	3
day0_GCGCACTGAGTTGGAG	3	0	5
day0_GCGCACTGATGAGCAG	2	0	5
day0_GCGCAGACTCACGATT	3	0	5
day0_GCGCAGACTGCCTGTG	2	0	5
day0_GCGCAGTACACGATCT	2	0	5
day0_GCGCAGTACTGATAGA	3	0	1
day0_GCGCGATACCTCCATC	2	0	5
day0_GCGCGATTGATAGTGA	3	1	1
day0_GCGCGATTGCCATAAC	2	1	5
day0_GCGCGATTGGGCAGTA	0	1	0
day0_GCGCTGAACCAGCCCA	3	0	5
day0_GCGCTGAACCTAAGGG	0	1	0
day0_GCGCTGAACTCTCTAT	2	0	5
day0_GCGCTGATGGAAACGC	2	1	5
day0_GCGCTGATGGCAGCAA	3	0	1
day0_GCGCTGATGTCTCCAC	4	2	4
day0_GCGGAACCTATTCGTG	3	1	5
day0_GCGGAACCTCCCGTGA	2	0	5
day0_GCGGAACCTCCCTGAG	0	1	0
day0_GCGGAGTCTCAGCGAA	2	0	5
day0_GCGGCTTGAACCATCA	0	0	0
day0_GCGGCTTGAATTGAAG	3	0	1
day0_GCGGCTTGACACTTGA	4	2	4
day0_GCGGCTTGACATGAAA	3	0	1
day0_GCGGGATCTAGTTACC	0	1	1
day0_GCGGGATCTCCTCCAT	0	0	0
day0_GCGGGATCTTGCACGC	5	0	3
day0_GCGGTCTGAGCCGTTG	0	1	0
day0_GCGGTTGTGAGGTCCC	4	2	4
day0_GCGGTTGTGCTCAACA	2	0	5
day0_GCGGTTGTGGGGACAT	4	2	4
day0_GCGGTTGTGTCATGCA	3	1	1
day0_GCGGTTGTGTGTAGCT	3	0	1
day0_GCGTATCCTACAACAA	3	1	5
day0_GCGTCTTTGCCTGTAA	2	0	5
day0_GCGTCTTTGGGAAGAA	3	0	1
day0_GCGTCTTTGGTGACCC	2	1	1
day0_GCGTCTTTGTGTAGCT	3	1	1
day0_GCGTGAAGAAACTCAC	2	0	5
day0_GCGTGAAGACTACAAC	1	1	6
day0_GCGTGAAGATGGTCTA	0	1	0
day0_GCGTGACTGCGCATCG	2	0	5
day0_GCGTGACTGTAGATCC	3	1	1
day0_GCGTGCAACACGTAAA	0	0	0
day0_GCGTGCAACACTACCA	0	1	1
day0_GCGTGCAACGAACGTG	3	1	1
day0_GCGTGGTACCATGGAG	4	2	4
day0_GCGTGGTACCGATGAG	4	2	4
day0_GCGTGGTACGAAGTAT	5	1	3
day0_GCGTGGTACTGATAGA	4	2	4
day0_GCGTGGTTGGATCATC	5	0	3
day0_GCGTGGTTGGGTAAAT	0	0	0
day0_GCGTGGTTGTACTCCC	5	1	3
day0_GCGTGTGTGAACCTCA	2	0	1
day0_GCGTGTGTGACAAACA	5	1	3
day0_GCGTGTGTGCACGGAA	4	2	4
day0_GCGTGTGTGTTGTGGT	4	2	4
day0_GCGTTCGGATAGAGAT	3	0	5
day0_GCGTTCGGATGCTTGA	4	2	4
day0_GCGTTGGACACGCCAC	0	1	1
day0_GCGTTGGACCGAGTGA	5	0	3
day0_GCGTTGGACGAAGCAC	4	0	4
day0_GCGTTGGACTAGACCT	1	1	6
day0_GCGTTTAGAAAATGAC	5	0	3
day0_GCGTTTAGATAGACCT	2	1	5
day0_GCGTTTAGATCTCCAC	0	1	0
day0_GCTAACCCTTTGAGCT	0	1	0
day0_GCTAACCCTTTGCATG	2	0	5
day0_GCTACAATGCCACGTG	2	0	5
day0_GCTACAATGCGTTGGC	3	0	1
day0_GCTACAATGTAACCGT	0	1	0
day0_GCTACCGGAAGGGATC	0	0	0
day0_GCTACCGGAATTGGAA	0	1	1
day0_GCTACCGGACCAAGCC	3	0	1
day0_GCTACCGGATCACGAT	4	2	4
day0_GCTACCGGATGATCTG	3	0	5
day0_GCTACCTACCGACAGA	5	0	3
day0_GCTACCTACGACGTCC	4	2	4
day0_GCTACCTACGGGAGGA	5	1	3
day0_GCTACGCGAGTAACCT	2	0	5
day0_GCTACGCGATGGCAGA	2	0	5
day0_GCTAGAGGATGCATGT	2	1	5
day0_GCTAGATTGATGCCCG	4	2	4
day0_GCTAGATTGGAAAGCC	5	1	3
day0_GCTAGATTGTCACTTT	1	0	6
day0_GCTAGATTGTTGCAGT	4	2	4
day0_GCTCAACCTCCTCGAG	3	0	5
day0_GCTCAACCTCTAGAGG	3	0	5
day0_GCTCAACCTGTCTACA	0	1	0
day0_GCTCAATGAAAGATCA	5	0	3
day0_GCTCAATGACTCCCAT	2	0	5
day0_GCTCAATGATCGATTG	4	2	4
day0_GCTCAATGATGCATCA	0	1	0
day0_GCTCAGTCTAATGGAT	0	0	1
day0_GCTCAGTCTACCCAAT	3	1	1
day0_GCTCAGTCTAGGACGT	5	1	3
day0_GCTCAGTCTCGATCTA	2	0	0
day0_GCTCAGTCTCGCATCG	3	1	1
day0_GCTCAGTCTGTGATGG	4	2	4
day0_GCTCAGTCTTCATTTC	5	0	3
day0_GCTCCAACTAAGATCA	0	0	0
day0_GCTCCAACTCAATGGG	0	1	0
day0_GCTCCAACTGTAGCCC	3	0	1
day0_GCTCCAACTTTCAGGT	5	1	3
day0_GCTCCATACAGACCGA	2	0	5
day0_GCTCCATACCACGCTG	2	0	3
day0_GCTCCATACTGATAGA	3	0	5
day0_GCTCCATACTTGCAGT	3	0	1
day0_GCTCCTAACACCCGCA	5	0	3
day0_GCTCCTAACTGATCGT	0	0	5
day0_GCTCCTAACTTGGTTG	3	0	1
day0_GCTCCTATGGACGCAA	4	2	4
day0_GCTCCTATGGCGTGAA	1	0	6
day0_GCTCCTATGTAGATCC	5	1	3
day0_GCTCCTATGTTACGAC	0	1	0
day0_GCTCCTATGTTGAGTC	0	0	0
day0_GCTCCTTGAAGTTCCA	3	0	1
day0_GCTCCTTGACATTACG	2	0	5
day0_GCTCCTTGATCAAGAA	2	0	5
day0_GCTCGCAGACCCAACG	2	0	5
day0_GCTCGCAGACTAACCA	2	0	5
day0_GCTCGCAGACTACAAC	2	0	0
day0_GCTCGCAGAGTTCTTT	2	0	5
day0_GCTCGCAGATGCCGCA	5	1	3
day0_GCTCGCAGATTTGGTG	2	1	0
day0_GCTCGGATGAGACCGA	3	0	1
day0_GCTCGGATGTACGATC	3	0	1
day0_GCTCGTACTATCATGC	0	1	1
day0_GCTCGTTTGCTGAGAG	3	1	1
day0_GCTCGTTTGCTGGGTC	4	0	4
day0_GCTCGTTTGTTTCTGT	2	0	5
day0_GCTCTACTGCGCGTCA	2	0	5
day0_GCTCTACTGCTAACCA	3	1	1
day0_GCTCTACTGGAAGTTA	2	0	5
day0_GCTCTAGCTAGCCATT	0	0	0
day0_GCTCTCAACCGTGTTA	2	1	5
day0_GCTCTCAACTGTGCTA	6	0	1
day0_GCTCTGACTCCCTGTT	2	0	6
day0_GCTCTGACTCGAGTGA	4	2	4
day0_GCTCTGACTTCATGCA	3	0	5
day0_GCTCTGTACGTTGGTT	3	0	1
day0_GCTCTGTACTGATGCT	5	0	3
day0_GCTCTGTTGCGACGCT	0	1	0
day0_GCTGAAACTATGTAGA	3	1	1
day0_GCTGAAACTTTCTATC	4	2	4
day0_GCTGAAGGAAGGACGT	2	0	5
day0_GCTGAAGGAATAGTGA	2	1	1
day0_GCTGAAGGACCCACGA	3	1	1
day0_GCTGACCGACTGAGAG	0	1	0
day0_GCTGACGACCAGCGTC	2	0	5
day0_GCTGACGACCATTTCT	0	1	0
day0_GCTGACGACGTGGCCT	0	1	0
day0_GCTGACGACTGACGTT	2	1	5
day0_GCTGACGACTTGGAGG	0	1	0
day0_GCTGACGACTTTCCGC	4	2	4
day0_GCTGACTCTATTGGAA	0	0	0
day0_GCTGACTCTCATGGAG	3	0	5
day0_GCTGACTCTCTACGAT	2	0	5
day0_GCTGAGGCTAACCCAT	0	1	1
day0_GCTGAGGCTCTCGGCA	3	0	1
day0_GCTGAGGCTGGATCCC	2	1	3
day0_GCTGATTGACCCAAGC	4	2	4
day0_GCTGATTGAGGGTTAG	2	0	5
day0_GCTGCACGAACGTGGA	2	0	5
day0_GCTGCACGAACTTGAC	2	0	5
day0_GCTGCATCTACGACTT	3	1	5
day0_GCTGCATCTCTTCCCA	4	2	4
day0_GCTGCATCTGTTGACT	4	0	4
day0_GCTGGAAGACTGGGTC	0	0	1
day0_GCTGGAAGATGCTGGC	3	1	1
day0_GCTGGGACTCGATCGC	2	0	5
day0_GCTGGGACTCTCACGG	4	2	4
day0_GCTGGGACTGAGAGAA	2	0	5
day0_GCTGGGTACCTACAAC	0	0	0
day0_GCTGGTGTGAGCCTGC	3	0	1
day0_GCTGGTGTGCGTTGGC	3	0	1
day0_GCTGTATGAACTACGT	3	1	1
day0_GCTGTATGACAGACCC	2	0	5
day0_GCTGTATGACTTTCAT	5	0	3
day0_GCTGTCGGACGTGGAA	2	0	5
day0_GCTGTCGGAGGCATGA	5	0	3
day0_GCTGTCTACAACTTCG	1	1	1
day0_GCTGTCTACAGTGGAC	0	2	5
day0_GCTGTCTACATAGTAG	3	1	1
day0_GCTGTGGACCCTATAG	3	0	5
day0_GCTGTGGACGCATGAG	3	1	1
day0_GCTGTGGACTGGGTAG	0	0	1
day0_GCTGTGGACTTCCCAC	3	0	5
day0_GCTGTTGCTAGTTGGG	3	1	1
day0_GCTGTTGCTATGAATG	3	0	1
day0_GCTGTTGCTTTCGGGC	2	0	5
day0_GCTTACAGAAACGTGG	0	1	0
day0_GCTTACAGAAGTTCCA	5	0	3
day0_GCTTACAGACATCACA	4	2	4
day0_GCTTAGAACTGATGTC	0	0	0
day0_GCTTATGGAACGTTCA	5	0	3
day0_GCTTATGGACCAGACC	3	1	1
day0_GCTTATGGATGGTACT	3	0	1
day0_GCTTATGGATTAGAAG	4	2	4
day0_GCTTATTTGACAACTC	0	0	0
day0_GCTTATTTGCGTTGTA	0	0	0
day0_GCTTATTTGGGGTGTA	2	1	5
day0_GCTTCCATGAATGCCT	0	0	1
day0_GCTTCGACTCGCTTCT	2	0	5
day0_GCTTCGACTGTTGGAG	5	0	3
day0_GCTTCTCGAACTAAGA	2	0	5
day0_GCTTCTCGACGGGAAT	2	0	5
day0_GCTTCTCGACGTATTG	0	1	0
day0_GCTTCTCGATCCAACA	3	0	1
day0_GCTTCTGTGAATCAAG	2	0	5
day0_GCTTCTGTGCCCGTGA	5	1	3
day0_GCTTGGGTGCGTGGCT	5	0	3
day0_GCTTGGGTGGAAATTG	2	0	5
day0_GCTTGGGTGTGCATCA	2	0	0
day0_GCTTGGTCTCGATGGA	2	0	5
day0_GCTTGTCTGAGTGGAC	1	2	4
day0_GCTTTCGTGACAGATA	3	1	5
day0_GCTTTCGTGAGGCGAT	4	2	4
day0_GCTTTCGTGCTTGCGG	5	0	3
day0_GCTTTGAGAACCAATC	5	0	3
day0_GCTTTGAGAATCTCCC	0	0	0
day0_GCTTTGAGACAAATGA	2	1	5
day0_GGAAAGCTGCACAAGG	3	0	1
day0_GGAAAGCTGCAGGACA	2	0	5
day0_GGAAAGCTGGACCGAA	5	1	3
day0_GGAAAGCTGGGAAATT	0	1	0
day0_GGAAAGCTGTGCATGT	0	0	0
day0_GGAAAGGCTCCAGAGA	0	0	0
day0_GGAAAGGCTTGTGCTA	1	0	6
day0_GGAAATCCTACCGTGC	0	0	0
day0_GGAAATCCTCGTGCTG	0	0	0
day0_GGAAATCCTCTAACTG	4	2	4
day0_GGAAATCCTGGGAGGA	2	0	5
day0_GGAAATCCTTCTCCAC	5	0	3
day0_GGAAATCCTTGAAGTA	3	0	1
day0_GGAACACGATTGGGTT	0	0	0
day0_GGAACAGTGTTGGTGT	4	2	4
day0_GGAACATCTAACATCC	0	0	0
day0_GGAACATCTACCCGTG	0	0	0
day0_GGAACATCTGATCTAC	2	0	5
day0_GGAACGAACCTACCGG	3	0	1
day0_GGAACGAACGACGCAA	2	0	5
day0_GGAACGATGCCTCGAG	2	1	1
day0_GGAACTGGATAAACCC	5	0	3
day0_GGAACTGGATGTGCTA	5	1	3
day0_GGAAGAAGACATGGTT	2	0	1
day0_GGAAGAAGAGGATGCA	0	1	0
day0_GGAAGACACATGCCCG	5	1	3
day0_GGAAGACACCGAGGTA	2	0	5
day0_GGAAGACACGGACAGT	3	0	1
day0_GGAAGACACTCGCGAC	3	1	1
day0_GGAAGACTGCTCCCAT	2	0	5
day0_GGAAGACTGGACGCAA	0	1	0
day0_GGAAGACTGTAACCAC	5	0	3
day0_GGAAGAGCTAGTAACA	3	0	5
day0_GGAAGAGCTCAGCGAA	3	0	1
day0_GGAAGAGCTCCCGGTA	2	0	5
day0_GGAAGAGCTTTGTGTG	2	0	5
day0_GGAAGCTGAACGTGCC	0	0	0
day0_GGAAGCTGAATCCTCC	3	0	1
day0_GGAAGCTGAGGTCATT	3	1	1
day0_GGAAGGTACACGTAGG	3	0	5
day0_GGAAGGTACAGAAGGA	6	0	1
day0_GGAAGGTACCGTTGTA	0	1	0
day0_GGAAGGTACCTCCTCA	2	0	5
day0_GGAAGGTACGGTAAAT	3	0	5
day0_GGAAGGTACTGAGCCC	4	2	4
day0_GGAAGTGACATTCAGC	5	1	3
day0_GGAAGTGACCTGCAGC	0	1	0
day0_GGAAGTGACTATCGCA	3	0	1
day0_GGAAGTGACTCTCCAC	3	0	1
day0_GGAAGTTCTACATGAA	3	0	5
day0_GGAAGTTCTAGGGTCA	0	0	0
day0_GGAAGTTCTGCTTACA	3	1	1
day0_GGAAGTTCTTAGGATA	2	0	4
day0_GGAAGTTCTTGGAATA	4	2	4
day0_GGAATCACTACGCTTA	3	0	5
day0_GGAATCACTGACTTAC	2	0	0
day0_GGAATGGTGACCTCTC	3	0	1
day0_GGAATGGTGATGGCAG	3	0	1
day0_GGAATGGTGGTTAGGG	5	0	3
day0_GGAATTAGAATGGCCC	5	1	3
day0_GGAATTAGACATGATC	0	0	0
day0_GGAATTAGATGCAGGA	5	1	3
day0_GGAATTAGATTGCTGA	3	1	1
day0_GGAATTCTGCATGGGA	3	0	1
day0_GGAATTGCTAATCGAA	3	1	1
day0_GGAATTGCTACCTGAT	5	1	0
day0_GGAATTGCTACTAGAA	0	0	1
day0_GGAATTGCTATACCTG	2	0	5
day0_GGACAAGACAACATGA	4	2	4
day0_GGACAAGACAACGCCC	0	0	0
day0_GGACAAGACATCGAAA	3	0	1
day0_GGACAAGACTCACAAC	3	0	5
day0_GGACAAGTGCCGCACA	0	1	0
day0_GGACAAGTGGACTGAG	0	1	0
day0_GGACAAGTGTCGGAAG	2	1	5
day0_GGACACGCTCCCTGTT	5	0	3
day0_GGACACGCTCTCACGG	5	0	3
day0_GGACCAAGAGAAAGCC	0	1	0
day0_GGACCAAGAGACTTAC	4	2	4
day0_GGACCACACAATGGAT	0	0	0
day0_GGACCACACAGTTACC	0	1	0
day0_GGACCACACTGTCTAG	5	0	3
day0_GGACCCATGCAGGGAT	3	0	1
day0_GGACCCATGGCCCGTA	4	0	4
day0_GGACCCATGGTCGTTA	3	1	1
day0_GGACCCATGTAACCGT	4	2	4
day0_GGACGACCTAGGCTGA	2	0	5
day0_GGACGACCTCACGTGC	2	2	5
day0_GGACGCACTAGCTTGT	5	0	3
day0_GGACGCACTCGCTGAC	0	1	0
day0_GGACGCACTCGTCCAG	3	1	1
day0_GGACGCACTCTTGCGG	2	0	5
day0_GGACGCACTTACCTAG	0	1	0
day0_GGACGTCACACGTGCC	5	0	3
day0_GGACGTCACACTCACA	2	0	4
day0_GGACGTCACAGTAAAC	2	0	5
day0_GGACGTCACGAATGGC	5	0	3
day0_GGACGTCACTCGAGAG	5	1	3
day0_GGACGTGCTACTGCCG	0	0	1
day0_GGACGTGCTCCATCAA	3	1	1
day0_GGACGTGCTCGCTCAG	4	2	4
day0_GGACGTGCTTCGTCCT	0	0	0
day0_GGACTATTGCTTGTGA	3	0	1
day0_GGACTATTGGGGTAAC	4	2	4
day0_GGACTATTGGTTGACT	3	0	1
day0_GGACTATTGTACCTCC	6	0	0
day0_GGACTGAGAACCAGAG	3	1	1
day0_GGACTGAGAATAACCC	2	1	5
day0_GGACTGAGAGAAATTG	0	1	0
day0_GGACTGAGAGGAGTCA	0	0	0
day0_GGACTGAGAGTGACCC	3	0	1
day0_GGACTGCTGAACCCTA	4	2	4
day0_GGACTGCTGCAATGGG	3	0	1
day0_GGACTGCTGCCACGTG	3	0	5
day0_GGACTGCTGTACCCTC	3	0	1
day0_GGACTTAACCCTGATA	3	0	1
day0_GGACTTAACGACGTCC	4	2	4
day0_GGACTTCCTAAGACAT	2	0	5
day0_GGACTTCCTCCCTCAT	2	1	5
day0_GGACTTCCTTAGCTAC	3	0	1
day0_GGAGAGGGAACGGATG	0	1	0
day0_GGAGAGGGACACGATT	3	0	1
day0_GGAGAGGGACGGAAGT	3	0	1
day0_GGAGCCTACAACAGGC	3	0	5
day0_GGAGCCTACTGTTGGT	0	1	0
day0_GGAGCGTCTCACGTGC	2	0	5
day0_GGAGCGTCTGGGCTTC	0	0	0
day0_GGAGCTCACGGTACTT	0	1	0
day0_GGAGCTCACTCGATGT	4	2	4
day0_GGAGGATACAGGTATA	5	1	3
day0_GGAGGATACCCTCATC	3	0	5
day0_GGAGGTTGAAGTTAGA	0	1	5
day0_GGAGGTTGACACTTGA	5	0	3
day0_GGAGTGCCTCTCACGG	0	1	0
day0_GGAGTGCCTTTCCTCG	2	1	3
day0_GGATAATGACGTGCTG	5	1	3
day0_GGATAATGAGCAGCCT	2	0	5
day0_GGATAATGAGGGCTTC	2	0	1
day0_GGATACTTGCAGGCTC	5	1	3
day0_GGATACTTGCTCACTC	2	1	5
day0_GGATAGGTGAACACTC	4	2	4
day0_GGATAGGTGACTGCCG	3	2	5
day0_GGATAGGTGGAGTCTT	3	0	1
day0_GGATAGGTGGCAGGTA	5	1	3
day0_GGATCATACAGTCAAA	0	0	0
day0_GGATCCGTGAATGCCT	2	0	5
day0_GGATCCGTGTGACGTT	0	0	0
day0_GGATCCTCTACGGAAC	5	0	3
day0_GGATCCTCTGGGCTCT	3	1	1
day0_GGATCCTCTTATGTGC	2	0	0
day0_GGATCGGCTAGTCAAA	4	0	4
day0_GGATCGGCTCTAATGC	3	0	1
day0_GGATCGGCTGCTGTCG	3	0	1
day0_GGATCGGCTGGAGTCA	2	0	5
day0_GGATCGGCTTACTGCA	2	0	5
day0_GGATCGGCTTCACAAC	3	0	5
day0_GGATCTATGAGTGTTC	5	1	3
day0_GGATCTATGCTTAGTG	0	1	1
day0_GGATGCCACGCGGTAA	3	1	1
day0_GGATGCGCTGGATAAT	1	0	6
day0_GGATGCGCTTCTGTAG	0	0	1
day0_GGATGGTGAAATGTAG	2	0	5
day0_GGATGGTGAATTTCTC	0	1	0
day0_GGATGTTACAATGCCT	2	1	5
day0_GGATGTTACCCTGTAA	0	1	0
day0_GGATGTTACTCTACAG	0	0	0
day0_GGATGTTACTTCGTTT	2	0	5
day0_GGATTAAGACGCACTG	3	0	1
day0_GGATTAAGACGTTCAA	3	1	1
day0_GGATTAAGAGACAGTG	3	1	1
day0_GGATTCAACGACAGTG	2	0	2
day0_GGATTCAACTCTCTAT	4	2	4
day0_GGATTCATGAGACTAA	5	1	3
day0_GGATTCATGATCGTTG	5	1	3
day0_GGATTCATGGGGAACT	3	1	1
day0_GGATTCATGGTTACAC	2	0	5
day0_GGATTCATGTCTTAGG	6	0	0
day0_GGATTGACTAGCGATG	4	2	4
day0_GGATTGACTGACTCAT	4	2	4
day0_GGATTGACTGATCAAA	0	0	0
day0_GGATTGACTTAACCCA	4	2	4
day0_GGATTTCGAACATCAC	0	0	0
day0_GGATTTCGAAGGACGT	2	0	0
day0_GGATTTCGACTGTACA	2	0	5
day0_GGATTTCGAGACTTAC	0	0	0
day0_GGATTTCGATGGTGGA	0	1	1
day0_GGATTTGACAACGTGG	2	0	5
day0_GGATTTGACACAAACA	2	1	0
day0_GGATTTGACGGAACGT	4	0	4
day0_GGATTTGACTCCCGGA	3	1	1
day0_GGATTTGACTGTGGGA	4	2	4
day0_GGATTTGTGACTACGT	4	2	4
day0_GGATTTGTGCACAAGG	5	0	3
day0_GGATTTGTGCGATGGA	5	1	3
day0_GGATTTGTGGAAGCAC	3	0	1
day0_GGATTTGTGTCACGGC	0	0	1
day0_GGCAAATCTACATCCA	2	1	5
day0_GGCAAATCTAGTCATC	5	0	3
day0_GGCAAGAACAATCCCA	0	0	0
day0_GGCAAGAACACGATTC	2	0	5
day0_GGCAAGAACGGACAAC	3	1	1
day0_GGCAATTTGCCGCACA	2	0	5
day0_GGCAATTTGTCGGTAT	4	2	4
day0_GGCAATTTGTTCCTCG	0	0	0
day0_GGCACAAGAACGTTCA	2	1	0
day0_GGCACAAGAACTGTCA	5	1	3
day0_GGCACAAGAATCCCTC	2	0	5
day0_GGCACAAGAATGCAGG	3	1	1
day0_GGCACAAGATCTCTAT	0	0	0
day0_GGCACACTGACAATGA	0	1	0
day0_GGCACACTGCTTGTGA	2	0	5
day0_GGCACACTGGCCCTGA	4	2	4
day0_GGCAGCTACGACTGCC	4	2	4
day0_GGCAGCTACGGACAAC	0	0	0
day0_GGCAGCTACTCATGTG	2	0	5
day0_GGCAGCTTGACGACTT	3	0	1
day0_GGCAGCTTGGTCCTTC	2	0	5
day0_GGCAGTAGATCCATGA	1	0	1
day0_GGCAGTCTGACGACTT	4	2	4
day0_GGCAGTCTGCGAAGTG	3	1	1
day0_GGCAGTCTGTGTGAAA	2	0	5
day0_GGCAGTCTGTTCTGGA	0	0	0
day0_GGCATCGACGGTACTT	5	1	3
day0_GGCATCGACTGCCTAA	4	2	4
day0_GGCATCGACTGGGACA	2	1	5
day0_GGCATCTCTCGTGCGT	0	0	0
day0_GGCATGAGATTGCTGA	5	1	3
day0_GGCATGCTGCCATCGG	4	0	4
day0_GGCATGCTGCCATTCC	0	1	0
day0_GGCATGCTGCTTCCGT	0	0	0
day0_GGCATGCTGTCTTGTT	0	0	0
day0_GGCATGCTGTTATGCG	2	0	5
day0_GGCATGGCTCTTCCAC	6	0	1
day0_GGCATTATGCAACAGG	5	1	3
day0_GGCATTATGCATGGTT	1	1	1
day0_GGCATTATGGGACTGA	2	0	5
day0_GGCATTATGTTGAGGG	2	0	5
day0_GGCATTATGTTTGGTG	5	1	3
day0_GGCATTTGAAGATAGT	5	0	3
day0_GGCATTTGAGACTACT	0	1	0
day0_GGCATTTGATTCCGGG	3	1	1
day0_GGCCACAACCAAATGA	6	1	5
day0_GGCCACAACTACTGCA	3	0	5
day0_GGCCACATGATCCATG	3	0	1
day0_GGCCACATGCACGGTC	3	0	1
day0_GGCCACATGGTGTTAC	2	1	5
day0_GGCCACATGTCAAAGA	2	0	3
day0_GGCCATGACCGTTCAA	3	1	1
day0_GGCCTAGACAATCCCA	2	0	5
day0_GGCCTAGTGGGTAGGT	0	0	0
day0_GGCCTAGTGTGTGAAA	2	0	5
day0_GGCCTCAGAGGATTAA	5	1	3
day0_GGCCTCAGAGGTTAGG	3	0	5
day0_GGCCTCAGATACCCGG	2	1	5
day0_GGCGATAGAAGATTCC	2	0	1
day0_GGCGCAACTACTACCA	0	0	0
day0_GGCGCAACTCGGATGA	2	0	5
day0_GGCGTACACAGTCATC	4	2	4
day0_GGCGTACACTCGATGT	5	1	3
day0_GGCGTGACTACGCCCA	2	0	0
day0_GGCGTGACTCGTCCAG	5	1	3
day0_GGCGTGACTGGAGACT	3	0	1
day0_GGCGTGACTTCATGCA	3	0	1
day0_GGCGTGTACAGCCCTG	1	1	1
day0_GGCGTGTACATGCCCG	4	2	4
day0_GGCGTGTACTTTGAGC	3	0	1
day0_GGCGTTCGAAGGAAGA	3	0	1
day0_GGCGTTCGATATGTGC	5	0	3
day0_GGCGTTGACGAATGAT	0	1	1
day0_GGCGTTGACTACCCAA	4	2	4
day0_GGCGTTGTGATCTGTG	2	0	5
day0_GGCGTTGTGCTGAGAG	2	1	5
day0_GGCGTTGTGGGATTAA	3	0	1
day0_GGCGTTGTGTCTGACA	0	0	0
day0_GGCGTTGTGTGTACCA	2	0	5
day0_GGCTAGCACGAGTCTT	4	2	4
day0_GGCTAGCACTAGACCT	4	2	4
day0_GGCTATAACATAGGAT	0	0	0
day0_GGCTATAACCTCTATT	4	0	4
day0_GGCTATAACGGACCCT	3	1	1
day0_GGCTATAACTCGTAGT	3	1	1
day0_GGCTATATGATGGACG	0	0	0
day0_GGCTATATGGCGCTCA	0	0	0
day0_GGCTATATGGGGTTAG	3	0	1
day0_GGCTATATGGTGGACA	2	0	5
day0_GGCTATATGTACCCAA	2	1	0
day0_GGCTATATGTACTACG	0	0	0
day0_GGCTCGAACAATCCCA	3	1	5
day0_GGCTCGAACCTATCTT	2	1	5
day0_GGCTCGAACGAAATAC	2	0	5
day0_GGCTCGAACTACCTCC	2	1	5
day0_GGCTCGAACTACCTGA	0	1	0
day0_GGCTCGAACTGTTCTT	0	1	1
day0_GGCTCGATGCAAGAAT	3	0	1
day0_GGCTCGATGCTCACTC	2	0	3
day0_GGCTCGATGGCAATAA	0	1	0
day0_GGCTGACTGTCATGTG	5	1	3
day0_GGCTGACTGTGGTCAT	5	1	3
day0_GGCTGCATGACAACAA	3	2	1
day0_GGCTGCATGCACTAAC	4	2	4
day0_GGCTGCATGGAGGCAT	4	2	4
day0_GGCTGCATGGGCTCAC	2	0	5
day0_GGCTGTGTGACTGAAA	2	0	5
day0_GGCTGTGTGGCATTAC	0	0	0
day0_GGCTTAATGCTGACCG	0	1	0
day0_GGCTTGTCTTTTGGGT	5	0	3
day0_GGGAAAGCTCTGCAGC	3	1	1
day0_GGGAAAGCTGAGTCCC	3	1	1
day0_GGGAAAGCTTCGAGAG	5	0	3
day0_GGGAAAGCTTGAAATG	4	2	4
day0_GGGAAAGCTTTAGTGC	2	1	5
day0_GGGAAGACTAGGGATC	5	1	3
day0_GGGAAGACTCCTAAGT	2	0	5
day0_GGGAAGGGAACTTGAC	0	1	0
day0_GGGAAGGGATTCCCAC	5	0	3
day0_GGGAAGTACCAAGGGT	3	1	0
day0_GGGAAGTACGTCTACA	2	0	5
day0_GGGAAGTACGTTGAGG	2	0	5
day0_GGGAAGTACTCCTAAG	5	1	3
day0_GGGAATCGATAACTGC	3	1	1
day0_GGGAATGACACGGAAC	5	0	3
day0_GGGAATGACACTGGGA	5	1	3
day0_GGGAATGACATAACCC	4	2	4
day0_GGGAATGACGATCCGC	5	0	3
day0_GGGACGTCTCACTGGC	0	1	1
day0_GGGACGTCTCATGCAT	5	0	3
day0_GGGATAGTGAGAAGTT	0	1	0
day0_GGGATAGTGCAACAGG	3	0	5
day0_GGGATAGTGCATCAGT	0	1	0
day0_GGGATGATGACTCATG	2	0	5
day0_GGGATGATGATTCGAC	5	1	3
day0_GGGATGATGGATATGA	2	0	5
day0_GGGATGATGGCCATCG	4	2	4
day0_GGGATGATGTTGGAGG	2	1	5
day0_GGGATTACTCGGTGAA	5	0	3
day0_GGGATTACTGACTCTA	3	0	5
day0_GGGATTACTGGGTCTC	3	0	5
day0_GGGATTGGAAGATTCC	3	0	5
day0_GGGATTGGAAGCCTAT	3	1	1
day0_GGGATTGGACAGAACG	2	1	0
day0_GGGATTGGACATGATC	5	1	3
day0_GGGCAACCTACTTCGA	0	0	0
day0_GGGCAACCTAGCTTGT	0	0	0
day0_GGGCAACCTCTAATGC	5	0	3
day0_GGGCAACCTGCTGCAC	3	0	1
day0_GGGCAATGACGTGATT	0	1	0
day0_GGGCAATGATCATCCC	0	1	0
day0_GGGCAATGATTGGGAG	3	1	1
day0_GGGCATAGAGAGCCCT	0	0	0
day0_GGGCATAGAGCGCTCA	2	0	5
day0_GGGCATAGATGGGACA	5	0	3
day0_GGGCCATTGAAGATCA	4	0	4
day0_GGGCCATTGAGTCCCG	3	1	1
day0_GGGCCTAACGAGGAAA	5	1	3
day0_GGGCCTAACGTACTAC	2	0	5
day0_GGGCCTAACGTGATTC	2	1	3
day0_GGGCCTAACTCCAACA	3	0	5
day0_GGGCGATCTAAGTTAG	5	0	3
day0_GGGCGATCTGTTACGT	5	1	3
day0_GGGCTAAGAAATGTGA	2	0	5
day0_GGGCTAAGAAGCCATT	4	2	4
day0_GGGCTAAGAATCCCAA	7	0	8
day0_GGGCTAAGACAGGACA	5	1	3
day0_GGGCTAGCTCGCAAGA	3	1	1
day0_GGGCTAGCTTTCACCC	2	2	1
day0_GGGCTGACTACGTGGA	2	1	5
day0_GGGCTGACTCCAAGCC	3	0	5
day0_GGGCTGACTTAACCAC	0	0	1
day0_GGGCTGTTGCCCGGTA	2	0	5
day0_GGGCTTCGAAACGCCC	2	0	5
day0_GGGCTTCGAAGAAATC	0	0	0
day0_GGGCTTCGACAGGGAT	2	1	5
day0_GGGCTTCGAGGTCATT	5	1	3
day0_GGGCTTCGAGTGTGTT	0	0	5
day0_GGGCTTGACAACGTAA	0	1	0
day0_GGGCTTGACAACTTCG	5	2	5
day0_GGGCTTGACAGTCTTG	0	0	5
day0_GGGCTTGACCCATGGC	0	1	0
day0_GGGCTTGACTGATCCA	3	0	1
day0_GGGCTTGACTTCACTT	2	0	5
day0_GGGCTTGTGCCCACGA	5	1	3
day0_GGGCTTGTGCTTATGG	3	1	1
day0_GGGTAACGAAAAGGTT	4	0	4
day0_GGGTAACGAAATGCAA	3	1	1
day0_GGGTAACGATGTGATC	4	2	4
day0_GGGTAATCTATCGGAG	0	0	0
day0_GGGTAATCTCCTGTAA	3	0	1
day0_GGGTATTACTGTGACT	0	0	0
day0_GGGTCACACAGGTAAT	3	1	1
day0_GGGTCACACCCCAATA	3	1	1
day0_GGGTCACACCTCACTC	0	1	0
day0_GGGTCACACGCCACAC	2	0	5
day0_GGGTCACACTACCCAA	2	0	0
day0_GGGTCACTGAGCTTGT	4	2	4
day0_GGGTCACTGGAAATGT	2	0	5
day0_GGGTCACTGGAGGAGG	4	2	4
day0_GGGTCAGCTAAGACAT	5	0	3
day0_GGGTCAGCTAAGTGAT	0	0	0
day0_GGGTCAGCTGACTGAG	2	0	5
day0_GGGTCCAACGATCATC	0	1	0
day0_GGGTCCAACTCACAGT	4	2	4
day0_GGGTCCAACTGTAGCT	3	0	5
day0_GGGTGAATGAATGGCG	5	1	3
day0_GGGTGAATGCACGCAC	0	0	0
day0_GGGTGAATGCGCATCG	4	2	4
day0_GGGTGAATGGGGAACT	6	0	0
day0_GGGTGACCTACCTCCT	1	0	6
day0_GGGTGACCTAGTGCGA	2	1	0
day0_GGGTGACCTCGAGAGT	3	0	1
day0_GGGTGATGAAGTCCCG	0	1	0
day0_GGGTGATGAAGTTACC	5	0	1
day0_GGGTGCACTCGTGACC	0	0	0
day0_GGGTGCACTTGAAGTA	5	1	3
day0_GGGTGCACTTGACTCA	4	2	4
day0_GGGTGCACTTGAGCAG	0	0	0
day0_GGGTGCTTGGAACAAT	0	0	0
day0_GGGTGTCTGATCACCA	5	0	3
day0_GGGTGTCTGATGGCTT	0	0	0
day0_GGGTGTGCTCGTGGCT	2	0	5
day0_GGGTGTGCTGAACGTG	2	0	5
day0_GGGTGTGCTGATGCTT	3	1	1
day0_GGGTTATTGACCCTAA	2	0	5
day0_GGGTTATTGCCTCCTA	0	0	0
day0_GGGTTATTGTAACCAC	3	1	1
day0_GGGTTATTGTTGCTCC	5	0	3
day0_GGGTTATTGTTGGGTT	2	0	5
day0_GGGTTCTCTTCCCGGA	0	0	1
day0_GGGTTGAGAAAGGTAT	0	0	0
day0_GGGTTGAGAGTTCAAC	2	0	5
day0_GGGTTGAGATGGGTTT	0	0	0
day0_GGGTTGGCTACGTAAA	2	0	5
day0_GGTAAACCTAACGTAA	5	0	0
day0_GGTAAACCTGGAAGAA	5	0	3
day0_GGTAAACCTTCACACA	5	0	3
day0_GGTAAACCTTTCTTTG	0	0	0
day0_GGTAAATGACGGTAAG	5	1	3
day0_GGTAACTACACGTGGA	3	0	5
day0_GGTAACTACCGATAGG	5	1	3
day0_GGTAACTACCGGTAAG	4	2	4
day0_GGTAACTACGAGCATG	0	0	0
day0_GGTAAGCGAACTTCGA	5	1	3
day0_GGTACAACTCTCCTAC	2	1	5
day0_GGTACCGACCCATAAC	0	0	0
day0_GGTACCGACCGTATTG	0	1	0
day0_GGTACCGACTACTTCT	3	0	1
day0_GGTACGCTGCTACAAC	6	0	1
day0_GGTACGCTGTGGACGA	5	0	3
day0_GGTACTCCTACCCTTC	0	1	0
day0_GGTACTCCTACTAAGA	2	0	5
day0_GGTACTCCTAGGTCGA	0	0	0
day0_GGTACTCCTTATTCCT	3	0	5
day0_GGTACTCCTTGTCCGG	1	0	5
day0_GGTAGACGAAACCAAA	0	1	0
day0_GGTAGACGAAGGCGAT	5	1	3
day0_GGTAGACGAGAACAAT	0	1	0
day0_GGTAGCCACAGATCCT	3	0	1
day0_GGTAGCCACCCCAAGC	4	2	4
day0_GGTAGCCACTGCCTAA	5	1	3
day0_GGTAGCCTGAACAATG	2	0	5
day0_GGTAGGAACTACCTGA	5	0	3
day0_GGTAGGTGAATCACCA	0	1	0
day0_GGTATACACACTGAGG	2	0	5
day0_GGTATACACGAGAACC	2	0	5
day0_GGTATACACTGATCCA	3	0	1
day0_GGTATACACTGTTGGT	3	0	0
day0_GGTATACTGCAGCGTC	3	0	5
day0_GGTATACTGGTCTAAC	3	1	1
day0_GGTATGACTATACGCT	2	0	1
day0_GGTATGGGACTTAGTG	2	0	5
day0_GGTATGTACACAACTC	3	1	1
day0_GGTATGTACAGTCTCA	5	1	3
day0_GGTATGTACCTCGTGG	0	1	0
day0_GGTATGTACGATAAGT	2	1	5
day0_GGTATGTACGCTGGCT	2	1	5
day0_GGTATGTACTTCCGGG	2	0	5
day0_GGTATGTTGGAAGGTC	2	0	3
day0_GGTATGTTGGAGTGAC	5	0	3
day0_GGTATGTTGGTTGTTG	2	1	5
day0_GGTATGTTGTCCAAAC	3	1	1
day0_GGTCAAGGACCGAAAG	4	2	4
day0_GGTCAAGGACGGTGAA	0	1	0
day0_GGTCAAGGAGGTTGTT	0	1	0
day0_GGTCAAGGATACCTGA	5	1	3
day0_GGTCAATACAGGCCCT	2	0	5
day0_GGTCAATACTTCAGCA	5	0	3
day0_GGTCAGAGAGGAAGAA	3	1	1
day0_GGTCATAACAAGGGTC	5	0	3
day0_GGTCATAACAGTGTTC	0	0	0
day0_GGTCATAACCATCAGT	3	0	1
day0_GGTCATAACGGAACAC	0	0	0
day0_GGTCATAACTACTACG	3	0	1
day0_GGTCATAACTGAAAGT	2	0	5
day0_GGTCATAACTGTGATC	4	2	4
day0_GGTCCACGACATCTCC	0	1	0
day0_GGTCCACGAGTATCTG	3	0	5
day0_GGTCCAGTGAACACTC	3	0	1
day0_GGTCCAGTGAAGTCTC	2	0	5
day0_GGTCCAGTGTAACCAC	2	0	5
day0_GGTCCGAACAACATCC	3	0	1
day0_GGTCCGAACCAAGGGT	2	1	5
day0_GGTCCGAACGATCCAT	3	0	5
day0_GGTCCGAACTGTGATC	2	1	5
day0_GGTCCGTGAACAAACA	2	0	5
day0_GGTCCTGGAAAAGGAG	2	0	5
day0_GGTCCTGGAAACCCAT	3	0	5
day0_GGTCGAAGATAACCCA	5	1	3
day0_GGTCGAAGATTCCGGG	3	0	1
day0_GGTCGAGCTACCCAAT	3	1	1
day0_GGTCGAGCTTTCGTTT	2	0	5
day0_GGTCGGTTGAGGCTGA	3	0	1
day0_GGTCGGTTGGGGCTCT	2	0	1
day0_GGTCGGTTGTACCTCC	4	2	4
day0_GGTCGTCGAAGTGAAT	4	2	4
day0_GGTCGTCGATTGGGTT	2	0	5
day0_GGTCGTGACCCTCCAT	6	1	2
day0_GGTCGTGACTGGCGCT	0	0	0
day0_GGTCTAAACAGTTACC	2	0	5
day0_GGTCTAAACCATCTCC	3	0	5
day0_GGTCTAAACCTTCATT	2	0	5
day0_GGTCTAAACGCGTGAA	4	2	4
day0_GGTCTACCTCGATTAC	0	0	0
day0_GGTCTATGAATGTAGA	2	0	0
day0_GGTCTATGACTCCCAT	3	0	1
day0_GGTCTATGAGGACAAC	5	0	3
day0_GGTCTATGATGATCTG	0	1	0
day0_GGTCTATGATGTACGT	2	0	5
day0_GGTCTCTACCAGCGCT	2	0	5
day0_GGTCTCTACCCCGTAG	5	0	3
day0_GGTCTGGTGGCCTCAG	6	0	1
day0_GGTGAGAACCTGTGAT	0	0	0
day0_GGTGAGAACTAGCATC	3	0	1
day0_GGTGAGAACTCACCGG	3	1	5
day0_GGTGAGTGAGAGGTTG	3	1	1
day0_GGTGAGTGAGAGTCCC	2	1	5
day0_GGTGATGGAAGCCTAT	0	0	0
day0_GGTGATGGACGGTGAA	3	0	5
day0_GGTGATGGACTGCCAG	0	0	0
day0_GGTGATGGACTTGCGG	0	0	5
day0_GGTGCCATGCCCGGTA	4	2	4
day0_GGTGCTCGAACGCCCA	0	1	1
day0_GGTGCTCGAACGGATG	3	0	5
day0_GGTGCTCGACGTGTTA	0	1	0
day0_GGTGCTCGATCACTGA	2	0	0
day0_GGTGGTAGAACCTCCT	2	0	5
day0_GGTGGTAGAATACCTG	5	0	3
day0_GGTGGTAGACGGAACA	3	0	5
day0_GGTGGTAGAGATAAGT	4	2	4
day0_GGTGGTAGAGTCGTTA	4	2	4
day0_GGTGTAGGAGAGGCAT	3	0	1
day0_GGTGTGCTGAAACCAA	0	0	0
day0_GGTGTGCTGCATGACT	2	1	5
day0_GGTGTGCTGCCTCCTA	4	2	4
day0_GGTGTGCTGTCGTAGT	2	0	5
day0_GGTGTGCTGTGTGATC	2	0	5
day0_GGTTAACACTCACGGC	0	2	1
day0_GGTTACATGCCATAGT	5	1	3
day0_GGTTACATGCGGAACA	2	0	5
day0_GGTTACATGCTAACTG	3	0	1
day0_GGTTACATGCTTGTGA	5	0	3
day0_GGTTAGACTCAATCTG	5	0	3
day0_GGTTAGACTTGAAAGT	0	1	1
day0_GGTTAGTACCACGGTC	6	0	1
day0_GGTTAGTACTCTATTC	2	0	1
day0_GGTTATCGAACAACCT	5	0	3
day0_GGTTATCGAAGAAGTT	3	1	1
day0_GGTTATCGAAGGCGAT	3	0	1
day0_GGTTATCGACATCTCC	2	0	2
day0_GGTTATCGACCCAAGC	3	0	1
day0_GGTTATCGATAACGTC	2	1	5
day0_GGTTATCGATGTGGAG	3	1	1
day0_GGTTATGACACGGATG	2	0	0
day0_GGTTATGACCAGAAAT	4	2	4
day0_GGTTATGACCGACTTA	0	1	1
day0_GGTTATTCTAGGTAGC	2	0	5
day0_GGTTATTCTATACGCT	1	1	6
day0_GGTTCAAACAATGAAC	4	2	4
day0_GGTTCAAACATTGGTC	0	0	0
day0_GGTTCTAGAAGGGTCA	3	1	1
day0_GGTTCTAGACAATGGG	2	1	1
day0_GGTTCTAGACGTATTG	3	0	5
day0_GGTTCTAGATACCTCC	3	0	1
day0_GGTTCTCACACTTGAC	5	1	3
day0_GGTTCTCACAGAGGAA	3	0	1
day0_GGTTCTCACGATGCAG	0	0	0
day0_GGTTGAACTATAGTGA	0	0	0
day0_GGTTGAACTCCCTGAG	4	2	4
day0_GGTTGAACTCGCACTG	4	2	4
day0_GGTTGAACTGTCTTGA	1	1	6
day0_GGTTGAACTTCACTGA	0	0	0
day0_GGTTGAACTTGCAGGA	0	0	0
day0_GGTTGAACTTGGTAAA	3	1	1
day0_GGTTGCGACCAACAGG	1	1	3
day0_GGTTGCGACCCTGAAT	4	2	4
day0_GGTTGCGACGCGTCAC	2	0	5
day0_GGTTGCTCTAAGATCA	5	0	3
day0_GGTTGCTCTAATGTAG	0	1	0
day0_GGTTGCTCTGATTGAA	5	1	3
day0_GGTTGCTCTTACCTTT	5	0	3
day0_GGTTGCTCTTCTGACA	3	0	1
day0_GGTTGTCCTAAGAGGA	2	0	5
day0_GGTTGTCCTAAGTCTC	0	1	0
day0_GGTTGTCCTATCTGTG	4	2	4
day0_GGTTGTCCTCAACAAA	4	2	4
day0_GGTTGTCCTTAACCCA	5	0	3
day0_GGTTTAGTGGGTTGTT	4	2	4
day0_GGTTTAGTGTCTAACG	1	2	6
day0_GGTTTAGTGTGAGCAG	2	0	5
day0_GGTTTCGCTCTGCAGC	4	2	4
day0_GGTTTGAACATCAGGG	3	0	1
day0_GGTTTGAACATCATGC	3	1	1
day0_GGTTTGAACTAACACC	1	0	5
day0_GGTTTGAACTGACCCG	0	1	0
day0_GTAAACCACCCGCATG	2	0	5
day0_GTAAACCACTCCTGAA	4	2	4
day0_GTAAACCACTCGGAGA	4	2	4
day0_GTAAACCACTTGGTGT	3	1	1
day0_GTAAACCTGCCAAGCC	2	0	0
day0_GTAAACCTGCCGATGC	2	0	5
day0_GTAAACCTGTGGCATT	2	0	5
day0_GTAAATGGATGCATGT	3	0	1
day0_GTAACAAGATACCGTA	2	1	5
day0_GTAACAGCTACCCGTG	3	1	5
day0_GTAACAGCTAGAATCA	2	1	0
day0_GTAACAGCTTGTGCTA	4	2	4
day0_GTAACGACTCTCGGCA	0	1	0
day0_GTAACGTTGAATACCC	2	0	5
day0_GTAACGTTGACAAGTA	0	0	0
day0_GTAACGTTGCCCACGA	2	0	5
day0_GTAAGCGGAAACGTGG	2	0	5
day0_GTAAGCGGAACTGATC	2	1	5
day0_GTAAGCGGAATTCTCT	5	0	3
day0_GTAAGCGGAGAGAACC	3	0	1
day0_GTAAGCGGAGCGTCAC	5	0	5
day0_GTAAGCGGATCCCTTG	4	2	4
day0_GTAAGCTACGGAATTA	0	0	0
day0_GTAAGCTACTGGAATA	2	1	5
day0_GTAAGGGTGATGGGAC	3	1	1
day0_GTAAGGGTGCGGCACT	4	2	4
day0_GTAAGGGTGGTTAACC	1	2	6
day0_GTAAGGGTGTGACTCA	0	1	1
day0_GTAATCCGAATCCCAA	3	0	1
day0_GTAATCCGACCTCCTA	3	1	5
day0_GTAATCCGAGGCTCTG	5	1	3
day0_GTAATCCGATCCCGGA	2	0	5
day0_GTAATCCGATGATCTG	0	1	0
day0_GTAATCGACCATCTCC	5	1	3
day0_GTAATCGACGAGCAAC	0	0	0
day0_GTAATCGACGGTTGAG	0	0	0
day0_GTAATCGACTACAACC	3	1	5
day0_GTAATCGACTGTGCTA	0	1	0
day0_GTAATCGACTTGCAGT	0	1	0
day0_GTAATGAGAATCATGC	5	0	3
day0_GTAATGAGAGGAGGAG	2	0	5
day0_GTAATGAGATCCTCCA	5	0	3
day0_GTAATGAGATGGGAGT	3	0	1
day0_GTAATGCACCAAGGGT	2	0	5
day0_GTAATTCCTAAATGAC	5	0	3
day0_GTAATTCCTCGATCAT	0	1	0
day0_GTAATTCCTCTCACTC	0	1	0
day0_GTAATTCCTGGTTACT	2	1	0
day0_GTAATTCCTTGGCAGA	4	2	4
day0_GTAATTCCTTTTCTAC	4	2	4
day0_GTACACAACAGTGCGA	3	0	1
day0_GTACACAACTCTGGCG	2	0	5
day0_GTACACAACTGTACCA	2	0	5
day0_GTACACAACTTGTGGT	2	1	5
day0_GTACAGACTCTGATCA	2	0	5
day0_GTACAGACTGATGCAG	1	0	6
day0_GTACCATGAACCTGAT	0	0	0
day0_GTACCATGAATTGAAG	4	2	4
day0_GTACCATGATGGGTAG	1	0	6
day0_GTACCGCGACCTCGAG	2	0	0
day0_GTACCGCGAGATTACC	0	0	0
day0_GTACCGCGATGGTAAA	3	1	5
day0_GTACCTCTGAAGACAT	2	0	5
day0_GTACCTCTGACCAGAG	5	0	3
day0_GTACCTCTGAGTGCGA	0	1	0
day0_GTACCTCTGGGGCTTC	0	1	0
day0_GTACCTCTGTAGACCT	4	2	4
day0_GTACCTCTGTGCATGT	2	1	5
day0_GTACGATACCCTGTAA	5	0	3
day0_GTACGATACCTGGGTC	0	1	0
day0_GTACGATACGTGTCCG	3	1	1
day0_GTACGTAACGAAGTAT	0	1	0
day0_GTACGTAACTCCTCCA	2	0	0
day0_GTACGTAACTCTACAG	0	0	0
day0_GTACTAGTGCATTTCT	5	1	3
day0_GTACTAGTGGAGCAAC	4	2	4
day0_GTACTAGTGTGGGATG	5	0	3
day0_GTACTAGTGTGTTCGA	1	1	6
day0_GTACTCGCTTGCTTGA	3	1	1
day0_GTACTGAACTTGAGTC	2	0	5
day0_GTAGAACCTCGGATAG	3	0	1
day0_GTAGAACCTCGTCGCA	3	0	5
day0_GTAGAACCTTCCTGAA	2	0	5
day0_GTAGAGCGACGGTTGC	0	1	0
day0_GTAGAGGTGAGCCACC	0	0	0
day0_GTAGAGGTGAGTCCCG	3	1	1
day0_GTAGAGGTGGACAGTG	2	1	0
day0_GTAGAGTCTACTCCCT	6	0	2
day0_GTAGAGTCTAGAATCA	3	1	1
day0_GTAGCAGGAATGATGA	3	1	1
day0_GTAGCAGGACGATTCA	2	1	5
day0_GTAGCAGGACGTTCGG	0	1	0
day0_GTAGCAGGAGAGGAAA	2	0	5
day0_GTAGCAGGATTGAGCT	4	2	5
day0_GTAGCAGGATTTGGGT	4	2	4
day0_GTAGCATACAGCAATA	2	0	5
day0_GTAGCCGACCACTCAA	2	0	5
day0_GTAGCCGACCATAGTC	5	1	3
day0_GTAGCCGACCTACCGG	0	1	0
day0_GTAGCCGTGGAGGAGG	2	1	5
day0_GTAGCCGTGTAGATAG	2	0	5
day0_GTAGCCGTGTCATTTC	0	0	0
day0_GTAGCTAACAAGTGAT	5	2	3
day0_GTAGCTAACCAGGGAT	2	1	5
day0_GTAGCTAACCCCGATG	5	1	3
day0_GTAGCTAACGCGTCAC	3	0	5
day0_GTAGCTAACGGCGTAA	2	0	5
day0_GTAGCTAACTGGTACT	0	2	0
day0_GTAGGATCTACCCGCA	3	0	1
day0_GTAGGCGCTACTTCCC	1	0	6
day0_GTAGTACTGAAGATCA	3	1	1
day0_GTAGTACTGAGCATCT	5	1	3
day0_GTAGTACTGATGCCCG	3	1	1
day0_GTAGTACTGTACTGCA	5	1	1
day0_GTAGTACTGTGTGGGA	5	1	3
day0_GTAGTAGCTCACTCAA	2	0	5
day0_GTAGTAGCTCGTCCAG	5	0	3
day0_GTAGTAGCTCTCCTAC	3	1	1
day0_GTAGTCAACAGTGCGA	0	0	0
day0_GTAGTCAACCAAACAA	2	0	5
day0_GTAGTCAACGTGTGTT	2	0	5
day0_GTAGTCAACTGCTGGC	5	0	3
day0_GTAGTCATGAAATTGG	2	1	5
day0_GTAGTCATGACTTACG	0	0	0
day0_GTAGTGACTTAGGATA	2	0	5
day0_GTAGTGTTGAACGCTT	0	1	0
day0_GTAGTGTTGACCCGCA	0	0	0
day0_GTAGTGTTGCGAGGTA	4	2	4
day0_GTAGTGTTGCTCGGCA	4	2	4
day0_GTAGTTTCTCAGTCTA	4	2	4
day0_GTAGTTTCTTAACCGT	3	0	1
day0_GTAGTTTCTTTTCGTT	3	1	0
day0_GTATAAGGAAAATGAC	5	0	3
day0_GTATACTCTAACGTTC	0	0	0
day0_GTATACTCTCACAGCC	0	1	0
day0_GTATAGAGAGTGAAAT	2	1	5
day0_GTATAGAGAGTGGCCT	3	0	1
day0_GTATAGAGATAGAATG	3	0	5
day0_GTATAGAGATTACGAC	3	0	5
day0_GTATAGCTGAATGGCG	2	0	5
day0_GTATAGCTGATAGTAG	4	0	4
day0_GTATCAGACAATGAAC	0	0	0
day0_GTATCAGACAGGTAAT	0	1	0
day0_GTATCAGACAGTGAAT	5	1	3
day0_GTATCAGACCGGAATG	2	0	5
day0_GTATCCCTGATCATGC	3	0	1
day0_GTATCCCTGTTATGCG	0	1	0
day0_GTATCGATGAACGTGG	5	1	3
day0_GTATCGATGAGAAGTT	2	0	5
day0_GTATCGATGTTTGTGG	3	0	5
day0_GTATCGCCTATGCTCA	2	1	0
day0_GTATCTTACCTAAGGG	4	2	4
day0_GTATCTTACGTGACCC	5	0	3
day0_GTATGAGCTTACTCCC	2	1	5
day0_GTATGCAACACTGTGT	3	0	1
day0_GTATGCAACCACTAAC	5	0	3
day0_GTATGCAACCATCGGC	4	2	4
day0_GTATGCAACCCAATAC	5	1	3
day0_GTATGCAACCCAGAGA	3	0	1
day0_GTATGCAACTACGATC	5	1	3
day0_GTATGCAACTCTCAAG	5	0	3
day0_GTATGCAACTTCGGTA	2	1	5
day0_GTATGCAACTTCTATC	5	0	3
day0_GTATGGTACAGGTCCC	0	0	3
day0_GTATGGTACTGTGGGA	0	0	0
day0_GTATGTCGATAACCCA	5	0	3
day0_GTATTCACTCGGCTGT	0	1	1
day0_GTATTCACTGAGAGAA	3	0	5
day0_GTATTCACTTCATTTC	2	0	5
day0_GTATTCTACATTGGAA	2	0	5
day0_GTATTCTACGTTTGGT	0	1	0
day0_GTCAATCGAACAACAA	3	0	1
day0_GTCAATCGACAAATGA	4	2	4
day0_GTCAATCGAGGATTAA	2	0	1
day0_GTCAATCGATGCATGT	3	0	5
day0_GTCAATCGATGGCATT	2	0	6
day0_GTCACACCTGGAGTCA	3	0	5
day0_GTCACCACTTTGCCTC	0	0	5
day0_GTCACGCGAGACGGAT	0	0	1
day0_GTCACGCGAGTTGTAC	5	1	3
day0_GTCACGGTGAAACCCT	0	0	1
day0_GTCACTCACTCCTCAC	2	0	0
day0_GTCACTCTGCACTCAA	3	0	1
day0_GTCAGCCGATGGTTGT	0	0	0
day0_GTCAGCGTGGTACTAC	5	1	3
day0_GTCAGCGTGGTGGGTA	0	0	0
day0_GTCAGGAGAACCTCCT	5	1	3
day0_GTCAGGAGAATAACCC	0	1	1
day0_GTCAGGAGACCCGTAG	4	2	4
day0_GTCAGGAGACCTCTTG	4	2	4
day0_GTCAGGAGAGAATTGA	3	0	0
day0_GTCAGGAGAGACAGGT	2	1	5
day0_GTCAGGAGATGGTACT	4	2	4
day0_GTCAGGAGATTATCCT	3	0	4
day0_GTCAGGAGATTTGAGC	3	1	1
day0_GTCAGGCACACTGTTG	4	0	4
day0_GTCAGGCACATCAGGG	2	0	5
day0_GTCAGGCACATTAGGA	4	0	5
day0_GTCAGGCACCTTCCGT	3	0	5
day0_GTCAGGCACGAATAGT	0	1	0
day0_GTCAGGCACTAATGAG	0	0	0
day0_GTCAGGCACTACCTAG	6	0	0
day0_GTCAGTATGAAGACAT	4	2	4
day0_GTCAGTATGGAATAGT	2	1	5
day0_GTCAGTATGGCCATCG	0	0	0
day0_GTCAGTTGAAGCGTGA	5	1	3
day0_GTCAGTTGACCCGGTA	2	1	5
day0_GTCAGTTGAGCACTCG	4	2	4
day0_GTCAGTTGAGGAACTG	5	1	3
day0_GTCAGTTGATAACACC	0	1	1
day0_GTCAGTTGATCATGCA	0	1	0
day0_GTCATAGACAAGTTAG	0	1	0
day0_GTCATAGACACTGTGT	4	2	4
day0_GTCATAGACCTACCGG	0	0	1
day0_GTCATAGACTGCAGGA	0	1	0
day0_GTCATCCACAAATCGA	3	1	1
day0_GTCATCCACTGATAGA	2	0	5
day0_GTCATCCTGAAGGGTC	3	1	1
day0_GTCATCCTGCGCATCG	3	1	6
day0_GTCATCCTGGGACCCT	3	1	1
day0_GTCATCCTGTCACCCT	3	2	5
day0_GTCATCCTGTTTGTGG	5	1	3
day0_GTCATCGCTGCAGCTC	3	0	1
day0_GTCATCGCTTCACACA	0	1	0
day0_GTCATGATGACCCGCA	5	1	3
day0_GTCATGATGATCACCA	4	0	5
day0_GTCATGATGATTGCTG	2	2	5
day0_GTCATGATGGTTACAC	3	1	1
day0_GTCCAACCTAGCCTGC	2	1	3
day0_GTCCAACCTGGACTTT	5	0	3
day0_GTCCACTTGAGACCAG	0	1	0
day0_GTCCACTTGCCTCCTA	4	2	4
day0_GTCCACTTGGAAGCAC	2	1	5
day0_GTCCACTTGTCACTGA	0	1	0
day0_GTCCCAACTATCGGAG	3	0	1
day0_GTCCCAACTTACCTTT	0	0	1
day0_GTCCCAACTTTCCTCG	6	0	2
day0_GTCCCAGGAAAATGAC	2	1	5
day0_GTCCCAGGATATCCGA	3	0	1
day0_GTCCCAGGATCTTGAG	4	2	4
day0_GTCCCATACCAGAACG	2	0	5
day0_GTCCCATACCGGATGA	5	1	3
day0_GTCCCATACGGAGGAG	3	0	5
day0_GTCCCATACTAACCGT	3	0	5
day0_GTCCCGAGATAAAGAC	0	1	0
day0_GTCCCGAGATGATAGA	2	0	5
day0_GTCCCTAACTCTAGAC	3	1	1
day0_GTCCCTAACTTGTGTG	0	1	0
day0_GTCCGAGACACGAGCA	2	0	5
day0_GTCCGAGACGATGAAT	3	0	1
day0_GTCCGAGACTGTTCGA	3	1	1
day0_GTCCGCAGAGGGATGT	5	1	3
day0_GTCCGCAGATCGAACT	2	1	5
day0_GTCCGTGGAAAAGGTT	2	0	5
day0_GTCCGTGGAAATGCCT	4	2	4
day0_GTCCGTGGATACTGCA	0	0	1
day0_GTCCTAAGAGAAGCAC	4	2	4
day0_GTCCTAAGATAACCAC	4	2	4
day0_GTCCTACACAGCCATT	4	2	4
day0_GTCCTACACCGACACC	2	0	0
day0_GTCCTACTGGACTGCC	4	2	4
day0_GTCCTACTGTTAGAAG	4	2	4
day0_GTCCTCAACCGGTAAG	5	0	3
day0_GTCCTCAACTCTATTC	5	1	3
day0_GTCCTCCCTCGAAGTG	2	0	5
day0_GTCCTCCCTCTGAGAG	2	0	5
day0_GTCCTCCCTGAATGAT	2	0	5
day0_GTCCTGGGACGTTACA	4	2	4
day0_GTCCTGGGAGAGATGC	5	0	3
day0_GTCCTGGGAGGACAGT	4	2	4
day0_GTCCTTCGAAGGACGT	2	0	5
day0_GTCCTTCGAGACTAAA	4	2	4
day0_GTCCTTCGATGACGCC	2	1	5
day0_GTCGAAACTCTACGAT	0	1	0
day0_GTCGAAGGAGGAGACT	1	0	6
day0_GTCGAAGGAGTCTTGA	3	1	1
day0_GTCGAAGGATAAACCC	5	1	3
day0_GTCGAAGGATGAGCAG	3	0	5
day0_GTCGACCGAACGTAAA	2	0	5
day0_GTCGACCGAATGGCCC	3	0	5
day0_GTCGACCGACTGGGTC	5	0	3
day0_GTCGACTCTAGAATCA	2	0	5
day0_GTCGACTCTCCGCATG	0	1	0
day0_GTCGACTCTCGCCCAA	5	0	3
day0_GTCGACTCTGACAGAC	2	0	5
day0_GTCGACTCTGCCATCG	3	0	5
day0_GTCGACTCTGGAGTCA	5	0	3
day0_GTCGAGAGATTCAGGT	0	1	0
day0_GTCGCACGACCTATAG	2	0	5
day0_GTCGCACGATTGGAGG	4	2	4
day0_GTCGCAGTGGAAAGGA	0	0	0
day0_GTCGCATCTACCAGAG	2	0	5
day0_GTCGCATCTACCGTGC	2	1	5
day0_GTCGCATCTGGCGTAA	0	0	0
day0_GTCGCATCTTCGAACT	2	0	5
day0_GTCGGAGCTCGCCACA	5	1	1
day0_GTCGGAGCTGAGATGC	2	1	5
day0_GTCGGCAACCAGAACG	6	0	1
day0_GTCGGCAACTTGGGTT	5	0	3
day0_GTCGGCATGACGTGGA	0	1	1
day0_GTCGGCATGAGAAGGA	2	0	0
day0_GTCGGCATGAGCACGA	1	0	3
day0_GTCGGCATGCGCAAGA	3	1	1
day0_GTCGGCATGGAAAGCC	2	1	5
day0_GTCGGCATGTACTACG	3	0	5
day0_GTCGGCATGTCTAGAC	4	2	4
day0_GTCGGGTACAGTCTTG	5	0	3
day0_GTCGGGTACCCATTCC	3	2	5
day0_GTCGGGTACCGACACC	5	0	3
day0_GTCGGGTACGTTACGT	3	1	1
day0_GTCGGTGACGATCACT	0	0	0
day0_GTCGGTGACTCCTCAC	2	1	5
day0_GTCGGTGTGCGGAACA	3	0	1
day0_GTCGGTGTGCGTTACA	5	0	3
day0_GTCGGTGTGTATCGCA	4	2	4
day0_GTCGTAAACCCATCAA	0	0	0
day0_GTCGTAAACCGGTTGC	4	2	4
day0_GTCGTAAACGCCCTTT	3	0	5
day0_GTCGTATGAAAGACAT	1	0	6
day0_GTCGTATGAAATTGAG	5	1	3
day0_GTCGTATGAGCCTGCA	2	0	0
day0_GTCGTATGATCCACAA	5	0	3
day0_GTCGTCTTGCAGTAAA	4	2	4
day0_GTCGTCTTGCGAACTT	5	0	3
day0_GTCGTCTTGCTGTACA	2	0	5
day0_GTCGTGCGACGGTGAA	3	0	1
day0_GTCGTGCGAGGAAGAA	3	0	1
day0_GTCTAACGAACGATTC	2	1	5
day0_GTCTAACGAGGAACGT	2	1	5
day0_GTCTAACGATAAACCC	3	1	1
day0_GTCTAATCTACATGAA	2	0	5
day0_GTCTAATCTACGACAG	5	0	3
day0_GTCTAATCTATTAGGA	5	1	3
day0_GTCTAATCTGACCCGT	0	0	0
day0_GTCTAATCTTTGCCTC	2	1	5
day0_GTCTAGATGACTGATC	3	0	1
day0_GTCTAGATGCTAACTG	2	0	5
day0_GTCTAGATGTCCTCAC	4	2	4
day0_GTCTAGATGTTCCTCG	2	1	5
day0_GTCTATACTTATCGCA	2	0	5
day0_GTCTATGGAAATCACC	3	0	5
day0_GTCTATGGACTCTATT	3	0	1
day0_GTCTCCAACCAACACT	2	1	0
day0_GTCTCCAACGAAGGAA	2	0	5
day0_GTCTCCATGAACCTCA	3	0	1
day0_GTCTCCATGACTCACA	2	0	5
day0_GTCTCCATGAGGTAAT	0	1	1
day0_GTCTCCATGATGACTC	3	1	5
day0_GTCTCCATGTAACCGT	4	2	4
day0_GTCTCCATGTCGTAAC	0	1	0
day0_GTCTCCTGACCGAAAG	3	0	1
day0_GTCTCGGGAAAAGGTT	4	2	4
day0_GTCTCGGGAATGTAGA	5	1	3
day0_GTCTCGGGAGATTACC	4	2	4
day0_GTCTCTCGAAGCTATC	3	1	5
day0_GTCTCTCGAATTGGTC	0	1	0
day0_GTCTCTCGACCATGCG	2	0	5
day0_GTCTCTCGACGCTTCT	2	1	0
day0_GTCTGGCGATGGCTTA	4	2	4
day0_GTCTGGTCTAGAATCA	0	1	0
day0_GTCTGGTCTTCCTCCA	3	1	1
day0_GTCTGGTCTTTCAGGT	2	1	5
day0_GTCTGGTCTTTCCCAC	2	1	5
day0_GTCTTCGTGTGAAAGT	3	1	1
day0_GTCTTGCACATTCTTC	2	0	5
day0_GTCTTGCACCTGACCG	3	1	1
day0_GTCTTGCTGATAGTAG	5	0	3
day0_GTCTTGCTGATGGTAA	0	1	0
day0_GTCTTGCTGCACGCAC	5	1	3
day0_GTCTTGCTGTCCACAA	3	0	1
day0_GTCTTTCCTACAGATA	2	0	5
day0_GTCTTTCCTCGGGTCT	0	1	6
day0_GTGAAGTCTCGATCAT	3	0	1
day0_GTGAATCACACCAATC	3	0	5
day0_GTGAATCACGAACGAC	5	1	3
day0_GTGAATCACGGACAAC	0	0	1
day0_GTGACAACTACTGTCA	0	1	0
day0_GTGACAACTGGCGTAA	4	2	4
day0_GTGACATACAGCAATA	2	1	5
day0_GTGACATACCAGGGAT	2	1	5
day0_GTGACATACCCATCGG	3	0	1
day0_GTGACATACCTCTCCA	2	1	5
day0_GTGACATACGGAGACT	4	2	4
day0_GTGACATACGTCGATT	2	0	5
day0_GTGACATTGTCACTGA	4	2	4
day0_GTGACCTCTCTCTCCA	2	2	5
day0_GTGACGAGACCCGATG	4	2	4
day0_GTGACTATGCACGATT	2	1	5
day0_GTGACTATGCGGTTGC	0	0	0
day0_GTGAGACGACCGTGCA	0	0	0
day0_GTGAGAGACACCCTTC	3	0	1
day0_GTGAGAGACCGCGTGT	2	1	5
day0_GTGAGGATGAGTATGA	2	0	5
day0_GTGAGGATGATGCAGG	5	0	3
day0_GTGAGGATGTAAAGAC	2	0	0
day0_GTGAGGATGTCTACCC	5	0	3
day0_GTGAGGATGTGGTTAC	0	1	0
day0_GTGAGGTGAATCCTTT	5	0	3
day0_GTGAGGTGATCAGTGT	3	0	1
day0_GTGAGGTGATGCATGT	5	0	3
day0_GTGAGGTGATTATGCG	3	0	1
day0_GTGATCCCTACGGAAC	3	0	1
day0_GTGCAATTGGTTCTCC	0	0	0
day0_GTGCACCGATTCGGGC	3	1	1
day0_GTGCAGCACGAGCAAC	2	0	5
day0_GTGCAGCACTCTCTAT	3	1	1
day0_GTGCAGCACTGAGGGT	5	1	3
day0_GTGCAGCACTTTGACG	3	1	1
day0_GTGCATTGACAGCGAA	0	0	0
day0_GTGCCATCTACTCATG	3	0	1
day0_GTGCCATCTCGAACTT	1	0	6
day0_GTGCCCAGAAAATTGG	2	0	5
day0_GTGCCCAGACCCAACG	2	2	5
day0_GTGCCCAGACGCTGAC	0	0	0
day0_GTGCCCAGAGAAATAC	2	0	5
day0_GTGCCTTTGAATGTGA	0	0	0
day0_GTGCCTTTGCTTTCAT	2	1	5
day0_GTGCCTTTGTCCCTCA	5	0	3
day0_GTGCGACTGTCTGTAG	5	1	3
day0_GTGCGCTGACCGCATG	0	1	0
day0_GTGCTACCTATGCAGG	2	0	5
day0_GTGCTACCTCGGTTGC	3	1	1
day0_GTGCTACCTCTTGATG	0	0	0
day0_GTGCTATGAATCTGCA	2	1	5
day0_GTGCTATGATACCTCC	0	0	0
day0_GTGCTGGACAACAGGC	2	1	5
day0_GTGGAGAACGTCGATT	4	2	4
day0_GTGGAGAACGTCTTGA	3	0	1
day0_GTGGAGAACTAACCGT	3	0	1
day0_GTGGAGAACTCCCGGA	4	0	4
day0_GTGGCAGCTCTCCATC	2	0	5
day0_GTGGCAGCTGAGTCCC	5	0	3
day0_GTGGCAGCTGGTACTT	0	0	0
day0_GTGGCCATGTGGTCTA	0	0	0
day0_GTGGCCATGTTCAGGT	3	1	1
day0_GTGGCGACTCAATCTG	2	0	5
day0_GTGGCGACTCGGCACT	5	0	3
day0_GTGGCGACTTCCAAAC	0	0	0
day0_GTGGCTCGAAATTCCG	5	0	5
day0_GTGGCTCGAATCGAAA	3	0	1
day0_GTGGCTCGACCTCATC	0	1	1
day0_GTGGCTCGAGCCATCG	4	2	4
day0_GTGGCTCGAGGCTCTG	2	0	5
day0_GTGGCTCGAGGGCTTC	5	0	1
day0_GTGGCTGTGCAAGATA	3	0	5
day0_GTGGCTGTGCTTCCCA	0	1	0
day0_GTGGCTTCTAATACCC	2	0	6
day0_GTGGCTTCTAATGTAG	5	1	3
day0_GTGGCTTCTACATCCA	2	1	5
day0_GTGGCTTCTGGAGTCA	2	0	5
day0_GTGGGAAACCGCCACA	5	1	3
day0_GTGGGAAACGGATTAA	2	1	5
day0_GTGGGAAACTCACACA	4	2	4
day0_GTGGGCTTGAACTTCG	3	0	1
day0_GTGGGCTTGAATGGAT	3	1	1
day0_GTGGGTAGAGAAGGTC	2	0	5
day0_GTGGGTGCTAGAAATC	2	0	5
day0_GTGGTAGGAAGATTGA	0	1	0
day0_GTGGTAGGATTGCAGT	5	0	3
day0_GTGTAAAGAAGAGGAA	2	1	5
day0_GTGTAAAGAATGCAGG	2	1	5
day0_GTGTAAAGATTTGTCT	3	0	1
day0_GTGTAAAGATTTGTGG	2	1	5
day0_GTGTAACACACAAAGT	3	0	1
day0_GTGTAACACCCATCTC	3	0	1
day0_GTGTAACACCGCTTCT	0	1	0
day0_GTGTAACACGAAGTTA	2	0	5
day0_GTGTAACACGTAATGA	2	1	5
day0_GTGTAACACTCATTGG	3	1	1
day0_GTGTACCCTAACGCCC	5	1	3
day0_GTGTACCCTCATAGTC	2	0	5
day0_GTGTATTCTGAGCCCT	2	0	5
day0_GTGTATTCTGGGAACT	5	0	3
day0_GTGTATTCTTAACTGC	3	0	1
day0_GTGTCAAACAGGCCTC	2	0	5
day0_GTGTCAAACATCATGC	3	0	1
day0_GTGTCAAACGTCTAAC	6	1	2
day0_GTGTCAAACTGGGATG	3	1	1
day0_GTGTCAAACTTCAGCA	2	1	5
day0_GTGTCAAACTTTCGTT	4	0	4
day0_GTGTCAATGACGTGCC	3	1	1
day0_GTGTCAATGCCTAAGT	1	0	0
day0_GTGTCATGAATGATGA	3	0	5
day0_GTGTCATGATAAAGAC	0	1	0
day0_GTGTCATGATAGCTAC	0	0	0
day0_GTGTCATGATCACGGC	2	1	5
day0_GTGTCCTTGAGCCCTG	3	1	1
day0_GTGTCCTTGTAGACTC	5	0	3
day0_GTGTCCTTGTCCTTCG	5	0	3
day0_GTGTCCTTGTGGTCAT	2	1	5
day0_GTGTCTAGAACTACCA	0	1	0
day0_GTGTCTAGAATACCTG	5	0	3
day0_GTGTCTAGAGAACGAC	2	1	5
day0_GTGTCTAGAGACTGCC	5	1	3
day0_GTGTCTAGAGCATTCA	4	2	4
day0_GTGTGCGACATGGGAC	4	0	4
day0_GTGTGTAACCCAATAC	5	2	3
day0_GTGTTACGAAAACCAA	2	0	5
day0_GTGTTACGAGAGATGC	5	0	3
day0_GTGTTACGATGAGCGA	4	2	4
day0_GTGTTATCTAGGACAC	5	1	3
day0_GTGTTATCTGCGTCAC	3	0	5
day0_GTGTTATCTGGAGTCA	4	2	4
day0_GTGTTATCTTGAAGAT	0	1	0
day0_GTGTTATCTTGGTCTA	5	1	3
day0_GTGTTCCACGACCCGT	3	0	1
day0_GTGTTCCACGATTACC	2	0	5
day0_GTGTTCCACTCCTAAG	0	0	1
day0_GTGTTTACTAGCGTGA	2	1	5
day0_GTTAAGAGAATAGGAT	0	0	0
day0_GTTAAGAGAATGGTGG	5	1	3
day0_GTTAAGAGACACTCAA	2	0	5
day0_GTTAAGAGATACCCTC	5	0	3
day0_GTTACAGACAACCTAC	0	0	0
day0_GTTACCGCTGGATAAT	0	0	0
day0_GTTACCGCTTCGTAAC	5	0	3
day0_GTTACCGCTTCTATCT	2	0	5
day0_GTTACGAACCGTGCGT	3	0	1
day0_GTTACGAACGTTGGAG	3	0	1
day0_GTTAGAAGAAACAGGC	0	1	0
day0_GTTAGAAGACCTCCAT	5	0	3
day0_GTTAGAAGACTGTGAT	4	2	4
day0_GTTAGAAGAGAACGTG	1	0	6
day0_GTTAGAAGAGACTGAG	2	0	5
day0_GTTAGAAGAGCTTATG	4	0	4
day0_GTTAGAAGAGTTCAAC	0	1	0
day0_GTTAGACACAATGAAC	4	2	4
day0_GTTAGACACCTCAACA	5	0	3
day0_GTTAGACACTCTGGGC	3	1	5
day0_GTTAGCCCTAACCAAA	3	1	1
day0_GTTAGCCCTCGCTTCT	3	1	1
day0_GTTAGCCCTCGGATAG	3	1	1
day0_GTTAGGTACGACCCGT	5	1	3
day0_GTTAGGTACGGCTGTC	2	1	5
day0_GTTAGGTACTTCAGCA	0	0	0
day0_GTTAGGTTGACCTGCG	5	1	3
day0_GTTAGGTTGAGTTGGG	4	2	4
day0_GTTAGGTTGTCGTAAC	0	0	0
day0_GTTATCACTCAGCGTC	0	0	0
day0_GTTATCACTGATCTAC	0	0	0
day0_GTTATCACTTCTGGCG	1	1	6
day0_GTTATCGGATGTGGAG	3	0	1
day0_GTTATGGTGCGGATAG	1	0	3
day0_GTTATGGTGTAGCTTG	3	0	1
day0_GTTATTCACAGCCTCG	0	1	0
day0_GTTATTCACATCTCCC	2	0	5
day0_GTTATTCACGAGAGAA	0	0	0
day0_GTTATTGCTCATCTCC	4	2	4
day0_GTTATTGCTCGAGAGT	0	1	0
day0_GTTCAAGACACTGAGG	0	0	0
day0_GTTCAAGACCCCGTGA	5	0	3
day0_GTTCAAGTGGACAGAC	5	1	3
day0_GTTCAAGTGGAGAGAA	0	1	0
day0_GTTCAAGTGGTTCTTT	5	0	3
day0_GTTCAAGTGTTACTTC	0	0	0
day0_GTTCACGCTGAAGGTC	5	0	3
day0_GTTCAGCCTAACACTC	4	2	0
day0_GTTCAGCCTCTGGTTA	4	2	4
day0_GTTCAGCCTGGCAATG	3	0	1
day0_GTTCAGTGATCACCCT	4	2	4
day0_GTTCATACTAGCCTAT	2	0	5
day0_GTTCATACTGGATGCA	3	0	5
day0_GTTCATACTTCACACA	0	1	0
day0_GTTCATACTTGGTACT	2	0	5
day0_GTTCATTTGTCACAAC	2	0	5
day0_GTTCCAAGAAGCCTGC	3	0	1
day0_GTTCCAAGAAGCTACT	0	1	0
day0_GTTCCAAGATATGTGC	2	1	5
day0_GTTCCAAGATGAGCCC	4	2	4
day0_GTTCCCAACACCTGAT	2	0	5
day0_GTTCCCAACTTAGGAA	2	0	5
day0_GTTCCCATGAGTGCGA	3	0	1
day0_GTTCCCATGCAGGCAA	3	0	1
day0_GTTCCCATGGAAATCA	2	0	5
day0_GTTCCCATGTCACCGG	3	1	1
day0_GTTCGCTTGACCCGTG	3	0	5
day0_GTTCGCTTGACTTGAC	1	0	6
day0_GTTCGCTTGATTTCCT	2	1	5
day0_GTTCGCTTGCACGGAA	4	2	4
day0_GTTCGCTTGCCTCTAC	2	2	5
day0_GTTCGCTTGCTCGTGG	2	0	0
day0_GTTCGCTTGGAATGTA	2	1	5
day0_GTTCGCTTGGTTACGT	0	0	0
day0_GTTCGCTTGTTCATCT	0	1	0
day0_GTTCGGCGATCCCGTT	3	1	1
day0_GTTCGGCGATCGCGAC	5	1	3
day0_GTTCTAACTCTGGTTA	2	1	5
day0_GTTCTCGTGCACTTCC	3	1	1
day0_GTTCTCGTGCCCAAGC	3	0	5
day0_GTTCTCGTGGATCCAT	2	0	5
day0_GTTCTCTCTGCCCGTA	3	1	1
day0_GTTCTCTCTGGAGACT	3	0	1
day0_GTTCTCTCTTGATGCT	3	1	1
day0_GTTCTCTCTTTGAGGG	3	0	5
day0_GTTCTGAGATCGAGAG	4	2	4
day0_GTTCTGAGATTTCCGC	0	1	0
day0_GTTCTGCTGAAACCCT	5	0	3
day0_GTTCTGCTGTGAGCCC	3	1	1
day0_GTTCTTAACAACGGTG	2	1	5
day0_GTTCTTAACACACCCG	3	0	5
day0_GTTCTTAACGCTAACT	3	1	1
day0_GTTCTTAACTAGAGAT	3	0	1
day0_GTTCTTCCTACAACAA	2	0	5
day0_GTTCTTCCTAGGAAGA	2	1	5
day0_GTTCTTTGACCATCGG	0	0	0
day0_GTTGACCCTACAGTAA	5	0	3
day0_GTTGACCCTCATCACA	2	0	5
day0_GTTGACCCTCCTACGG	5	0	3
day0_GTTGACCCTCTTCACC	3	1	1
day0_GTTGACCCTTCCCTCA	5	1	3
day0_GTTGACCCTTCTACCC	2	0	0
day0_GTTGACCCTTTACCTT	3	0	1
day0_GTTGAGGGAGGCATGA	5	1	3
day0_GTTGAGGGATTACCTT	3	1	1
day0_GTTGAGTACCAAGTGG	3	0	1
day0_GTTGAGTACCGTTCAA	2	0	5
day0_GTTGAGTACCTTGCGG	2	0	5
day0_GTTGCAATGGACGATG	0	1	0
day0_GTTGCCGGAACATCCA	2	0	5
day0_GTTGCCGGAAGAAATC	3	1	1
day0_GTTGCCGGAAGGTTTC	4	2	4
day0_GTTGCCTACCGGAATG	5	1	0
day0_GTTGCCTACCGTATTG	4	2	4
day0_GTTGCCTACTTGGTGT	0	0	0
day0_GTTGCCTTGCGAGGTA	2	0	5
day0_GTTGCCTTGGAAATAC	5	0	3
day0_GTTGCTAGAACATCGT	0	0	1
day0_GTTGCTAGACCATAAC	3	1	1
day0_GTTGGCCGACACGCTG	4	2	4
day0_GTTGGCCGACACTTGA	0	0	0
day0_GTTGGCCGAGAACGGT	0	1	0
day0_GTTGGCCGATGAACGG	0	1	0
day0_GTTGGCCGATGGCAGA	2	0	5
day0_GTTGGGAGAACTACCA	0	0	0
day0_GTTGGGAGAAGTGGAC	4	2	4
day0_GTTGGGAGACAAACAA	4	2	4
day0_GTTGGGAGAGAGCATG	5	0	3
day0_GTTGGGAGAGGATATA	3	1	1
day0_GTTGGGAGAGTAGCCC	3	0	1
day0_GTTGGGAGATGTGACT	5	1	3
day0_GTTGTGCCTCCCGGTA	2	0	5
day0_GTTGTGCCTCGAGAGT	3	0	5
day0_GTTGTGCCTGACCGAA	3	0	1
day0_GTTTAACCTAAACCCT	0	0	0
day0_GTTTAACCTACGGATG	0	1	0
day0_GTTTAACCTAGGAATT	5	0	3
day0_GTTTAACCTCCAAAGG	3	0	1
day0_GTTTAACCTGTCCCGA	0	1	0
day0_GTTTAACCTTGGCAGA	3	0	1
day0_GTTTAGCGAATAGAAC	5	1	3
day0_GTTTAGGTGGGACGAT	5	1	3
day0_GTTTAGGTGGTGGCCT	2	1	5
day0_GTTTATCTGGTGAGAC	5	1	3
day0_GTTTCAACTCATGAAA	2	1	1
day0_GTTTCAACTCCCGTAG	4	2	4
day0_GTTTCATACAGTCACT	3	0	5
day0_GTTTCATACGATCAAA	2	0	5
day0_GTTTCATTGATCAGGG	2	0	5
day0_GTTTCATTGATCTGCA	5	1	3
day0_GTTTCATTGCACTTGA	2	0	5
day0_GTTTCCGACAGAGAAG	0	1	0
day0_GTTTCCGACATGCTCA	3	0	5
day0_GTTTCCGACATTAGGA	2	0	5
day0_GTTTCTAACGGATAAT	0	1	0
day0_GTTTCTAACTCGTCCT	2	0	5
day0_GTTTCTAACTGGGAGT	0	1	0
day0_GTTTCTATGATACGCT	2	0	5
day0_GTTTCTATGCGTGCTG	3	1	5
day0_GTTTCTATGTAACTCG	5	1	3
day0_GTTTCTTGAGAATTGA	0	2	0
day0_GTTTCTTGAGGGTTCC	0	1	0
day0_GTTTGACGAGAACAAT	1	1	6
day0_GTTTGACGAGATGAAT	5	1	3
day0_GTTTGACGAGTAAGTA	2	0	5
day0_GTTTGGAACGGTAGAC	0	1	1
day0_GTTTGGAACGTGTTAC	4	2	4
day0_GTTTGGAACTACCTGA	2	0	5
day0_GTTTGGAACTAGAGAT	0	1	0
day0_TAAACCTCTACGGGTA	3	0	1
day0_TAAACCTCTAGTGTTC	2	0	5
day0_TAAACCTCTCGACGCT	5	0	0
day0_TAAACCTCTCTCCTAC	0	0	0
day0_TAAACGAGATCACGAT	2	1	5
day0_TAAACGAGATTGGGTT	3	0	1
day0_TAAACGCACCCTGTCT	0	1	0
day0_TAAACGCTGCTGTACA	2	0	5
day0_TAAACGCTGGGATAAT	0	0	0
day0_TAAACGCTGTATTCCT	5	0	3
day0_TAAAGCAGACGGATGA	3	1	1
day0_TAAAGCAGATCGATTG	3	0	1
day0_TAAAGCAGATCGCTTC	3	1	1
day0_TAAAGTGGATGGTCTA	2	1	5
day0_TAAATGGGACGCGTGT	5	0	3
day0_TAAATGGGAGTAACCT	0	1	0
day0_TAACACGACACATCAC	4	2	4
day0_TAACACGACAGGCGAT	4	2	4
day0_TAACACGACATTAGGA	4	2	4
day0_TAACACGACGGTTAGG	5	0	3
day0_TAACACTCTAACGCCC	5	1	1
day0_TAACACTCTACTACCA	5	1	1
day0_TAACACTCTCCTCATC	2	0	5
day0_TAACACTCTGCCCTGA	3	1	1
day0_TAACATCCTAACGAAT	2	0	5
day0_TAACCAGACGCATGAG	3	1	5
day0_TAACCCGCTTGTACGT	3	0	1
day0_TAACCGAACCGACACC	0	1	0
day0_TAACCGAACTTGTCTT	2	0	5
day0_TAACCGATGACCAATC	0	0	0
day0_TAACCGATGACGATCT	3	1	1
day0_TAACCGATGTAAAGAC	1	0	6
day0_TAACCTACTACAATGA	5	1	3
day0_TAACCTACTGAGGAAA	4	2	4
day0_TAACCTTTGAGTCTTG	2	0	5
day0_TAACCTTTGCAAACTC	2	0	5
day0_TAACCTTTGCATAGTC	3	0	5
day0_TAACCTTTGCCTGCGA	2	0	5
day0_TAACTCACTAAGCACG	2	0	5
day0_TAACTCACTCCAGACC	2	0	5
day0_TAACTCTACTGGCCTG	2	0	5
day0_TAACTCTTGAGGTCGA	0	0	0
day0_TAACTCTTGGCCCTGA	4	0	4
day0_TAACTCTTGTATCCGA	4	2	4
day0_TAACTCTTGTGCAGGA	1	0	6
day0_TAACTGCGAACCTGAT	2	0	5
day0_TAACTGCGATGGAATA	2	0	5
day0_TAACTGCGATTCATCT	3	0	1
day0_TAACTGGACAGCACGA	5	0	6
day0_TAACTGGACAGCTATC	2	0	5
day0_TAACTGGACTGGGTTT	4	2	4
day0_TAACTGGTGAACGTGG	3	1	1
day0_TAACTGGTGATTCAGC	4	2	4
day0_TAACTGGTGCCCTGAG	5	1	3
day0_TAACTGGTGGCATAAA	3	1	1
day0_TAACTGGTGGCTCTCT	5	0	1
day0_TAACTGGTGTCGTAGT	1	0	6
day0_TAACTTCTGACAGTTC	2	0	5
day0_TAACTTCTGTAGGAAT	2	0	5
day0_TAAGACCACGCTAACT	0	0	0
day0_TAAGAGTGAAGCTTGT	3	1	5
day0_TAAGAGTGAGGAACAC	5	0	3
day0_TAAGAGTGATTGAGGG	4	2	4
day0_TAAGCACACTTGCAGT	5	0	3
day0_TAAGCACACTTGGTGT	3	1	1
day0_TAAGCGTACATTTCTC	0	1	0
day0_TAAGCGTACCTCACTC	4	2	4
day0_TAAGCGTACGATCCAT	2	1	1
day0_TAAGCTGTGCGGATGA	3	1	1
day0_TAAGCTGTGGACAGAC	1	0	6
day0_TAAGCTGTGTCTTTGT	4	2	4
day0_TAAGGGTCTGAATGTA	2	1	0
day0_TAAGGTAGACGATCTA	0	1	0
day0_TAAGTCCGAAGGTTCT	0	1	6
day0_TAAGTCCGATCTCTAT	2	0	0
day0_TAAGTCGACATAGGAT	0	0	0
day0_TAAGTCGACCCTAAGT	2	1	5
day0_TAAGTCGACGGACAGT	4	2	4
day0_TAAGTCGACTCCATGA	0	0	0
day0_TAAGTCGACTTCTCCG	2	1	5
day0_TAATCCACTCTTCATT	3	0	5
day0_TAATCCACTGAGTGAC	2	0	5
day0_TAATCTCACAATGTAG	2	0	5
day0_TAATCTCACCAGGCTC	0	1	0
day0_TAATCTCACGGAGGAG	2	0	5
day0_TAATCTCACGTGTCCG	4	2	4
day0_TAATCTCACTTGAGGG	0	0	0
day0_TAATGCCGAACTGTAC	2	0	5
day0_TAATGCCGAGTGAAGC	3	0	5
day0_TAATGCGACAAGAATC	3	0	1
day0_TAATGCGACCGGTGAA	0	1	0
day0_TAATGCGACTACCTTT	4	2	4
day0_TAATGCTCTACCTGCG	3	0	5
day0_TAATGCTCTAGCCTCG	3	1	1
day0_TAATGCTCTAGTCAAA	2	1	5
day0_TAATGGCTGAGCGAAC	3	0	5
day0_TAATGGCTGGTTGTTG	5	1	3
day0_TACAACCGAAATCCCA	5	1	3
day0_TACAACTCTAATGTGA	0	0	0
day0_TACAACTCTCCATGGC	3	0	5
day0_TACAACTCTGGAATTA	0	2	0
day0_TACAACTCTGTTTGGT	2	0	0
day0_TACACAGACAAGCACG	3	1	1
day0_TACACAGACAGCGATG	2	0	5
day0_TACACAGACCTATCTT	2	0	0
day0_TACACAGTGAGAAGGA	4	0	4
day0_TACACAGTGGAGGAAA	5	1	3
day0_TACACAGTGGTCATTG	0	1	0
day0_TACACTGGAACCAATC	0	0	0
day0_TACACTGGAGGATGAC	0	0	0
day0_TACACTGGATGGCGCT	2	0	5
day0_TACACTGGATTGCTCC	3	0	5
day0_TACAGAAGATTGAGCT	3	1	1
day0_TACAGAGCTGGACGAT	3	1	1
day0_TACAGAGCTGGTAGAC	2	0	5
day0_TACAGAGCTGTGGACA	2	0	5
day0_TACAGAGCTTCTGGGC	3	1	1
day0_TACAGAGCTTGCATCA	0	1	0
day0_TACAGAGCTTGTGACT	0	1	0
day0_TACAGCTGAGACTGCC	3	1	6
day0_TACAGCTGATACCTTT	0	1	1
day0_TACAGCTGATTACTTC	2	0	5
day0_TACAGGACTTAACCCA	5	0	3
day0_TACAGGACTTCACGGC	4	2	4
day0_TACAGGTACTTGGGAG	0	1	5
day0_TACATCGGACAGAACG	3	1	1
day0_TACATCGGACCATCTC	2	0	5
day0_TACATCGGACGATGGA	0	1	0
day0_TACATCGGAGCACTCG	5	0	3
day0_TACATCGGAGGAGAGG	2	0	5
day0_TACATCTACACTACCA	3	1	1
day0_TACATCTACGCCATCG	2	0	5
day0_TACATCTTGGAGTAAT	2	0	5
day0_TACATCTTGTGAGCGA	4	2	4
day0_TACATTCACTGACGTT	2	0	5
day0_TACATTCACTGAGTCT	2	0	5
day0_TACATTCTGGCATGGA	0	1	0
day0_TACATTCTGGTTAGAA	3	0	1
day0_TACCAAGACTCTCCAC	3	0	5
day0_TACCAGTGACAGTAAA	5	1	3
day0_TACCAGTGACCTGCAG	5	0	5
day0_TACCAGTGAGGAACAC	5	0	3
day0_TACCAGTGATGGCGCT	3	1	1
day0_TACCATTTGATGACTC	2	0	5
day0_TACCATTTGGGAGGAG	3	0	1
day0_TACCATTTGGTCGTTA	0	1	0
day0_TACCATTTGTTTGGGT	0	1	0
day0_TACCCACTGAGCATCT	2	1	5
day0_TACCCACTGCCTCCTA	5	1	3
day0_TACCCGTTGCTTGATG	2	0	5
day0_TACCGGGACACCCAGC	0	1	0
day0_TACCGGGACCCATCGG	2	1	5
day0_TACCGTAGACCATCTC	4	2	4
day0_TACCGTAGAGTTCTTT	2	1	5
day0_TACCTCGTGAGCCAGA	2	1	0
day0_TACCTCGTGCGCAAGA	3	0	1
day0_TACCTCTCTACAGATA	1	1	6
day0_TACCTTTGAAACCTCA	0	0	0
day0_TACCTTTGATAAAGAC	0	0	0
day0_TACCTTTGATCTATTC	3	1	1
day0_TACGAACACGCGTGAA	2	1	5
day0_TACGAAGCTACCAGAG	0	1	0
day0_TACGAAGCTGCTTATG	5	1	3
day0_TACGAAGCTTCCTCAC	0	0	0
day0_TACGAAGCTTCGGTAT	2	1	1
day0_TACGACATGCCCTGAG	5	1	3
day0_TACGACATGTCGCGAC	5	1	3
day0_TACGAGACTCACAAGG	2	0	5
day0_TACGAGACTCTGAAGG	6	0	1
day0_TACGAGACTGTTAGAA	0	0	0
day0_TACGAGACTTCAGTGT	0	1	0
day0_TACGAGACTTGTACCA	3	0	5
day0_TACGAGACTTTAGTGC	1	0	6
day0_TACGAGGGACATGGAG	4	2	4
day0_TACGAGGGACCAAGCC	1	1	6
day0_TACGAGGGACCGTCGA	0	1	0
day0_TACGAGTACAAGTCTC	0	0	0
day0_TACGAGTACAGTAACA	5	0	3
day0_TACGAGTACCTGGCTG	2	0	5
day0_TACGAGTACGGTAGGT	1	1	6
day0_TACGATTCTGAGCGTA	3	0	1
day0_TACGATTCTTAGGAAT	2	0	0
day0_TACGATTCTTCCTTCG	2	1	1
day0_TACGATTCTTGGTTAC	5	1	3
day0_TACGCTCTGCCTGCGA	6	2	5
day0_TACGCTCTGCTTATGG	3	1	1
day0_TACGCTCTGGAATGGC	2	0	0
day0_TACGCTCTGTGCTTGA	4	2	4
day0_TACGGAACTCACTTAG	0	0	1
day0_TACGGAACTCGTCGCA	3	0	5
day0_TACGGAACTTACCCGG	2	0	5
day0_TACGGAACTTTGCAGT	0	0	0
day0_TACGGCTCTAGAAGGA	3	1	1
day0_TACGGGCACCAATCTG	2	1	5
day0_TACGGTAACGCATGAG	3	1	1
day0_TACGGTATGGCATTAC	0	0	0
day0_TACGGTATGGGTGGAT	3	1	1
day0_TACGGTATGTGAGCGA	0	1	3
day0_TACGGTATGTGGTGGA	5	1	3
day0_TACGTAGACTCATCCC	0	1	0
day0_TACGTTACTTCTATCT	3	0	5
day0_TACTAACCTTTGGAGG	2	0	5
day0_TACTACACTCACGCAC	1	1	6
day0_TACTACGGAACTGTTG	5	0	3
day0_TACTACGGAGTCTAAC	5	0	3
day0_TACTACTTGACAAGTA	3	0	5
day0_TACTACTTGAGTTCCA	0	1	0
day0_TACTACTTGTCCCGGA	3	1	1
day0_TACTACTTGTGGCTGC	3	0	1
day0_TACTATCACACTTGAC	0	0	0
day0_TACTATCACCTGGCTG	5	1	3
day0_TACTATCACGGATCAG	2	0	5
day0_TACTATCACTTCTGAG	2	0	5
day0_TACTCGAGAACGTAAA	5	1	3
day0_TACTCGAGACCACGTG	5	0	3
day0_TACTCGAGAGGTGTGA	3	1	1
day0_TACTCGAGATACCTTT	0	1	0
day0_TACTCGAGATGTGAGG	0	1	1
day0_TACTCGCACTCATTTC	3	1	1
day0_TACTCTAACAGGATAT	2	1	5
day0_TACTCTAACCAGCCCA	3	0	1
day0_TACTCTAACCGAGAGT	2	1	5
day0_TACTCTAACTCATGCA	3	0	1
day0_TACTCTCCTCTTCACC	2	0	3
day0_TACTCTCCTGGTCTAT	4	2	4
day0_TACTCTCCTGTTGTAC	1	0	6
day0_TACTCTCCTTCTATCT	4	2	4
day0_TACTCTTGAAGGTCGA	0	1	1
day0_TACTCTTGATTCCATT	2	1	5
day0_TACTGTTACGTAGCCC	5	0	3
day0_TACTTCAACACATCCA	2	1	5
day0_TACTTGGGAAGCGAAC	3	1	1
day0_TACTTGGGATCGAGGA	4	2	4
day0_TACTTGTACATACCTG	2	0	5
day0_TACTTGTACCAATGGG	5	0	3
day0_TACTTGTACCAGCGTC	2	0	5
day0_TACTTGTACCGAAAGC	3	1	1
day0_TACTTGTACGGCGTAA	3	0	5
day0_TACTTGTACGTGATGG	0	1	0
day0_TACTTGTTGGAGAACC	3	0	1
day0_TACTTTGACAACAATG	4	2	4
day0_TACTTTGACCGTGCGT	2	0	5
day0_TACTTTGACCTCACTC	5	0	3
day0_TACTTTGACGGACCCT	4	2	4
day0_TACTTTGTGACCTGCG	0	0	0
day0_TACTTTGTGCCTCTTG	0	1	0
day0_TACTTTGTGCTCGGCA	4	2	4
day0_TACTTTGTGGAATGGC	2	0	5
day0_TACTTTGTGTAGATAG	5	0	7
day0_TACTTTGTGTCGCTTC	2	0	5
day0_TACTTTGTGTGACCCG	2	0	5
day0_TACTTTGTGTTGAGCT	4	2	4
day0_TAGAAAGACGACTAAA	2	0	5
day0_TAGAACCACGGTACAG	3	0	1
day0_TAGAAGTGAACGCTTA	0	0	1
day0_TAGAAGTGAACTTCGA	5	1	3
day0_TAGAAGTGAAGGACGT	3	1	1
day0_TAGAAGTGAGTAGAAT	3	0	1
day0_TAGAAGTGATAACACC	1	0	6
day0_TAGAAGTGATGTTCTT	4	2	4
day0_TAGACGACTATCACAC	0	0	0
day0_TAGACGACTGAATAGT	2	1	5
day0_TAGACGACTGGGTAAC	3	0	1
day0_TAGACTCGAGGAACAC	2	0	4
day0_TAGACTGACAAACCAA	3	1	1
day0_TAGACTGACAGTATGA	2	1	5
day0_TAGACTGACGAATAGT	3	0	1
day0_TAGACTGACTCGAATC	3	2	5
day0_TAGACTTCTCTCTACC	2	0	5
day0_TAGAGAATGCAGACCC	0	1	1
day0_TAGAGAATGCCGCATG	2	0	5
day0_TAGAGAATGGCCCGTA	5	0	3
day0_TAGAGAATGTACCTGA	1	0	6
day0_TAGAGATGAAGGACAC	2	0	5
day0_TAGAGATGAAGGTCGA	4	2	4
day0_TAGAGATGACGCCGAT	0	1	5
day0_TAGAGATGATAGAACA	2	1	5
day0_TAGAGCTTGCACGCAC	5	1	3
day0_TAGAGCTTGTGTGAAA	3	1	1
day0_TAGAGCTTGTTAGAAG	3	1	1
day0_TAGAGGCGAAATCGCT	5	1	3
day0_TAGAGGCGACCGAAAG	0	1	1
day0_TAGAGGCGATTTGGTG	2	0	5
day0_TAGAGGGTGAAGTGAT	4	2	4
day0_TAGAGGGTGACCCTAA	5	1	3
day0_TAGAGGGTGATCCCTC	3	1	1
day0_TAGAGTCTGAACCTCA	4	2	4
day0_TAGAGTCTGAATCACC	3	1	1
day0_TAGAGTCTGCTACAAC	0	1	0
day0_TAGAGTCTGTACCTTT	3	0	5
day0_TAGAGTCTGTCACCCT	3	0	5
day0_TAGAGTCTGTTTCGGA	3	0	1
day0_TAGAGTGCTACTCATG	0	0	0
day0_TAGAGTGCTATGCAGG	4	0	4
day0_TAGAGTGCTCTATCTT	0	1	0
day0_TAGAGTGCTTTACTTC	4	0	4
day0_TAGATGCACAACCAAA	3	0	5
day0_TAGATGCACACACCCG	2	0	5
day0_TAGATGCACATACCTG	2	1	5
day0_TAGATGCACCAGACCC	3	0	1
day0_TAGATGCACTACCCAA	4	2	4
day0_TAGATGCACTACCCTC	2	1	5
day0_TAGCAAAGAGGCATGA	3	0	1
day0_TAGCACATGAGACACG	0	1	3
day0_TAGCACATGCGACTTA	4	2	4
day0_TAGCAGTTGGAACGTG	2	1	5
day0_TAGCATCGAGTAGAAT	4	2	4
day0_TAGCCAAACACCTGCG	0	0	1
day0_TAGCCAAACAGGTCCC	3	1	1
day0_TAGCCAAACTCTGGGC	4	2	4
day0_TAGCCACCTAGTGGAC	4	2	4
day0_TAGCCACCTATCGTTG	2	0	3
day0_TAGCCACCTCTCGGCA	3	0	5
day0_TAGCCACCTTCCACAA	3	0	4
day0_TAGCCGGTGAGCCTGC	0	1	1
day0_TAGCCGGTGCGCACTG	0	0	0
day0_TAGCCGGTGGAGCATG	2	0	5
day0_TAGCCGGTGGCATGAG	3	1	1
day0_TAGCCTCTGTTGTGGT	2	0	1
day0_TAGCCTGCTTACCATG	4	2	4
day0_TAGCGATACATTGGTC	0	0	0
day0_TAGCGATACTCTGACA	5	1	3
day0_TAGCGATACTGTGATC	2	0	5
day0_TAGCGATACTTCGTTT	5	0	3
day0_TAGCGCGTGCGGAAGT	3	0	1
day0_TAGCGCGTGGGTTAGG	0	1	0
day0_TAGCGTCCTTACCTGA	4	2	4
day0_TAGCGTTGACAACATC	0	0	0
day0_TAGCGTTGATCACGAT	3	1	1
day0_TAGCTACGACAATGGG	0	0	1
day0_TAGCTACGACATCACA	5	1	3
day0_TAGCTACGATCACCCT	0	0	0
day0_TAGCTACGATCGTGAT	0	0	0
day0_TAGCTACGATTCACAG	0	0	0
day0_TAGCTATCTGGGTCTC	3	1	1
day0_TAGCTGAACACGATTC	2	1	5
day0_TAGCTGAACCGATAGG	1	0	6
day0_TAGCTGATGGCCTGTG	4	2	4
day0_TAGCTGATGGTTACAC	5	0	3
day0_TAGCTGATGTTCCTCG	0	0	0
day0_TAGCTGCCTAGAAATC	0	0	0
day0_TAGCTTGGACATCGAT	2	0	5
day0_TAGCTTGGAGGTTACT	0	0	0
day0_TAGGAATGAATGATGA	0	0	0
day0_TAGGAATGACAATTCG	0	1	0
day0_TAGGAATGACTTCCCA	1	1	1
day0_TAGGACGGACTGCAGC	3	1	1
day0_TAGGACGGAGAAGGAA	3	0	1
day0_TAGGACTACCGTCGCA	5	1	7
day0_TAGGAGCGAAGCGATG	5	1	3
day0_TAGGAGCGAATGGCAG	2	0	1
day0_TAGGAGCGACAAACAA	1	0	6
day0_TAGGAGCGACAACACT	2	2	5
day0_TAGGAGGACAACAGGC	2	0	5
day0_TAGGAGGACCGAAAGC	0	1	0
day0_TAGGAGGACCTCGGCA	0	0	1
day0_TAGGAGGACGAAGGAA	3	0	1
day0_TAGGATCTGACACGGA	2	0	1
day0_TAGGATGCTCTATCTT	0	0	0
day0_TAGGCAACTACGAGCA	4	2	4
day0_TAGGCAACTTGCACGC	4	2	4
day0_TAGGCAACTTTCACCC	2	0	5
day0_TAGGCCGACAAGGTAT	4	0	4
day0_TAGGCGAGAACGTAAA	3	0	1
day0_TAGGCGAGAAGTCAAA	3	0	1
day0_TAGGCTTGAGATCAAA	3	0	1
day0_TAGGCTTGAGCAGGTA	5	1	3
day0_TAGGCTTGAGCTAACT	2	0	5
day0_TAGGCTTGAGGCTGTC	0	0	1
day0_TAGGCTTGATCTAACG	3	0	5
day0_TAGGGAGACAATCCCA	0	1	0
day0_TAGGGAGTGAAAGGTT	3	0	1
day0_TAGGGAGTGAACACTC	3	0	5
day0_TAGGGAGTGCAATGGG	5	1	3
day0_TAGGGAGTGGGAAGAA	2	0	5
day0_TAGGGAGTGGTCCCGA	4	2	4
day0_TAGGGAGTGTGGAATA	0	1	0
day0_TAGGGAGTGTGGGAGT	0	0	0
day0_TAGGGCAGATGACGTT	3	1	1
day0_TAGGGCCTGCAAACTC	2	0	5
day0_TAGGGCCTGCTAACTG	3	1	1
day0_TAGGGCCTGTGACGTT	0	0	0
day0_TAGGGTACTGACGGAT	0	1	0
day0_TAGGGTACTGGGCTCT	5	1	3
day0_TAGGGTGGAACCCAGC	4	2	4
day0_TAGGGTTACGAATGAT	5	1	6
day0_TAGGTCTGAGAGTAAT	2	1	5
day0_TAGGTCTGATGATCTG	4	2	4
day0_TAGGTTCGAACCAGAG	0	1	1
day0_TAGGTTCGAAGCCTAT	0	0	0
day0_TAGGTTCGACCTGAAT	2	1	5
day0_TAGGTTCGAGTTCAAC	0	0	0
day0_TAGGTTCGATTGGGAG	2	0	5
day0_TAGGTTGACCCAGACC	0	1	0
day0_TAGGTTGACCCCTGTT	4	2	4
day0_TAGTACGTGAAACCAA	4	2	4
day0_TAGTACGTGACTTGAC	5	0	3
day0_TAGTACGTGAGCCAGA	3	0	1
day0_TAGTACGTGCACGATT	2	1	5
day0_TAGTACGTGGTCTATG	6	1	2
day0_TAGTACGTGGTTAGAA	3	1	1
day0_TAGTACGTGGTTGAGG	2	0	5
day0_TAGTACGTGTAGACTC	3	0	1
day0_TAGTAGCTGGAGATTA	3	0	1
day0_TAGTAGCTGGTGTCCG	3	0	1
day0_TAGTCACGAGCTGCTG	4	0	4
day0_TAGTCACGAGGAATTA	4	2	4
day0_TAGTCCAGACAGTAAA	6	1	1
day0_TAGTCCAGACCTGTCT	2	0	5
day0_TAGTCCAGATGGAATA	0	0	0
day0_TAGTCCCTGAAGTGAT	1	0	6
day0_TAGTCCCTGCCATTCC	5	1	3
day0_TAGTCCCTGCGTCCAG	3	1	1
day0_TAGTCCCTGGAAATGT	2	0	0
day0_TAGTCCCTGTGTACGT	0	0	0
day0_TAGTCGTGAATGATGA	2	0	5
day0_TAGTCGTGACTCACGG	0	1	0
day0_TAGTCTTTGAGGTAGC	4	2	4
day0_TAGTGAGCTCATTTCT	2	0	5
day0_TAGTGCATGAGTCTTG	5	0	1
day0_TAGTGCATGCTCCATC	4	2	4
day0_TAGTGCATGGAGCATG	3	1	1
day0_TAGTGCATGTGAAGTA	4	2	4
day0_TAGTGCATGTTGCCTC	2	0	5
day0_TAGTGTCGAAATCGCT	2	0	5
day0_TAGTGTGTGCATAGTC	3	1	1
day0_TAGTGTGTGCGACGCT	2	0	5
day0_TAGTTACCTGATGCAG	2	0	5
day0_TAGTTGTCTAACAGGC	5	1	3
day0_TAGTTGTCTGAGGAAA	5	0	3
day0_TAGTTGTCTTGCTTGA	4	2	4
day0_TAGTTGTCTTGTGAGG	3	0	1
day0_TATAGCCGAATGCAGG	3	1	1
day0_TATAGCGTGAAAGGTT	2	1	5
day0_TATAGCGTGTCTACAG	4	2	4
day0_TATAGGCACAACGAAT	2	0	5
day0_TATAGGCACACAACCT	2	0	3
day0_TATAGGCACTGACGTT	3	0	1
day0_TATAGGCTGCAAGTGG	4	0	4
day0_TATAGTCCTAAAGGAG	3	1	1
day0_TATAGTCCTGGTGTGA	3	1	1
day0_TATCACTACCCTGATA	5	0	3
day0_TATCACTACCGAGGTA	5	1	3
day0_TATCACTACGACCGAA	5	1	3
day0_TATCACTACTCTTAGG	3	0	1
day0_TATCACTTGACCGGAA	2	1	5
day0_TATCAGCGACAACCTA	4	2	4
day0_TATCAGCGACTTTCAT	3	0	5
day0_TATCAGCGAGTGCTTA	2	0	5
day0_TATCAGCGAGTTACGT	0	0	0
day0_TATCAGGTGCGTGCGT	4	2	4
day0_TATCAGGTGGGAACAC	1	1	6
day0_TATCAGGTGTCCACAA	5	1	3
day0_TATCAGGTGTTGTAGC	3	0	5
day0_TATCATGCTACATCCA	0	0	0
day0_TATCATGCTCTCGCAG	0	0	1
day0_TATCATGCTGTGGATG	5	0	3
day0_TATCATGCTTCTCAAG	0	0	0
day0_TATCCGCACACGTTCA	3	0	1
day0_TATCCGCACCAGTAAA	0	1	0
day0_TATCCGCTGAATGTGA	1	0	6
day0_TATCCGCTGACTGAGG	0	1	1
day0_TATCCGCTGATCCTCC	5	1	3
day0_TATCCGCTGCAGACCC	5	1	3
day0_TATCCGCTGCTAACTG	0	0	0
day0_TATCCGCTGGAAGCAC	2	0	5
day0_TATCCGCTGGGCATGA	0	1	1
day0_TATCCGCTGTCATGTG	3	1	1
day0_TATCCGCTGTTCTGGA	4	2	4
day0_TATCCGGCTACTACGT	3	0	5
day0_TATCCGGCTCAGGGAT	3	0	5
day0_TATCGACGAAGTGTTC	2	0	5
day0_TATCGACGAATGGACG	5	0	3
day0_TATCGAGTGAGTTCCA	5	1	3
day0_TATCGAGTGCATCTCC	0	1	0
day0_TATCGAGTGCATGAAA	3	1	1
day0_TATCGAGTGGAGAGTC	5	1	3
day0_TATCGAGTGGTCTAAC	2	1	5
day0_TATCGCAGAAAGCACG	3	0	5
day0_TATCGCAGAACCCAGC	5	1	3
day0_TATCGCAGAGAAGCAC	0	0	0
day0_TATCGCCTGCCTGCAG	0	1	0
day0_TATCGCCTGCTCGTGG	2	0	5
day0_TATCGGATGACGTAGG	0	0	0
day0_TATCGGATGCGACGCT	4	2	4
day0_TATCGGATGCGCGTCA	0	1	0
day0_TATCGGATGTGTGAAA	2	1	5
day0_TATCGTTACGAGCAAC	2	0	5
day0_TATCGTTACGTAGCCC	5	1	3
day0_TATCGTTACTTCCATT	3	0	1
day0_TATCTACTGATTTCTC	0	0	0
day0_TATCTACTGCGATGAG	0	1	0
day0_TATCTACTGGCTGGCT	2	0	1
day0_TATCTACTGTAACACC	5	0	3
day0_TATCTACTGTGCACGC	3	0	5
day0_TATCTACTGTTCTATC	0	1	0
day0_TATCTACTGTTGTAGC	3	0	0
day0_TATCTAGCTACATCAC	0	0	0
day0_TATCTAGCTCTCGCTT	2	0	0
day0_TATCTAGCTGACTGCC	0	1	0
day0_TATCTAGCTGGCGATA	0	0	1
day0_TATCTCATGTTATCCT	4	2	4
day0_TATCTCCCTCGTCCAG	2	0	5
day0_TATCTCCCTGACTTAC	2	1	5
day0_TATCTGTTGTGTGATC	3	0	1
day0_TATCTGTTGTTCTATC	4	2	4
day0_TATCTGTTGTTCTGAG	4	2	4
day0_TATGACCGAGATGCAG	4	2	4
day0_TATGACGACATGGTCT	0	1	0
day0_TATGACGACCCTGCAG	0	0	5
day0_TATGACGACCTAACCA	0	1	0
day0_TATGACGACGACTGAG	2	0	5
day0_TATGACGTGCAAGGGT	3	0	1
day0_TATGACGTGCTCCTAC	3	0	5
day0_TATGACGTGGCTTATG	4	2	4
day0_TATGAGCTGTTCACTT	2	1	5
day0_TATGAGGCTGATCCAT	5	1	3
day0_TATGATCCTCAGAAAT	2	1	5
day0_TATGATCCTGGACGAT	0	1	0
day0_TATGATCCTTGACGTT	3	0	5
day0_TATGCACGAATAACCC	5	0	3
day0_TATGCACGACACTTGA	0	0	0
day0_TATGCAGACAACACCT	0	1	0
day0_TATGCAGACCGGATGA	4	0	5
day0_TATGCAGACTAGGAAT	4	2	4
day0_TATGCTACTATAACCC	3	0	5
day0_TATGCTACTCTGCTCT	2	0	5
day0_TATGCTACTGGAAGAA	0	1	0
day0_TATGCTACTGGATCCC	0	1	0
day0_TATGGACACAGCGTTT	3	0	5
day0_TATGGACACCGATGAG	0	0	0
day0_TATGGACACGGCAGTA	0	0	0
day0_TATGGAGCTCCTACGG	4	2	4
day0_TATGGAGCTCGCTTCT	0	0	1
day0_TATGGAGCTGATTACC	3	0	5
day0_TATGGAGCTGTGGCCT	0	1	0
day0_TATGGAGCTTCATTGG	2	0	5
day0_TATGGCAACTAAAGAC	5	0	3
day0_TATGGCATGAGGACAC	3	1	1
day0_TATGTACCTCCCAACG	2	1	5
day0_TATGTACCTTGTGCTA	2	0	3
day0_TATGTACCTTTGAGGG	3	0	1
day0_TATGTCGGAGAATAGT	0	0	0
day0_TATGTCGGATTAGTGC	0	1	0
day0_TATGTGGTGAACGTGG	5	0	3
day0_TATGTTCTGCAGTAAA	0	0	0
day0_TATGTTCTGCCATCAA	2	0	5
day0_TATGTTCTGTCGAGGA	5	0	3
day0_TATTACCACAAGACAT	5	0	3
day0_TATTACCACACTTACG	0	0	0
day0_TATTCACACAGGACGT	5	1	3
day0_TATTCACACGCATGAG	4	2	4
day0_TATTCACACGTTGAGG	0	0	0
day0_TATTCGACTATCCTCC	2	0	5
day0_TATTCGACTGCCGTTG	5	1	3
day0_TATTCGACTGTAACTC	2	1	5
day0_TATTCGACTTGTACGT	3	0	1
day0_TATTCGGGAAACACTC	0	0	5
day0_TATTCGGGACATTCAG	2	0	5
day0_TATTCGGGACCGCAAC	2	0	0
day0_TATTCGGGATGAACAA	3	0	1
day0_TATTCTCGAAGTGGAC	2	1	5
day0_TATTCTCGAGCTAACT	3	0	1
day0_TATTCTCGATACCTAG	5	1	3
day0_TATTGCTTGAACACTC	0	0	0
day0_TATTGCTTGACGATCT	2	0	5
day0_TATTGCTTGATCCTTT	4	2	4
day0_TATTGCTTGCATCAGT	0	1	1
day0_TATTGCTTGCTCGCTT	3	0	5
day0_TATTGCTTGCTGAAGG	0	0	1
day0_TATTGCTTGGCAGCTC	3	1	1
day0_TATTGCTTGTAGCATC	3	1	1
day0_TATTGGCGAATCGCAT	4	2	4
day0_TATTGGCGACCACGTG	5	0	3
day0_TATTGGCGATGGGATG	2	0	5
day0_TATTGGGTGATAGGAT	2	0	5
day0_TATTGGGTGTGAGCAG	2	0	5
day0_TATTGGGTGTTCTGGA	0	1	0
day0_TATTGTCTGAGCTTGT	2	0	5
day0_TATTGTCTGGAGCGTA	1	0	6
day0_TCAAAGCTGAACAATG	3	1	1
day0_TCAAAGCTGCCATGGC	2	1	5
day0_TCAAAGCTGGAGTGAC	2	0	5
day0_TCAAAGCTGGTTACAC	4	2	4
day0_TCAAAGCTGTCCTAAG	4	2	4
day0_TCAAAGGCTAGTCTTG	2	1	5
day0_TCAAAGGCTGGCTCTG	5	1	3
day0_TCAACATCTCGTATTG	5	1	3
day0_TCAACCAGAACAACCT	0	1	0
day0_TCAACCCACACCTGAT	0	1	0
day0_TCAACCCACTACCCTC	5	0	3
day0_TCAACCCACTGGTACT	2	0	5
day0_TCAACCCTGAATCGAA	5	0	3
day0_TCAACGCCTAACATGA	3	0	1
day0_TCAACGCCTATTTCTC	5	0	3
day0_TCAACGCCTGAGCAAC	2	0	5
day0_TCAACTTACAAGATCA	3	0	1
day0_TCAACTTACGGGTATG	4	2	4
day0_TCAACTTACTTGAGCT	5	1	3
day0_TCAAGACACATGGAAT	0	0	5
day0_TCAAGACACCCCGTGA	3	1	1
day0_TCAAGCAACACGATCT	3	0	1
day0_TCAAGCAACATAGTAG	3	0	1
day0_TCAAGCAACATCTGCA	4	2	4
day0_TCAAGCTGAACCTGGC	3	1	1
day0_TCAAGCTGAGAAAGGA	4	2	4
day0_TCAAGCTGAGATTGAA	2	0	5
day0_TCAAGCTGATGTACGT	4	2	4
day0_TCAATACCTCAGCGTC	3	0	1
day0_TCAATACCTCGATGGA	0	0	1
day0_TCAATCTACAGACACG	4	2	4
day0_TCAATCTACCAATGAA	4	2	4
day0_TCAATCTACCATGCAT	0	1	0
day0_TCAATCTTGAACAGGC	2	0	5
day0_TCAATCTTGCGCCACA	5	1	3
day0_TCAATCTTGCGCTCAG	4	0	4
day0_TCAATCTTGTAACTCG	0	0	0
day0_TCAATCTTGTGAAGTA	3	0	5
day0_TCAATCTTGTGCCTAA	3	0	5
day0_TCAATGCGATCAAGAA	5	0	3
day0_TCAATTCACCAAGTGG	5	0	3
day0_TCAATTCACCGATGGA	2	1	0
day0_TCAATTCACGTAATGA	6	0	1
day0_TCAATTCACTGATGTC	2	0	5
day0_TCACAACGATTCTGAG	3	0	1
day0_TCACAAGTGTGAGGGT	2	0	5
day0_TCACAATCTAGAAATC	5	1	3
day0_TCACAATCTTGAGTCT	0	1	0
day0_TCACACAGATTCAGGT	0	1	0
day0_TCACACCTGAACGTTC	2	0	5
day0_TCACACCTGCGCTTCT	2	0	5
day0_TCACACCTGTGAGTCT	2	1	5
day0_TCACCAAGACAAGAAT	2	0	4
day0_TCACCAAGACTGGTTA	0	1	0
day0_TCACCAAGATTGGGTT	3	1	1
day0_TCACCAAGATTTGGTG	0	0	0
day0_TCACCACTGTTTCCGC	3	0	5
day0_TCACCAGCTGCGTCAC	3	0	1
day0_TCACCAGCTGTGGGTA	4	2	4
day0_TCACCTGACCTCATGA	5	1	3
day0_TCACCTGACGACTGAG	4	2	4
day0_TCACCTGACTCGAACT	3	0	5
day0_TCACGAAACATGCTCA	5	1	3
day0_TCACGAAACATTTCCT	3	1	1
day0_TCACGAAACCAAACAA	4	2	4
day0_TCACGAAACTAACCAC	3	0	1
day0_TCACGAAACTCTTGAG	5	0	3
day0_TCACGAAACTTTGGTG	3	0	5
day0_TCACGACCTACAACCT	0	0	1
day0_TCACGACCTACCTGCG	0	0	0
day0_TCACGACCTAGTGTTC	2	0	5
day0_TCACGACCTCGCCGAT	0	0	0
day0_TCACGACCTCTAAGGG	0	0	0
day0_TCACGGCGAATGATGA	3	0	5
day0_TCACGGGACCGAAATA	2	1	5
day0_TCACGGGACGGACTTT	3	0	1
day0_TCACTATTGACTGCCG	4	2	4
day0_TCACTATTGAGCGAAC	3	1	1
day0_TCACTATTGTATGTGC	4	2	4
day0_TCACTCCGACGAGGTA	3	0	1
day0_TCACTCCGAGAGCCCT	0	0	0
day0_TCACTCGACCTAGAGG	1	0	6
day0_TCACTCGACCTCAACA	5	1	3
day0_TCACTCGACGGAGTCA	0	0	0
day0_TCACTCTCTCAGGGAT	3	0	1
day0_TCACTCTCTGAGAGAA	4	2	4
day0_TCACTCTCTGTCTACA	3	1	1
day0_TCACTCTCTTTTGGGT	0	1	1
day0_TCACTGCACTTCTGAG	0	0	0
day0_TCACTGCTGCGACGCT	5	1	3
day0_TCACTGCTGTGAAAGT	0	1	0
day0_TCACTTCCTACTCACA	0	0	0
day0_TCACTTCCTAGGAAGA	2	0	5
day0_TCACTTCCTCAGCGAA	0	0	0
day0_TCAGAGACTCTGGCTG	2	1	3
day0_TCAGCAATGATTGGAA	0	0	0
day0_TCAGCAATGGGTTACT	2	1	5
day0_TCAGCAATGTATTCCT	2	0	5
day0_TCAGCAATGTTGTCCC	5	0	3
day0_TCAGCACCTCAAGCGA	0	0	0
day0_TCAGCACCTTCTACCC	2	0	5
day0_TCAGCACCTTGTTGTG	0	0	0
day0_TCAGCCTACAGCACGA	2	1	5
day0_TCAGCCTACAGGAAGA	3	0	1
day0_TCAGCCTACGTGCTTA	0	0	0
day0_TCAGCGCGACCTACCT	0	1	0
day0_TCAGCGCGAGAATGTA	3	1	1
day0_TCAGCGCGAGTACTAC	2	0	5
day0_TCAGCGCGAGTGGCCT	2	0	0
day0_TCAGCGGTGACGTTCA	5	0	3
day0_TCAGGAACTCTCGGCA	4	2	4
day0_TCAGGAACTTACCCGG	0	0	0
day0_TCAGGAACTTGTGACT	0	0	0
day0_TCAGGCTCTTATCCGA	3	1	1
day0_TCAGGCTCTTGGTACT	3	0	5
day0_TCAGTAGACCTCACTC	5	1	3
day0_TCAGTATCTGAAGTTA	2	0	5
day0_TCAGTCCACAATACAG	0	1	1
day0_TCAGTCCACCGGTAAG	5	0	3
day0_TCAGTCCACGACTGAG	0	0	0
day0_TCAGTCCACGTGTTAC	2	0	5
day0_TCAGTCCACTTCTATC	0	1	0
day0_TCAGTCGCTCGAGAGT	4	2	4
day0_TCAGTCGCTGGACTGA	2	0	5
day0_TCATACGGAAGTAACA	2	1	5
day0_TCATACGGAATAGGAT	4	0	1
day0_TCATATGCTACTTCCC	3	0	5
day0_TCATCCTCTAACCCTA	3	0	5
day0_TCATCCTCTCAATGAA	2	0	0
day0_TCATCTATGACAACTC	3	0	1
day0_TCATCTATGACCTCTC	2	1	5
day0_TCATCTATGAGCCAGA	5	1	3
day0_TCATCTATGGACTGCC	2	1	5
day0_TCATGCAGAGTATAGA	2	0	5
day0_TCATGCAGATGTTGGT	2	0	5
day0_TCATGCCTGAGTCCCG	3	0	1
day0_TCATGCCTGGATGAAT	0	1	0
day0_TCATGCCTGTACCCTC	2	0	5
day0_TCATGGTGAGAGAGAA	3	0	1
day0_TCATGGTGATTGCTGA	4	2	4
day0_TCATGTTACAACGCTT	3	0	1
day0_TCATGTTACGATGCAG	1	1	6
day0_TCATTAGCTCATGATC	2	0	5
day0_TCATTTGTGGAGAGTC	3	0	1
day0_TCATTTGTGTAACCGT	4	2	4
day0_TCATTTGTGTCACGAT	5	0	3
day0_TCCAACAGACCCAATA	2	1	5
day0_TCCAAGTGAACTGAGG	2	1	0
day0_TCCAATGGAAGCTACT	2	1	5
day0_TCCAATGGAAGTCAAA	0	0	0
day0_TCCAATGGACGTGATT	0	1	0
day0_TCCAATGGAGACAGAC	2	0	5
day0_TCCAATTACCAACAAA	4	2	4
day0_TCCAATTACCCAAAGG	2	0	5
day0_TCCAATTACCGTGCGT	3	0	5
day0_TCCAATTACGGTCATT	3	0	5
day0_TCCAATTTGACATCGT	2	2	5
day0_TCCAATTTGCACTTCC	3	0	5
day0_TCCAATTTGTAGGAAT	2	0	5
day0_TCCACACACGAACATA	1	0	6
day0_TCCACACACGCAGGTA	4	2	4
day0_TCCACACTGCAGAAAT	2	0	5
day0_TCCACACTGTGGGAGT	4	2	4
day0_TCCACCATGAACGCCC	2	0	0
day0_TCCACCATGTATGTGC	4	2	4
day0_TCCACTCGAACAACAA	0	0	0
day0_TCCACTCGAAGAAATC	2	0	5
day0_TCCAGACCTCAAGAAT	3	0	1
day0_TCCAGACCTCATTACG	5	0	3
day0_TCCAGACCTTACCTCC	5	0	3
day0_TCCAGACCTTCTCCAC	3	1	1
day0_TCCAGGTCTATGATGA	5	0	3
day0_TCCAGGTCTGATCTAC	0	0	0
day0_TCCAGTGCTAGATTGA	4	2	4
day0_TCCAGTGCTGCCCTTT	0	0	3
day0_TCCATAACTTCTACGA	4	2	4
day0_TCCATAGGAAGTCACT	0	0	1
day0_TCCATAGGAGCTGGCT	3	0	5
day0_TCCATAGGATCACAGT	2	0	5
day0_TCCATATACGGGTCAA	0	0	1
day0_TCCATATACTTCCTCG	5	0	3
day0_TCCATGAGAACGTGCC	3	0	1
day0_TCCATGAGAAGGCCCT	5	0	3
day0_TCCATGAGATGGTAAA	3	2	4
day0_TCCCACCCTCAGCTGC	5	0	3
day0_TCCCACTGAACCCAGC	4	2	4
day0_TCCCACTGAGAGCCCT	4	2	4
day0_TCCCACTGATGAATGA	3	0	1
day0_TCCCAGTACTCTGGCG	5	0	3
day0_TCCCAGTACTGGACGA	3	1	1
day0_TCCCTACGAAGTAAAC	4	2	4
day0_TCCCTACGACCAAGCC	0	1	0
day0_TCCCTACGACGGTGAA	3	0	1
day0_TCCCTACGAGCCTGCA	5	1	3
day0_TCCCTATCTAACACAA	2	2	5
day0_TCCCTATCTCCGATCG	2	0	5
day0_TCCCTATCTCGTCGCA	0	1	0
day0_TCCCTATCTGAGAGAA	5	1	3
day0_TCCCTGCCTTAGCTAC	2	0	0
day0_TCCCTTACTAAGTATG	2	1	5
day0_TCCCTTACTGCATTAC	4	2	4
day0_TCCCTTACTGCGGTAA	0	0	0
day0_TCCCTTGGAAACTCAC	4	2	4
day0_TCCCTTGGACGAAATA	2	1	5
day0_TCCCTTGGACGATGGA	2	0	5
day0_TCCCTTGGATCTCCAC	5	1	3
day0_TCCGAATGAAAGTCTC	4	2	4
day0_TCCGAATGAACTTGAC	4	0	4
day0_TCCGAATGACATGCAT	0	0	0
day0_TCCGAATGACCTACCT	4	2	4
day0_TCCGAATGACGATCGC	4	2	4
day0_TCCGAATGAGCATTAC	2	1	5
day0_TCCGAATGATGTTCTT	0	1	1
day0_TCCGACTACCAAGAAT	0	0	0
day0_TCCGACTACTGGGTAG	3	0	5
day0_TCCGATAGAAGCTTGT	3	0	1
day0_TCCGATAGAATTCTCT	4	2	4
day0_TCCGATAGAGCTGGCT	2	0	5
day0_TCCGATAGATCTGTAG	5	0	3
day0_TCCGCATACAAATGGT	0	0	1
day0_TCCGCATACAGCGTGA	3	0	1
day0_TCCGCATACATGACCT	3	0	5
day0_TCCGCCTCTCAGAACG	5	1	3
day0_TCCGCCTCTCAGACCC	0	1	1
day0_TCCGCCTCTCCAGCAC	3	1	1
day0_TCCGCCTCTTGTTCGA	2	0	5
day0_TCCGCTAACACTCATG	3	0	5
day0_TCCGGTACTGAGGTTG	0	0	0
day0_TCCGGTACTTGCCCGA	2	0	5
day0_TCCGTAAGAAGTAACA	5	0	3
day0_TCCGTAAGAGCTGCAC	2	0	5
day0_TCCGTAAGAGTCATTG	2	0	5
day0_TCCGTAAGATAACTCG	0	0	0
day0_TCCGTCAACGACTAAA	3	0	1
day0_TCCGTCAACTAAAGAC	0	1	0
day0_TCCGTCATGACCAGAG	5	0	3
day0_TCCGTCATGCGGCTGT	3	0	1
day0_TCCGTCATGTCTTTGT	5	0	3
day0_TCCGTCATGTTTGAGC	2	0	5
day0_TCCGTTCGACTGTGAT	4	2	4
day0_TCCTAAACTCCTCTAC	0	1	1
day0_TCCTAAACTTGTAGCT	4	2	4
day0_TCCTAAACTTTCACCC	5	0	3
day0_TCCTAATTGAAGATCA	3	0	1
day0_TCCTAATTGAGCTATC	2	0	5
day0_TCCTAATTGGACAGAC	2	0	5
day0_TCCTAGGCTACACCCG	3	1	1
day0_TCCTAGGCTAGACCAG	1	1	3
day0_TCCTAGGCTAGTCTTG	2	1	5
day0_TCCTAGGCTCACTTAG	0	2	4
day0_TCCTAGGCTCATCGGC	3	0	1
day0_TCCTAGGCTCCGCATG	3	0	1
day0_TCCTAGGCTCCTATAG	4	2	4
day0_TCCTAGGCTCGATCTA	2	0	5
day0_TCCTAGGCTGAGATTA	3	0	5
day0_TCCTCAGTGATCCTTT	2	0	5
day0_TCCTCAGTGGGGATGT	5	0	3
day0_TCCTCAGTGTTCTCGC	0	0	0
day0_TCCTCGTGACCTACGG	2	1	5
day0_TCCTCGTGAGCCTGTG	3	0	1
day0_TCCTGCATGTGAACAA	0	0	0
day0_TCCTGCATGTGGTTGT	0	1	0
day0_TCCTGCATGTTTGTCT	3	1	1
day0_TCCTGCCCTTAACTCG	3	1	1
day0_TCCTGTTCTCATGAGG	2	1	5
day0_TCCTTAAACCCCGTGA	3	0	1
day0_TCCTTACCTACGAGCA	3	0	1
day0_TCCTTACCTAGACACG	2	0	0
day0_TCCTTACCTTCACCGG	4	2	4
day0_TCCTTATGAATAGTGA	0	1	5
day0_TCCTTATGACGTGCTG	4	2	4
day0_TCCTTATGATTTGAGC	1	1	6
day0_TCCTTCGGAACCGAAG	2	0	5
day0_TCCTTCGGAGGCTGTC	3	0	1
day0_TCGAAACTGCGTGCAC	3	1	1
day0_TCGAAACTGTTTGACG	2	0	5
day0_TCGAACATGAGCCATT	2	0	5
day0_TCGAACATGCCGTGAC	3	0	5
day0_TCGAACATGGGACAAC	3	0	1
day0_TCGAACATGTGGCTGC	3	0	1
day0_TCGAAGACTCAGTGAG	0	1	0
day0_TCGAAGACTTACCCGG	5	0	3
day0_TCGAAGACTTATCGCA	3	0	1
day0_TCGAAGACTTGCCGCA	3	0	1
day0_TCGAATGTGTAAAGAC	2	0	5
day0_TCGACAATGCGTCCAG	2	0	5
day0_TCGACAATGCTGAAGG	3	1	1
day0_TCGACAATGGAGCATG	5	0	3
day0_TCGACAATGGGCTCAC	4	2	4
day0_TCGACAATGTCTTTGT	3	0	1
day0_TCGACAATGTGAACGG	5	1	3
day0_TCGACGCGAAGAATCA	3	0	5
day0_TCGACGCGAATGGTCT	5	0	3
day0_TCGACGCGACAGAAAT	3	0	1
day0_TCGACGCGAGGAGACT	2	0	5
day0_TCGACGCGATACTTCT	2	0	5
day0_TCGACGCGATGATCTG	5	1	3
day0_TCGACGGTGCCTCTTG	3	0	1
day0_TCGACGGTGGATATGA	2	0	5
day0_TCGACGGTGGGAGGAG	5	0	3
day0_TCGACGTCTTTTGACG	2	0	5
day0_TCGAGAGGACATGAGG	5	1	3
day0_TCGAGAGGAGACCGAA	3	1	1
day0_TCGAGAGGAGCTGGCT	4	2	4
day0_TCGAGAGGAGGACAAC	3	1	1
day0_TCGAGATACCACGCCA	3	0	5
day0_TCGAGATACGGGAGGA	0	0	0
day0_TCGAGATACTGGCCTG	0	1	0
day0_TCGAGATTGACCTGGC	3	0	1
day0_TCGAGATTGTCACTTT	2	0	5
day0_TCGAGATTGTTTCGTT	0	1	0
day0_TCGATAGTGATTGGTC	2	0	5
day0_TCGATCCACTCTATCT	2	0	4
day0_TCGATCGCTGGACAGT	1	1	1
day0_TCGATCGCTTCCATGA	0	0	0
day0_TCGATGAACCCGTGAC	2	0	5
day0_TCGATGAACCCTCGAG	4	2	4
day0_TCGATGAACGTTGAGG	2	0	5
day0_TCGATGAACTGACCCG	3	1	1
day0_TCGATGCCTTTGCTCC	3	1	1
day0_TCGCAATGAACAATGA	3	0	5
day0_TCGCAATGACTCGCTT	2	1	5
day0_TCGCAATGAGTGACCC	5	1	3
day0_TCGCAATGATTCACAG	0	0	0
day0_TCGCACGGACATTTCT	2	0	5
day0_TCGCACGGACCCAATA	3	0	5
day0_TCGCACGGAGACTGAG	3	0	5
day0_TCGCACGGATCCCTTG	3	0	1
day0_TCGCACTACCTGTATG	3	0	5
day0_TCGCACTACTCACTGA	2	0	0
day0_TCGCACTACTGAATGA	2	1	5
day0_TCGCAGGTGTACCTTT	2	0	5
day0_TCGCATCTGAGGACGT	3	1	1
day0_TCGCATCTGATGATGA	2	1	5
day0_TCGCATCTGCGTCCAG	2	1	0
day0_TCGCATGCTAAATGGT	2	1	5
day0_TCGCATGCTGGAAATT	2	0	5
day0_TCGCCAACTCTCCTCA	0	1	0
day0_TCGCCAACTTTAGTGC	4	2	4
day0_TCGCCCTCTACAACCT	3	0	1
day0_TCGCCTATGAAGTATG	4	2	4
day0_TCGCCTATGGGAACAC	3	1	1
day0_TCGCCTATGTACCCTC	2	2	5
day0_TCGCCTATGTCACAAC	3	1	1
day0_TCGCGAGACAAGTCCT	2	0	5
day0_TCGCGAGACAGGATAT	4	2	4
day0_TCGCGGAACGGGTGTA	1	0	6
day0_TCGCGGAACGTGATTC	2	1	3
day0_TCGCGGAACTCGGTAT	2	1	5
day0_TCGCGGAACTTTGTGG	5	0	3
day0_TCGCGGATGTCATGTG	1	1	6
day0_TCGCGGATGTTGAGCT	5	1	3
day0_TCGCGTTACACATCCA	1	0	6
day0_TCGCGTTACATTGGAA	3	1	1
day0_TCGCGTTACCGAGGTA	0	0	0
day0_TCGCGTTACTGCTGGC	3	1	1
day0_TCGCTCTGAGTGCTTA	5	0	3
day0_TCGCTGACTTACCTTT	3	0	1
day0_TCGCTGGGAACAGTTC	2	0	5
day0_TCGCTGGGACATAGTC	2	0	5
day0_TCGCTGGGAGACAGTG	2	1	5
day0_TCGCTGGGAGGATGAC	1	1	1
day0_TCGCTGTACTTGAGGG	3	0	1
day0_TCGCTTGACATGGAAT	3	0	1
day0_TCGCTTGACCGTATTG	5	0	3
day0_TCGCTTGACCTGGCTG	4	2	5
day0_TCGCTTGACGGACTGA	2	0	5
day0_TCGCTTGACGGATAAT	5	1	3
day0_TCGCTTGACGGGAACT	0	1	0
day0_TCGCTTGACGTGATGG	3	0	1
day0_TCGCTTTCTAAATGAC	3	1	1
day0_TCGCTTTCTCAGACCC	3	0	1
day0_TCGGAATACAGTCAAA	3	0	1
day0_TCGGAATACGCATGGA	3	0	5
day0_TCGGAATACTACAACC	0	1	0
day0_TCGGAATACTGGTCTA	0	0	0
day0_TCGGACTCTAATGAAC	4	2	4
day0_TCGGACTCTAGTGTTC	5	0	3
day0_TCGGACTCTCAGGACA	3	1	1
day0_TCGGACTCTTGATGTC	2	0	5
day0_TCGGAGAGACTTCCCA	5	0	3
day0_TCGGAGAGACTTCTCG	5	0	3
day0_TCGGAGCACATCACAC	0	1	0
day0_TCGGAGCACGACAGAC	4	2	4
day0_TCGGAGCACTGTTGGT	0	0	0
day0_TCGGATTGAAGTCACT	0	0	0
day0_TCGGATTGATGGGTAG	0	1	0
day0_TCGGCATCTACGTGCC	4	2	4
day0_TCGGCATCTCTCTATT	0	1	0
day0_TCGGCATCTGTGAGAC	0	0	0
day0_TCGGCATCTTGGAGCA	2	0	5
day0_TCGGCCAGAATTCGTG	5	0	3
day0_TCGGCCAGACCAAGCC	0	1	0
day0_TCGGGAAGAAATGCCT	0	1	0
day0_TCGGGAAGACCTGTAA	4	2	4
day0_TCGGGAAGAGAACGTG	2	0	1
day0_TCGGGAAGAGCATTCA	2	0	5
day0_TCGGGAAGAGTGTTAC	2	0	5
day0_TCGGGACTGCAGCCCA	2	0	5
day0_TCGGGACTGCAGCGTC	5	0	3
day0_TCGGGACTGTCTTAGG	3	0	1
day0_TCGGGACTGTGAATGA	3	0	5
day0_TCGGTCTTGCAAGGGT	1	0	6
day0_TCGGTTCACAACCAAA	5	1	3
day0_TCGGTTCACACGTTCA	0	1	0
day0_TCGGTTCACAGGGATC	2	0	5
day0_TCGGTTCACCGGCACT	3	1	1
day0_TCGGTTCTGGATTGAA	3	1	1
day0_TCGGTTCTGGCTGGCT	3	0	1
day0_TCGGTTCTGTTCGGGC	0	0	0
day0_TCGTACCTGTGGTACT	3	1	1
day0_TCGTACCTGTGTGAAA	2	1	5
day0_TCGTATTTGCAGTACT	3	1	1
day0_TCGTATTTGTTCTGGA	2	0	5
day0_TCGTCCTGAACCTCTC	0	1	0
day0_TCGTCCTGAGGTAAAT	0	1	0
day0_TCGTCTGACAGGAAGA	4	2	4
day0_TCGTCTGACCCTCCAT	3	0	1
day0_TCGTCTGTGCACGATT	4	2	4
day0_TCGTGCGGAATCGCAT	3	1	1
day0_TCGTGCGGATTACCTT	1	1	6
day0_TCGTGCTACAGTGTCT	5	1	3
day0_TCGTGCTACATAGTGA	4	2	4
day0_TCGTGCTACGCAGCTC	3	0	1
day0_TCGTGCTACTAGACCT	5	0	3
day0_TCGTGGGACATAGGAT	0	0	1
day0_TCGTGGGACTCTTAGG	4	2	4
day0_TCGTGGTCTCATGCAT	2	0	5
day0_TCGTGGTCTTCGTGAT	2	0	5
day0_TCGTGTCACGTGAAAT	4	2	4
day0_TCGTTAACTCAGCGTC	0	0	0
day0_TCGTTAACTTGAAGTA	2	0	5
day0_TCGTTAACTTGCATCA	0	0	0
day0_TCGTTATTGCGGTGAA	0	1	1
day0_TCGTTCGACCAGCCCA	4	2	4
day0_TCGTTCGACGATGAAT	0	0	0
day0_TCGTTGAGACACGGTC	3	0	1
day0_TCGTTGAGAGACTGAG	2	1	5
day0_TCGTTGCACGTAACTC	5	0	3
day0_TCGTTGCACTCTACAG	5	0	3
day0_TCGTTTCCTCAGGCTC	5	0	3
day0_TCTAACTACAATCGCT	3	1	1
day0_TCTAACTACGGATTAA	0	0	1
day0_TCTAACTACTAATGAG	0	1	0
day0_TCTAACTACTCAAAGA	5	1	3
day0_TCTAACTACTGTGAAA	3	0	5
day0_TCTAATCACCCAGAGA	2	0	5
day0_TCTAATCACCTGGTTA	5	0	3
day0_TCTAATCACCTGTATG	5	0	3
day0_TCTAATCACCTTAGTG	0	0	0
day0_TCTAATCACTGGGAGT	3	0	1
day0_TCTACAACTAACACCT	0	0	0
day0_TCTACAACTAGGCATG	2	0	5
day0_TCTACAGGAAGTTCCA	0	0	0
day0_TCTACAGGAGAGCATG	2	0	5
day0_TCTACAGGATCATGCA	4	2	4
day0_TCTACCGTGCTTATGG	2	0	5
day0_TCTACCGTGTCATGCA	2	0	5
day0_TCTACGCTGAGGTATA	0	1	0
day0_TCTACGCTGGGATATA	0	1	0
day0_TCTACGCTGTAACGTC	3	0	5
day0_TCTAGAGTGAAGGAAG	4	2	4
day0_TCTAGAGTGACTCATG	4	2	4
day0_TCTAGAGTGGTCTACA	2	2	5
day0_TCTAGCAGAAGTAACA	5	1	3
day0_TCTAGCAGAAGTCAAA	0	0	0
day0_TCTAGCAGACGTGCGT	5	0	0
day0_TCTAGCAGATGAGTCT	5	1	3
day0_TCTAGCCACAGCCCTG	2	0	5
day0_TCTAGCCACAGGTCCC	0	1	1
day0_TCTAGCCACAGGTCGA	4	2	4
day0_TCTAGCCACCGACTTA	0	0	0
day0_TCTAGGAACAGAAGGA	2	0	1
day0_TCTAGGAACATTCTCT	2	0	5
day0_TCTAGGCCTGGGTTCC	4	2	4
day0_TCTAGGCCTGTCGTTA	4	2	4
day0_TCTAGTGGAACATCCA	0	1	0
day0_TCTAGTGGAACCCGCA	5	0	3
day0_TCTAGTGGAAGTATGA	2	0	0
day0_TCTAGTGGAGAAATCA	0	1	0
day0_TCTAGTTTGAGGCCTC	4	2	4
day0_TCTAGTTTGAGTAACA	2	0	5
day0_TCTAGTTTGAGTCACT	2	1	1
day0_TCTAGTTTGGCTGCAC	2	0	5
day0_TCTATCATGGCTAACT	0	1	0
day0_TCTATCATGGGAAGTC	4	2	4
day0_TCTATCATGTCAGGTT	3	0	1
day0_TCTATCATGTTGGGAG	3	0	5
day0_TCTATGGGAAAACTGA	0	0	0
day0_TCTATGGGACGGAACA	2	0	5
day0_TCTATGGGACTTCACC	1	0	6
day0_TCTATGGGAGCGTCAC	2	0	5
day0_TCTCAAACTGATGCTT	5	1	3
day0_TCTCAAACTTGTCTAG	0	0	0
day0_TCTCAATACTGAATGA	5	0	3
day0_TCTCACGTGAACGGTG	4	2	4
day0_TCTCACGTGACCCTTC	4	2	4
day0_TCTCAGAGAAGCATCT	0	1	5
day0_TCTCAGAGAATCCTTT	2	1	5
day0_TCTCAGAGAATGACTC	3	2	5
day0_TCTCAGAGACTACAAC	2	2	3
day0_TCTCAGAGAGTCTAAC	3	0	1
day0_TCTCAGCTGAACATGA	0	0	0
day0_TCTCAGCTGAACGGTG	2	0	5
day0_TCTCAGCTGAATCGAA	2	1	1
day0_TCTCAGCTGCAGCCCA	2	0	5
day0_TCTCAGGCTCGTTGTA	4	2	4
day0_TCTCAGGCTGATCAAA	0	0	0
day0_TCTCAGGCTGGACTTT	3	1	1
day0_TCTCAGGCTGGCTCAC	0	0	0
day0_TCTCAGGCTTTACGAC	2	0	5
day0_TCTCAGGCTTTATGCG	0	1	0
day0_TCTCATCCTATCAGTC	2	0	5
day0_TCTCATCCTTCTACGA	3	0	1
day0_TCTCATCCTTTTCGGA	5	0	3
day0_TCTCATCCTTTTGTGG	0	0	0
day0_TCTCCCAGAACCTGCG	3	0	1
day0_TCTCCCAGAAGAAGGA	0	0	0
day0_TCTCCGATGCGGAAGT	2	1	5
day0_TCTCCGATGGAGAACC	0	1	1
day0_TCTCCGATGGCCACAC	0	0	1
day0_TCTCCGTGAAGCGATG	2	0	0
day0_TCTCCGTGACTTCACC	5	0	3
day0_TCTCCGTGAGAGGGAG	0	0	0
day0_TCTCCGTGATAACGTC	3	0	1
day0_TCTCCGTGATGAACAA	3	0	1
day0_TCTCCGTGATGCAGGA	2	0	5
day0_TCTCCGTGATGTACCA	3	1	1
day0_TCTCCGTGATTTGAGC	5	0	3
day0_TCTCCTTACAATCGAA	4	2	4
day0_TCTCCTTACACGGAAC	2	0	5
day0_TCTCCTTACTTCGTTT	4	2	4
day0_TCTCCTTTGCTCTACC	2	0	5
day0_TCTCCTTTGTTACTTC	3	0	1
day0_TCTCCTTTGTTCCATT	5	1	3
day0_TCTCGACTGAGGACGT	2	0	5
day0_TCTCGACTGCGCTGAC	0	0	0
day0_TCTCGACTGTACCTGA	6	0	2
day0_TCTCGACTGTCACCCT	5	1	3
day0_TCTCGACTGTGACGCC	3	0	1
day0_TCTCGCCCTCCCAAGC	3	0	1
day0_TCTCGCCCTCGTGCAC	3	1	1
day0_TCTCGCCCTTATCCGA	3	1	1
day0_TCTCGCCCTTGACGCC	3	0	1
day0_TCTCGTCGAAGTTCCA	0	0	4
day0_TCTCGTCGAATACCTG	2	0	5
day0_TCTCGTCGACATGATC	2	0	5
day0_TCTCGTCGACCCGGTA	0	0	0
day0_TCTCGTCGACGAAAGC	3	0	5
day0_TCTCGTCGACGATCGC	5	2	3
day0_TCTCGTCGATTGGGAG	0	1	0
day0_TCTCTAAACTACCGTA	0	1	0
day0_TCTCTATGACAAGGGT	3	1	1
day0_TCTCTCTTGCGTGCAC	2	0	4
day0_TCTCTCTTGGAATGAT	4	2	4
day0_TCTCTCTTGTGGGAGT	5	1	3
day0_TCTCTGCGATAGCATC	2	1	5
day0_TCTGAACGACAACATC	4	2	4
day0_TCTGAACGAGAGGAAA	2	0	5
day0_TCTGAACGATTCACCC	0	0	0
day0_TCTGAAGTGCACTCAA	3	0	1
day0_TCTGAAGTGGAGAGAA	5	1	3
day0_TCTGAAGTGGAGTCTT	4	0	4
day0_TCTGAAGTGGGAGGAG	0	1	0
day0_TCTGAAGTGTTAGTGC	4	2	4
day0_TCTGAAGTGTTCTCCG	0	0	0
day0_TCTGACAGAATCCGAT	0	1	0
day0_TCTGACAGACCTCCTA	0	1	1
day0_TCTGACAGAGACTGCC	3	1	1
day0_TCTGACCTGCTACAAC	5	1	3
day0_TCTGACCTGTGAGTCT	2	1	5
day0_TCTGACGCTCACGGTC	3	0	5
day0_TCTGAGAACACGGATG	5	0	3
day0_TCTGAGAACACGTAGG	4	2	4
day0_TCTGAGAACCGAAGCA	3	0	1
day0_TCTGAGAACCGATGAG	0	0	0
day0_TCTGATGGAACGTAGG	5	1	3
day0_TCTGATGGAAGGTCCC	5	0	3
day0_TCTGATGGAGATCCGC	2	1	0
day0_TCTGATGGATCTCTAT	6	0	1
day0_TCTGATTACATGGAAT	3	0	1
day0_TCTGATTACCGGTTGC	5	1	3
day0_TCTGATTACTGCTGGC	2	0	5
day0_TCTGATTACTTACCTT	3	0	1
day0_TCTGCAAGAATTCACG	0	1	0
day0_TCTGCAAGACGGTGAA	4	2	4
day0_TCTGCAAGATCGAGAG	5	0	3
day0_TCTGGACCTAGATCCT	5	1	6
day0_TCTGGACCTCGATTAC	4	2	4
day0_TCTGGACCTGCAGCTC	0	0	1
day0_TCTGGCACTGATGCTT	0	0	0
day0_TCTGGCACTTCGTAGT	3	1	1
day0_TCTGGCACTTTAGGAA	3	1	1
day0_TCTGGCACTTTTCGGA	2	1	5
day0_TCTGGCTACCCGCATG	5	0	3
day0_TCTGGCTACCTAATGC	3	0	5
day0_TCTGGGCGAACGTGGA	2	0	5
day0_TCTGGGCGAGGAGACT	3	0	1
day0_TCTGGGCGATCTTGAG	3	0	1
day0_TCTGGTAGAAGTCACT	3	1	1
day0_TCTGGTCTGAGCGAAC	2	0	5
day0_TCTGGTGCTACGGAAC	2	0	5
day0_TCTGGTGCTCAAATGA	3	0	1
day0_TCTGGTGCTGTATAGA	2	1	0
day0_TCTGTATACCGTTCAA	5	0	3
day0_TCTGTATACGGAAGCT	4	2	4
day0_TCTGTATTGCTTGATG	2	0	0
day0_TCTGTATTGGCGCTCA	1	1	6
day0_TCTGTCGTGGGAAGCT	5	0	3
day0_TCTGTCGTGTTTGGGT	2	0	5
day0_TCTGTGCTGCTACCGG	2	1	5
day0_TCTGTGCTGTGCATGT	2	0	1
day0_TCTGTGCTGTTCTCCG	0	1	0
day0_TCTGTGCTGTTGAGGG	4	2	4
day0_TCTGTTAACATCCTTT	2	0	5
day0_TCTGTTAACGTCTTGA	5	1	1
day0_TCTGTTATGCAGGGAT	2	0	5
day0_TCTGTTATGCGGGTCT	3	0	1
day0_TCTGTTATGGTCTATG	2	0	5
day0_TCTGTTATGTTTGACG	2	0	5
day0_TCTTAAGCTAAACCCT	0	0	1
day0_TCTTCAATGATAGTGA	2	0	5
day0_TCTTCAATGCAGTACT	4	2	4
day0_TCTTCAATGGACGATG	2	2	5
day0_TCTTCGCGAATCGTTG	2	0	5
day0_TCTTCGCGAGAAAGGA	3	1	5
day0_TCTTCGCGAGGAACGT	5	1	3
day0_TCTTCGGACCAAGCGA	3	0	1
day0_TCTTCGGACGTTAACC	3	1	1
day0_TCTTCGGACTGATGCT	2	0	5
day0_TCTTCGTCTCAGGTAG	3	0	1
day0_TCTTCGTCTCCATGCG	2	0	5
day0_TCTTGATACCTAACCA	5	0	3
day0_TCTTGATACCTAACTG	3	0	1
day0_TCTTGATTGAACAGGC	4	0	4
day0_TCTTGATTGCGAGTGA	3	1	1
day0_TCTTGCTCTAGGCATG	3	0	1
day0_TCTTGCTCTGAATTGA	5	0	3
day0_TCTTGCTCTTGTGACT	2	0	5
day0_TCTTGGAGAGTCTTGA	2	0	5
day0_TCTTGGCACAGATAGT	4	2	4
day0_TCTTGGCACGCTGCTG	4	2	4
day0_TCTTGGCACGGTAGAC	2	0	0
day0_TCTTGGCACGTGGGTA	4	2	4
day0_TCTTGTCCTAGATTGA	4	2	4
day0_TCTTGTCCTGCTTACA	3	0	1
day0_TCTTGTCCTGGTACTT	5	1	3
day0_TCTTGTCCTTACTACG	5	0	3
day0_TCTTTGAACCAAGAAT	3	0	3
day0_TGAAAGATGGACGATG	3	0	5
day0_TGAAAGATGTGAGCGA	3	0	1
day0_TGAAAGCCTAGTCACT	2	0	5
day0_TGAAAGCCTGGATAAT	2	1	0
day0_TGAAATGGACTCGGCA	4	2	4
day0_TGAAATGGATTCTTTG	3	0	1
day0_TGAACAGCTACTTGAC	9	0	7
day0_TGAACGGGACCATCAA	3	0	1
day0_TGAACGGGACCGAAAG	4	2	4
day0_TGAACGGGAGCCGTTG	3	0	1
day0_TGAACGGGAGTCATTG	0	0	0
day0_TGAACGGGATTCAGGT	0	0	1
day0_TGAACGTACTAGGATA	2	0	5
day0_TGAAGAATGCCGTGCA	5	1	3
day0_TGAAGAATGGACGTCC	5	1	3
day0_TGAAGTAGAAGTCTTG	0	1	0
day0_TGAAGTAGACAGTGAG	0	1	1
day0_TGAAGTAGACCTGAAT	4	2	4
day0_TGAAGTAGACTTGTGA	5	0	3
day0_TGAAGTAGATCTACCC	3	1	1
day0_TGAATCGACACCTGTA	3	0	1
day0_TGAATCGACACTGTGT	3	1	1
day0_TGAATCGACCATCGGC	3	0	1
day0_TGAATCGACCGAGTGA	3	0	5
day0_TGAATCGACGTGAGAC	3	0	1
day0_TGAATCGACTGGAATA	3	0	5
day0_TGAATCGACTGTGAAA	2	1	1
day0_TGAATCGTGACCCTTC	3	0	1
day0_TGAATCGTGATCTGCA	2	0	5
day0_TGAATCGTGTAACCGT	0	1	0
day0_TGAATCTCTTGCACGC	4	2	4
day0_TGAATGGCTTCAGTGT	3	1	1
day0_TGAATGGCTTTTCTAC	3	0	1
day0_TGACAACTGCCTCGAG	5	1	3
day0_TGACAACTGTTAGTGC	0	1	0
day0_TGACACATGTCAGGTT	4	0	0
day0_TGACACTGAGACTGCC	1	0	6
day0_TGACCCTTGCCAGACC	2	0	5
day0_TGACCGGACAGTCCCG	3	0	1
day0_TGACCGGACATGGCCC	5	1	3
day0_TGACCGGACCCAAGCC	4	2	4
day0_TGACCGGACCTGTAAC	2	0	5
day0_TGACCGGTGACTGGGA	0	1	0
day0_TGACCGTCTAGCGAAC	3	1	1
day0_TGACCGTCTCCTGTAA	0	1	0
day0_TGACCGTCTTCCAAAC	0	0	0
day0_TGACCTGCTAGTTGGG	4	0	5
day0_TGACCTGCTCCCGATG	5	0	3
day0_TGACGATTGGAAGCAC	4	2	4
day0_TGACGATTGTCACAAC	3	0	1
day0_TGACGCGACCGTTCAA	2	0	5
day0_TGACGCGTGTGGCTGC	0	1	0
day0_TGACGGCTGAACGCCC	3	0	1
day0_TGACGGCTGCCGAAAG	5	0	3
day0_TGACGGCTGCCGATCG	4	2	4
day0_TGACGGCTGGGAACAC	0	0	0
day0_TGACTACGAGGTAGAC	0	1	0
day0_TGACTATCTGATGAAT	3	0	1
day0_TGACTATCTGGAAGTC	0	1	1
day0_TGACTCAGACTGAGAG	4	2	4
day0_TGACTCAGACTTGTGA	1	0	3
day0_TGACTCAGAGTTCTTT	2	0	5
day0_TGACTCAGATACAACC	1	0	5
day0_TGACTCGCTCGATAGG	3	0	5
day0_TGACTCGCTCGGGTCT	2	0	5
day0_TGACTCGCTGTCTAAC	3	0	1
day0_TGACTGATGAGTGTCT	4	2	4
day0_TGACTGATGGAAGTAT	2	1	0
day0_TGACTGCCTAGAAATC	2	0	5
day0_TGACTGCCTCGGTTGC	0	0	0
day0_TGACTGCCTTCCTAAG	6	0	1
day0_TGACTGCCTTTGGGTT	3	0	5
day0_TGAGAGCGAACAAACA	4	2	4
day0_TGAGAGCGAAGCACGA	5	0	3
day0_TGAGCAACTAGAATCA	3	0	1
day0_TGAGCAACTATCACAC	3	0	1
day0_TGAGCAACTTATCCGA	0	0	5
day0_TGAGCATTGATCCTTT	5	0	3
day0_TGAGCATTGCACTTCC	0	1	0
day0_TGAGCATTGCCGCATG	0	1	0
day0_TGAGCATTGTAGGATA	0	0	0
day0_TGAGCGAGAAACACCT	4	0	4
day0_TGAGCGAGAATAACCC	4	2	4
day0_TGAGCGAGACGGGTCT	5	0	3
day0_TGAGCGAGATACTTCT	5	1	3
day0_TGAGCGAGATGGTAAA	3	1	1
day0_TGAGGACGAAGGCCCT	0	0	0
day0_TGAGGACGACACTTAG	5	1	3
day0_TGAGGACGAGTTACGT	2	1	5
day0_TGAGGCAGAACATGAA	5	1	3
day0_TGAGGCAGAGCATAAA	2	1	5
day0_TGAGGCCACATGAACA	4	2	4
day0_TGAGGCCACATGGTCT	4	2	4
day0_TGAGGCCACCGGATGA	3	0	5
day0_TGAGGCCACGGTTGTT	3	1	1
day0_TGAGGCCACTGGCATT	2	0	5
day0_TGAGGCGCTCCGATGC	3	1	1
day0_TGAGGCGCTGGAGTCA	2	0	5
day0_TGAGGCGCTGGTTAGG	2	0	5
day0_TGAGGGTGACATGGTT	5	1	3
day0_TGAGGGTGACCGCAAC	2	0	5
day0_TGAGGGTGATTGGTTG	2	0	1
day0_TGAGGTGGAAAGACAT	4	2	4
day0_TGAGGTGGATGGCAGA	5	1	3
day0_TGAGTCATGATAGGAT	2	1	0
day0_TGAGTCATGCGCAAGA	5	1	3
day0_TGAGTCATGTACCTCC	3	0	1
day0_TGAGTGACTAAGTCTC	3	1	1
day0_TGAGTGACTCACGGAA	3	0	5
day0_TGAGTGACTTTGCAGT	0	0	0
day0_TGAGTGTACACATGAA	3	0	1
day0_TGAGTGTACATGCAGG	2	0	5
day0_TGAGTGTACCCTACCT	2	0	5
day0_TGAGTGTACCTCACGG	3	0	1
day0_TGAGTGTACGGATGCA	3	1	1
day0_TGAGTGTACTCGGAGA	0	0	0
day0_TGAGTTCGATCCCTCA	3	0	5
day0_TGAGTTTCTAACACTC	3	1	1
day0_TGAGTTTCTGACTCTA	3	1	1
day0_TGAGTTTCTGATCACT	0	0	0
day0_TGATAAGGAAACATGA	2	0	5
day0_TGATAAGGAATGGGAC	0	0	3
day0_TGATAGGCTATTAGGA	3	0	1
day0_TGATAGGCTCAGTCTA	3	0	5
day0_TGATAGGCTCCTAAGT	3	1	1
day0_TGATAGGCTCTTTCAT	4	2	4
day0_TGATAGGCTTCATGCA	3	0	1
day0_TGATAGGCTTGACTCA	3	0	5
day0_TGATCAGACCGGAATG	4	2	4
day0_TGATCCGCTCCGTGCA	5	0	3
day0_TGATCGTGAAACAGGC	2	0	5
day0_TGATCGTGAACGCTTA	3	0	5
day0_TGATCGTGAATACGCT	2	1	0
day0_TGATCGTGATGTGAGG	5	1	3
day0_TGATCGTGATTTGTCT	0	1	1
day0_TGATCTACTATCAGTC	2	0	5
day0_TGATCTACTCCCTGAG	5	0	3
day0_TGATCTACTCGTGCTG	0	0	0
day0_TGATCTACTTCTTGAG	3	0	1
day0_TGATCTACTTTCGTTT	2	0	5
day0_TGATCTTACAATACCC	5	0	5
day0_TGATCTTACACCAATC	5	0	6
day0_TGATCTTACCACGTGC	0	1	0
day0_TGATCTTACCTTTGTT	2	0	5
day0_TGATGACACGTGGATG	3	0	5
day0_TGATGACACTGGAATA	2	0	5
day0_TGATGCAACCCACGTG	0	1	0
day0_TGATGCAACCCATAGT	2	0	5
day0_TGATGCAACCCCTCAT	2	1	5
day0_TGATGTCGAACTTGAC	2	1	5
day0_TGATGTCGAGACTCTA	3	0	1
day0_TGATTACCTAGCAATA	2	0	5
day0_TGATTACCTGAGTAAT	4	2	4
day0_TGATTGGACAAGTTAG	3	1	1
day0_TGATTGGACTAGCTAC	2	0	5
day0_TGATTTCTGATCATGC	4	2	4
day0_TGATTTCTGTCACGCG	3	0	1
day0_TGATTTCTGTGTACCA	5	1	3
day0_TGATTTGCTAACATGA	5	0	3
day0_TGATTTGCTGGTTGTT	2	0	5
day0_TGATTTGCTTGAAGAT	1	0	6
day0_TGCAAACACCCTCCAT	5	1	3
day0_TGCAAACACGCTGCTG	4	2	4
day0_TGCAAACACTACCTCC	5	1	3
day0_TGCAAACACTCTAACG	4	2	4
day0_TGCAAACACTGCACTA	3	1	1
day0_TGCAACAACCCTCCTA	3	0	1
day0_TGCAACCCTAATCGAA	5	0	3
day0_TGCAACCCTTCCATGA	0	1	0
day0_TGCAAGTTGACGCCAC	3	0	1
day0_TGCAAGTTGCGATGGA	2	0	5
day0_TGCAAGTTGGACTAAA	2	0	5
day0_TGCAATGACTGCCGCA	0	1	0
day0_TGCAATGACTTTGTGG	3	0	1
day0_TGCAATTCTTGCTGGC	4	2	4
day0_TGCACAATGAAACCAA	3	0	1
day0_TGCACAATGAATGGAT	2	0	5
day0_TGCACAATGCTCCAAA	6	0	5
day0_TGCACAATGCTGTATG	0	0	0
day0_TGCACGCGAATTGAAG	3	0	5
day0_TGCACGCGATAGCTAC	0	1	0
day0_TGCACGGTGAAACCAA	3	1	1
day0_TGCACGGTGTAGAGAT	2	0	5
day0_TGCAGAGGAATCGAAA	3	0	1
day0_TGCAGAGGATCTGGCG	4	2	4
day0_TGCAGAGGATGATAGA	5	0	3
day0_TGCAGATTGAGTCATC	0	1	0
day0_TGCAGATTGGTATAGA	5	0	3
day0_TGCAGCGACCAGGACA	3	1	1
day0_TGCAGCGTGAACCCAT	4	2	4
day0_TGCAGCGTGCGAAGCA	0	0	0
day0_TGCAGCGTGTTCTATC	4	2	4
day0_TGCAGCTCTCTCGCTT	1	0	1
day0_TGCAGCTCTGAATGTA	0	0	0
day0_TGCAGCTCTGTGGCCT	2	0	5
day0_TGCAGCTCTTCCCTGT	0	1	1
day0_TGCAGGAGACCACGTG	5	1	3
day0_TGCAGGAGATGCCCGA	5	0	3
day0_TGCAGGCACACGCCAC	3	1	1
day0_TGCAGGCACCCTATAG	4	2	4
day0_TGCAGGCACCTACGAT	3	1	1
day0_TGCAGGCACGATCACT	2	0	5
day0_TGCATCGCTAATCCCA	4	2	4
day0_TGCATCGCTCGGCACT	2	0	5
day0_TGCATGCCTAGGAAGA	2	1	5
day0_TGCATGCCTCGATAGG	0	1	0
day0_TGCATGCCTTCTGGGC	5	1	3
day0_TGCATGCCTTTCAGGT	4	2	4
day0_TGCATTGGACTGATCA	1	1	6
day0_TGCCACGGAGTATAGA	3	1	1
day0_TGCCACTACCATGGTT	2	0	5
day0_TGCCACTTGCTGCCAG	5	0	3
day0_TGCCACTTGTCGAGGA	0	0	1
day0_TGCCATCACTTTGTCT	2	0	5
day0_TGCCGCAGAAAAGGAG	2	1	5
day0_TGCCGCAGAAAGTGAT	0	1	0
day0_TGCCGCAGACTGTGAT	2	1	5
day0_TGCCGGATGGACAGTG	2	1	5
day0_TGCCGGATGTCTACGA	2	0	3
day0_TGCCGTTTGGGCTCAC	2	0	5
day0_TGCCGTTTGTCACAGT	0	0	0
day0_TGCCGTTTGTTTCGGA	4	0	4
day0_TGCCTCCCTATCTCCC	2	0	5
day0_TGCCTCCCTCTGCTCT	3	0	5
day0_TGCCTCCCTGGACGTA	3	0	1
day0_TGCCTCCCTTTGGAGG	2	1	0
day0_TGCCTGGGAACCGGAA	0	1	0
day0_TGCCTGGGATCATGAC	3	1	1
day0_TGCCTTGACATGCTCA	3	0	1
day0_TGCCTTGACCTCCATC	0	1	0
day0_TGCCTTGACCTCTATT	2	0	3
day0_TGCCTTGACCTGAGAG	2	1	5
day0_TGCCTTGACGAAGCAC	0	0	0
day0_TGCGAGAGACAACACT	0	0	0
day0_TGCGCAGACCGAGTGA	0	0	0
day0_TGCGCAGACGTAACTC	2	0	3
day0_TGCGCAGACTAAAGAC	3	1	1
day0_TGCGGCAACTACCCTC	3	1	1
day0_TGCGGCAACTCGATGT	3	1	1
day0_TGCGGCAACTGGGAGT	3	0	5
day0_TGCGGCATGGCAAGCA	5	1	3
day0_TGCGGCATGGGTACTT	3	0	1
day0_TGCGGGTACCTAAGGG	3	1	1
day0_TGCGGGTTGAACATCC	5	1	3
day0_TGCGGGTTGCTCAATG	3	0	1
day0_TGCGGGTTGGGTGGAT	5	0	5
day0_TGCGGTGACACAAACA	3	0	5
day0_TGCGGTGACGAAGTAT	3	0	1
day0_TGCGGTGACGACTTAC	5	1	3
day0_TGCGGTGACTTCGGGC	2	1	5
day0_TGCGGTGACTTGCCTC	5	0	3
day0_TGCGGTGTGTACTTCT	2	1	5
day0_TGCGGTGTGTCATTGG	0	0	1
day0_TGCGGTTCTAGGCATG	2	0	5
day0_TGCGGTTCTATGGTAA	4	2	4
day0_TGCGGTTCTCATGAGG	5	1	3
day0_TGCGGTTCTCCACGTG	0	0	0
day0_TGCGGTTCTCTCCCAT	3	1	1
day0_TGCGGTTCTGAAGTTA	4	2	4
day0_TGCGGTTCTGTAATGA	1	1	1
day0_TGCGTGGACATAGGAT	3	1	1
day0_TGCGTGGACGTTACAC	4	2	4
day0_TGCGTTAGAACGAGCA	4	2	4
day0_TGCGTTAGAGACAGAC	2	0	0
day0_TGCGTTCTGATCCATG	2	0	5
day0_TGCGTTCTGGAGAGGG	0	1	0
day0_TGCTAATCTCGGGTCT	5	0	3
day0_TGCTAATCTTCCTGAA	4	2	4
day0_TGCTAGCCTGAAGGAA	4	2	4
day0_TGCTAGTGAAGGTAAT	3	0	1
day0_TGCTAGTGACCCGTGA	3	0	1
day0_TGCTAGTGACGATGAG	2	0	5
day0_TGCTAGTGACGGCACT	6	0	1
day0_TGCTATTTGACATGAA	5	1	3
day0_TGCTATTTGTCTGTAG	3	1	1
day0_TGCTATTTGTTGCAGT	2	0	5
day0_TGCTCAAGAATAACCC	2	0	5
day0_TGCTCAAGAATGGCTT	3	0	1
day0_TGCTCAAGACCTGTCT	0	0	0
day0_TGCTCAAGACTGTACA	2	0	5
day0_TGCTCACTGAAGTCTC	0	1	1
day0_TGCTCACTGCAAGATA	3	0	1
day0_TGCTCACTGGTAGAAT	1	0	6
day0_TGCTCACTGTGAGTCT	0	1	0
day0_TGCTCAGCTACCCGCA	4	2	4
day0_TGCTCAGCTAGGTATA	3	0	1
day0_TGCTCAGCTTCGCGAC	4	2	4
day0_TGCTCAGCTTTTGGGT	3	0	5
day0_TGCTCGTACAAAGGAG	3	0	1
day0_TGCTCTCGAAAAGGAG	0	1	0
day0_TGCTCTCGAAGACCAG	5	0	3
day0_TGCTCTCGACAGACCC	1	1	6
day0_TGCTCTCGAGTGGGTA	2	1	0
day0_TGCTCTGTGACGTAGG	2	0	5
day0_TGCTCTGTGTCCCTGT	2	0	5
day0_TGCTCTTCTAGAGAAG	2	1	5
day0_TGCTCTTCTAGATTCC	3	0	1
day0_TGCTCTTCTGTTGGTT	0	1	0
day0_TGCTCTTCTTGAGGAC	4	2	4
day0_TGCTGAATGAACTTCG	5	0	3
day0_TGCTGAATGACATGAA	2	0	5
day0_TGCTGAATGGGCTCTG	2	1	5
day0_TGCTGAATGTGCCGCA	2	0	5
day0_TGCTGCACTACTGTTG	5	0	3
day0_TGCTGCACTGATGCAG	3	0	1
day0_TGCTGCACTGTCATTG	0	0	0
day0_TGCTGCACTTGTACGT	3	1	1
day0_TGCTGGTCTGAAACGC	5	0	3
day0_TGCTGGTCTGGTGTGA	4	2	4
day0_TGCTGGTCTTACTGCA	3	1	1
day0_TGCTGTCACACGTAAA	3	0	1
day0_TGCTGTCACCTGCTCT	2	1	5
day0_TGCTGTCACGGAACGT	5	1	3
day0_TGCTGTCACGTACCTA	3	0	5
day0_TGCTGTCACTGCTGGC	3	0	1
day0_TGCTTCGACGACGGAT	0	0	0
day0_TGCTTGGCTAGTGGAC	0	0	1
day0_TGCTTGGCTGGGATGT	3	0	1
day0_TGCTTGGCTTACCTGA	3	0	1
day0_TGCTTGGCTTGTCTAG	3	0	1
day0_TGGAAATGAATCTCCC	5	0	3
day0_TGGAAATGATCAAGAA	0	0	0
day0_TGGAACACTTAGAGAT	2	1	5
day0_TGGAACTACCGTGACC	3	1	1
day0_TGGAACTACCGTTCAA	4	2	4
day0_TGGAACTACGAGCCCT	2	0	5
day0_TGGAACTTGAATACAG	2	0	5
day0_TGGAACTTGGACCCGT	2	0	5
day0_TGGAAGGTGAAGGGTC	0	1	0
day0_TGGAAGGTGTTACGAC	2	0	5
day0_TGGAAGGTGTTGTCCC	2	0	5
day0_TGGAAGTCTATGGTGG	3	1	1
day0_TGGAAGTCTCAGGTAG	0	1	0
day0_TGGAAGTCTGTGTTAC	3	1	1
day0_TGGAAGTCTTGGCATT	2	0	5
day0_TGGACATACAGGTCGA	0	1	0
day0_TGGACATACATGGCTT	5	1	3
day0_TGGACATACCGAAGTG	0	1	0
day0_TGGACATACCGCAAGA	5	0	3
day0_TGGACATACGAACGGT	0	0	0
day0_TGGACATACGAATGAT	4	2	4
day0_TGGACATACTGTACCA	0	1	0
day0_TGGACATACTTGAGGG	2	0	5
day0_TGGAGAGACAGTCACT	0	0	0
day0_TGGAGAGACTCACCGG	4	2	4
day0_TGGAGAGACTGGGTTT	3	0	1
day0_TGGATACACCGATGGA	2	2	5
day0_TGGATACACCGTGACC	0	0	0
day0_TGGATACACCTGACCG	3	1	1
day0_TGGATAGCTAGCGTGA	5	1	3
day0_TGGATAGCTGAAGGTC	0	1	1
day0_TGGATGACTCTCATGA	2	1	0
day0_TGGATGACTGTTGACT	4	2	4
day0_TGGATTCGAAACCTAC	0	1	0
day0_TGGATTCGAACGACAG	2	0	5
day0_TGGATTCGAAGGCTGA	3	0	1
day0_TGGATTTCTACCCTAA	5	0	3
day0_TGGATTTCTATAACCC	0	0	0
day0_TGGATTTCTTAGCTAC	3	0	1
day0_TGGCAATACAATCACC	2	0	5
day0_TGGCAATACCAAGCGA	2	0	5
day0_TGGCAATACCACGTGC	2	2	5
day0_TGGCAATACTGGTGGA	0	0	0
day0_TGGCAATTGACTGCCG	3	0	5
day0_TGGCAATTGACTGTCA	2	0	5
day0_TGGCACGACCCTACGG	5	0	3
day0_TGGCACGACGAATAGT	0	0	0
day0_TGGCAGAGACGATCTA	0	1	0
day0_TGGCAGCTGACCTCCT	2	1	5
day0_TGGCAGCTGACGTGCC	2	0	5
day0_TGGCAGCTGCTGAGAG	2	1	5
day0_TGGCAGCTGGAGAGTC	0	0	0
day0_TGGCAGGCTATAGTGA	5	1	3
day0_TGGCAGGCTCACTCAA	5	0	3
day0_TGGCCCAGATGAAAGT	0	0	0
day0_TGGCCGAACGAAATGT	0	1	0
day0_TGGCCGATGAGGTAAT	3	2	1
day0_TGGCCGATGCAACCTA	2	0	5
day0_TGGCCGATGTACCATG	2	0	5
day0_TGGCCGATGTCGCGAC	2	1	5
day0_TGGCCTACTACGGGTA	2	0	5
day0_TGGCCTACTACGTAAA	5	0	3
day0_TGGCCTACTGAGATGC	5	1	3
day0_TGGCCTTACGGTACTT	1	0	6
day0_TGGCCTTACGTCGATT	2	0	5
day0_TGGCGGACTAGACTAA	5	1	3
day0_TGGCGGACTCGTGCTG	0	0	0
day0_TGGCGGACTTTGTCTT	5	1	3
day0_TGGCGGTTGAAACCAA	2	0	5
day0_TGGCGGTTGAGATAGT	0	1	0
day0_TGGCGGTTGGCACTCG	0	0	0
day0_TGGCGGTTGGGGAACT	3	1	1
day0_TGGCGGTTGTCACGCG	0	0	0
day0_TGGCGGTTGTCGCTTC	2	1	5
day0_TGGCGTGTGGATGAAT	4	2	4
day0_TGGCGTGTGTCGATGT	2	0	5
day0_TGGCGTGTGTCGATTG	3	1	1
day0_TGGCTACCTGCTCTCT	3	0	1
day0_TGGCTACCTGGCAATG	4	2	4
day0_TGGCTACCTTGGGTAG	3	0	1
day0_TGGCTCACTCAACAGG	2	1	5
day0_TGGCTCACTCGTGTTA	4	2	4
day0_TGGCTCACTTCCTCAC	3	0	1
day0_TGGCTCACTTCTGGGC	2	0	5
day0_TGGCTCACTTGCTTGA	3	1	5
day0_TGGCTGGACAATGCCT	3	0	1
day0_TGGCTGGACCAGACCC	5	0	3
day0_TGGCTGGACCCATCAA	5	0	3
day0_TGGCTGGACTCTTTGT	3	0	1
day0_TGGCTGGTGCAACAAA	3	1	1
day0_TGGCTGGTGGAGATTA	2	0	5
day0_TGGCTGGTGGTCTAAC	4	2	4
day0_TGGCTGGTGTCTTTGT	4	2	4
day0_TGGCTTAGATCTGACA	2	0	5
day0_TGGCTTAGATTCAGCA	0	0	0
day0_TGGCTTAGATTCCATT	2	0	5
day0_TGGGAACGAACTCATG	4	2	4
day0_TGGGAACGACAGCGCT	3	1	1
day0_TGGGACAGAACGTAAA	2	0	5
day0_TGGGACAGACACTCAA	5	0	3
day0_TGGGACAGACCCTGAG	5	0	3
day0_TGGGACAGACGCAAGA	1	2	6
day0_TGGGACCACTGAACGG	5	1	3
day0_TGGGACCTGCTCCATC	5	0	3
day0_TGGGACCTGGAAACGC	5	1	3
day0_TGGGACCTGTGGCCTG	5	1	3
day0_TGGGAGAACACTTACG	3	1	1
day0_TGGGAGAACCCATCAA	3	1	1
day0_TGGGAGAACCTCAATG	4	2	4
day0_TGGGAGATGGCCTGCA	0	1	0
day0_TGGGAGATGTCTGGGC	0	1	0
day0_TGGGAGCCTACGATTC	2	0	5
day0_TGGGAGCCTGTTTGAC	4	2	4
day0_TGGGATTTGTACGATC	0	1	0
day0_TGGGCCATGTACCCTC	2	0	0
day0_TGGGCCATGTTGGTGT	0	1	0
day0_TGGGCGACTGCCCTTT	3	1	1
day0_TGGGCGACTTACCCTC	5	0	3
day0_TGGGCGTTGAACCAAA	2	0	5
day0_TGGGCGTTGACAATGA	0	1	0
day0_TGGGCGTTGCAACAGG	0	1	0
day0_TGGGCGTTGCACTTGA	3	0	5
day0_TGGGTATACAAGGTAT	0	1	0
day0_TGGGTATACCACTCAA	0	0	0
day0_TGGGTATACGCCTCAG	0	1	0
day0_TGGGTATACTCACGGC	5	1	3
day0_TGGGTATTGACCAGAG	2	0	5
day0_TGGGTATTGATCATGC	0	1	0
day0_TGGGTATTGCCATGCG	0	1	1
day0_TGGGTATTGCCCAAGC	4	2	4
day0_TGGGTATTGCTATCTT	2	0	5
day0_TGGGTATTGCTGGGTC	3	1	1
day0_TGGGTGAGAGTGAAAT	2	0	5
day0_TGGGTGCTGGATCCAT	1	0	0
day0_TGGGTGCTGGGCTGTC	3	0	1
day0_TGGGTTTGAAAATCGA	2	0	5
day0_TGGGTTTGAATCTCCC	2	0	5
day0_TGGGTTTGACCATCTC	3	0	1
day0_TGGTAACTGCGCTGAC	0	1	0
day0_TGGTAACTGGAAAGGA	3	0	1
day0_TGGTAGACTATTGGCT	0	1	0
day0_TGGTAGACTCCATCAA	0	1	0
day0_TGGTATGACACGGAAC	3	1	1
day0_TGGTATGACCCCGATG	5	0	3
day0_TGGTATGACCCTCTTG	5	1	3
day0_TGGTATGACGAGAGGG	3	0	1
day0_TGGTATGACGATATGA	2	0	5
day0_TGGTCAATGATACGCT	2	0	5
day0_TGGTCAATGCCAGAGA	2	0	5
day0_TGGTCCTACACGTAGG	2	1	5
day0_TGGTCTAGAAACCAAA	5	0	3
day0_TGGTCTAGAATCAGTC	2	1	5
day0_TGGTCTCACATGAACA	0	1	0
day0_TGGTCTCACGGATCCC	3	0	5
day0_TGGTGAGGATAGGCAG	2	0	5
day0_TGGTGATACAATGGCG	0	1	0
day0_TGGTGATACAATTCCG	4	2	4
day0_TGGTGATACCTCATGA	2	0	0
day0_TGGTGCGTGAACAGGC	2	1	5
day0_TGGTGCGTGCTTCTCG	0	0	0
day0_TGGTGCGTGTGAGCGA	2	1	1
day0_TGGTGCGTGTGTTCTT	3	0	1
day0_TGGTGTATGCGACGCT	0	1	0
day0_TGGTGTATGCGGTGAA	0	0	0
day0_TGGTGTATGGATCCGC	5	0	3
day0_TGGTGTTGAAATGTGA	3	1	1
day0_TGGTTACGAATCGCAT	2	1	1
day0_TGGTTACGAGGGTTCC	0	1	1
day0_TGGTTACGAGGTTACT	5	1	3
day0_TGGTTAGTGACCCGCA	3	1	1
day0_TGGTTAGTGCGAGTGA	4	2	4
day0_TGGTTAGTGCTTTGTT	2	0	5
day0_TGGTTAGTGGAACGGT	0	1	0
day0_TGGTTAGTGGGGTATG	3	1	1
day0_TGGTTCCACGGATCAG	0	0	0
day0_TGGTTCCTGGACCCGT	4	2	4
day0_TGGTTCCTGGGTCATT	4	2	4
day0_TGGTTCCTGTCGAGAG	2	0	5
day0_TGGTTGATGTAGGATA	2	0	5
day0_TGGTTGTGACCCGGTA	0	0	3
day0_TGGTTGTGATGCATCA	2	1	5
day0_TGGTTTGGAACTGCCG	2	1	5
day0_TGGTTTGGACGCACTG	0	2	5
day0_TGGTTTGGACTCAATG	4	2	4
day0_TGGTTTGGAGAACAAT	0	1	0
day0_TGTAATCCTGTTGACT	2	0	5
day0_TGTAATCCTTAAACCC	3	0	5
day0_TGTACGAACTGGCGCT	4	0	4
day0_TGTACTGGAATGCTCA	2	0	5
day0_TGTACTGGACTGGTTA	2	0	5
day0_TGTACTGGACTTCCAC	3	0	1
day0_TGTACTGGATAGATAG	2	0	5
day0_TGTACTGGATTCATCT	1	0	6
day0_TGTAGACTGCAGACCC	1	0	6
day0_TGTAGGACTATTGCTG	3	0	1
day0_TGTAGGACTCGGTAAG	2	0	5
day0_TGTAGGACTGGAGACT	0	1	0
day0_TGTAGGACTTGTGAAA	3	0	1
day0_TGTAGTGACGATGCTT	4	2	3
day0_TGTAGTGACGGTAGGT	3	1	1
day0_TGTAGTGACTCACCGG	3	0	5
day0_TGTATGGACCCATCTC	0	1	0
day0_TGTATGGACCGTGCTG	3	1	1
day0_TGTATGGACTCGCTTC	4	2	4
day0_TGTATGTCTCCATCTC	2	1	5
day0_TGTATGTCTCTAACCA	4	2	4
day0_TGTATGTCTCTCCCAT	2	0	5
day0_TGTATGTCTGGATATA	3	0	5
day0_TGTATGTCTTACCATG	3	0	5
day0_TGTCAAGTGCCTGATA	2	0	5
day0_TGTCAAGTGCTCGTGG	0	0	0
day0_TGTCAAGTGTTGCATG	3	0	1
day0_TGTCAATCTCAACCAT	5	0	3
day0_TGTCAATCTCCTCCAT	1	1	6
day0_TGTCACCTGATAACCC	0	1	0
day0_TGTCAGAACAGCTACT	2	0	5
day0_TGTCAGAACGTGATGG	2	0	5
day0_TGTCAGAACGTTTGAC	3	0	1
day0_TGTCAGAACTTCCCAC	4	2	4
day0_TGTCATACTGCCGTTG	2	0	5
day0_TGTCATACTGTGAAGC	0	0	0
day0_TGTCCACACAGGGTCA	5	1	3
day0_TGTCCACACATCGTTG	3	0	1
day0_TGTCGACCTATGGTAA	2	0	5
day0_TGTCGACCTCCTATAG	3	0	1
day0_TGTCGACCTGGGAGGA	3	1	1
day0_TGTCGACCTGGGTCTC	4	2	4
day0_TGTCGCACTCAGCGAA	0	0	0
day0_TGTCTGCTGAACACTC	2	1	5
day0_TGTCTGCTGACGTTCA	2	1	5
day0_TGTCTGCTGAGGTCGA	5	1	3
day0_TGTCTGCTGGGGTCTC	0	1	1
day0_TGTCTGCTGTAGATAG	2	1	5
day0_TGTCTGGCTCGATGGA	2	0	5
day0_TGTCTTAACATCAGGG	3	1	1
day0_TGTCTTTGAAAATTGG	2	1	5
day0_TGTCTTTGAGAAAGGA	2	1	5
day0_TGTCTTTGATAGACCT	2	0	0
day0_TGTGAACTGCACGCAC	4	2	4
day0_TGTGAACTGCCAAGCC	2	0	5
day0_TGTGAACTGCGAGGTA	2	0	5
day0_TGTGACTGAATCAGGG	5	1	3
day0_TGTGACTGATCCATGA	3	0	1
day0_TGTGATGACCCATCTC	4	2	4
day0_TGTGATGACTACAGAA	4	2	4
day0_TGTGCTGCTAGGTTTC	2	0	5
day0_TGTGCTGCTGAGAGGG	2	0	5
day0_TGTGCTGCTTACCATG	0	0	0
day0_TGTGCTGCTTCTACGA	4	2	4
day0_TGTGCTGCTTGCACGC	0	1	0
day0_TGTGGAGGACCCGTGA	0	1	0
day0_TGTGGAGGACTGCTCT	2	0	5
day0_TGTGGCGACGTGGACA	2	0	5
day0_TGTGGCGTGACTACCA	0	0	0
day0_TGTGGCGTGGCTCTCT	3	0	1
day0_TGTGGCGTGGGAACAC	3	0	3
day0_TGTGGCGTGTTAGTGC	3	0	1
day0_TGTGGGCACCAACAAA	1	0	3
day0_TGTGGGCACCACTCAA	5	1	3
day0_TGTGGGCTGAAGTCTC	2	1	5
day0_TGTGGGCTGACCAATC	3	0	1
day0_TGTGGGCTGATTCTTC	6	0	5
day0_TGTGGGCTGCCTGAAT	3	0	5
day0_TGTGGGCTGGAACGGT	4	2	4
day0_TGTGGGCTGGGCTGTC	0	0	0
day0_TGTGGGCTGGTAGAAT	5	0	3
day0_TGTGGTATGAATACAG	0	0	0
day0_TGTGGTATGAATCGAA	4	2	4
day0_TGTGGTATGATCCATG	0	0	1
day0_TGTGTACGAGCAGGTA	2	0	5
day0_TGTGTACGATCCAACA	5	0	3
day0_TGTGTAGACCGACGCT	3	1	1
day0_TGTGTAGACCGATTCA	0	1	0
day0_TGTGTAGACTCACGCG	2	0	5
day0_TGTGTAGTGATGACCT	5	1	3
day0_TGTGTAGTGCCCAAGC	2	1	5
day0_TGTGTAGTGCTTCCCA	5	1	3
day0_TGTGTTGGAAAGACAT	4	2	4
day0_TGTTCATTGTGAGGGT	2	0	5
day0_TGTTCATTGTTACTTC	0	1	0
day0_TGTTCCGACGAGTCTT	0	0	1
day0_TGTTCGAGACAGTGAG	5	0	3
day0_TGTTCGAGAGCCTGTG	3	0	1
day0_TGTTCGAGAGTAACCT	2	0	0
day0_TGTTCGCACGGGTAAC	4	2	4
day0_TGTTCGCACTCCCTTG	2	0	5
day0_TGTTCGCTGCACTTAG	5	1	3
day0_TGTTCGCTGCCCACGA	3	0	1
day0_TGTTCGCTGCCTGCAG	2	0	5
day0_TGTTCGCTGTTTGTGG	4	2	4
day0_TGTTCGGCTGACTTAC	0	1	0
day0_TGTTGACGACCCTCAT	4	2	4
day0_TGTTGCCACATCGAAA	0	0	0
day0_TGTTGGATGACCAGAG	2	1	1
day0_TGTTGGATGGGAGGAG	3	0	1
day0_TGTTGGATGGGTACAG	0	1	0
day0_TGTTGTACTATTCTCT	2	0	5
day0_TGTTGTACTCGTCCAG	2	0	5
day0_TGTTGTACTGCCATCG	2	0	5
day0_TGTTTACACAGGACAC	3	0	1
day0_TGTTTACACCGCCCAA	3	0	1
day0_TGTTTACACGAGCAAC	3	1	1
day0_TGTTTACACGGAGACT	1	0	3
day0_TGTTTAGCTAACGAAT	0	1	0
day0_TGTTTAGCTATCATGC	5	1	3
day0_TGTTTAGCTGAGAGTC	3	0	1
day0_TGTTTGTACCATCAGT	0	0	0
day0_TGTTTGTACCGTTCAA	5	1	3
day0_TTAACCACTAGGTAGC	3	0	5
day0_TTAACCACTTTCTGGA	0	1	0
day0_TTAAGCGACAAGGAAG	2	0	5
day0_TTAAGCGTGAGCACGA	3	0	1
day0_TTACACGGACGATCGC	2	0	0
day0_TTACACGGATCGAATC	4	2	4
day0_TTACACGGATTCATCT	2	1	5
day0_TTACACGGATTGGTGT	3	1	5
day0_TTACATCACGATCATC	3	1	1
day0_TTACATCACTCCCTCA	5	0	3
day0_TTACATCACTGAAATG	3	0	1
day0_TTACCATACACCTCCT	0	0	0
day0_TTACCATACACTGAGG	2	0	5
day0_TTACCATACGGTACAG	2	1	5
day0_TTACCCGTGAGCATCT	3	1	1
day0_TTACCCGTGGCTTATG	5	1	3
day0_TTACCCTCTACCAATC	3	0	1
day0_TTACCCTCTGCTCTCT	4	2	4
day0_TTACCGAGACGAGGTA	2	0	5
day0_TTACCGAGAGGAGAGG	5	1	3
day0_TTACCGAGAGTAATGA	5	1	3
day0_TTACCGAGATGGGTAG	2	0	5
day0_TTACCGCACAGAAGGA	2	0	5
day0_TTACCTATGACGATCT	4	2	4
day0_TTACCTATGCATCCAA	2	0	5
day0_TTACCTATGCCGATGC	5	1	3
day0_TTACCTATGCGTGCGT	3	1	1
day0_TTACGCCACCCCACAG	0	1	0
day0_TTACGCCACTCACAAC	0	1	1
day0_TTACGCCACTGATGCT	0	1	0
day0_TTACGTGGACAGCGTC	3	0	1
day0_TTACTCATGCCGTGCA	2	0	5
day0_TTACTCATGTACCTAG	0	1	0
day0_TTACTGTACAGTCTTG	0	0	0
day0_TTACTGTACCGCCCAA	2	0	0
day0_TTACTGTACGACACCC	2	0	5
day0_TTACTGTACGGCGATA	3	1	1
day0_TTACTGTACTGTGGGA	0	1	0
day0_TTAGAAGGACAATTCG	3	0	1
day0_TTAGACCGAAGTCTCA	2	1	5
day0_TTAGACCGATGCTGGC	2	0	5
day0_TTAGCATCTAGATAGT	2	0	5
day0_TTAGCATCTCAAATGA	2	0	5
day0_TTAGCATCTCCCTCAT	3	0	5
day0_TTAGCATCTTAGATCC	3	1	1
day0_TTAGCGATGAACGGTG	5	0	3
day0_TTAGCGATGACCAATC	2	0	5
day0_TTAGCGATGAGAAGTT	2	1	0
day0_TTAGCTTTGAGCCTAT	3	1	1
day0_TTAGGAAGAAAGTGAT	0	0	1
day0_TTAGGAAGAAGATCGG	2	0	5
day0_TTAGGAAGATCACGAT	2	2	5
day0_TTAGGACACAATACAG	2	0	5
day0_TTAGGACACCATCAGT	2	0	1
day0_TTAGGACACCATCGAT	3	0	1
day0_TTAGGCAACGAAGTTA	2	1	5
day0_TTAGGCAACGGTCATT	2	1	5
day0_TTAGGCAACGGTTGAG	3	0	1
day0_TTAGGCAACGGTTGTT	3	0	1
day0_TTAGGGACTACGCTTA	0	0	0
day0_TTAGGGACTGGTACAG	2	0	5
day0_TTAGGGTTGAGCCATT	2	0	5
day0_TTAGGGTTGGAGGGAG	2	1	5
day0_TTAGGTCGACATGAGG	5	0	3
day0_TTAGGTCGACCCAGTG	0	1	0
day0_TTAGGTCGATATCACG	3	0	1
day0_TTAGGTGTGAAGGAAG	3	1	3
day0_TTAGGTGTGGTTGGTT	0	1	0
day0_TTAGTTCACGAGCAAC	4	2	4
day0_TTAGTTCACGGCGTAA	2	2	4
day0_TTAGTTCACTGGAATA	2	0	5
day0_TTAGTTCACTGGGACA	2	1	5
day0_TTAGTTCACTTCTCGC	2	1	5
day0_TTAGTTCTGCAGGGAT	3	0	1
day0_TTAGTTCTGCGAAATA	2	1	5
day0_TTAGTTCTGCGAACTT	0	0	1
day0_TTAGTTCTGGAGTCCC	5	0	3
day0_TTATACGCTGGACGTA	3	0	1
day0_TTATACGCTTCCAACA	2	0	5
day0_TTATCTCGAGGGTTCC	2	1	5
day0_TTATCTCGATGTGCTA	4	2	4
day0_TTATGACCTCGTGCAC	2	0	5
day0_TTATGACCTTGTGATC	2	0	5
day0_TTATGCGGATACAGAA	4	2	4
day0_TTATGCGGATCCTCCA	5	1	3
day0_TTATGGCGAATCCGAT	0	0	1
day0_TTATGGTCTTTGGGAG	0	0	0
day0_TTATTGCACAGTGGAC	5	0	6
day0_TTATTGCACCCGATCG	5	1	3
day0_TTCAAACCTCTTCCGT	3	0	1
day0_TTCAACACTCCCTGAG	3	1	1
day0_TTCAACGGAAACCTAC	5	1	3
day0_TTCAACGGAGCAGGTA	3	1	1
day0_TTCAACGGATGGTCAT	5	1	3
day0_TTCAACGGATTCACCC	2	1	5
day0_TTCAAGCGAATCGGAG	4	2	4
day0_TTCAAGCGACATGGAG	2	0	5
day0_TTCAAGCGACGAGAGT	5	0	3
day0_TTCAAGCGATGGAATA	3	1	1
day0_TTCAATGCTAATCGAA	0	0	0
day0_TTCAATGCTCTTCCCA	2	0	5
day0_TTCAATGCTGACTGCC	4	2	4
day0_TTCACCGACAACTTCG	2	0	5
day0_TTCACCGACAAGTTAG	2	0	5
day0_TTCACCGACACCAGAG	2	0	5
day0_TTCACCGACATGTTGC	0	1	0
day0_TTCACCGACCCTGCAG	2	0	5
day0_TTCACCGACTGATCCA	3	0	1
day0_TTCACCGTGACGTAAA	4	2	4
day0_TTCACCGTGGTCTACA	4	2	4
day0_TTCACGAGACACGCAC	5	0	3
day0_TTCACGAGATTCCCAC	4	2	4
day0_TTCACGCTGTCTTGTT	5	1	3
day0_TTCAGCAGAGTTACGT	2	0	0
day0_TTCAGCCACAACGTGG	0	0	0
day0_TTCAGCCACCGCCGAT	2	0	5
day0_TTCAGCCACTCTTAGG	5	1	3
day0_TTCAGCGCTCTACAAC	5	1	3
day0_TTCAGGCCTAGCTTGT	4	2	4
day0_TTCAGGCCTTGTAGCT	2	1	5
day0_TTCAGTGGACCTATAG	0	0	1
day0_TTCAGTGGATGCTTGA	2	0	5
day0_TTCATACTGACCTGAT	0	0	0
day0_TTCATACTGCGTTGGC	3	0	1
day0_TTCATACTGCTCCAAA	5	1	3
day0_TTCATACTGGTAGAAT	2	0	5
day0_TTCATACTGGTGAAAT	4	2	4
day0_TTCATACTGTAACACC	3	0	1
day0_TTCATACTGTACCTAG	0	0	0
day0_TTCATGACTCGTGCTG	2	1	0
day0_TTCATGACTGATCAAA	4	2	4
day0_TTCATGACTGTTCAAC	3	1	5
day0_TTCATGACTGTTGTTG	2	0	5
day0_TTCATTGTGTCTTGAG	2	0	0
day0_TTCCAAGGAAATACAG	2	0	1
day0_TTCCAAGGACTGTGAT	3	1	1
day0_TTCCACGACACATGAA	0	0	0
day0_TTCCACGACCCAAGCC	2	1	5
day0_TTCCACGACCCTGCGA	0	0	0
day0_TTCCACGACCTAACTG	2	0	5
day0_TTCCACGACGCAGCAA	0	0	0
day0_TTCCAGGCTCACAAGG	2	0	5
day0_TTCCAGGCTCACGATT	2	1	5
day0_TTCCAGGCTGATAAGT	1	1	6
day0_TTCCCACGAATGAATG	0	1	0
day0_TTCCCACGACATCACA	2	0	5
day0_TTCCCACGATTCACCC	5	0	3
day0_TTCCCGTGAGTTCTCC	5	1	3
day0_TTCCCGTGATTAGGAA	0	0	0
day0_TTCCGAAGACAAGCGA	2	0	5
day0_TTCCGAAGACGATGGA	4	2	4
day0_TTCCGACTGACCGAAG	3	1	1
day0_TTCCGACTGGAGCATG	3	0	1
day0_TTCCGCAACTTCATCT	2	0	5
day0_TTCCGCAACTTTGTGG	5	0	3
day0_TTCCGCTGAACATCCA	5	1	3
day0_TTCCGCTGATCTAGAC	2	0	4
day0_TTCCGGTACAAGGAAG	0	1	0
day0_TTCCGGTACCGTGCGT	2	0	5
day0_TTCCGGTACTGTACGT	3	1	1
day0_TTCCGGTTGATTGAAG	3	0	5
day0_TTCCGGTTGGCAGGTA	2	0	5
day0_TTCCGTGTGAACAATG	5	0	3
day0_TTCCGTGTGAATGCCT	0	1	0
day0_TTCCGTGTGGACCGAA	3	0	1
day0_TTCCTAATGAATCACC	2	1	5
day0_TTCCTAATGACAAAGT	1	0	6
day0_TTCCTAATGGAGAGGG	0	1	0
day0_TTCCTCTACACCCAGC	4	2	4
day0_TTCCTCTACCGTGACC	2	0	5
day0_TTCCTTAGAGAAACGC	1	1	1
day0_TTCCTTGCTACAACCT	1	1	6
day0_TTCCTTGCTCGCATCG	3	0	1
day0_TTCCTTGCTCGGGTCT	2	0	5
day0_TTCGAAGACAGCCTCG	0	0	0
day0_TTCGAAGACCGCACTG	4	2	4
day0_TTCGAATCTTTGAGCT	3	1	1
day0_TTCGAGTGACTTCATT	5	1	3
day0_TTCGCAGCTACCAGAG	4	2	4
day0_TTCGCAGCTTCCTGAA	3	1	1
day0_TTCGCCTGAATTCAGC	2	0	5
day0_TTCGCGACTGTTTGGT	0	1	1
day0_TTCGCGACTTCTCAAG	3	0	5
day0_TTCGCTTCTATGACTC	0	0	0
day0_TTCGGACCTATTCTCT	0	0	0
day0_TTCGGACCTTTCCCAC	3	0	5
day0_TTCGGCACTGAGGCAT	3	0	1
day0_TTCGGCACTGTGACCC	2	0	5
day0_TTCGGCACTTTTGTGG	3	0	1
day0_TTCGGTGCTAATCGAA	4	0	4
day0_TTCGGTGCTCAACAAA	5	1	3
day0_TTCGGTGCTCTCAATG	2	0	5
day0_TTCGGTGCTTGAGTCT	5	0	3
day0_TTCGGTGCTTTACTTC	0	0	0
day0_TTCGTAACTGTTCTTT	5	0	3
day0_TTCGTAACTTACAACC	3	0	5
day0_TTCGTAGGACACTGGC	0	1	0
day0_TTCGTAGGAGTCGTTA	0	1	0
day0_TTCGTAGGATACCCAA	3	0	1
day0_TTCGTATTGATTAGGA	2	1	5
day0_TTCGTATTGCAGACCC	2	0	3
day0_TTCGTATTGGAACGGT	0	0	0
day0_TTCGTATTGGGTACTT	2	1	5
day0_TTCGTATTGTGAGGGT	5	0	3
day0_TTCGTCGTGCAGGTAG	4	2	4
day0_TTCGTCGTGTCCACAA	5	0	3
day0_TTCGTGAGAAATGCAA	3	1	1
day0_TTCGTGCTGCGGAAGT	3	0	1
day0_TTCGTGCTGGGAAGTC	3	1	1
day0_TTCGTGCTGGGCATGA	3	0	1
day0_TTCGTGCTGGTTAACC	5	0	3
day0_TTCGTGCTGTCACAGT	4	2	4
day0_TTCGTTCCTCCCGTGA	0	0	0
day0_TTCGTTCCTTGAATGA	4	2	4
day0_TTCGTTTGAATTCTTC	2	0	5
day0_TTCGTTTGAGGAAATT	6	0	1
day0_TTCGTTTGAGGTTGTT	4	2	4
day0_TTCTAACTGAAGGGTC	0	1	0
day0_TTCTAGACTACTGAAA	2	0	0
day0_TTCTAGACTGGTGGAT	0	0	0
day0_TTCTCACCTACCTCCT	2	0	5
day0_TTCTCACCTGTTCTTT	2	0	5
day0_TTCTCATGAAAATCGA	4	2	4
day0_TTCTCATGAACTGTAC	6	2	5
day0_TTCTCATGAGTTTGAC	3	1	1
day0_TTCTCATGATTCTCGC	2	0	5
day0_TTCTCATGATTTGTGG	4	2	4
day0_TTCTGAGGAACTACCA	2	0	5
day0_TTCTGAGGACGACACC	0	0	1
day0_TTCTGAGGAGTAACTC	4	2	3
day0_TTCTGAGGAGTTGAGG	5	1	3
day0_TTCTGCTCTATGCCCG	5	0	3
day0_TTCTGCTCTGACTCAT	3	0	1
day0_TTCTGCTCTTACCCTC	0	0	0
day0_TTCTGTATGGCCACAC	2	0	5
day0_TTGAACCGAAATCAAG	6	2	1
day0_TTGAACCGACCCAACG	4	2	4
day0_TTGAACCGACGAAATA	5	1	3
day0_TTGAACCGAGAATGTA	0	1	0
day0_TTGAACCGAGGGACAT	5	1	3
day0_TTGAACGACACCTCTC	4	0	4
day0_TTGAACGACGGGTTCC	3	1	1
day0_TTGAAGAGAACGCTTA	3	0	5
day0_TTGAAGAGAACGGGTA	4	0	4
day0_TTGAAGAGAAGTTCCA	5	0	3
day0_TTGAAGAGAGCAGCTC	0	1	1
day0_TTGAAGAGATCATGTG	3	1	5
day0_TTGAAGCACGTTCTTT	3	0	5
day0_TTGAAGCACTGTGGGA	2	1	5
day0_TTGAATCCTAGTTACC	3	0	1
day0_TTGACACGAATCCTCC	4	2	4
day0_TTGACACGAATGGCCC	0	1	0
day0_TTGACACGAGACGCAA	2	0	5
day0_TTGACACGATCGTGAT	2	1	5
day0_TTGACAGACAGATTCC	3	1	1
day0_TTGACAGACAGCGTGA	4	0	4
day0_TTGACAGACCGATAGG	0	1	0
day0_TTGACAGACTGGAATA	3	1	1
day0_TTGACCAGAAAGCACG	0	1	0
day0_TTGACCAGAAGCATCT	5	0	3
day0_TTGACCAGACGAAAGC	2	1	0
day0_TTGACCAGAGGCGATA	3	1	1
day0_TTGACCAGATGCTTGA	0	1	0
day0_TTGACCCACACCCTTC	2	1	5
day0_TTGACCCACCAATGGG	3	0	1
day0_TTGACCCACCGTGACC	2	0	5
day0_TTGACCCACGGTAAAT	0	1	0
day0_TTGACCCACTTATCCT	3	0	5
day0_TTGACCCACTTCGTTT	3	1	1
day0_TTGACTACTAAATGAC	3	1	3
day0_TTGACTACTCCTGATA	5	0	3
day0_TTGACTTACACTGTAC	0	0	0
day0_TTGACTTACATCCATG	3	1	1
day0_TTGACTTACATGATGA	5	0	3
day0_TTGACTTACTCTAGAC	3	2	5
day0_TTGAGAAGAAACACCT	0	1	0
day0_TTGAGAAGAAGGTAAT	3	0	1
day0_TTGAGAAGAAGTCTTG	4	2	4
day0_TTGAGAAGAGCTGGCT	5	0	3
day0_TTGAGAAGAGTCTAAC	2	0	5
day0_TTGAGAAGATACAACC	3	0	5
day0_TTGAGAAGATCGTAGT	3	0	3
day0_TTGAGCAACGTCTATG	5	0	3
day0_TTGAGTGACATCGGAG	4	2	4
day0_TTGAGTGACGTAACTC	3	0	5
day0_TTGAGTGACGTGATGG	0	1	0
day0_TTGATGTCTTAGAGAT	4	2	4
day0_TTGCACAGAGCAGCCT	5	0	3
day0_TTGCACAGATGAGCCC	2	1	5
day0_TTGCACAGATTGAAAG	3	1	1
day0_TTGCATACTCCATTCC	2	0	5
day0_TTGCATACTGACTGAG	4	2	4
day0_TTGCATACTGGAGACT	0	1	0
day0_TTGCATGGAAAAGGTT	3	1	1
day0_TTGCATGGAGGGTGTA	0	1	0
day0_TTGCCGACTCGGTAGA	2	1	0
day0_TTGCCGACTTGCATGT	5	0	3
day0_TTGCCGTACACTGAGG	2	1	5
day0_TTGCCGTACCGATCGC	2	0	5
day0_TTGCCGTACGGCAGTA	3	0	1
day0_TTGCCTCGAAACACTC	2	0	5
day0_TTGCCTCGACGTGTTA	2	0	5
day0_TTGCCTCGAGAATGAT	0	0	0
day0_TTGCCTCGATTGTGTG	0	0	0
day0_TTGCCTGACCAGTCTA	4	2	4
day0_TTGCCTGACTTCAGGT	3	1	1
day0_TTGCGATGAATCTGTG	1	2	6
day0_TTGCGATGACTAGAGG	0	1	0
day0_TTGCGATGAGGGATGT	4	2	4
day0_TTGCGCTTGATACCTG	5	1	3
day0_TTGCGCTTGCGACTTA	0	0	0
day0_TTGCGCTTGTCTAACG	5	1	3
day0_TTGCGGGACAGGAAGA	5	0	5
day0_TTGCGGGACATGCTCA	3	1	1
day0_TTGCGGGACGGACGAT	0	0	0
day0_TTGCGGGACTTCATCT	2	0	5
day0_TTGCGTAGACGAGTGA	3	0	1
day0_TTGCGTAGACGTGTTA	5	1	3
day0_TTGCTCCGACCTGTCT	3	1	1
day0_TTGCTCCGATGATGCT	3	1	1
day0_TTGCTCGACCTTGTGA	2	0	1
day0_TTGCTTAACATTCACG	3	0	1
day0_TTGCTTAACGGTTGAG	4	2	4
day0_TTGCTTAACGTCTTGA	2	0	5
day0_TTGCTTATGAGACCAG	4	2	4
day0_TTGCTTATGAGGTCGA	3	0	1
day0_TTGCTTATGATTCAGC	4	2	4
day0_TTGCTTATGCATCGGC	0	0	0
day0_TTGCTTATGCTTCACC	3	1	1
day0_TTGCTTATGGCCTCAG	3	0	5
day0_TTGCTTATGTTAGTGC	3	0	1
day0_TTGGAAAGAGCGCTCA	5	0	3
day0_TTGGAACACCTTGTGA	2	0	5
day0_TTGGAACACGGGAGGA	4	2	4
day0_TTGGAACACTGTTGGT	4	2	4
day0_TTGGAACTGCTCGGCA	6	0	1
day0_TTGGAACTGGCATGGA	5	0	3
day0_TTGGAACTGTCCTGAA	0	0	0
day0_TTGGAGTTGGATAAGT	3	0	1
day0_TTGGATCGACCTACCT	3	0	1
day0_TTGGCACCTCACGTGC	2	1	1
day0_TTGGCACCTCCGTCGA	2	1	5
day0_TTGGCGCGAAGCCTCG	4	2	4
day0_TTGGCGCGAATGGACG	3	0	1
day0_TTGGCGCGACAAACTC	5	0	3
day0_TTGGCGCGAGGTAAAT	2	0	5
day0_TTGGCGCGATAGAGAT	4	2	4
day0_TTGGCTAGAACAGATA	0	1	0
day0_TTGGCTAGAATGGCAG	5	0	3
day0_TTGGCTAGACAATTCG	1	1	0
day0_TTGGCTAGATGTTGTG	3	0	1
day0_TTGGCTCACGAGTAAT	4	2	4
day0_TTGGCTCACGGCAGTA	6	0	2
day0_TTGGGATACCAGCTGC	3	0	1
day0_TTGGGATACCCATCTC	2	0	5
day0_TTGGGATACGCAGGTA	0	1	0
day0_TTGGGCCGAATCCATG	2	0	4
day0_TTGGGCCGAGTGGACA	0	1	0
day0_TTGGGCCGATCATGAC	0	0	1
day0_TTGGGCCGATGTGGAG	4	2	4
day0_TTGGGCTCTAGGTTTC	3	0	1
day0_TTGGGCTCTTGAGCAG	3	0	5
day0_TTGGGTAACCGATGGA	3	0	1
day0_TTGGGTAACGATTGAA	2	0	5
day0_TTGGGTCCTAAGTCCT	5	0	3
day0_TTGGGTCCTCCCGTGA	2	0	5
day0_TTGGGTCCTGGTTAGG	0	0	0
day0_TTGGGTCCTGTCATTG	5	0	3
day0_TTGGTATCTTCACGGC	2	0	5
day0_TTGGTATCTTGAACAA	2	1	1
day0_TTGGTCCACCCACGTG	5	0	3
day0_TTGGTGATGAACCCAT	0	1	0
day0_TTGGTGATGGGGTCTC	4	2	4
day0_TTGGTGCCTATTCTCT	5	0	3
day0_TTGGTGCCTGAATGAT	0	1	0
day0_TTGGTGCCTGAATGTA	2	1	5
day0_TTGGTGCCTGCAGCAA	2	1	5
day0_TTGGTTGGAAGTTGGG	1	0	6
day0_TTGGTTGGACGTGCAC	2	1	5
day0_TTGGTTGGACTCGTGG	0	1	0
day0_TTGGTTGGAGGAGAGG	2	0	5
day0_TTGGTTGGATCACAAC	0	1	0
day0_TTGTAACCTACGGATG	2	0	5
day0_TTGTAACCTCTTCTCG	3	1	1
day0_TTGTAACCTGCTAACT	0	0	0
day0_TTGTAACCTTTGGAGG	4	2	4
day0_TTGTACACTTACCTAG	2	1	1
day0_TTGTACACTTTGCTCC	2	0	3
day0_TTGTAGCGAAAACCCT	5	1	3
day0_TTGTAGCGAAACACAA	2	0	5
day0_TTGTAGCGAAATCAAG	0	0	0
day0_TTGTAGCGAATCCCTC	5	0	3
day0_TTGTAGCGACGATCTA	3	0	5
day0_TTGTAGCGATAGAACA	5	0	3
day0_TTGTAGCGATTGTGTG	3	0	5
day0_TTGTAGGACCGACGCT	3	0	1
day0_TTGTAGGACTCACCGG	2	0	1
day0_TTGTATCACACGTAAA	4	2	4
day0_TTGTATCACTTTCGTT	4	2	4
day0_TTGTCATACAAATTGG	5	0	3
day0_TTGTCGCACCAAGGGT	0	0	0
day0_TTGTCGCACTGAGGGT	4	2	4
day0_TTGTCGCTGAGTGTCT	3	0	1
day0_TTGTCGCTGCCTGAAT	5	1	3
day0_TTGTCGCTGGTAATGA	3	1	1
day0_TTGTCGCTGTGTGGGA	2	2	5
day0_TTGTGAGACCGACCGT	3	0	5
day0_TTGTGCCTGAGTGCGA	2	0	5
day0_TTGTGCCTGGAGTCTT	2	0	5
day0_TTGTGCCTGTGGTTGT	2	0	5
day0_TTGTGCGCTCGCTCAG	4	2	4
day0_TTGTGCGCTGCAGGTA	3	1	1
day0_TTGTGCGCTTGTGAAA	1	1	6
day0_TTGTGGAACACTAAGA	3	0	5
day0_TTGTGGAACACTGATC	0	0	0
day0_TTGTGGTGAAGAAATC	0	1	0
day0_TTGTGGTGAGGAACAC	3	0	5
day0_TTGTGGTGATCCTCAC	3	0	5
day0_TTGTGTGGAGTCTATG	4	0	4
day0_TTGTGTGGAGTTACGT	2	0	1
day0_TTGTGTGGATCATGAC	0	0	0
day0_TTGTGTGGATGGCATT	2	1	5
day0_TTGTTACTGAGGAAGA	2	0	5
day0_TTGTTACTGGCTGCTG	3	1	1
day0_TTGTTGACTCCTACCT	4	2	4
day0_TTGTTGTTGACCCAGC	0	0	0
day0_TTGTTGTTGTACAGAA	5	0	3
day0_TTGTTTCGAACAAGTA	2	0	5
day0_TTGTTTCGACCATCAA	5	1	3
day0_TTGTTTCGATGTGGGA	2	0	5
day0_TTTAAGCCTATTGCTG	5	0	6
day0_TTTACCTGAAATGCCT	4	2	4
day0_TTTACCTGACAGAACG	0	0	0
day0_TTTACCTGACCCGTGA	3	0	1
day0_TTTACCTGAGTGAGAC	0	0	0
day0_TTTACCTGATACGATC	5	0	3
day0_TTTACCTGATCGAGGA	0	0	0
day0_TTTACGGGAATGGCAG	3	0	1
day0_TTTACGGGAGCTGCTG	2	0	0
day0_TTTACGGGATAACTCG	3	0	5
day0_TTTACGTTGCTCAATG	4	2	4
day0_TTTACGTTGCTCCTAC	4	2	4
day0_TTTACGTTGGGAAGTC	0	0	0
day0_TTTACGTTGTTATCCT	3	1	1
day0_TTTAGCTACCTGGCTG	2	0	5
day0_TTTAGCTACGTAAGTA	5	1	3
day0_TTTAGGGACCAGTACT	5	0	3
day0_TTTAGGGACCCATGGC	0	1	0
day0_TTTAGGGACCTCTATT	3	0	1
day0_TTTAGGGACTCATGAC	3	0	1
day0_TTTAGGGTGCTCATGA	3	0	5
day0_TTTAGGGTGTTCCATT	0	1	0
day0_TTTAGTCACCCGCATG	5	0	3
day0_TTTAGTCACCGACTTA	4	2	4
day0_TTTAGTCACCTCTATT	0	0	0
day0_TTTAGTCACGGACGTA	5	0	3
day0_TTTAGTGCTAAGAGGA	4	2	4
day0_TTTAGTGCTCAGGTAG	3	0	1
day0_TTTAGTGCTGCCATCG	2	1	0
day0_TTTAGTGCTTCACCCT	5	0	3
day0_TTTATCCGAGAGGCAT	1	0	1
day0_TTTATCCGAGGGTTCC	3	0	1
day0_TTTATCCGAGTGTCCG	3	0	1
day0_TTTCAACTGGGATGCA	2	0	5
day0_TTTCAACTGTGTGAAA	0	0	0
day0_TTTCAACTGTTACCTT	0	1	0
day0_TTTCAACTGTTTGTCT	4	2	4
day0_TTTCACCCTCGGCACT	3	0	1
day0_TTTCACCCTGAAGGAA	3	0	1
day0_TTTCACCCTTGTTGGT	4	2	4
day0_TTTCAGTTGAGTTACC	3	0	1
day0_TTTCAGTTGGGACTGA	0	1	0
day0_TTTCAGTTGGGTTGAG	5	0	3
day0_TTTCAGTTGTCATGTG	3	0	1
day0_TTTCATGTGAAGGGTC	0	0	4
day0_TTTCATGTGCAACAGG	3	0	1
day0_TTTCCAAACAATGAAC	0	0	4
day0_TTTCCAAACGCATGAG	2	1	5
day0_TTTCCAAACGGGTATG	5	1	3
day0_TTTCCCACTACTGATC	2	0	5
day0_TTTCCCACTAGACCAG	4	2	4
day0_TTTCCCACTTGAAGAT	4	2	4
day0_TTTCCGGTGCGGCACT	5	1	3
day0_TTTCCGGTGTACGATC	5	0	3
day0_TTTCCTAGACTTTCAT	0	0	1
day0_TTTCCTAGAGAAATAC	2	0	5
day0_TTTCCTAGATAGCTTG	3	0	1
day0_TTTCCTCACCAAATGA	2	0	5
day0_TTTCCTCACCAACCAT	5	0	3
day0_TTTCCTCACGAGAGAA	3	0	5
day0_TTTCCTCACTGTGACT	3	0	5
day0_TTTCCTCTGAACCCTA	2	1	5
day0_TTTCCTCTGCCGATCG	4	2	4
day0_TTTCCTCTGGGTTAGG	4	2	4
day0_TTTCGATTGCGACACC	3	0	1
day0_TTTCGGAGAAAATGAC	2	0	5
day0_TTTCGGAGAACCAGAG	1	0	6
day0_TTTCGGAGAGACTCAT	3	0	1
day0_TTTCGGCACCTTCCAC	0	1	0
day0_TTTCGGCACGCGTGAA	0	0	0
day0_TTTCTCAGACATCTCC	3	0	5
day0_TTTCTCCACAGGCTGA	2	0	5
day0_TTTCTCCACGGTTAGG	5	0	3
day0_TTTCTCCACTGCCTAA	0	1	0
day0_TTTCTCCACTGGCTGC	0	0	0
day0_TTTCTCGCTGCATGAG	3	1	1
day0_TTTGACGGAAGGCCTC	3	1	1
day0_TTTGACGGACACGGTC	5	2	3
day0_TTTGACGGAGGAAGTC	4	0	4
day0_TTTGACGGAGGATGAC	3	0	5
day0_TTTGACGGATCATTGG	4	2	4
day0_TTTGATGCTGCTGTCG	0	0	1
day0_TTTGATGCTGGTGGAT	3	1	1
day0_TTTGATGCTGTGAGAC	4	2	4
day0_TTTGATGCTTCACCCT	3	1	1
day0_TTTGCATACAGGCGAT	2	0	5
day0_TTTGCATTGAATGCCT	2	0	5
day0_TTTGCATTGACCCAGC	3	0	1
day0_TTTGCATTGTCACGGC	2	0	5
day0_TTTGCATTGTCCTTCG	4	2	4
day0_TTTGCTCCTCCATCAA	4	2	4
day0_TTTGCTCCTTCGTGAT	3	1	1
day0_TTTGCTCCTTGAGCAG	3	1	1
day0_TTTGGATCTCATCACA	2	0	5
day0_TTTGGATCTTTACGAC	5	1	3
day0_TTTGGGAACACGCCAC	0	0	1
day0_TTTGGGAACTCCTAAG	0	0	0
day0_TTTGGGAACTGGAATA	3	0	5
day0_TTTGGGCCTCAGGCTC	0	0	0
day0_TTTGGGCCTCAGTGAG	2	1	5
day0_TTTGGGCCTGAATTGA	3	1	1
day0_TTTGGGCCTTCGGTAT	2	1	3
day0_TTTGTAGCTCTGCTCT	3	1	1
day0_TTTGTAGCTGGACCCT	3	0	1
day0_TTTGTAGCTTAGGAAT	0	0	0
day0_TTTGTAGCTTCGAACT	5	0	3
day0_TTTGTCATGAAAGGTT	0	1	0
day0_TTTGTCATGAGTCTTG	5	0	3
day0_TTTGTCATGCTCCTCA	3	0	5
day0_TTTGTCATGGTTCTTT	2	0	5
day0_TTTGTCATGTCTTGAG	4	2	4
day0_TTTGTCATGTTGTCCC	4	2	5
day0_TTTGTGTTGACTACCA	3	0	5
day0_TTTGTGTTGGTTAACC	3	0	1
day0_TTTGTGTTGTTGCATG	0	0	0
day4_AAACAACGAAATGCAA	7	3	8
day4_AAACACCTGATTTCCT	7	3	8
day4_AAACACGCTATGGCCC	8	4	9
day4_AAACACGCTCGATTAC	8	3	9
day4_AAACAGATGCAAATGA	7	3	8
day4_AAACAGTGAAATGCCT	8	4	9
day4_AAACAGTGATCGCTTC	7	3	8
day4_AAACAGTGATTCGGTA	7	3	8
day4_AAACCCATGCGACACC	8	3	9
day4_AAACCCATGCTAAGGG	7	3	8
day4_AAACCCATGTGATCTG	7	3	8
day4_AAACCGTACGTGTGTT	7	3	8
day4_AAACGCTACAACCTCA	9	3	7
day4_AAACGCTACAAGTCTC	10	3	9
day4_AAACGCTACATTTCCT	7	3	8
day4_AAACGCTACCTACCGG	9	3	7
day4_AAACGCTACTCTGGGC	7	3	8
day4_AAACGGTCTATGTAGA	9	3	7
day4_AAACGGTCTTGTTGGT	6	3	2
day4_AAACTCGACTGTGAAA	7	3	8
day4_AAACTCTCTAAGGTAT	7	3	8
day4_AAACTGCTGCCATCGG	9	3	7
day4_AAACTGCTGCCGCAAC	7	3	8
day4_AAACTGCTGGCACTCG	7	3	8
day4_AAACTGCTGTCATTGG	8	4	9
day4_AAACTGCTGTGTGCTA	9	3	7
day4_AAAGACCCTATGGCCC	7	3	8
day4_AAAGCAATGCGAGAGT	8	4	9
day4_AAAGCAATGCTTAGTG	9	3	7
day4_AAAGCAATGGGACAAC	7	3	8
day4_AAAGCAATGGGTACTT	7	3	8
day4_AAAGCACCTACAACCT	7	3	8
day4_AAAGCACCTACTGTTG	9	3	7
day4_AAAGCACCTTCATTGG	9	3	7
day4_AAAGCCGGAACTTACG	8	4	9
day4_AAAGCCGGAAGTGAAT	7	3	8
day4_AAAGCCGGACCGAAAG	7	3	8
day4_AAAGGATACCAGGCAA	7	3	8
day4_AAAGGATACTTATCCT	7	3	8
day4_AAAGGATACTTTCGGA	7	3	8
day4_AAAGGATTGCTAGAGG	7	3	8
day4_AAAGGATTGGTTTGAC	9	3	7
day4_AAAGGATTGTTTCGTT	9	3	7
day4_AAAGGCCGAACAACAA	8	3	9
day4_AAAGGTAACCCCTGAG	7	3	8
day4_AAAGGTTGAGAACGGT	7	3	8
day4_AAAGGTTGATTCTGAG	8	3	9
day4_AAAGTAGTGTCGGAGA	8	4	9
day4_AAAGTCCTGAACCTCA	8	4	9
day4_AAAGTCGCTATGGCCC	7	3	8
day4_AAATAGCGATCCTAAG	7	3	8
day4_AAATCCGACAGCTATC	7	3	8
day4_AAATCCGACTTAGTGC	9	4	7
day4_AAATCGCTGACTTCCC	9	3	7
day4_AAATCGCTGCCGTGAC	7	3	8
day4_AAATCGGCTCATTACG	8	4	9
day4_AAATCGGCTTCTCCCA	7	3	8
day4_AAATGCCTGACAACCT	7	3	8
day4_AAATGCCTGATCGGAG	8	4	9
day4_AAATGCCTGCATCCAA	7	3	8
day4_AAATGGAACCCCTGTT	9	3	7
day4_AACAAGAACAACGTGG	7	3	8
day4_AACAAGAACAGAATCA	7	3	8
day4_AACAAGTGAAAGCACG	7	3	8
day4_AACAAGTGAAGACTAA	9	3	7
day4_AACAAGTGAAGTGGAC	8	4	9
day4_AACAAGTGAGAGCCCT	7	3	8
day4_AACAATGGAGAGTCCC	7	3	8
day4_AACAATGGATGGTACT	7	3	7
day4_AACACCAACATTCTTC	7	3	8
day4_AACACGGGAAGAATCA	7	3	8
day4_AACACGGGATACCCTC	9	3	7
day4_AACACGTACCGTGGAA	7	3	8
day4_AACACGTACGTGTCCG	7	3	8
day4_AACACTGTGGGCTCTG	7	3	8
day4_AACACTTCTGGCTCAC	7	3	8
day4_AACAGAATGCGCTTGG	7	3	8
day4_AACAGAATGTTGGTGT	8	4	9
day4_AACAGCGGATTCCATT	7	3	8
day4_AACAGCTTGAGAAATC	7	3	8
day4_AACAGCTTGCATCGGC	7	3	8
day4_AACAGGGTGAACGTGG	8	4	9
day4_AACAGGGTGAATGAAC	7	3	8
day4_AACAGTCACTCAGTGT	9	3	7
day4_AACAGTCACTTCCGGG	7	3	8
day4_AACATTCCTAAATCGA	7	3	8
day4_AACATTCCTCCCAAGC	7	3	8
day4_AACATTCCTGTTGTTG	8	3	9
day4_AACCAACTGGGTTGAG	7	3	8
day4_AACCACATGACTGAAA	7	3	8
day4_AACCACATGTGAAGTA	7	3	8
day4_AACCAGACTGAATGTA	7	3	8
day4_AACCATGTGGAGGAGG	7	3	8
day4_AACCATGTGTGGCGCT	10	3	9
day4_AACCCAAACTCTCAAG	7	3	8
day4_AACCCACCTGGAATTA	7	3	8
day4_AACCCACCTTTGCTGA	7	3	8
day4_AACCGAACTCATGATC	8	4	9
day4_AACCGAACTCGTGTTA	7	3	8
day4_AACCGATACAAATGGT	9	4	7
day4_AACCGATACTATCACG	7	3	8
day4_AACCGCGACCTCGTGG	7	3	8
day4_AACCGCGTGGCAGGTA	8	3	9
day4_AACCGCGTGTCAGTGT	7	3	8
day4_AACCGGCACACCTCCT	7	3	8
day4_AACCGGCACGTTGTAC	7	3	8
day4_AACCGGCTGACCGGAA	9	3	7
day4_AACCTAGTGCTCGTGG	7	3	8
day4_AACCTAGTGTGGCGCT	7	3	8
day4_AACCTAGTGTGGTCTA	9	3	7
day4_AACCTCAGACATGACT	8	4	9
day4_AACCTCCACAAGTTAG	7	3	8
day4_AACCTCCACACGGATG	8	4	9
day4_AACCTCCACTTTCTAC	7	3	8
day4_AACCTCCTGAGCCACC	8	4	9
day4_AACCTCCTGCGTGTTA	7	3	8
day4_AACCTCCTGCGTTACA	8	4	9
day4_AACGAATGAAAAGGAG	8	3	9
day4_AACGAATGAAACCCTA	7	3	8
day4_AACGAATGATACCTCC	9	3	7
day4_AACGAATGATCACCCT	8	3	9
day4_AACGACTACAGACCAG	8	4	9
day4_AACGACTTGTGATCGT	7	3	8
day4_AACGACTTGTTGCCTC	7	3	8
day4_AACGAGGTGCCTCTAC	8	4	9
day4_AACGAGGTGTTGAGCT	7	3	8
day4_AACGATCACCTCTATT	7	3	8
day4_AACGATCACGACGTCC	8	4	9
day4_AACGCATACCGGTTGC	8	3	8
day4_AACGCATACTCCACAA	7	3	8
day4_AACGCCTCTATCACCA	7	3	8
day4_AACGCCTCTCACCCGA	7	3	8
day4_AACGCCTCTCTAACTG	9	3	7
day4_AACGCCTCTTCCAACA	9	3	7
day4_AACGCGAGACTGTATG	9	3	7
day4_AACGCGAGAGAGCATG	8	4	9
day4_AACGCTTGAATTCAGC	9	3	7
day4_AACGGGATGACATCCA	7	3	8
day4_AACGGGATGCATAGTC	8	3	9
day4_AACGGGATGGTCCCGA	9	3	7
day4_AACGGGCCTGAGGTTG	7	3	8
day4_AACGGGCCTGGTACTT	7	3	8
day4_AACGGGCCTGGTGGAT	7	3	8
day4_AACGGGCCTTCACCCT	7	3	8
day4_AACGTAAGAACCGGAA	6	3	2
day4_AACGTAAGACATGACT	7	3	8
day4_AACGTAAGACCCGTGA	7	3	8
day4_AACGTAAGACCTAAGT	7	3	8
day4_AACGTAAGATCGGTAT	7	3	8
day4_AACGTGTACCAGCGAA	7	3	8
day4_AACGTGTACCATCAGT	7	3	8
day4_AACGTGTACGGTCTAT	7	3	8
day4_AACGTGTTGCAAACTC	9	3	7
day4_AACTACGTGACCATCA	8	4	9
day4_AACTACGTGCTGGGTC	7	3	8
day4_AACTACGTGGGCAGTA	7	3	8
day4_AACTACGTGGGGAACT	7	3	8
day4_AACTCAGTGAACAGGC	9	3	7
day4_AACTCTACTATGGTCT	7	3	8
day4_AACTCTTTGGGTTGTT	7	3	8
day4_AACTGACTGACATCGT	9	3	7
day4_AACTGACTGGAAGTTA	7	3	8
day4_AACTGACTGGAGAACC	7	3	8
day4_AACTGCCCTAAACCAA	9	3	7
day4_AACTGCCCTACAGATA	7	3	8
day4_AACTGCCCTAGTCAAA	7	3	8
day4_AACTGCCCTAGTGCGA	7	3	8
day4_AACTTACCTGAGCCCT	6	3	2
day4_AAGAAAGCTAAGTCCT	8	3	9
day4_AAGAAGTTGCTCACTC	10	3	9
day4_AAGAATGTGATCCGAT	7	3	8
day4_AAGAATGTGGGAAGAA	7	3	8
day4_AAGAATGTGTCCATTT	7	3	8
day4_AAGACATGAATTCAGC	8	4	9
day4_AAGACATGACAAACAA	7	3	8
day4_AAGACCTTGGAAACGC	7	3	8
day4_AAGACGGTGACCCTTC	7	3	8
day4_AAGACTGCTCTAACCA	7	3	8
day4_AAGACTGCTGCCTCAG	7	3	8
day4_AAGAGAACTGCAGCTC	9	3	7
day4_AAGAGAGGAGCGTGAA	7	3	8
day4_AAGAGATACTCGTAGT	7	3	8
day4_AAGAGATTGGTGGACA	7	3	8
day4_AAGAGTTGATAGCTAC	9	3	7
day4_AAGATCCTGGAAGTTA	8	4	9
day4_AAGATGAACAAGTATG	7	3	8
day4_AAGATGATGCAACAAA	8	4	8
day4_AAGATGATGCCGATCG	7	3	8
day4_AAGATGATGTAGGATA	7	3	2
day4_AAGATGATGTGGCAGA	6	3	2
day4_AAGATGCCTGTCGTTA	7	3	8
day4_AAGCAATGAACTGTCA	7	3	8
day4_AAGCAATGATATCCGA	7	3	8
day4_AAGCAATGATGTCCGG	8	4	9
day4_AAGCACTTGACTACCA	8	4	9
day4_AAGCACTTGAGAAATC	7	3	8
day4_AAGCACTTGGCAATAA	7	1	8
day4_AAGCACTTGGGAAGAA	9	3	7
day4_AAGCCAGGAGTCTAAC	8	4	9
day4_AAGCCGAGAAGGCCTC	8	3	9
day4_AAGCCTAACACCTCTC	7	3	8
day4_AAGCCTAACCGTGCTG	7	3	8
day4_AAGCCTAACGCATGGA	6	3	2
day4_AAGCCTAACTGTACCA	8	3	9
day4_AAGCGACGAAACATCC	7	3	8
day4_AAGCGACGAGCCTGCA	7	3	8
day4_AAGCGATCTAACCTAC	7	3	8
day4_AAGCGATCTCCTCTTG	7	3	8
day4_AAGCGCCACAACAGGC	7	3	8
day4_AAGCGCCACCACGTGC	7	3	8
day4_AAGCGCCACTCATCCC	7	3	8
day4_AAGCGCCACTTCTGGA	7	4	8
day4_AAGCTAAGACGCTTCT	9	3	7
day4_AAGCTGTTGGAAATCA	7	3	8
day4_AAGCTGTTGTATCGCA	7	3	8
day4_AAGGAATACTGAATGA	9	3	7
day4_AAGGCAGACACGACTT	7	3	8
day4_AAGGCAGACACTCATG	8	4	9
day4_AAGGCAGACGACCGAA	7	3	8
day4_AAGGCGATGACATCAC	7	3	8
day4_AAGGCGATGGACGTCC	7	3	8
day4_AAGGGAGCTACAACTC	9	3	7
day4_AAGGGAGCTACTCCCT	9	3	7
day4_AAGGGAGCTCTCTCCA	7	3	8
day4_AAGGGAGCTTCACAAC	7	3	8
day4_AAGGGAGCTTCCCTGT	7	3	8
day4_AAGGGTGACGCAAGCA	7	3	8
day4_AAGGTAAACAATGCCT	8	3	9
day4_AAGGTAAACATAGTGA	7	3	8
day4_AAGGTAAACCCCAGTG	7	3	8
day4_AAGGTAAACCGTGAGA	7	3	8
day4_AAGGTAAACTAGAACA	7	3	8
day4_AAGGTCACTATAACCC	7	3	8
day4_AAGGTCTTGGGGTTAG	8	4	9
day4_AAGTAAGACGAGATTA	9	3	7
day4_AAGTAGTGACACGCTG	8	3	9
day4_AAGTAGTGAGAGGAGG	9	3	7
day4_AAGTATGGAGATTACC	7	3	8
day4_AAGTATGGATAACTGC	8	4	9
day4_AAGTATGGATCGTAAC	7	3	8
day4_AAGTCAGCTATCCCTC	7	3	8
day4_AAGTCAGCTCTATCTT	7	3	8
day4_AAGTCCAACCACGATT	9	3	7
day4_AAGTCCAACCCATTCC	7	3	8
day4_AAGTCCAACTTCTTTG	7	3	8
day4_AAGTCGTACGAACATA	7	3	8
day4_AAGTCGTACGTGACCC	6	3	2
day4_AAGTCGTACTTCATCT	7	3	8
day4_AAGTCTGACTCTTGTT	7	3	8
day4_AAGTGAAACCATCCAA	7	3	8
day4_AAGTGAAACCTTCCAC	7	3	8
day4_AAGTGATGAAACACCT	7	3	8
day4_AAGTGATGATAGACCT	7	3	8
day4_AAGTGATGATCCTTCG	8	3	2
day4_AAGTGCACTGAACGTG	9	3	7
day4_AAGTGCACTTACCTAG	7	3	8
day4_AAGTGCACTTTGCAGT	9	3	7
day4_AAGTGCGGAGAGCATG	7	3	8
day4_AAGTGCGGAGTGCTTA	7	3	8
day4_AAGTGGCGAAGATCCT	7	4	8
day4_AAGTGGCGATGGGACA	7	3	8
day4_AAGTGGCGATTCCGGG	8	3	9
day4_AAGTGTAGAACTTGAC	7	3	8
day4_AAGTGTAGACCAATAC	7	3	8
day4_AAGTTCCGAAAGTGAT	7	3	8
day4_AAGTTCCGAACGCTTA	7	3	8
day4_AATACCTCTTTCTGAG	9	3	7
day4_AATACGCTGAATGTGA	7	3	8
day4_AATACGCTGCTTCCGT	8	4	9
day4_AATACTCCTGAGTCTT	7	3	8
day4_AATAGCCTGATCGTTG	7	3	8
day4_AATAGCCTGTCAGTGT	9	3	7
day4_AATAGGATGACGGATG	7	3	8
day4_AATAGGATGAGCGAAC	7	3	8
day4_AATAGGATGGATGCAG	8	3	9
day4_AATCACGACAAGTTAG	7	3	8
day4_AATCACGACGCATAAA	8	3	8
day4_AATCCAGTGTTGAGGG	7	3	8
day4_AATCCCAGAAGAGGAA	7	3	8
day4_AATCCCAGAGAGCGTA	9	3	7
day4_AATCCCAGAGGAACAC	7	3	8
day4_AATCCGATGGTTTGAC	7	3	8
day4_AATCCTACTATTCTCT	7	3	8
day4_AATCCTACTCAACAAA	9	3	7
day4_AATCCTACTCCTGCAG	9	3	7
day4_AATCGAAGATCTGACA	8	4	9
day4_AATCGAAGATTCGTTT	7	3	8
day4_AATCGACACATTGGCT	7	3	8
day4_AATCGACACCAGCTGC	9	3	7
day4_AATCGTCGACAGGCAA	8	3	9
day4_AATCGTCGATTTGGTG	8	4	9
day4_AATCTACCTGCATTAC	8	4	9
day4_AATCTACCTTCTAGAC	7	3	8
day4_AATCTCGGAGAATTGA	9	3	7
day4_AATCTCTACGTACTAC	7	3	8
day4_AATCTCTACTTTCTAC	7	4	8
day4_AATCTCTTGATGGACG	7	3	8
day4_AATCTCTTGCAGCGAA	7	4	8
day4_AATCTGCGAACCCGTG	7	3	8
day4_AATCTGCGAAGTGAAT	7	3	8
day4_AATCTGCGACCATAGT	9	3	7
day4_AATCTGCGATCGTCCT	9	4	9
day4_AATCTGCGATGGGAGT	7	3	8
day4_AATGCGTTGCGTGGCT	9	3	7
day4_AATGCTGTGCTAAGGG	7	3	8
day4_AATGCTGTGGATCGGA	8	3	9
day4_AATGGAAACCTTCACC	7	3	8
day4_AATGGCTTGATTCTTC	6	3	2
day4_AATGGTCTGCGCACTG	7	3	8
day4_AATGGTCTGGCTAACT	7	3	8
day4_AATGTGCACATGTTGC	7	3	8
day4_AATGTGCACCCTCGAG	6	3	2
day4_AATGTGCACCTGGGTC	7	3	8
day4_AATGTTCCTGTAATGA	7	3	8
day4_AATTACCCTAACATCC	7	4	8
day4_AATTACCCTACTCACA	8	4	9
day4_AATTCGGTGAGACACG	7	3	8
day4_AATTCGGTGGAAATGT	8	4	9
day4_AATTCTCTGCTCCTAC	7	3	8
day4_AATTCTCTGTGCCCGA	7	3	8
day4_AATTTCCACTTCCGGG	10	3	9
day4_ACAAACCACACAAACA	9	3	7
day4_ACAAACCACAGTGAAT	7	3	8
day4_ACAAACCACGACGATG	7	3	8
day4_ACAAACCACGATGAAT	6	3	2
day4_ACAAACCACTTGAAAG	8	4	9
day4_ACAAAGTGAGGAGAGG	7	3	8
day4_ACAAAGTGATCCTAAG	8	4	9
day4_ACAAATGGACGTCGCA	9	3	7
day4_ACAAATGGAGGGAACT	8	4	9
day4_ACAAATGGAGGGCTTC	9	3	7
day4_ACAACGGGAGAACGAC	7	3	8
day4_ACAACGGGATTTGAGC	9	3	7
day4_ACAACTCGAGACAGGT	7	3	8
day4_ACAAGCTACACCTGAT	9	3	2
day4_ACAAGCTACGCGTGAA	7	3	8
day4_ACAAGGCGACCTAAGT	6	4	2
day4_ACAAGGCGACCTACCT	9	3	7
day4_ACAAGGCGACTGTGAT	7	3	8
day4_ACAAGGGTGCACTCAA	8	4	9
day4_ACAAGGGTGCTGAGAG	7	3	8
day4_ACAATAGGATCGATGT	7	3	8
day4_ACAATAGGATTGAGTC	8	3	8
day4_ACAATGGCTAATACAG	9	3	7
day4_ACAATGGCTTCACACA	7	3	8
day4_ACACAAGCTCCGATCG	7	3	9
day4_ACACACTGAAGATAGT	8	4	9
day4_ACACAGTTGGTGTTAC	7	4	9
day4_ACACCGGACACTTCGA	8	3	8
day4_ACACCGGACATTAGGA	8	4	9
day4_ACACGATACAAATTGG	7	3	8
day4_ACACGATACCAACCAT	8	3	9
day4_ACACGCGTGACCCGTG	8	4	9
day4_ACACGCGTGAGTCCCG	8	4	9
day4_ACACGTTGAGGGACAT	7	3	8
day4_ACACTACGACGATGAG	8	4	9
day4_ACACTACGAGCGGTAA	9	4	7
day4_ACACTACGAGTGATGG	9	3	7
day4_ACACTACGATGAGCGA	8	4	9
day4_ACACTATCTACTCACA	9	3	7
day4_ACACTGTGAAGCGAAC	7	3	8
day4_ACAGAGGTGCCTGAAT	9	3	7
day4_ACAGAGGTGGTTGTAC	8	3	9
day4_ACAGAGGTGTGAAAGT	7	3	8
day4_ACAGCAACTACTTCGA	8	3	9
day4_ACAGCAACTAGGATAT	8	4	9
day4_ACAGCTATGCAGTGAG	7	3	8
day4_ACAGCTTGAGCTGCTG	7	1	8
day4_ACAGGAGACAATGTAG	9	3	7
day4_ACAGGAGACCACGCTG	7	3	8
day4_ACAGGCAGAAATGCAA	7	3	2
day4_ACAGGCAGAACAAACA	9	3	7
day4_ACAGGCCTGCCAGCAC	7	3	8
day4_ACAGGCCTGCGACTTA	7	3	8
day4_ACAGTAAGAACCTGGC	7	3	8
day4_ACAGTAAGAGAGTCCC	9	3	7
day4_ACAGTAGCTATAGGAT	7	3	8
day4_ACAGTAGCTCTTCCCA	8	4	9
day4_ACAGTAGCTGAGCGTA	9	3	7
day4_ACAGTAGCTTCTGACA	7	3	8
day4_ACAGTCAACTTTGAGC	8	4	9
day4_ACAGTCATGCCACGTG	9	3	7
day4_ACAGTCATGTACTTCT	8	3	8
day4_ACAGTCTGAAATTCCG	7	3	8
day4_ACAGTGACTAGTTCCA	9	3	7
day4_ACAGTTTCTGGACAAC	9	3	7
day4_ACATAAGGATGTGATC	7	3	8
day4_ACATACCGAAGTCATC	7	3	9
day4_ACATACGACGGAGACT	6	3	2
day4_ACATATCCTGACGATG	7	3	8
day4_ACATGACACTCCCTGT	7	3	8
day4_ACATGCAACTGGTTGT	7	3	8
day4_ACATGCCCTGGGATGT	7	3	8
day4_ACATTCTACATCCTCC	8	4	9
day4_ACATTCTTGCAGGCAA	7	3	8
day4_ACATTCTTGCGATTCA	9	3	7
day4_ACATTCTTGTAGACTC	7	3	9
day4_ACATTGCGAATGAACA	7	3	8
day4_ACATTGCGAGGATGAC	7	3	8
day4_ACCAAGACTCCAAAGG	8	4	9
day4_ACCAAGGGATGATGTC	8	3	9
day4_ACCAAGTTGGCAAGCA	7	3	8
day4_ACCACAAACCCCACGA	7	3	8
day4_ACCACAAACTCTTTGT	7	3	8
day4_ACCACGGTGCTGAAGG	7	3	8
day4_ACCACGGTGGTGATGG	7	3	8
day4_ACCACGGTGTACCTAG	9	3	7
day4_ACCAGCCGAACTGGGA	7	3	8
day4_ACCAGTTGAAATCGCT	7	3	8
day4_ACCAGTTGAGGAATTA	7	3	8
day4_ACCAGTTGAGTTACAC	7	0	8
day4_ACCATCAGATGATCCA	7	3	8
day4_ACCATCGCTAAACCAA	9	3	7
day4_ACCCACGGACTAGAGG	6	3	2
day4_ACCCACGGAGTGATGG	7	3	8
day4_ACCCACGGATCTCTAT	7	4	8
day4_ACCCACGGATTCTATC	9	3	7
day4_ACCCACTTGAATTGAG	7	3	2
day4_ACCCAGGACATCGCAT	8	3	9
day4_ACCCAGGACCTATCTT	7	4	8
day4_ACCCATGCTTCGGAAG	7	3	8
day4_ACCCATGCTTTCACCC	8	4	9
day4_ACCCGACGAATTTCTC	8	4	9
day4_ACCCGACGAGCTGCAC	7	3	8
day4_ACCCGACGATTGTCCC	7	3	7
day4_ACCCGAGACCGACACC	7	3	8
day4_ACCCGAGACCGTCGCA	7	3	8
day4_ACCCGAGACGATCACT	7	3	8
day4_ACCCGAGACTTATCCT	7	3	8
day4_ACCCGCAGACACGATT	9	3	7
day4_ACCCGTGGAACACCCG	8	4	9
day4_ACCCGTGGACCATTCC	7	3	8
day4_ACCCTCATGATTCGAC	7	3	8
day4_ACCCTCATGGAAGGTC	7	3	8
day4_ACCCTCCCTTGATCGT	7	4	8
day4_ACCCTGACTTGTGAGG	7	3	8
day4_ACCGAAACTATACGCT	9	3	7
day4_ACCGACCGAGGTTGTT	7	3	8
day4_ACCGACCGATTTGTGG	7	3	8
day4_ACCGACGACACCTGTA	7	3	8
day4_ACCGACGTGCGATAGG	8	4	8
day4_ACCGACGTGGTTCTTT	7	3	8
day4_ACCGACGTGTTCAGGT	8	4	8
day4_ACCGATATGGAAGTAT	8	3	8
day4_ACCGATATGGGATGAC	7	1	8
day4_ACCGATTGAACCTGAT	8	4	9
day4_ACCGATTGATTTGGTG	8	4	9
day4_ACCGCTTACTGGTTGT	7	3	8
day4_ACCGGCATGTTGGGTT	7	3	8
day4_ACCGGGACTCTAAGGG	7	3	8
day4_ACCGGGACTTGAACAA	7	3	8
day4_ACCGGGACTTGGTGGA	8	3	4
day4_ACCGTAATGGCCCTTT	7	3	8
day4_ACCGTATGAAAGTCCT	7	3	8
day4_ACCGTATGACCTCGAG	9	3	7
day4_ACCGTATGAGGACTGA	7	3	8
day4_ACCGTCGGAAGGTAGC	7	3	8
day4_ACCGTCGGACAGGGAT	7	4	8
day4_ACCGTCGGATACAGAA	7	3	8
day4_ACCGTCGGATCGGAGA	7	3	8
day4_ACCGTCGGATGCACTA	8	4	9
day4_ACCGTCTTGAGTCAAA	8	4	9
day4_ACCGTCTTGCCTGCAG	7	3	8
day4_ACCGTTAGACCCTGTT	8	4	9
day4_ACCGTTAGACGCTTCT	7	3	8
day4_ACCGTTAGAGAGCGTA	8	4	9
day4_ACCGTTAGAGTTCTTT	7	3	8
day4_ACCGTTAGATCTGGGC	8	4	9
day4_ACCTATACTCACGCAC	7	3	8
day4_ACCTATACTCCCAAGC	7	3	8
day4_ACCTATACTTGAGGAC	9	3	7
day4_ACCTATGGATAGACTC	7	3	8
day4_ACCTCGACTCCTAAGT	8	4	9
day4_ACCTCGACTCGAAAGC	8	4	9
day4_ACCTCGTTGAGGCTGA	9	3	7
day4_ACCTGAATGATCGGAG	7	3	8
day4_ACCTGAATGCCCGATG	9	3	7
day4_ACCTGCACTCGCCACA	7	3	8
day4_ACCTGCTTGGTTAGGG	7	3	8
day4_ACCTGCTTGTGCATGT	9	3	7
day4_ACCTTCCGATGATCTG	9	3	7
day4_ACCTTCTCTATCGCAT	8	4	9
day4_ACCTTGGCTGAGGCAT	7	3	8
day4_ACCTTGGCTGGAACTG	8	4	9
day4_ACCTTGGCTGTTGTTG	8	4	9
day4_ACCTTTCCTACCCTTC	7	3	8
day4_ACCTTTCCTAGGAAGA	9	3	7
day4_ACCTTTCCTCCATCAA	7	3	8
day4_ACCTTTCCTGGGCTCT	7	3	8
day4_ACGAAATGAAAGTCCT	7	3	8
day4_ACGAAATGAATTCCTT	7	3	8
day4_ACGAAATGAGAGGAGG	7	3	8
day4_ACGAAGGTGACCCTAA	7	4	8
day4_ACGAAGGTGATGGCTT	9	3	7
day4_ACGAAGGTGGAGGTTG	7	3	8
day4_ACGAAGTCTGAGAGGG	7	3	8
day4_ACGAATAGATAATGAG	8	4	9
day4_ACGAATCTGTTGTAGC	7	3	8
day4_ACGACAACTAGTGGAC	7	3	8
day4_ACGACAACTGGTACAG	9	3	7
day4_ACGACGAGAATTGGTC	7	4	8
day4_ACGACGAGAGACGTCC	7	3	8
day4_ACGACGCACGCTCTCT	7	3	8
day4_ACGACGCACGGACTGA	7	3	8
day4_ACGACGGCTTTCCTCG	7	3	8
day4_ACGACTAACAGAAATC	7	3	8
day4_ACGACTAACCGACAGA	9	3	7
day4_ACGACTATGAATCGAA	9	3	7
day4_ACGACTTGAGACAGGT	8	4	8
day4_ACGACTTGAGAGAGGG	9	3	7
day4_ACGACTTGAGCCACAC	7	3	8
day4_ACGAGAGTGTACTACG	7	3	8
day4_ACGAGAGTGTGGTGGA	8	4	9
day4_ACGAGGTGACAGCGTC	8	4	9
day4_ACGAGGTGATGAACGG	7	3	8
day4_ACGAGTACTGGACGTA	9	3	7
day4_ACGATCAACAACACCT	9	3	7
day4_ACGATCCCTGGATGAC	7	3	8
day4_ACGCAATTGTTCATCT	8	3	9
day4_ACGCATATGCCATCTC	7	3	8
day4_ACGCATATGCGACGCT	9	3	7
day4_ACGCATCCTGCGAAGT	7	3	8
day4_ACGCCAGTGTCAAAGA	7	3	8
day4_ACGCCATCTAACCCAT	8	4	9
day4_ACGCCATCTCGGTAGA	8	4	9
day4_ACGCCATCTCTCCATC	8	3	8
day4_ACGCCCAGAACTGCCG	7	4	8
day4_ACGCCGAACGCGAAGT	7	3	8
day4_ACGCCGAACTGAACGG	7	3	8
day4_ACGCGCTGAAATCCCA	9	3	7
day4_ACGCGCTGAGCAGCAA	8	4	9
day4_ACGCGGACTAAGAGGA	7	3	8
day4_ACGCGGTACGATGCTT	9	3	7
day4_ACGCGGTACGGCAGTA	7	3	8
day4_ACGCGTTCTATCGAAA	9	3	7
day4_ACGCTGGACACGGGTA	9	4	9
day4_ACGCTGGACTACTCCC	7	3	8
day4_ACGCTGGTGAGAAGTT	8	4	9
day4_ACGCTGGTGCGGCACT	9	3	7
day4_ACGCTGTCTATGATGA	7	3	8
day4_ACGCTTAGAAGTTAGA	8	4	9
day4_ACGCTTAGACGTGATT	7	3	8
day4_ACGCTTAGATCGAACT	7	3	8
day4_ACGCTTCTGCAACATC	7	3	8
day4_ACGCTTCTGCATCACA	7	3	8
day4_ACGCTTCTGTCCAAAC	7	3	2
day4_ACGGAAGACCCCGATG	7	3	8
day4_ACGGACAGAGCGTGTC	7	3	8
day4_ACGGACAGATTGTTCT	7	3	8
day4_ACGGACCACAGTCTCA	6	3	2
day4_ACGGACCACTCCTCCA	7	3	8
day4_ACGGACCTGCCCACGA	8	4	9
day4_ACGGACCTGGACCCGT	9	3	7
day4_ACGGAGTGATCCATTT	7	3	8
day4_ACGGATGGAAGCCACC	7	3	8
day4_ACGGATGGACTGAGAG	7	3	8
day4_ACGGATGGAGAATTGA	7	3	8
day4_ACGGCCAACACAGATA	7	3	8
day4_ACGGCCAACGATCACT	7	3	8
day4_ACGGGTCTGGCAGCCT	7	3	8
day4_ACGGTAGGACTGCTCT	7	3	8
day4_ACGGTAGGATGTCCGG	6	4	2
day4_ACGGTGGCTAAGTGAT	7	3	8
day4_ACGGTGGCTAGTAAAC	7	3	8
day4_ACGGTGGCTCGGCTGT	7	1	8
day4_ACGTAAGCTAACGGTG	7	3	8
day4_ACGTACAACCGTTGGC	9	3	7
day4_ACGTACATGTGCACGC	7	4	9
day4_ACGTACCCTTAGCTAC	7	4	8
day4_ACGTATCGAATTTCCT	7	3	8
day4_ACGTATCGACATGAGG	7	3	9
day4_ACGTATCGACCCAATA	7	3	8
day4_ACGTATCGAGAACGTG	7	3	8
day4_ACGTATCGATAACCAC	8	3	9
day4_ACGTATGTGACCTCTC	7	3	2
day4_ACGTATGTGCTCATGA	7	3	8
day4_ACGTCCACTACTACGT	8	4	9
day4_ACGTCCACTTGGTCAT	7	3	8
day4_ACGTCCACTTTCAGCA	9	3	7
day4_ACGTCCGGACTTCCGT	7	3	8
day4_ACGTCCGGATGGCTTA	7	3	8
day4_ACGTCGGACGTCCCGA	7	3	8
day4_ACGTCGTCTCATGGGA	9	3	7
day4_ACGTCTCACTTGGTGT	7	3	8
day4_ACGTGAGGAAGAGAAG	8	4	9
day4_ACGTGAGGACAGGACA	8	4	9
day4_ACGTGAGGATCGAATC	8	4	9
day4_ACGTGATACCGCCCAA	7	3	8
day4_ACGTGATTGAGAAGGA	7	3	8
day4_ACGTGATTGCACGTGC	7	3	8
day4_ACGTGATTGTTAGAAG	8	3	9
day4_ACGTGTTGAACGGATG	7	3	8
day4_ACGTGTTGACGAGGTA	7	3	8
day4_ACGTTATCTAACGCCC	7	3	8
day4_ACGTTATCTAACGGTG	9	3	7
day4_ACGTTATCTGACGATG	9	3	7
day4_ACGTTCAGAATTTCCT	7	3	8
day4_ACGTTCAGAGTAATGA	7	3	8
day4_ACGTTGAACCATTACG	9	3	7
day4_ACGTTGAACGAGTCTT	7	3	8
day4_ACGTTGAACGCTGTCG	7	3	8
day4_ACGTTTACTTAACACC	7	3	8
day4_ACTAAAGGAAATCAAG	7	3	8
day4_ACTAACCGAAGGCCTC	7	3	8
day4_ACTACAGACAAAGGTT	7	3	8
day4_ACTACCGCTATGCCCG	9	3	7
day4_ACTACCGCTGTAGCCC	7	3	8
day4_ACTACGTGAACCCGCA	7	3	8
day4_ACTACGTGAATGGCCC	7	3	8
day4_ACTACGTGATTGCTCC	7	3	8
day4_ACTACTTACGACTAAA	7	3	8
day4_ACTAGCAACCACTCAA	7	3	9
day4_ACTAGCAACGCATGAG	6	3	2
day4_ACTAGCAACTGTGACT	8	3	9
day4_ACTAGCTGAACGTGCC	7	3	8
day4_ACTAGGTACCGCTGAC	7	3	8
day4_ACTAGTGACTTCCCAC	7	3	8
day4_ACTATACCTCCTGTCT	8	4	9
day4_ACTATCACTAACGGTG	8	4	9
day4_ACTATCACTCTTCCCA	7	3	8
day4_ACTATGCGAGAAGTAT	7	3	8
day4_ACTATGGACGACACCC	8	4	9
day4_ACTATGGACGGATGAC	8	4	9
day4_ACTATTGCTGGTTGTT	6	3	2
day4_ACTCAAGACAGGCCCT	8	4	9
day4_ACTCAAGACCTGGGTC	7	3	8
day4_ACTCAAGTGACCTCCT	7	3	8
day4_ACTCAAGTGCGCTGAC	7	3	8
day4_ACTCAAGTGGTTAACC	7	3	8
day4_ACTCAATCTATCCTTT	8	4	9
day4_ACTCACCTGGTTACGT	7	3	8
day4_ACTCACGCTCCAAAGG	7	3	8
day4_ACTCACGCTGTTCTCC	7	3	8
day4_ACTCAGAACACAGTTC	7	3	8
day4_ACTCAGAACTGAACAA	7	3	8
day4_ACTCATACTCTGACCG	7	3	8
day4_ACTCATGGAAACAATG	7	3	8
day4_ACTCATGGACAACAGG	7	3	8
day4_ACTCCAGCTAGGTTCT	7	3	8
day4_ACTCGACCTTCTACGA	8	4	9
day4_ACTCGCGGAAACTTCG	7	3	8
day4_ACTCGCTACTAGACTC	7	3	8
day4_ACTCGCTACTGCTGGC	7	3	8
day4_ACTCGCTTGGAACATA	7	4	8
day4_ACTCGGCGAGGACCCT	9	3	7
day4_ACTCTAGGAACTAGAA	7	3	8
day4_ACTCTAGGACGTTCGG	7	3	8
day4_ACTCTAGGAGGTACAG	7	3	8
day4_ACTCTATTGCACTGGC	7	3	8
day4_ACTCTGGCTATTGCTG	7	3	8
day4_ACTCTGGCTGCTGTCG	8	4	9
day4_ACTGAACACGCGTGAA	7	4	8
day4_ACTGACAACTGTGGTT	7	3	8
day4_ACTGACATGCGCGTCA	7	4	8
day4_ACTGACTGACGATTAC	7	3	8
day4_ACTGATGACCTGACCG	7	3	8
day4_ACTGATGACGACAGGT	8	4	9
day4_ACTGCAAACTCACGCG	8	4	9
day4_ACTGCACCTAGACACG	7	3	8
day4_ACTGCACCTCTCACGG	7	4	8
day4_ACTGCACCTGAACGGT	7	3	8
day4_ACTGCATGAAATCGAA	9	3	7
day4_ACTGCATGACGGCACT	9	3	7
day4_ACTGCCACTGACTGCC	8	4	9
day4_ACTGCCACTGTGTCCG	9	3	7
day4_ACTGCCACTGTTACGT	8	4	9
day4_ACTGCCACTTCGAGGA	7	3	8
day4_ACTGCCTACCTGCTCT	7	3	8
day4_ACTGCCTACTCTAGAC	7	3	8
day4_ACTGCCTACTTCAGTG	7	3	8
day4_ACTGCGGACACAAACA	7	3	8
day4_ACTGCGGACTATCACG	8	4	9
day4_ACTGCGGACTTGAGTC	7	3	8
day4_ACTGCGTCTAGGTTTC	7	3	8
day4_ACTGCGTCTGCTCTCT	8	4	9
day4_ACTGCTCACAGTTCCA	7	3	8
day4_ACTGCTGCTACGGATG	8	3	8
day4_ACTGCTGCTTGCACTA	7	3	8
day4_ACTGGAACTCATGCAT	7	3	8
day4_ACTGGAACTGGATTAA	7	3	8
day4_ACTGGAACTGTTGAGG	7	3	8
day4_ACTGGATTGGGGACAT	7	3	8
day4_ACTGGCGTGGTTAACC	7	3	8
day4_ACTGGCGTGGTTACAC	8	4	9
day4_ACTGGGCTGAATGGAT	9	3	7
day4_ACTGGGCTGCTGAAGG	7	3	8
day4_ACTGTAGACAGAGAAG	7	3	8
day4_ACTGTAGACTTGCATG	8	4	9
day4_ACTGTAGACTTTCGGA	9	3	7
day4_ACTGTATCTCTAACTG	7	3	8
day4_ACTGTATCTGGTTGTT	9	3	7
day4_ACTGTCAGAACCTGAT	7	3	8
day4_ACTGTCCACTCTACGA	7	3	8
day4_ACTGTCCTGCTCACGG	7	3	8
day4_ACTGTCCTGTCGCTTC	8	4	9
day4_ACTGTCCTGTTCTTTG	7	4	8
day4_ACTGTCGCTTTCTATC	7	3	8
day4_ACTGTTACTACGCTTA	6	4	2
day4_ACTGTTACTCGGTAAG	7	3	8
day4_ACTTACTACATAGGAT	9	3	7
day4_ACTTAGTCTACTACGT	7	3	8
day4_ACTTAGTCTCAACAAA	9	3	7
day4_ACTTAGTCTCTCTCCA	8	4	9
day4_ACTTAGTCTGACTCTA	7	3	8
day4_ACTTCAACTCCTATAG	7	3	8
day4_ACTTCAACTGATCCAT	7	3	8
day4_ACTTCATACCAAGATA	7	3	8
day4_ACTTCATACGATCCAT	7	3	8
day4_ACTTCCGTGGCAGCCT	7	3	8
day4_ACTTCCGTGTTTGACG	8	4	9
day4_ACTTCTAACACCCAGC	7	3	8
day4_ACTTCTAACTGTACCA	8	4	9
day4_ACTTGAGACACTGATC	8	4	9
day4_ACTTGAGACCCAGACC	7	3	8
day4_ACTTGAGACTAAACCC	8	4	9
day4_ACTTGAGTGAACCTAC	7	3	8
day4_ACTTGTGGAAGCCTCG	9	3	7
day4_ACTTGTGGATGAGGGT	7	3	8
day4_ACTTGTTACAGATCGG	7	3	8
day4_ACTTTGTACACTCATG	9	3	7
day4_ACTTTGTACGTGGACA	9	3	7
day4_ACTTTGTACTGAGTCT	8	4	9
day4_ACTTTGTTGATAGGAT	7	3	8
day4_ACTTTGTTGCGGGAAT	7	3	8
day4_AGAAACCCTACCATCA	7	3	8
day4_AGAAACCCTCTTTGTT	8	4	9
day4_AGAAATCGAATACCTG	7	3	8
day4_AGAACAAACACGCCCA	7	3	8
day4_AGAACAAACGTAAGTA	7	3	8
day4_AGAACCACTGAGCGTA	7	3	8
day4_AGAACCGGACGCCACA	6	4	2
day4_AGAAGATACAACGGTG	8	3	9
day4_AGAAGATACACCGTGC	8	4	9
day4_AGAAGATACTACCCGG	8	3	9
day4_AGAAGATACTTTCGGA	7	3	8
day4_AGAAGCCGACCATAAC	7	3	8
day4_AGAAGCCGAGATATGA	7	3	8
day4_AGAAGCCGAGGTGTGA	7	3	8
day4_AGAAGGCACCTGGGTC	7	3	8
day4_AGAAGGCACGACTCTA	7	3	8
day4_AGAAGGCTGAAGAGGA	8	4	9
day4_AGAAGTCCTAGCCTCG	8	4	9
day4_AGAATCCTGTTGAGGG	7	3	8
day4_AGAATCGCTTTGTCCC	8	4	2
day4_AGACACGGATACCGTA	7	3	8
day4_AGACACTTGTCTGACA	7	3	7
day4_AGACAGGACCGCCGAT	9	3	7
day4_AGACCCTCTACTTGAC	8	4	9
day4_AGACCCTCTTGAATGA	7	4	9
day4_AGACCGCTGAATACAG	8	4	9
day4_AGACGTACTGACTGAG	7	3	8
day4_AGACGTACTGATTACC	7	3	8
day4_AGACTCAACCATGAAA	7	3	8
day4_AGACTCAACCTTCTCG	8	4	9
day4_AGACTTTCTCAAGATA	9	3	7
day4_AGACTTTCTCTTATGG	8	4	9
day4_AGAGAATACACCCGCA	8	4	9
day4_AGAGAATACAGTCCCG	9	3	7
day4_AGAGAATACCTCGCTT	9	3	7
day4_AGAGAATTGACGGGTA	7	3	8
day4_AGAGAATTGCGTGATT	7	3	8
day4_AGAGAATTGTTTCTAC	7	3	8
day4_AGAGACGTGCGACGCT	9	3	7
day4_AGAGACGTGTTGGGAG	8	4	9
day4_AGAGAGGCTCATCACA	7	3	8
day4_AGAGAGGCTGACTTAC	9	3	7
day4_AGAGATATGCCAGACC	7	3	8
day4_AGAGATATGTGCCTAA	7	3	8
day4_AGAGCACGAACAGTTC	7	3	8
day4_AGAGCACGATTGTCCC	7	3	8
day4_AGAGCCCACCACTTAG	9	3	7
day4_AGAGCCCACTAACTCG	9	3	7
day4_AGAGCCCACTCTGGCG	8	4	9
day4_AGAGCCGCTGATCGGA	7	3	8
day4_AGAGCGCCTTGGATCT	7	3	8
day4_AGAGCTACTCAAGAAT	7	3	8
day4_AGAGCTACTCAGGTAG	8	3	9
day4_AGAGCTACTGCATAAA	7	3	8
day4_AGAGCTTTGACTGAAA	7	3	8
day4_AGAGCTTTGAGTGTTC	7	3	8
day4_AGAGGCCCTACATCCA	8	4	9
day4_AGAGGCCCTTACTTCT	7	3	8
day4_AGAGGCTGAAGCTATC	7	3	8
day4_AGAGTAATGTCTGTAG	7	3	8
day4_AGAGTGCGAGAGAGGG	7	3	8
day4_AGAGTGCGATCGTAGT	8	4	9
day4_AGAGTGGACATTCGTG	8	4	9
day4_AGAGTGGACTTGAGCT	9	3	7
day4_AGAGTTCTGAATCACC	7	0	8
day4_AGAGTTCTGAGTCACT	9	3	7
day4_AGAGTTCTGCAGGCTC	8	4	9
day4_AGAGTTGCTAAACCCT	7	3	8
day4_AGAGTTGCTTTTCCGC	7	3	8
day4_AGATAACGATCACAAC	7	3	8
day4_AGATAACGATGGCGCT	7	3	8
day4_AGATAGAACCCTGCGA	8	4	9
day4_AGATAGAACCGTTGGC	7	3	8
day4_AGATAGAACTGACTCA	9	3	7
day4_AGATAGATGGGAACAC	9	3	7
day4_AGATCCAACATGGTGG	7	3	8
day4_AGATCCAACTACCTAG	7	3	8
day4_AGATCCAACTGGCTTA	7	3	8
day4_AGATCCATGGACTCAT	7	3	8
day4_AGATCCATGGCTTATG	9	3	7
day4_AGATCGGGACCGCATG	7	3	8
day4_AGATCGGGAGACCGAA	7	3	8
day4_AGATCGTACAGTCACT	7	3	8
day4_AGATCGTTGCGTGTTA	7	3	8
day4_AGATCGTTGTGGCGCT	7	3	8
day4_AGATCTTCTAGTATGA	7	3	8
day4_AGATCTTCTCACGGAA	8	4	9
day4_AGATCTTCTGTGCTTA	7	4	9
day4_AGATGACCTTTGAGTC	7	4	8
day4_AGATGTCACCAAGTGG	9	3	7
day4_AGATGTCACCACGTGC	9	3	7
day4_AGATGTCACTGGGTTT	9	3	7
day4_AGATGTCTGGAAAGCC	7	3	8
day4_AGATGTCTGTCACGCG	7	3	8
day4_AGATTGAGATACTCCC	8	4	9
day4_AGATTGAGATGGGTAG	6	3	2
day4_AGCAAATGAGGTTCCG	7	3	8
day4_AGCAAGCGACAGAACG	7	3	8
day4_AGCACCGTGCGAGAGT	7	3	8
day4_AGCACCGTGTTCCGGG	7	3	8
day4_AGCACCTCTAGGACGT	7	3	8
day4_AGCACCTCTAGGGTCA	9	3	7
day4_AGCACCTCTGAATAGT	7	3	8
day4_AGCACGCACTCTCAAG	7	3	8
day4_AGCAGAGTGACCTGGC	9	3	7
day4_AGCAGAGTGCGGATGA	7	3	8
day4_AGCAGCCACATGACTC	8	4	9
day4_AGCAGCCACTATTCCT	9	3	7
day4_AGCAGGCCTACTACGT	7	3	8
day4_AGCAGTTACCCGTGCA	7	3	8
day4_AGCAGTTACGGTCATT	7	3	8
day4_AGCAGTTTGAACAATG	7	3	8
day4_AGCATCATGGAGTCCC	7	3	8
day4_AGCATCTGAACAAACA	7	3	8
day4_AGCATGACTCGTGCTG	9	3	7
day4_AGCATTGTGGGATATA	8	3	9
day4_AGCCAAACTTAGCATC	9	3	7
day4_AGCCAATACCTTTGTT	8	4	9
day4_AGCCACTCTACCTGCG	6	3	2
day4_AGCCACTCTATAGGAT	7	3	8
day4_AGCCACTCTCGGGAAT	7	3	8
day4_AGCCACTCTCTTCCAC	6	3	2
day4_AGCCACTCTCTTCCGT	7	3	8
day4_AGCCATATGAATACAG	7	3	8
day4_AGCCATATGCCTATAG	6	3	2
day4_AGCCATCCTGGAACAC	9	4	7
day4_AGCCCATCTTCCTAAG	6	3	2
day4_AGCCCGTGACGCTGAC	7	3	8
day4_AGCCGCAACAATCAAG	9	3	7
day4_AGCCTAATGGATTACC	7	3	8
day4_AGCCTACCTACAACCT	7	3	8
day4_AGCCTACCTTGCATCA	9	3	7
day4_AGCCTCGGACGATGAG	8	4	9
day4_AGCCTCGGATGTGGTT	10	3	9
day4_AGCGAACGATCGGTAT	7	4	8
day4_AGCGAACGATTCACCC	9	3	7
day4_AGCGAATCTTCGTGAT	8	4	9
day4_AGCGACAGACCTCCAT	8	4	9
day4_AGCGAGAACCTCATGA	8	4	9
day4_AGCGCAAGAATGGTCT	8	3	9
day4_AGCGCAAGACATGATC	8	3	8
day4_AGCGCAAGAGAGCAAC	7	3	8
day4_AGCGCACTGCGGATAG	7	3	8
day4_AGCGCCATGATCGAAA	9	3	7
day4_AGCGCTGTGACAAACA	7	3	8
day4_AGCGCTGTGACCATCA	9	3	7
day4_AGCGCTGTGGAATTGA	8	4	9
day4_AGCGCTGTGGGTCTAT	7	3	8
day4_AGCGCTGTGGTGATTC	7	3	8
day4_AGCGCTGTGTCATGAC	9	3	7
day4_AGCGCTGTGTCATGCA	6	3	2
day4_AGCGCTTCTGTTAGGG	8	4	9
day4_AGCGGGTCTCATCGAT	9	3	7
day4_AGCGGGTCTGGATGAC	9	3	7
day4_AGCGTATTGATTCTTC	7	3	8
day4_AGCGTATTGGATGAAT	7	3	8
day4_AGCGTCGACCAGGTAG	7	3	8
day4_AGCGTCGACCCGCATG	8	4	9
day4_AGCGTCGACGGGACAT	7	3	8
day4_AGCGTCGACTCACTTT	7	3	8
day4_AGCGTCGTGACCCTAA	7	3	8
day4_AGCGTCGTGCTAACCA	7	3	8
day4_AGCGTGCACCATGACT	7	3	8
day4_AGCTAACACCGCTTGG	7	3	8
day4_AGCTAACACGAATAGT	7	3	8
day4_AGCTAACACTGGCCTG	9	3	7
day4_AGCTACAACGGGTAAC	7	4	8
day4_AGCTACCCTGATCGGA	6	4	2
day4_AGCTAGACTTGTGAGG	7	3	8
day4_AGCTAGTACAGCCTCG	7	3	8
day4_AGCTCAATGATCTGCA	7	3	8
day4_AGCTCAATGCGACTTA	7	1	8
day4_AGCTCAATGGTTGGAG	9	3	7
day4_AGCTCAATGTACTACG	7	4	8
day4_AGCTCACCTGCCCTTT	8	4	9
day4_AGCTCACCTTCACGCG	7	3	8
day4_AGCTCGTCTGATGAAT	8	4	9
day4_AGCTCGTCTGCCCGTA	8	4	9
day4_AGCTCTAGATTCACAG	7	3	8
day4_AGCTGATTGCGCTGAC	7	3	8
day4_AGCTGCTCTCTCTACC	7	3	8
day4_AGCTGTATGAACACCT	7	3	8
day4_AGCTGTATGGCACTCG	7	3	8
day4_AGCTGTATGTGAACGG	7	3	8
day4_AGCTTTACTAACATCC	9	3	7
day4_AGCTTTACTCGCTGAC	9	3	9
day4_AGCTTTACTTGGACGA	7	3	8
day4_AGGAAATACCTAACCA	7	3	8
day4_AGGAAATTGCCTCCAT	7	3	8
day4_AGGAAATTGGAGAACC	9	3	7
day4_AGGAATCCTCACGTGC	7	3	8
day4_AGGAATCCTCCCTGTT	7	3	8
day4_AGGACAGACATCACAC	9	3	7
day4_AGGACAGACCGATTCA	8	4	9
day4_AGGACAGACGAATGTA	8	4	9
day4_AGGACAGACGCCTGCA	7	3	8
day4_AGGACAGTGAACGGTG	7	4	8
day4_AGGACAGTGGTGATTC	7	3	8
day4_AGGACGCCTTCAAAGA	7	3	8
day4_AGGACGTGAGGGTCTC	7	3	8
day4_AGGAGACACGAGCCCT	7	3	8
day4_AGGAGACACTGAACGG	7	3	8
day4_AGGAGTTCTCCTCATC	9	3	7
day4_AGGAGTTCTTGTGATC	7	3	8
day4_AGGATCTACCTGACCG	9	3	7
day4_AGGATCTACTCTACGA	7	3	8
day4_AGGATGTCTTTCTCGC	9	4	8
day4_AGGCACGCTCAGGGAT	7	3	8
day4_AGGCACGCTCATCTCC	7	3	8
day4_AGGCACGCTCTGTACA	9	4	7
day4_AGGCCGACTAACGTTC	8	4	9
day4_AGGCCGTTGAGGTTCT	7	3	8
day4_AGGCCGTTGCCATGGC	7	3	8
day4_AGGCCGTTGGTTAACC	8	4	9
day4_AGGCGACCTTGTGACT	7	3	8
day4_AGGCGATGAATGGGAC	7	3	8
day4_AGGCGATGATCTTAGG	9	3	7
day4_AGGCGATGATGGATCT	7	3	8
day4_AGGCGGTCTCCCTGAG	7	3	8
day4_AGGCGGTCTTACAACC	7	3	8
day4_AGGCGTCACAAACCAA	7	3	8
day4_AGGCGTCACGAGGCAT	7	3	8
day4_AGGCGTCACGTGAGAC	7	3	8
day4_AGGCTAGGAAAGTTAG	7	3	8
day4_AGGCTAGGAAGATTCC	8	4	9
day4_AGGCTAGGATTTGTCT	9	3	7
day4_AGGGAGTACAGGGTCA	7	1	8
day4_AGGGAGTACCGGTAGA	8	4	9
day4_AGGGAGTACCTAACCA	7	3	8
day4_AGGGAGTTGATGGAAT	7	3	8
day4_AGGGAGTTGGCCCTTT	7	3	8
day4_AGGGAGTTGTGTGGGA	7	3	8
day4_AGGGATCGAACCTCCT	7	3	8
day4_AGGGATCGATGGATCT	9	3	7
day4_AGGGATGACAAGTCCT	8	4	9
day4_AGGGATGACTTAGGAA	7	3	8
day4_AGGGCGTCTTAGAGAT	7	3	8
day4_AGGGTAGTGCCCTGTT	8	4	9
day4_AGGGTAGTGGGAGAGG	8	4	9
day4_AGGGTCGCTATTGGCT	7	3	8
day4_AGGTAACCTACTACGT	7	3	8
day4_AGGTAATGAAGAAGTT	8	4	9
day4_AGGTAATGAATCGGAG	7	3	8
day4_AGGTAATGACCCACGA	7	3	8
day4_AGGTAATGAGATGCTT	7	3	8
day4_AGGTACACTAGCAATA	8	4	9
day4_AGGTACACTCAGTGAG	7	3	8
day4_AGGTACACTTAGGCAG	7	3	8
day4_AGGTACACTTCCTAAG	7	3	8
day4_AGGTACTTGCGCAAGA	7	3	8
day4_AGGTACTTGGACGGAT	7	3	8
day4_AGGTATCTGAACTCAC	7	3	8
day4_AGGTATCTGAAGAGGA	7	3	8
day4_AGGTATCTGATTGGCT	7	3	8
day4_AGGTCATTGATGACTC	8	4	9
day4_AGGTCATTGCAGGTAG	8	4	9
day4_AGGTCATTGGAAAGGA	7	3	8
day4_AGGTCGAGACGGGAAT	7	3	8
day4_AGGTCGAGAGACTACT	7	3	8
day4_AGGTCGCTGGCAGCCT	8	4	9
day4_AGGTCGCTGTGGGATG	9	3	7
day4_AGGTGACGAGGATGAC	7	3	8
day4_AGGTGATCTGATTGAA	7	3	8
day4_AGGTGCAGAACAGTAA	7	3	8
day4_AGGTGGCCTCAAGCGA	7	3	8
day4_AGGTGGCCTTCGGAGA	8	3	8
day4_AGGTGTGGAACCGGAA	7	3	8
day4_AGGTGTTACGAATTGA	7	3	8
day4_AGGTGTTTGCGGGAAT	8	4	9
day4_AGGTGTTTGTAACTGC	9	3	7
day4_AGGTTACTGCAGCGAA	7	3	8
day4_AGTAAACGAGAACGTG	7	3	8
day4_AGTAAACGAGTCGATT	7	3	8
day4_AGTAAACGATGCATGT	7	3	8
day4_AGTAAACGATTTCGGA	9	3	7
day4_AGTAACCTGATTCAGC	8	3	8
day4_AGTAACGCTTGACGTT	7	1	8
day4_AGTACACACACTAGAA	7	3	8
day4_AGTACACACGGGCTTC	7	3	8
day4_AGTACACTGCTACAAC	7	3	8
day4_AGTACACTGGAACATA	8	4	9
day4_AGTACACTGTAAACCC	7	3	8
day4_AGTACACTGTGGGACA	8	4	8
day4_AGTACCAACATACCTG	7	3	8
day4_AGTACCATGTGTGACT	7	3	8
day4_AGTACGTACTCCCGGA	7	3	8
day4_AGTACTCGAGTTCAAC	7	1	8
day4_AGTACTCGATCACCCT	7	3	8
day4_AGTACTGTGACCGGAA	8	3	9
day4_AGTACTGTGGTCTATG	8	4	9
day4_AGTACTGTGTCTCCAC	7	3	8
day4_AGTAGCACTATGGTCT	7	3	8
day4_AGTAGCTTGACTCACA	7	3	8
day4_AGTAGCTTGTTCACCC	9	3	7
day4_AGTATGCACGATCTAC	7	3	8
day4_AGTATGCACGATTACC	8	3	9
day4_AGTATGCTGACGCTTA	7	3	8
day4_AGTATGCTGGAGTGAC	7	3	8
day4_AGTATGCTGGGAGAGG	7	3	8
day4_AGTATGCTGTACCTCC	7	3	8
day4_AGTATGCTGTGTGGGA	7	3	7
day4_AGTATGCTGTTGGAGG	7	3	8
day4_AGTCAACACACCCGCA	8	4	9
day4_AGTCACATGACCCGCA	8	4	9
day4_AGTCACATGTCTACCC	7	3	8
day4_AGTCAGTACGAAAGCC	7	3	8
day4_AGTCAGTACTAGCTAC	9	4	7
day4_AGTCAGTACTTGGGAG	9	3	8
day4_AGTCATGACACTGAAA	7	3	8
day4_AGTCATGACAGGCTGA	7	3	8
day4_AGTCATGTGAAGAATC	7	3	8
day4_AGTCATGTGCATGGTT	7	3	8
day4_AGTCATGTGTAGGAAT	7	3	8
day4_AGTCCCGGAATCAGGG	8	4	9
day4_AGTCCGGACCTTCCAC	7	3	8
day4_AGTCCGGACTTCAGCA	7	3	8
day4_AGTCCTCTGCCTGCAG	8	4	9
day4_AGTCCTCTGGCGGTAA	8	3	9
day4_AGTCGCTCTAGGTCCC	7	3	8
day4_AGTCGCTCTATTGGCT	8	4	9
day4_AGTCTCCTGGTCCTTC	10	3	9
day4_AGTCTCCTGTCCTCAC	7	3	8
day4_AGTCTCCTGTCGGAAG	7	3	8
day4_AGTGAACCTATTCAGC	7	3	8
day4_AGTGAACCTCCGCAAC	7	4	8
day4_AGTGAACCTGAACATA	7	3	8
day4_AGTGAACCTGGACCCT	9	3	7
day4_AGTGAACCTTTGTCTT	7	3	8
day4_AGTGACGGAGGGATGT	9	3	7
day4_AGTGACTACATTCCTT	7	3	8
day4_AGTGATAGAAAGTATG	7	3	7
day4_AGTGATAGAAGCTACT	9	3	7
day4_AGTGATAGACCTCTAC	7	3	8
day4_AGTGATAGACTTCGGG	7	3	7
day4_AGTGATCTGGTCTATG	7	4	8
day4_AGTGCCGACAGGTCGA	7	3	8
day4_AGTGCCGACCCTCTAC	7	3	8
day4_AGTGCCGACGCCATCG	9	3	7
day4_AGTGCTATGCTGCTCT	7	3	8
day4_AGTGCTATGGTAAGTA	8	4	9
day4_AGTGCTATGTTCCATT	7	3	8
day4_AGTGGAGTGAACTTCG	8	4	9
day4_AGTGGAGTGAGTGTGG	7	3	8
day4_AGTGGAGTGTGAACGG	7	3	8
day4_AGTGGCCACAGGTATA	7	3	8
day4_AGTGGGAACAGCCTAT	9	3	7
day4_AGTGGGATGCCGATCG	7	3	8
day4_AGTGGGATGTCACAAC	9	3	7
day4_AGTGGTTTGAATTCCG	7	3	8
day4_AGTGGTTTGCATGGTT	7	3	8
day4_AGTGGTTTGCCCACAG	7	3	8
day4_AGTGGTTTGCGCAAGA	7	3	8
day4_AGTGTCATGCACGCAC	9	3	7
day4_AGTGTCATGTACGATC	7	3	8
day4_AGTGTCATGTATCGCA	7	4	9
day4_AGTGTCATGTCATGCA	6	3	2
day4_AGTGTCATGTGGTGGA	9	3	7
day4_AGTGTCCCTGGTAGAC	7	3	8
day4_AGTGTGACTGCGAAGT	7	3	8
day4_AGTGTGTTGAGGACAC	7	3	8
day4_AGTGTGTTGCGACCGT	8	4	9
day4_AGTGTTTCTAGACACG	7	3	8
day4_AGTTACGTGCTCCATC	7	3	8
day4_AGTTACTCTCGTGGAA	7	3	8
day4_AGTTACTCTTCTGACA	8	4	8
day4_AGTTAGCTGCCCGTAG	7	3	8
day4_AGTTAGCTGGCTAACT	7	3	8
day4_AGTTAGCTGTGAGGGT	7	3	8
day4_AGTTCGAACCTTTCAT	6	3	2
day4_AGTTCGATGTCCTTCG	7	3	9
day4_AGTTCGTGATTAGAAG	7	3	8
day4_AGTTCTTACAACATCC	7	3	8
day4_AGTTCTTACCATAGTC	7	3	8
day4_AGTTCTTACGTTGGAG	8	4	9
day4_AGTTCTTTGAGTATGA	9	3	7
day4_AGTTGACTGCCGTGCA	7	3	9
day4_AGTTGCAACAACACCT	7	3	8
day4_AGTTGGTTGTCGCGAC	8	4	8
day4_AGTTTACCTACTGTAC	7	3	8
day4_AGTTTCTACGTTGACT	7	3	8
day4_AGTTTCTTGACTCCCT	9	3	7
day4_ATAACAGGAACGGAAC	7	3	8
day4_ATAACCTCTACTGTTG	9	3	8
day4_ATAACCTCTCACTGGC	7	3	8
day4_ATAACCTCTGAAGGAA	7	3	8
day4_ATAACCTCTGTACTAC	7	3	8
day4_ATAACGGCTATCTGCA	8	3	8
day4_ATAACGGCTGCATGGA	8	3	9
day4_ATAAGCAGATCTACGA	8	4	8
day4_ATAAGCCACTTCAGGT	7	3	8
day4_ATAAGGTGACTATCTT	8	4	9
day4_ATACACCGAAGGTAAT	7	3	8
day4_ATACACCGAAGTTACC	8	4	9
day4_ATACACCGAGTATCTG	7	3	8
day4_ATACCACGAGCACTCG	9	3	7
day4_ATACCACGATAGATAG	7	3	8
day4_ATACCGAACAACACCT	7	3	8
day4_ATACCGAACATGGCCC	7	3	8
day4_ATACCGAACCGTTCAA	7	3	8
day4_ATACCGAACGATCCGC	7	3	8
day4_ATACCGAACTCACGGC	7	3	8
day4_ATACGGTTGCAGTGAG	7	3	8
day4_ATACTACCTGTCCTTC	7	3	8
day4_ATACTCTTGTGAGTCT	9	4	7
day4_ATACTCTTGTTCTGAG	10	3	8
day4_ATACTGGTGCACTGGC	7	3	8
day4_ATACTGGTGTGAAATG	7	3	8
day4_ATAGAAGACAAACTGA	7	3	8
day4_ATAGAAGACCGGAACA	7	3	8
day4_ATAGATGGAACATCGT	7	3	8
day4_ATAGATGGATCGAACT	9	3	7
day4_ATAGATGGATTCTCCG	8	4	9
day4_ATAGCCAACGAAATCA	7	3	8
day4_ATAGCGTACTCACAAC	7	4	8
day4_ATAGGAATGGAAATGT	7	3	8
day4_ATAGGAATGTCTCCCA	7	3	8
day4_ATAGGATGATCGGTAT	7	4	8
day4_ATAGGCGGACAGTAAA	6	4	2
day4_ATAGGCGGAGGATGCA	7	3	8
day4_ATAGGTCTGGGATTAA	7	3	8
day4_ATAGGTCTGTCCCTCA	7	3	8
day4_ATAGTCGTGAATACAG	8	4	9
day4_ATAGTCGTGAGCTATC	8	3	9
day4_ATAGTCGTGGTTACGT	7	3	8
day4_ATATCCACTAATCCCA	8	4	9
day4_ATATCCACTCGATGAG	7	3	8
day4_ATATCTCACAGTGAAT	7	3	8
day4_ATATCTCACCAAGAAT	7	3	8
day4_ATATCTCACCGACGCT	9	3	7
day4_ATATGCCGAGAGTCTT	8	4	9
day4_ATATGCTCTACCTGTA	9	3	7
day4_ATATGCTCTTGTTGTG	7	3	8
day4_ATATGGAGACTTCACC	7	3	8
day4_ATATGGAGATATCACG	7	3	8
day4_ATATTCCTGTTCTGAG	7	3	8
day4_ATCAAAGGAAATTCCG	6	4	2
day4_ATCAAAGGACTGCTCT	9	3	7
day4_ATCAACTCTCCCTGAG	7	3	8
day4_ATCACACGAATGTAGA	7	3	8
day4_ATCACAGACCGTTGGC	7	3	8
day4_ATCACAGTGATGACCT	8	4	9
day4_ATCAGCAACAATTCCG	9	3	7
day4_ATCAGCAACCGAAAGC	7	3	8
day4_ATCAGCAACGCTTATG	7	3	0
day4_ATCAGCTGAATACGCT	7	3	8
day4_ATCAGCTGAATCAGGG	7	3	8
day4_ATCAGTGACAGAGAAG	7	3	8
day4_ATCAGTTCTCACGCAC	7	3	8
day4_ATCAGTTCTTGGGACA	7	1	8
day4_ATCATGCGAAACCAAA	7	3	8
day4_ATCATGCGAGGAGACT	8	4	8
day4_ATCATTCACCAACCTA	8	4	9
day4_ATCCACCTGTCATCCC	7	3	8
day4_ATCCAGCCTCTTCACC	9	3	7
day4_ATCCATTTGGTTAGGG	7	3	8
day4_ATCCATTTGTTACGAC	7	3	8
day4_ATCCCGACTACCTCCT	9	3	7
day4_ATCCCGACTCTGAAGG	8	4	9
day4_ATCCCGACTTGAAAGT	8	4	9
day4_ATCCCGTACGACAGAC	7	3	8
day4_ATCCCGTACTGGAGCA	7	4	8
day4_ATCCCTTCTGTCTACA	8	4	9
day4_ATCCGCGGATCACTGA	8	4	9
day4_ATCCGCTTGCACAAGG	9	3	7
day4_ATCCGTGCTGTGTCCG	7	3	8
day4_ATCCTCGTGTATCGCA	7	3	8
day4_ATCCTCGTGTCTCCAC	8	4	9
day4_ATCCTGCACCTGGCTG	9	3	9
day4_ATCCTGCACTAACCCA	7	3	8
day4_ATCCTGCACTCATGTG	8	3	8
day4_ATCCTGCTGCCGATCG	7	3	8
day4_ATCCTGCTGTTGGGTT	9	3	7
day4_ATCGAACACTGGCTGC	7	3	8
day4_ATCGAGGGACCTCATC	7	3	8
day4_ATCGAGGGATGTGCTA	7	3	8
day4_ATCGAGGGATTGGTTG	8	4	9
day4_ATCGAGTACCTAACAC	7	3	8
day4_ATCGAGTTGACTTGAC	7	3	8
day4_ATCGAGTTGGAATTGA	7	3	8
day4_ATCGAGTTGGGCAATG	7	3	8
day4_ATCGCACCTACCCAGC	7	3	8
day4_ATCGCACCTCGGATAG	7	3	8
day4_ATCGCACCTGATAAGT	9	3	7
day4_ATCGCACCTTGACGTT	7	3	7
day4_ATCGCCACTGAAATGT	7	3	8
day4_ATCGCCACTGCCTGCA	7	3	8
day4_ATCGCCACTGTTAGGG	9	3	7
day4_ATCGCCACTTGAGTCT	7	3	8
day4_ATCGCTGCTTTCCCAC	7	3	8
day4_ATCGGCTCTCACTCAA	7	3	8
day4_ATCGTAGACAAATGAC	7	3	8
day4_ATCGTAGACCGGAATG	8	4	9
day4_ATCGTATCTCATCGAT	7	3	8
day4_ATCGTATCTGTCGATT	7	3	8
day4_ATCGTCCTGTGATCTG	7	3	8
day4_ATCGTCCTGTGCCCGA	7	3	9
day4_ATCGTGAACAAAGGAG	8	4	9
day4_ATCGTGCCTATGAATG	8	4	9
day4_ATCGTGTGAACTCATG	7	3	8
day4_ATCGTGTGAATCCCAA	7	3	8
day4_ATCGTTACTCTACAAC	7	3	8
day4_ATCTATCACCCACGTG	9	3	7
day4_ATCTATCACGCACTCG	7	3	8
day4_ATCTCATACCAATTCG	7	3	8
day4_ATCTCATACCCTCATC	9	3	7
day4_ATCTCATACGATGAAT	7	3	8
day4_ATCTCTAACCCTGTAA	7	3	8
day4_ATCTCTAACCGAAAGC	7	3	8
day4_ATCTGACGACAGTGAG	7	3	8
day4_ATCTGAGACCACGCTG	9	3	7
day4_ATCTGAGACCGTTGTA	7	3	8
day4_ATCTGAGACTAGACCT	7	3	8
day4_ATCTGAGTGAGTGTTC	7	3	8
day4_ATCTGAGTGTAGGATA	7	3	8
day4_ATCTGAGTGTCTTGAG	8	4	9
day4_ATCTGCCACTTCTCCG	7	3	8
day4_ATCTGTACTATCGGAG	7	3	8
day4_ATCTTGTTGACTTCGA	8	4	9
day4_ATCTTTGACCGTTACA	7	3	8
day4_ATCTTTGACGCTTACA	7	4	9
day4_ATGAAAGACCATGAGG	7	3	8
day4_ATGAAAGACGAGGAAA	8	4	9
day4_ATGAACAGACCTACCT	9	3	7
day4_ATGAAGAACGAGCGTA	7	3	8
day4_ATGAAGAACGCCTGTG	7	3	8
day4_ATGAATGGAAAATGGT	8	4	9
day4_ATGAATGGACAAACAA	9	3	7
day4_ATGAATGGACGAAATA	7	3	8
day4_ATGACTTCTATTCACG	7	3	8
day4_ATGACTTCTGAGTAAT	7	3	8
day4_ATGAGCACTCAGACCC	9	3	8
day4_ATGAGCACTCGTTGGC	9	3	7
day4_ATGAGCACTTCCTTCG	9	3	7
day4_ATGAGGGACAATCGAA	7	3	8
day4_ATGAGGGACGTATCTG	7	3	8
day4_ATGAGGTCTGTTGTAC	8	4	9
day4_ATGAGTAGAACTACCA	7	3	8
day4_ATGAGTAGAGGCAGTA	9	3	7
day4_ATGAGTAGATTTGAGC	7	3	8
day4_ATGAGTGCTAACGCCC	9	3	7
day4_ATGAGTGCTACTACCA	9	3	7
day4_ATGAGTGCTGCCCTGA	9	3	7
day4_ATGAGTGCTTCGAATC	7	3	8
day4_ATGCACAACAGTTCCA	7	3	8
day4_ATGCACAACCGAGTGA	7	3	8
day4_ATGCAGACTCTTCCCA	9	3	7
day4_ATGCAGACTGGTACAG	7	3	8
day4_ATGCAGACTTCTGTAG	9	3	8
day4_ATGCATGACTGGCAGA	7	3	8
day4_ATGCCAATGACTGTGT	7	3	8
day4_ATGCCAATGCCGCACA	9	3	7
day4_ATGCCAATGCGCCCAA	7	3	8
day4_ATGCCAATGTCACGAT	9	3	7
day4_ATGCCAATGTTTCGTT	7	3	8
day4_ATGCCCTTGCACTGGC	7	1	8
day4_ATGCCGGACACGCTTA	10	3	9
day4_ATGCCTAGACGTTGGC	7	3	8
day4_ATGCCTAGACTGGCTG	7	3	8
day4_ATGCCTAGAGCCCTGA	8	3	9
day4_ATGCCTCACCATGACT	7	3	8
day4_ATGCCTCACTGGCGCT	9	3	7
day4_ATGCCTCTGGACTACT	7	3	8
day4_ATGCGAGGATCGTAGT	7	3	8
day4_ATGCGATACCATCGGC	6	3	2
day4_ATGCGATACTACCCAA	7	3	8
day4_ATGCGATACTGGCTTA	7	1	8
day4_ATGCGATTGCCAGCAC	7	3	8
day4_ATGCGATTGTCTGGCG	7	3	8
day4_ATGCGGAGAAAGATCA	7	3	8
day4_ATGCGGAGACAAGAAT	7	3	8
day4_ATGCGTATGCAGCGTC	9	3	7
day4_ATGCGTATGTGAACAA	7	3	8
day4_ATGCGTCCTCTTCGGG	7	3	8
day4_ATGCTATCTGGGTGTA	7	3	8
day4_ATGCTATCTTGGTCTA	7	3	8
day4_ATGCTGATGAATGTGA	7	3	8
day4_ATGCTTACTGGGTGTA	7	1	8
day4_ATGCTTGGACCCAACG	9	3	7
day4_ATGCTTGGATGGTCAT	7	3	8
day4_ATGGAACCTAACATCC	9	3	7
day4_ATGGAACCTACCGGAA	7	3	8
day4_ATGGAACCTATGCCCG	7	3	8
day4_ATGGAACCTGACGATG	9	3	7
day4_ATGGAACCTGTCTACA	9	3	7
day4_ATGGAACCTTTCTCGC	8	4	9
day4_ATGGACTTGTCCTTCG	9	3	7
day4_ATGGATAGATGGGTTT	9	3	7
day4_ATGGATCTGAGGTAGC	7	3	8
day4_ATGGATCTGAGTCACT	8	4	9
day4_ATGGCAGGATCATTTC	7	3	8
day4_ATGGCAGGATGGCTGC	7	3	8
day4_ATGGCCGTGGAGGAGG	8	3	9
day4_ATGGCCGTGTGAGCGA	7	3	8
day4_ATGGCCTCTCGGGAAT	7	3	8
day4_ATGGCCTCTCGTGTTA	6	3	2
day4_ATGGCTTGAAGAAGGA	7	3	8
day4_ATGGGCGCTTGGGAGT	7	3	8
day4_ATGGTAAGAGGTTGAG	7	3	8
day4_ATGGTAAGATAGAACA	7	3	8
day4_ATGGTAAGATGATCGT	7	3	8
day4_ATGGTCCCTCACTTAG	8	4	9
day4_ATGGTCCCTCTTCATT	7	3	8
day4_ATGGTCCCTGTTGTTG	7	3	8
day4_ATGGTTCGACGTGAGA	8	3	9
day4_ATGGTTCGATGGAGCA	9	3	7
day4_ATGGTTGACCTTGTGA	9	3	7
day4_ATGGTTGACTACCTCC	7	3	8
day4_ATGGTTGACTTTCTGT	7	3	8
day4_ATGGTTTCTCTGAAGG	8	4	9
day4_ATGGTTTCTTAATGAG	9	3	7
day4_ATGTACGTGGTTCAAC	8	3	9
day4_ATGTACGTGTTGGTGT	7	3	8
day4_ATGTAGCTGAACCCAT	7	3	8
day4_ATGTAGCTGGGATCCC	7	3	8
day4_ATGTATCCTGGGCTTC	7	3	8
day4_ATGTCATCTCGACAGA	7	3	8
day4_ATGTCATCTTAACTCG	7	4	8
day4_ATGTCATCTTGCATCA	7	3	8
day4_ATGTCCCACAAGACAT	7	3	8
day4_ATGTCCCACCTCCTAC	7	3	8
day4_ATGTCCGCTATTTCCT	7	3	8
day4_ATGTCCGCTGGGTATG	8	4	9
day4_ATGTCCGCTTGGGACA	9	3	7
day4_ATGTCGCCTACCCGTG	8	4	9
day4_ATGTCGCCTAGCTACT	7	3	8
day4_ATGTCGCCTGACTTAC	7	3	8
day4_ATGTCTACTTCAGTGT	8	4	9
day4_ATGTGAAGATCATTTC	7	3	8
day4_ATGTGACACCAGCCCA	9	3	7
day4_ATGTGACACTATCACG	6	3	2
day4_ATGTTCACTACTTGAC	7	3	8
day4_ATGTTGCGACATGAGG	7	3	7
day4_ATGTTGTCTGTGAGAC	9	3	7
day4_ATTAACCCTACAACAA	7	3	8
day4_ATTAACCCTCGGGTCT	7	3	8
day4_ATTACTCACCGGAAGT	9	3	7
day4_ATTACTCTGTAGCTTG	9	3	7
day4_ATTACTGCTCACTGGC	7	3	8
day4_ATTACTGCTGAGGTTG	7	4	8
day4_ATTAGGCACCAACCTA	7	3	8
day4_ATTAGTCCTCATGATC	9	3	7
day4_ATTAGTCCTCCAAGCC	9	3	7
day4_ATTCAGGACAGATTCC	7	3	8
day4_ATTCAGGACGAGATTA	7	3	8
day4_ATTCAGGTGACCCTAA	7	3	8
day4_ATTCAGGTGCCCTGTT	9	3	7
day4_ATTCAGGTGCGATCAT	7	3	8
day4_ATTCAGGTGCTCCATC	7	3	8
day4_ATTCATCACTAGCTTG	7	3	8
day4_ATTCATGCTACCCAGC	9	4	7
day4_ATTCATGCTTTTGTCT	7	3	8
day4_ATTCCATACAGCCCTG	8	3	9
day4_ATTCCGGCTAAGGGTC	8	3	8
day4_ATTCCGGCTCTGTACA	7	4	9
day4_ATTCCGGCTGCTGGCT	7	3	8
day4_ATTCCGGCTGGTGGAT	8	4	9
day4_ATTCCGGCTTCACCGG	8	4	9
day4_ATTCGCCTGAACGTAA	7	3	8
day4_ATTCGCCTGGCTGGCT	7	3	8
day4_ATTCGGATGACGGATG	9	3	7
day4_ATTCGGATGGGTGTGA	7	3	8
day4_ATTCTACTGATGACCT	7	3	8
day4_ATTCTACTGCCGATGC	7	3	8
day4_ATTCTACTGGTCCCGA	7	3	8
day4_ATTCTCATGAATTGAG	7	3	8
day4_ATTCTCATGAGAAGTT	8	4	9
day4_ATTCTCATGATTTCCT	7	3	8
day4_ATTCTCCCTAGCCTCG	7	3	8
day4_ATTCTCCCTCCATGGC	7	3	8
day4_ATTCTGTACCTAACAC	7	3	8
day4_ATTCTGTACTTCACCC	7	3	8
day4_ATTCTTCGACATAGTC	7	3	8
day4_ATTCTTCGATTGTTCT	8	4	9
day4_ATTGACTCTAACGTAA	9	3	7
day4_ATTGACTCTCACGCCA	9	3	7
day4_ATTGACTCTGGTAAAT	7	3	8
day4_ATTGAGAGATGAAGTA	9	3	7
day4_ATTGAGGCTACAACCT	7	3	8
day4_ATTGCAGACGGCTCAC	7	3	8
day4_ATTGCTGGACGGCTGT	7	3	8
day4_ATTGCTTACAACATCC	9	3	7
day4_ATTGCTTTGTGGGAGT	7	3	8
day4_ATTGGACACCCGCACA	6	4	2
day4_ATTGGACACTTTCCGC	7	3	8
day4_ATTGGCAACCAGACCC	7	3	8
day4_ATTGGCAACCCGTGAC	7	3	8
day4_ATTGGCAACGGACCCT	7	3	8
day4_ATTGGCCCTGGCATGA	7	3	8
day4_ATTGGCCCTTGTGGGA	8	3	8
day4_ATTGGCCCTTTCCGGG	7	3	8
day4_ATTGGGACTACATCGT	7	4	8
day4_ATTGGGACTTAACTGC	7	3	8
day4_ATTGGTCGAGACGCAA	7	4	8
day4_ATTGTACCTACATCAC	7	3	8
day4_ATTGTACCTCTCCATC	9	3	7
day4_ATTGTACCTTTCAGCA	9	3	7
day4_ATTGTCTACACCGGAA	9	3	7
day4_ATTGTCTACAGGAATT	7	4	8
day4_ATTGTCTTGCGTTGGC	7	3	8
day4_ATTGTTGCTAGTAACA	7	3	8
day4_ATTGTTGCTCGTGATT	10	3	9
day4_ATTGTTGCTCTCACTC	9	3	7
day4_ATTGTTGCTGGAAGAA	9	3	7
day4_ATTTAGCCTGGGCTCT	7	3	8
day4_ATTTCAGCTGCTGCAC	9	3	7
day4_ATTTCAGCTGTTGTAC	7	4	8
day4_ATTTCAGCTTAACACC	7	3	8
day4_ATTTCAGCTTGAGGAC	7	4	8
day4_ATTTCAGCTTTGTCTT	7	3	8
day4_ATTTCCTGACCTGTAA	7	3	8
day4_ATTTCCTGATCCAACA	9	3	7
day4_ATTTCGACTCTCCTAC	7	3	9
day4_ATTTCGACTCTGGGTC	6	3	2
day4_ATTTCGACTTTTCCGC	7	3	8
day4_ATTTCGGGACACGGTC	7	3	8
day4_ATTTCGGGACCTGATA	7	3	8
day4_ATTTCGTACACAACTC	7	3	8
day4_ATTTCGTACCACAGCC	7	3	8
day4_ATTTCGTACCCTCCTA	7	3	8
day4_ATTTCTCGAATCCTTT	7	3	8
day4_ATTTCTCGATTCGTTT	7	3	8
day4_ATTTGCACTTCAAAGA	7	3	8
day4_ATTTGGGACATTGGAA	7	3	8
day4_ATTTGGGACTTAGAAG	7	3	8
day4_ATTTGTCTGATGGAAT	7	3	8
day4_CAAACACACTGAGCGA	7	3	8
day4_CAAAGACCTCGGGAAT	8	4	9
day4_CAAAGACCTTTGTAGC	7	3	8
day4_CAAAGCTACATGGCTT	8	3	9
day4_CAAAGCTACCGCAAGA	9	3	7
day4_CAAAGGCGATCTGGGC	8	4	9
day4_CAAAGTGCTGTCGTTA	8	3	8
day4_CAAAGTGCTTGGTCAT	7	3	8
day4_CAAATGAGAGAACATA	9	3	7
day4_CAAATGAGATACCTTT	8	4	9
day4_CAAATGGCTAACGTTC	9	3	8
day4_CAACAACTGACAACTC	7	3	8
day4_CAACAACTGTAACTGC	9	3	7
day4_CAACAAGCTCGTGAGA	9	3	7
day4_CAACAAGCTGAACATA	9	3	7
day4_CAACACAACGGTTGAG	7	3	8
day4_CAACAGGGAGTTCTTT	7	4	8
day4_CAACAGTACCTAATGC	9	3	9
day4_CAACATGTGTGGTTAC	7	3	8
day4_CAACATGTGTGGTTGT	7	3	8
day4_CAACATTCTACAAACA	9	3	7
day4_CAACATTCTGTCGTTA	8	3	8
day4_CAACCACCTGGCATGA	7	3	8
day4_CAACCACCTTTCTGAG	7	4	8
day4_CAACCGTCTGGAAGAA	7	3	8
day4_CAACGCGACAGAAATC	9	3	7
day4_CAACGGCACACGTGCC	7	3	8
day4_CAACGGCACTGCACGC	7	3	8
day4_CAACGGCTGTACTTCT	7	3	8
day4_CAAGAACCTTACCCGG	7	3	9
day4_CAAGAATGAGGGAGGA	7	3	8
day4_CAAGACTACCGATGAG	7	3	8
day4_CAAGACTACTTTCTAC	7	3	8
day4_CAAGATGCTACCCGCA	7	3	8
day4_CAAGCATACACCGAAG	9	3	7
day4_CAAGCATACCATTTCT	6	3	2
day4_CAAGCGAGAAACTTCG	7	3	8
day4_CAAGCGAGACGCTGAC	7	3	8
day4_CAAGCGCTGAGTGTTC	8	3	9
day4_CAAGCGGCTTAACCCA	8	4	9
day4_CAAGCGGCTTTCATCT	7	3	8
day4_CAAGCTTGAAACCTAC	8	4	9
day4_CAAGCTTGAACCCTTC	9	3	7
day4_CAAGCTTGAACTGATC	7	3	8
day4_CAAGCTTGATCTCTAT	8	3	9
day4_CAAGGACGATCCTTCG	7	3	8
day4_CAAGGAGTGCTGCTCT	7	3	8
day4_CAAGGCGCTTGAGGAC	7	3	8
day4_CAAGGGTGAGTTAACC	7	3	8
day4_CAAGTCATGAAATGGT	6	3	2
day4_CAAGTCATGAACGTGG	7	3	8
day4_CAAGTCATGCGCTCAG	8	4	9
day4_CAATACGACGGACAAC	8	4	9
day4_CAATAGCTGGCCTGCA	7	3	8
day4_CAATAGGCTCAAGATA	7	3	8
day4_CAATCAGTGCCGTCGA	8	3	9
day4_CAATCAGTGGCCCGTA	9	3	7
day4_CAATCATCTAGTGCGA	7	4	8
day4_CAATCCCACTGAGTCT	8	4	9
day4_CAATCCCACTGGCATT	7	3	8
day4_CAATCCCACTGTTCGA	7	3	8
day4_CAATCGAACAGGATAT	7	3	8
day4_CAATCTTACACGCCCA	8	4	9
day4_CAATCTTACGGCTCAC	7	3	8
day4_CAATCTTACTGGCCTG	9	3	7
day4_CAATGACACATGACTC	8	4	9
day4_CAATGACACTGAACAA	7	3	8
day4_CAATGACACTGGCATT	9	3	7
day4_CAATGCAACATTCGAC	8	4	9
day4_CAATGCAACTCCTAAG	9	3	7
day4_CAATGCTGAAAGATCA	9	3	7
day4_CAATGTCGACGTTACA	7	3	8
day4_CAATGTCGAGAGAGAA	7	3	8
day4_CAATTGCGATGGGTAG	8	4	9
day4_CAATTGGTGATCGAAA	7	4	8
day4_CAATTGGTGGTCGTTA	7	3	8
day4_CACAAAGCTGAAACGC	8	4	9
day4_CACAAAGCTTCACTGA	7	3	8
day4_CACAAAGCTTCGAGGA	9	3	7
day4_CACAACAACGACTCAT	7	3	8
day4_CACAAGGGACCGCATG	7	3	8
day4_CACAATGTGACTTCGA	9	3	7
day4_CACAATGTGCAGTACT	7	3	9
day4_CACAATGTGCTACGAT	7	3	8
day4_CACAATGTGTCGTGAT	8	4	9
day4_CACACTAGAAGGTAGC	7	1	2
day4_CACACTAGACAGGGAT	8	4	9
day4_CACACTAGATAGGATA	7	3	8
day4_CACAGCCGAAAGGAAG	8	3	9
day4_CACAGCCGACAAACTC	9	3	7
day4_CACAGCGTGATCGGAG	8	3	9
day4_CACAGCGTGGACCGAA	7	3	8
day4_CACAGGAGAATGCAGG	7	3	8
day4_CACATAGTGGTAACTC	7	3	8
day4_CACATAGTGGTATAGA	8	4	9
day4_CACCAATGACATCCAA	7	3	8
day4_CACCAATGATACTGCA	8	4	8
day4_CACCACGGAGGAACTG	8	3	9
day4_CACCACTTGCGCATCG	9	3	7
day4_CACCAGGACAACATCC	9	3	7
day4_CACCAGGACACTGTAC	8	4	9
day4_CACCAGGACCAGCGCT	7	3	8
day4_CACCAGGACCCTACCT	8	3	8
day4_CACCCAGGAAATCGCT	8	4	9
day4_CACCCAGGAACAATGA	7	3	8
day4_CACCCAGGAGTTGAGG	7	3	8
day4_CACCCATTGAGTAACA	7	3	8
day4_CACCCATTGTACCGTA	9	3	7
day4_CACCCTAACCGAGGTA	8	4	9
day4_CACCCTAACTGCTTGA	7	3	8
day4_CACCCTCCTCGAAAGC	7	3	8
day4_CACCCTCCTTCACACA	8	4	8
day4_CACCGATCTAGCGAAC	7	3	8
day4_CACCGGAACACAAACA	7	3	8
day4_CACCGTTACCCTGCAG	8	4	9
day4_CACCTCCCTTGGGACA	7	3	8
day4_CACCTGTACGGGTTCC	7	3	8
day4_CACCTTGTGAGCGATG	7	3	8
day4_CACCTTGTGCAAGAAT	6	3	2
day4_CACCTTGTGCCCGTAG	7	3	8
day4_CACCTTGTGTACCTTT	8	4	8
day4_CACGAATTGCTTGATG	7	3	8
day4_CACGAGCACAGTCAAA	7	3	8
day4_CACGAGCACGCATTAC	8	4	9
day4_CACGCGAACACTCATG	7	3	8
day4_CACGCGAACGAGGGAG	8	3	8
day4_CACGCTTTGATGACTC	8	4	9
day4_CACGCTTTGTACCTCC	8	4	9
day4_CACGCTTTGTTACTTC	7	3	8
day4_CACGGAAGAAGCATCT	7	3	8
day4_CACGGACACATCAGGG	7	3	8
day4_CACGGACACCCCGATG	6	3	2
day4_CACGGACACGATCCAT	8	4	9
day4_CACGGACACTACTCCC	7	3	8
day4_CACGGACACTCACCCT	7	3	8
day4_CACGGACACTCTGTAG	7	3	8
day4_CACGGACACTTCTGAG	7	3	8
day4_CACGTAAACATTCACG	7	3	8
day4_CACGTAAACGGGTATG	7	3	8
day4_CACGTCTACAAGGTAT	7	3	8
day4_CACTAACGAAACCTAC	8	4	9
day4_CACTAACGAAACTTCG	7	3	8
day4_CACTAACGATGAACGG	7	3	8
day4_CACTAACGATTTCTAC	9	3	7
day4_CACTAAGACACGACAG	8	4	9
day4_CACTAAGACCCTGATA	7	3	8
day4_CACTAATCTAGCTATC	7	3	8
day4_CACTAATCTGTTCTTT	7	3	8
day4_CACTCGTACTGACTCA	7	3	8
day4_CACTGGCGACGGAATG	7	3	8
day4_CACTGGCGACGGTAAG	6	3	2
day4_CACTGGCGATTCAGGT	7	3	8
day4_CACTTAGGATCACAAC	9	3	7
day4_CACTTGGCTGTCGTTA	9	3	7
day4_CACTTTAACTCTACCC	7	3	8
day4_CACTTTCCTACCCAAT	7	3	8
day4_CAGAATCACGGACTGA	7	3	8
day4_CAGACATACACAAACA	7	3	8
day4_CAGACATACACCGGAA	7	3	8
day4_CAGACATACCATGGAG	9	3	7
day4_CAGACCGTGAGACACG	9	3	7
day4_CAGACTCCTACCCTTC	7	3	8
day4_CAGACTCCTCATCGAT	7	3	8
day4_CAGAGAGACATCCCAA	7	3	8
day4_CAGAGCAGATCGATTG	7	3	8
day4_CAGAGCCACTGATCCA	7	3	8
day4_CAGAGTTTGTTGCTCC	8	4	9
day4_CAGATAGCTCGATTAC	7	3	8
day4_CAGATCATGAACGTTC	7	3	8
day4_CAGATTGTGCTTCCAC	7	3	8
day4_CAGATTGTGGACTTAC	7	3	8
day4_CAGATTGTGTGACGTT	7	3	8
day4_CAGCAAACTGATCTAC	7	3	8
day4_CAGCAATTGACGCCCA	7	3	8
day4_CAGCAATTGCTGTAAC	9	3	7
day4_CAGCAATTGGGATCAG	7	3	8
day4_CAGCAATTGTTATCCT	7	3	8
day4_CAGCAGAGATCTTTGT	9	3	7
day4_CAGCCACGAACCCAGC	8	4	9
day4_CAGCCGAACCTCCTCA	8	4	9
day4_CAGCCGAACGGTGGAT	7	3	8
day4_CAGCCTTACATGGTGG	7	3	8
day4_CAGCCTTACATGTTGC	8	4	8
day4_CAGCCTTTGAGCAATA	7	3	8
day4_CAGCCTTTGCGGAACA	8	4	9
day4_CAGCCTTTGCTGTAAC	9	3	7
day4_CAGCGACTGCTAACCA	8	4	9
day4_CAGCGACTGGGTTACT	9	3	7
day4_CAGCGTCGACTGTACA	9	3	7
day4_CAGCGTGACAACGAAT	8	3	9
day4_CAGCGTGACAGGACGT	7	1	8
day4_CAGCGTGACCGCTCAG	7	3	8
day4_CAGCGTGACGACAGTG	7	3	8
day4_CAGCGTGACGTGAAAT	7	3	8
day4_CAGCTCGGAATGAACA	7	3	8
day4_CAGCTCGGACTGAGAG	7	3	8
day4_CAGCTCTACCAATCTG	7	3	8
day4_CAGCTGGTGCGGTTGC	7	3	8
day4_CAGCTGGTGTTGTTCT	6	4	2
day4_CAGCTTCACATCCGAT	8	4	9
day4_CAGCTTCACTCTTGTT	7	3	8
day4_CAGCTTCTGACGAGCA	8	3	9
day4_CAGGAACGAACTACCA	6	3	2
day4_CAGGAACGATGAGCAG	7	3	8
day4_CAGGAACGATGGACGA	7	3	8
day4_CAGGAAGTGATAGTAG	7	3	8
day4_CAGGAAGTGCCGTCGA	7	3	8
day4_CAGGAGAACAGGTTTC	8	4	9
day4_CAGGATACTCATTTCT	7	3	8
day4_CAGGATACTCCCTGTT	7	3	8
day4_CAGGCACTGATCCCTC	7	3	8
day4_CAGGCACTGATTGCTG	7	3	8
day4_CAGGCACTGTAGAACA	7	3	8
day4_CAGGCAGCTATCGTTG	10	3	9
day4_CAGGCAGCTCCTCCTA	7	3	8
day4_CAGGCAGCTCTCACGG	7	3	8
day4_CAGGCAGCTGGGTATG	7	3	8
day4_CAGGCAGCTGTCTACA	7	3	8
day4_CAGGCCAACAGACACG	9	3	7
day4_CAGGCCAACCTCCTCA	8	3	9
day4_CAGGCCAACGCCGTTG	7	4	8
day4_CAGGCCAACTGGTTGT	7	3	8
day4_CAGGCTCGATCATGAC	8	3	8
day4_CAGGCTGTGTGAATGA	7	3	8
day4_CAGGCTTCTGACGGAT	8	4	9
day4_CAGGCTTCTTCACAGT	7	3	8
day4_CAGGGACCTAAATGAC	7	3	8
day4_CAGGGCTACACTTGAC	7	3	8
day4_CAGGTATACAAGGAAG	7	3	8
day4_CAGGTATACACATGAA	7	3	8
day4_CAGGTATACATACCTG	8	4	9
day4_CAGGTATACGAATTGA	8	4	9
day4_CAGGTATTGCGATCTA	8	3	9
day4_CAGGTATTGGCAGCTC	7	3	8
day4_CAGGTCGTGGATCACT	8	4	9
day4_CAGGTCGTGTCCATGA	8	3	9
day4_CAGGTTAACACTGATC	7	3	8
day4_CAGGTTTGAACATGAA	7	3	8
day4_CAGGTTTGAGGATGAC	7	3	8
day4_CAGTAACACCTGAAGG	9	3	7
day4_CAGTAACACTCCCGGA	7	3	8
day4_CAGTATCGAAGGTATA	7	3	8
day4_CAGTATCGAATAACCC	8	4	9
day4_CAGTATCGAATTCCTT	7	3	8
day4_CAGTATCGAGTTCAAC	7	4	8
day4_CAGTATGTGCACGCTG	8	4	9
day4_CAGTATGTGGGACTTT	7	3	8
day4_CAGTCAATGCTAACCA	7	3	8
day4_CAGTCCACTCTAACAC	7	3	8
day4_CAGTCCGGAACCAGAG	9	3	7
day4_CAGTCCGGACCATTCC	7	4	8
day4_CAGTCCGGAGAATAGT	9	3	7
day4_CAGTCCTACAACTCAC	9	3	7
day4_CAGTCCTACCATCGAT	8	4	9
day4_CAGTCCTACTGATCGT	7	3	8
day4_CAGTCGTCTGTCCTTC	8	4	9
day4_CAGTCGTCTTTCTATC	7	3	8
day4_CAGTCTCTGGGTACTT	7	3	8
day4_CAGTGAACTAACCAAA	7	3	8
day4_CAGTGAACTGGATGAC	7	3	8
day4_CAGTGAGGAAAACCAA	5	3	7
day4_CAGTGAGGACACTAAC	9	3	7
day4_CAGTGCCGACGGTTGC	9	4	7
day4_CAGTGTAACTGATCTG	8	4	9
day4_CAGTGTCCTATTCACG	7	3	8
day4_CAGTGTCCTGATGCAG	7	3	8
day4_CAGTTACGAGCATGAG	9	3	7
day4_CAGTTAGACCACTCAA	8	4	9
day4_CAGTTCGCTTCGGAGA	10	3	9
day4_CAGTTTACTCGAGTGA	9	3	7
day4_CATAACGACCGTGATT	7	3	8
day4_CATAAGCACAGTTACC	8	4	9
day4_CATAAGCACCTTTCAT	7	3	8
day4_CATACCCACATCCCTC	8	4	9
day4_CATACCCACCTTTGTT	7	4	9
day4_CATACTTTGAAGAATC	9	3	7
day4_CATACTTTGGACTTAC	7	3	8
day4_CATACTTTGGAGAGTC	7	3	8
day4_CATAGAGCTATAGGAT	7	3	8
day4_CATAGAGCTCTCTACC	9	3	7
day4_CATAGAGCTTCCCTGT	9	3	7
day4_CATAGGTTGGCGTGTC	8	4	9
day4_CATATGGTGAAGTATG	9	3	7
day4_CATATGTCTACCTGGC	7	3	8
day4_CATATTCACGGCATGA	7	3	8
day4_CATCAATCTGGAACTG	7	3	8
day4_CATCAATCTTGTCCGG	7	3	8
day4_CATCACCACTCACACA	7	3	8
day4_CATCAGTGATCGTCCT	8	4	9
day4_CATCATACTCGTTCAA	7	3	8
day4_CATCATACTGAGCATG	7	3	8
day4_CATCATGGACAAGAAT	7	3	8
day4_CATCATGGATGGGTAG	7	3	8
day4_CATCATTACGCAGCAA	9	3	7
day4_CATCATTACTGCACTA	7	4	8
day4_CATCATTTGTAACACC	9	3	7
day4_CATCCAAGATCCTTCG	7	3	8
day4_CATCCGTACCGTTCGG	7	3	8
day4_CATCCTTCTACATCCA	8	4	9
day4_CATCCTTCTATGGTCT	7	3	8
day4_CATCCTTCTGAACGAC	7	3	8
day4_CATCCTTCTGAGCCCT	7	4	8
day4_CATCCTTCTGATTGAA	9	3	7
day4_CATCCTTCTGCCCTTT	7	3	8
day4_CATCGAAACGAAGCAC	7	3	8
day4_CATCGAATGCAGGACA	7	3	8
day4_CATCGAATGCCTGAAT	8	4	9
day4_CATCGCGGAGATGCTT	8	4	9
day4_CATCGCGGATGGTGGA	7	3	8
day4_CATCGCTACGGGCTTC	9	3	7
day4_CATCGCTTGCACTTAG	7	3	8
day4_CATCGGCGACAACAAA	7	3	8
day4_CATCGGCGAGTGTTAC	7	3	8
day4_CATCGGCGATAACCAC	9	3	7
day4_CATCTCCGACGTGACC	7	3	8
day4_CATCTCCGATTCTTTG	7	3	8
day4_CATCTCGACACCAATC	7	3	8
day4_CATCTGCACGATCACT	7	3	8
day4_CATCTGCACGGGTTAG	7	3	8
day4_CATCTGCTGTAACACC	9	3	7
day4_CATGAACACCCATGCG	7	3	8
day4_CATGAACACGATAAGT	7	3	8
day4_CATGAACACTAGGAAT	7	3	8
day4_CATGAACACTCCTCAC	7	3	8
day4_CATGAAGCTTGTGAAA	7	3	8
day4_CATGACTGAACTACGT	9	3	7
day4_CATGAGTTGCCTACCT	8	4	9
day4_CATGAGTTGGAGTCTT	7	3	8
day4_CATGAGTTGGTGAGAC	8	3	9
day4_CATGATGTGATGAACA	7	3	8
day4_CATGATGTGCCCTGTT	9	3	7
day4_CATGCATGAACACGGA	8	3	9
day4_CATGCATGACATTCAG	8	4	9
day4_CATGCATGAGAAGTTA	7	3	8
day4_CATGCGTCTAACTTCG	8	4	9
day4_CATGCGTCTCTTCCCA	9	3	7
day4_CATGCGTCTGCTGCTG	9	3	7
day4_CATGCGTCTGTTGTTG	6	3	2
day4_CATGCTAGAAACCAAA	7	3	8
day4_CATGCTAGACAGACCC	7	3	8
day4_CATGCTAGACGAAAGC	7	3	8
day4_CATGCTAGACGTGCGT	7	3	8
day4_CATGCTAGAGGATCCC	7	3	8
day4_CATGGAACTATGCCCG	7	1	8
day4_CATGGAACTTTTGTGG	9	3	7
day4_CATGGCTCTCAGGGAT	8	4	9
day4_CATGGCTCTGGGTCAA	7	3	8
day4_CATGGCTCTGTTGAGG	9	3	7
day4_CATGGCTCTTGATCGT	7	3	8
day4_CATGGGAGACAGGGAT	7	1	8
day4_CATGGGAGACCTACGG	7	3	8
day4_CATGGGAGATCTACGA	7	4	9
day4_CATGGGAGATTGGGAG	7	3	8
day4_CATGGTATGAAATCGA	8	4	9
day4_CATGGTATGCAATCTG	8	3	8
day4_CATGGTATGGCTGCTG	7	3	8
day4_CATGTAGACGGGTTCC	7	3	8
day4_CATGTCGCTACTGCCG	8	4	9
day4_CATGTCGCTCCGTCGA	7	3	8
day4_CATTACGGAATGAATG	7	3	8
day4_CATTACGGACAACCTA	9	3	7
day4_CATTACGGACTTCATT	8	4	9
day4_CATTAGCGACGATCAT	7	3	8
day4_CATTAGCGACTCGCAG	8	3	9
day4_CATTCAACTCCTCATC	8	4	9
day4_CATTCAACTGGAGAGG	7	3	8
day4_CATTCTATGCATGCAT	7	3	8
day4_CATTCTATGGGTTAGG	7	3	8
day4_CATTCTATGGTCCTTC	7	3	8
day4_CATTCTATGTATGTGC	7	4	8
day4_CATTCTTGAAGGCTGA	7	3	8
day4_CATTCTTGATTGGGTT	7	3	8
day4_CATTCTTGATTGTGTG	9	3	7
day4_CATTGCGCTATCCTTT	7	3	8
day4_CATTGGATGCTCGTGG	7	3	8
day4_CATTTACACAGGCTGA	7	3	8
day4_CATTTACACGAAATTG	7	3	8
day4_CCAAACATGACTTCCC	9	3	7
day4_CCAAACATGATTGAAG	7	3	8
day4_CCAAAGGGACACTCAA	7	3	8
day4_CCAAAGGGATAGACTC	9	3	7
day4_CCAAAGGGATCGGAGA	7	3	8
day4_CCAACAAACCGCTTCT	8	4	9
day4_CCAACAAACGCGTCAC	7	3	8
day4_CCAACCTTGCACCCGA	7	3	8
day4_CCAACTCTGGTTTGGT	7	3	8
day4_CCAAGCCGAAGGATAT	8	3	8
day4_CCAAGCCGAGAACATA	7	3	8
day4_CCAAGCGACGTCATTG	7	3	8
day4_CCAATGATGCACAAGG	7	3	8
day4_CCAATGATGGGATCAG	9	3	7
day4_CCAATGATGTAGGCAG	8	4	9
day4_CCAATGTGAACCGTGC	8	4	9
day4_CCAATTACTGTTGACT	9	3	7
day4_CCAATTACTTGGAATA	7	3	8
day4_CCACAATGACGTGTTA	9	3	7
day4_CCACACGGAATACCTG	7	3	8
day4_CCACACTACGGGTTAG	7	3	8
day4_CCACATAGAGAGAGAA	7	3	8
day4_CCACATAGATGAATGA	9	3	7
day4_CCACCCTCTAGGGATC	7	3	8
day4_CCACCCTCTATGGTCT	9	4	7
day4_CCACCTTGAAGTCTCA	7	3	8
day4_CCACCTTGATCTCCAC	7	3	8
day4_CCACGGATGGGGCTTC	9	3	7
day4_CCACGGATGTCGCGAC	7	3	9
day4_CCACGTGGATCAGGTT	7	3	8
day4_CCACGTGGATCCCTTG	8	4	9
day4_CCACGTGGATGGCAGA	7	3	8
day4_CCACTACACCCCACAG	7	3	8
day4_CCACTACACGTGACCC	8	3	9
day4_CCACTACACTCGAATC	7	3	8
day4_CCACTACTGCCCAACG	6	4	2
day4_CCACTACTGTCCTAAG	7	3	8
day4_CCACTACTGTTTCTGT	7	3	8
day4_CCACTCCCTTCACGAT	7	3	8
day4_CCACTCTGAACATCAC	7	3	8
day4_CCACTCTGATTACTTC	7	3	8
day4_CCACTGTTGATCCTCC	7	3	8
day4_CCACTTCGATCGAACT	7	3	8
day4_CCACTTGTGAACTTCG	9	3	7
day4_CCACTTGTGGAGCATG	7	3	8
day4_CCAGACTCTCGGCACT	7	3	8
day4_CCAGACTCTGGGAACT	7	3	8
day4_CCAGAGGCTCGGTAAG	7	3	8
day4_CCAGAGGCTTGCTTGA	7	3	8
day4_CCAGATAACGAACGTG	7	3	8
day4_CCAGATATGACTGGGA	7	3	8
day4_CCAGATATGGTGATTC	8	4	9
day4_CCAGCATCTCTTCCAC	8	4	9
day4_CCAGTACCTATCATGC	7	3	8
day4_CCAGTCTACAGCGATG	7	3	8
day4_CCAGTCTACCGATCAT	7	3	8
day4_CCAGTCTACCGTGAGA	7	3	8
day4_CCAGTCTACGGACGTA	8	4	9
day4_CCAGTCTACGGGTCTC	7	3	8
day4_CCAGTCTACTCATTGG	7	3	8
day4_CCAGTCTACTCGTAAC	7	3	8
day4_CCAGTCTACTTCACAG	9	3	7
day4_CCAGTCTTGCCTGTAA	9	3	8
day4_CCAGTGGTGACCTGGC	7	3	8
day4_CCATACCACTTCTGGA	7	3	8
day4_CCATCGTACAGCTTGT	7	3	8
day4_CCATCGTACTAGGATA	6	3	2
day4_CCATGGTCTATGGCCC	6	4	2
day4_CCATGGTCTCTCGCTT	7	3	8
day4_CCATTCCGACACGCAC	9	3	7
day4_CCATTCCGATGAACGG	7	3	8
day4_CCATTCGACATCCCTC	8	4	9
day4_CCATTGCACTTAGTGC	9	3	7
day4_CCCAAATGATGAATGA	7	3	8
day4_CCCAAATGATGCCTAA	7	3	8
day4_CCCAACGGATACTGCA	8	4	9
day4_CCCAACGGATCAAGAA	9	3	7
day4_CCCAATCACACCTGTA	7	3	8
day4_CCCAATCACGAAGGTC	9	3	7
day4_CCCAATCACGGTGTGA	7	3	8
day4_CCCACATTGAGTTACC	8	4	9
day4_CCCACATTGTCACGAT	7	3	8
day4_CCCACGAGAGGATATA	9	3	7
day4_CCCACGAGATGGCAGA	7	3	8
day4_CCCACTTGAAGCCACC	8	4	9
day4_CCCACTTGACGGTTGC	7	3	8
day4_CCCACTTGAGAATTGA	8	4	9
day4_CCCAGTACTGTGACCC	7	3	8
day4_CCCAGTACTTACCTCC	9	3	7
day4_CCCAGTGGACGCAAGA	7	4	8
day4_CCCATGACTCACTCAA	8	4	9
day4_CCCATGACTCTAACTG	8	4	9
day4_CCCATGACTTAGCTAC	7	3	8
day4_CCCATGACTTGTGACT	7	3	5
day4_CCCATGACTTTGCCTC	7	3	8
day4_CCCATGGGACCGCAAC	7	3	8
day4_CCCATGGGATGGCGCT	9	3	7
day4_CCCATTTCTATGCTCA	7	3	8
day4_CCCGCTTCTCGATTAC	8	4	9
day4_CCCGTAGGACAATCTG	7	3	8
day4_CCCGTAGGAGATCAAA	7	3	8
day4_CCCGTAGGATGGCATT	7	3	8
day4_CCCGTATACTAGACTC	7	3	8
day4_CCCGTTATGTGTTGGT	7	3	8
day4_CCCTACTGAGCACTCG	7	3	8
day4_CCCTACTGAGTGCTTA	7	3	8
day4_CCCTACTGATTACTTC	7	3	8
day4_CCCTCAATGAACATGA	7	3	8
day4_CCCTCAATGACGTAGG	7	3	8
day4_CCCTCAATGACTACCA	8	4	9
day4_CCCTCAATGCCTCGAG	7	3	7
day4_CCCTCAATGCGTTGTA	7	3	8
day4_CCCTCCTACCTACAAC	7	3	8
day4_CCCTCCTACGCATGAG	8	4	9
day4_CCCTCCTACTGACGTT	8	4	9
day4_CCCTCTCACTCAAGAA	7	3	8
day4_CCCTGATACACTGTAC	9	3	7
day4_CCCTGATACCACTGGC	8	3	9
day4_CCCTGATACGTCGATT	8	4	9
day4_CCCTGTATGACGGGTA	7	3	8
day4_CCCTGTATGGCATGGA	7	3	8
day4_CCCTTGAACACAAAGT	8	4	9
day4_CCCTTGAACGAGTGAC	7	3	8
day4_CCCTTGTGATTGGGAG	7	3	8
day4_CCCTTTGGACGGTAAG	7	3	8
day4_CCGAAATACAACGTAA	9	3	7
day4_CCGAAATACCGCATCG	7	3	8
day4_CCGAAATACTTGAAAG	7	3	8
day4_CCGAAATTGTCCACAA	7	3	8
day4_CCGAATATGCCAATAC	7	3	8
day4_CCGACAGTGACTGCCG	7	3	8
day4_CCGACAGTGACTGGGA	7	1	8
day4_CCGACAGTGAGTGCGA	8	4	9
day4_CCGAGTGACATCCTCC	7	1	8
day4_CCGAGTGACCAAGAAT	7	3	8
day4_CCGATCGGAATGGAAT	8	4	9
day4_CCGATCGGACGCTTGG	8	4	9
day4_CCGATTCTGACTCATG	7	3	8
day4_CCGATTCTGATGCTCA	8	4	9
day4_CCGATTCTGCCCAAGC	7	3	8
day4_CCGATTCTGCGTGGAA	9	3	7
day4_CCGATTCTGTTCTATC	7	3	8
day4_CCGCAAGACCCTCCTA	7	3	8
day4_CCGCAAGACTGCCCGA	8	4	9
day4_CCGCAGATGAATGTGA	7	3	8
day4_CCGCAGATGACGTAAA	7	3	8
day4_CCGCAGATGACTTCCC	7	3	8
day4_CCGCAGATGAGTCTCA	8	4	8
day4_CCGCAGATGCGAGGTA	7	3	8
day4_CCGCAGATGCTTCCGT	7	3	8
day4_CCGCATTACAGTTACC	7	3	8
day4_CCGCATTTGACGCCCA	7	3	8
day4_CCGCATTTGCGTGGCT	8	4	9
day4_CCGCGTAGAGAGGGAG	7	4	8
day4_CCGCTAGGAGGGACAT	9	3	7
day4_CCGCTCTCTTATCCGA	9	3	7
day4_CCGGAAAGAAGGTTTC	8	4	8
day4_CCGGAAAGATCAGGTT	9	3	7
day4_CCGGAAAGATTGTCTT	7	3	8
day4_CCGGACTGAAAGTTAG	7	4	8
day4_CCGGAGTACAGATCCT	7	3	8
day4_CCGGATGACAAGAGGA	7	3	8
day4_CCGGATGACCTGTATG	7	3	8
day4_CCGGCAAACAACAATG	7	3	8
day4_CCGGCAAACCGTGCAC	9	3	7
day4_CCGGCAAACTTGGGTT	8	4	8
day4_CCGGCAATGCACGTGC	7	3	8
day4_CCGGCAATGCCGAAAG	7	3	8
day4_CCGGCAATGGGATGCA	9	3	7
day4_CCGGCATGAAGAAATC	7	3	8
day4_CCGGCATGATAGAACA	7	3	8
day4_CCGGGTTGAAACGCTT	7	3	8
day4_CCGGGTTGATGAATGA	7	3	8
day4_CCGGTAGTGAGGTATA	7	3	8
day4_CCGGTAGTGATAGGAT	10	3	9
day4_CCGGTAGTGCTAACTG	7	3	8
day4_CCGGTAGTGTACCATG	7	3	8
day4_CCGGTGAACGAACGAC	7	3	9
day4_CCGGTGAACGTAACCT	9	3	7
day4_CCGGTGAACTTTCCGC	7	3	8
day4_CCGGTTACTAATGAAC	7	3	8
day4_CCGGTTACTAATGGAT	7	3	8
day4_CCGGTTGGAAGAAATC	7	3	8
day4_CCGGTTGGAGTGGGTA	7	3	8
day4_CCGGTTGGATCATGTG	7	3	8
day4_CCGTAATGACCTGATA	9	3	7
day4_CCGTAATGAGATTACC	8	3	9
day4_CCGTAATGAGTGGATG	7	3	8
day4_CCGTACGGAGCATTAC	7	3	8
day4_CCGTACTACTTCTGGA	7	3	8
day4_CCGTAGCGAATCCCTC	7	3	8
day4_CCGTAGCGAATGGACG	9	3	7
day4_CCGTAGCGACAGCGAA	7	3	8
day4_CCGTAGGACTCCTTCG	7	3	8
day4_CCGTATAGACTCTACC	8	4	2
day4_CCGTATAGAGCCACAC	8	4	9
day4_CCGTGAGACAGGTAGC	9	3	7
day4_CCGTGAGACCATGACT	7	3	8
day4_CCGTGAGACCTACAAC	8	4	9
day4_CCGTGGAACACCGGAA	9	3	7
day4_CCGTGGAACATGGTGG	8	4	9
day4_CCGTGGAACCATCTCC	7	4	8
day4_CCGTGTTACCACTTAG	7	3	8
day4_CCGTGTTTGAACGAAT	7	3	8
day4_CCGTGTTTGACTACGT	7	3	8
day4_CCGTGTTTGCAACCTA	7	3	8
day4_CCGTGTTTGCGCGTCA	7	1	7
day4_CCGTGTTTGGGCTCTG	9	3	7
day4_CCGTTACACAGTATGA	8	3	9
day4_CCGTTACTGGTCTATG	7	3	8
day4_CCGTTACTGTGGCCTG	8	4	9
day4_CCGTTTGACGGGTATG	6	3	2
day4_CCTAAAGTGAGTTAGA	7	4	8
day4_CCTAAAGTGCCTACCT	7	3	8
day4_CCTAAAGTGCCTACGG	7	3	8
day4_CCTAACGCTATCGCAT	8	3	8
day4_CCTAAGAACCAACACT	7	3	8
day4_CCTAAGAACTGGGTAG	8	4	9
day4_CCTAAGATGAGGTAAT	7	3	8
day4_CCTAAGATGCTGAGAG	7	3	8
day4_CCTAAGATGGCATTAC	10	3	9
day4_CCTAAGATGTCACCGG	7	3	8
day4_CCTAAGCCTACTTGAC	7	3	8
day4_CCTAAGCCTTTCAGGT	7	3	8
day4_CCTAATACTAATCGAA	7	1	8
day4_CCTAATACTCGAAATA	7	3	8
day4_CCTAATACTCGCTCAG	7	3	8
day4_CCTAATACTGGACTTT	7	3	8
day4_CCTAATACTTCCATTT	10	4	9
day4_CCTAATTACTCGGAAG	8	4	8
day4_CCTAATTTGTGTGACT	9	3	7
day4_CCTACCAACTCTACAG	9	3	7
day4_CCTACGTACAGCGAAC	7	3	8
day4_CCTACGTACCGATTAC	8	4	9
day4_CCTAGCACTACTAAGA	8	4	9
day4_CCTAGCACTGTCATTG	7	3	8
day4_CCTAGCGGAACTCCCT	7	3	8
day4_CCTAGCGGACGCCCAA	7	4	8
day4_CCTAGGCGAGGATCAG	6	3	2
day4_CCTAGGCGATTAGGAA	9	3	7
day4_CCTAGGGTGAATGGAT	7	3	8
day4_CCTAGGGTGCGGTAAG	7	3	8
day4_CCTATCGTGCTTCTCG	8	4	9
day4_CCTATCGTGGGGTGTA	8	3	9
day4_CCTATGAGAGATCATC	7	3	8
day4_CCTATTTGACTGAAGG	7	3	8
day4_CCTCAACACTGTGAGG	7	1	8
day4_CCTCAGTACAATCCCA	7	3	8
day4_CCTCAGTACCGTGTTA	7	3	8
day4_CCTCAGTACCTAACAC	9	3	7
day4_CCTCCATGAATCACCA	7	3	8
day4_CCTCCCTACCGAAAGC	7	3	8
day4_CCTCCCTACTCCTAAG	7	3	8
day4_CCTCGATACGACGCAA	9	3	7
day4_CCTCGGAGAACGACAG	9	3	7
day4_CCTCGGAGACGTGCGT	9	3	7
day4_CCTCGTTGAAGCCTGC	9	3	7
day4_CCTCGTTGACGGATAG	9	3	7
day4_CCTCGTTGACTCTCCA	8	4	9
day4_CCTCTAGTGGCTGCTG	9	3	7
day4_CCTCTAGTGTCGAGGA	7	3	8
day4_CCTCTCAGATATCCGA	7	3	8
day4_CCTCTGTGACTGTGAT	9	3	7
day4_CCTCTGTGAGAACGGT	7	3	8
day4_CCTCTGTGAGCTGCTG	7	3	8
day4_CCTCTGTGAGTGTCCG	8	4	9
day4_CCTCTTACTCACGGAA	9	3	7
day4_CCTCTTACTCCAATAC	7	3	8
day4_CCTCTTGGAAAGTTAG	7	1	8
day4_CCTCTTGGACAAATGA	9	3	7
day4_CCTCTTGGACAGGCAA	7	3	8
day4_CCTGAACCTAGGTTTC	7	3	8
day4_CCTGAACCTTGGGATG	7	3	8
day4_CCTGAGGACAACGCTT	9	3	7
day4_CCTGAGGACCATGAGG	8	4	9
day4_CCTGAGGTGGAACGGT	8	4	9
day4_CCTGCGAGAGGGTATG	7	3	8
day4_CCTGCGAGAGGTAGGT	7	3	8
day4_CCTGCGAGAGGTGGAT	9	3	7
day4_CCTGCGAGATACCCGG	7	3	8
day4_CCTGCGAGATTAGAAG	9	3	7
day4_CCTGGTTACATTGCTG	7	3	8
day4_CCTGGTTACCGTTCGG	7	3	8
day4_CCTGGTTACTCATCCC	7	3	8
day4_CCTGTCATGAACCAAA	8	4	9
day4_CCTGTCATGATGGTGG	7	3	8
day4_CCTGTCATGGACGCAA	8	4	9
day4_CCTGTCCCTCTCCATC	7	3	8
day4_CCTGTCCCTTCTTTGT	7	3	8
day4_CCTGTGACTACAGATA	7	3	8
day4_CCTGTGACTACATCAC	7	3	8
day4_CCTGTGACTGTTGTTG	7	3	8
day4_CCTGTGGGATAGATCC	7	3	8
day4_CCTGTGTTGAGAAATC	7	3	8
day4_CCTGTGTTGTCACAAC	7	3	8
day4_CCTGTGTTGTGACTCA	7	3	8
day4_CCTTACCGAAATTCCG	7	1	8
day4_CCTTACCGAGTTGTAC	7	3	8
day4_CCTTAGAGACCAAAGG	7	3	8
day4_CCTTCGAACAGATTCC	9	3	7
day4_CCTTCGAACGAGAACC	7	3	8
day4_CCTTCGATGACTTCGA	7	3	8
day4_CCTTCGATGCGTGCTG	8	4	9
day4_CCTTCGATGTGAACAA	9	3	7
day4_CCTTCGATGTGTTGTG	9	3	7
day4_CCTTCGCCTCCGATCG	7	3	8
day4_CCTTCGCCTGATAAGT	7	3	8
day4_CCTTGCAACCACTGGC	7	3	8
day4_CCTTGCAACCAGGCTC	7	3	8
day4_CCTTGCAACGTTAACC	9	3	7
day4_CCTTGTTCTGGAGGAG	7	3	8
day4_CCTTGTTCTTCTACGA	9	3	8
day4_CCTTTAATGGGTGGAT	8	4	9
day4_CCTTTAATGGTCGATT	7	3	8
day4_CCTTTAATGTGACGTT	7	3	8
day4_CCTTTACCTCAAGCGA	7	3	8
day4_CCTTTACCTCCCTGTT	9	3	7
day4_CCTTTACCTCTCGGCA	7	3	8
day4_CCTTTGGTGCTCCATC	7	3	8
day4_CGAAACGGAACCAATC	8	3	9
day4_CGAAACGGATACAGAA	7	3	8
day4_CGAAATAGAAACCCAT	7	3	8
day4_CGAAATAGACAGCGCT	7	3	8
day4_CGAAATAGATCTGTAG	7	3	8
day4_CGAAATCTGCAAACAA	8	4	9
day4_CGAAATCTGCGCGTCA	7	3	8
day4_CGAAATCTGGCTAACT	8	4	9
day4_CGAAATCTGTCCCTCA	7	3	8
day4_CGAAATGCTAAAGGAG	7	4	8
day4_CGAAATGCTCAAACTC	8	4	9
day4_CGAAATGCTTGTGGTT	10	3	9
day4_CGAACTAACAATCAAG	8	4	9
day4_CGAACTAACAGGTCGA	8	4	9
day4_CGAACTAACGACCCGT	7	3	8
day4_CGAAGCGCTCGTGTTA	7	3	8
day4_CGAAGCGCTGCGCTCA	7	3	8
day4_CGAAGGATGCTAAGGG	9	3	7
day4_CGAAGGCCTACCAGAG	7	3	8
day4_CGAAGGCCTTTTGAGC	7	3	8
day4_CGAAGTGGACGAGGTA	7	3	8
day4_CGAAGTTACAGTCAAA	8	3	9
day4_CGAATACACTGATAGA	7	3	8
day4_CGAATACTGGTTTGGT	7	3	8
day4_CGAATTGTGCGCGTGT	7	3	8
day4_CGAATTTCTACAACCT	9	3	7
day4_CGACAGCACAATTCCG	8	4	9
day4_CGACAGCTGCGTGACC	8	4	9
day4_CGACAGCTGCTCCAAA	7	3	8
day4_CGACAGGCTTCAAGAA	8	4	9
day4_CGACATAACTGGCAGA	7	3	8
day4_CGACATAACTTCTGAG	6	3	2
day4_CGACATTGACCAGAGA	9	3	7
day4_CGACCATCTATCATGC	7	3	8
day4_CGACCATCTGATGAAT	7	3	8
day4_CGACCCAGATACCTGA	6	3	2
day4_CGACCCAGATTATCCT	7	3	8
day4_CGACCGAACAAGTCCT	7	3	8
day4_CGACCTTACTCAAGAA	9	3	7
day4_CGACGCTGAGTAACTC	7	3	8
day4_CGACGGACTCCATAGT	7	3	8
day4_CGACGGACTTCACTGA	7	3	8
day4_CGACGTCGAAACATCC	8	4	9
day4_CGACTACCTAGCTTGT	7	3	8
day4_CGACTACCTGTCGATT	7	3	8
day4_CGACTTGCTCCATCGG	6	3	2
day4_CGACTTGCTCTTCGGG	7	3	8
day4_CGACTTGCTTAGGATA	7	3	8
day4_CGACTTGCTTGGTGGA	7	3	8
day4_CGACTTGCTTTCTTTG	7	3	8
day4_CGAGAACGAGGACCCT	8	4	8
day4_CGAGAAGTGTCGAACT	9	3	7
day4_CGAGACAGATGGGATG	7	3	8
day4_CGAGACAGATTACCTT	7	3	8
day4_CGAGACCACTGAATGA	6	4	2
day4_CGAGACCTGCCCGGTA	7	4	8
day4_CGAGACCTGTCAGTGT	7	3	8
day4_CGAGAGAACATCCTTT	7	3	8
day4_CGAGAGAACCTGCTCT	7	3	8
day4_CGAGAGCCTACGACAG	7	3	8
day4_CGAGAGCCTACTTGAC	8	4	9
day4_CGAGATGGAGCTTATG	7	3	8
day4_CGAGCTTCTATGGTAA	7	3	8
day4_CGAGCTTCTCGTGAGA	7	0	5
day4_CGAGGAATGGGAAGCT	7	3	8
day4_CGAGGCACTAATACAG	7	3	8
day4_CGAGGCACTAGGCCTC	8	4	9
day4_CGAGTGAGAACTAAGA	7	3	8
day4_CGAGTGAGACAAGATA	7	3	8
day4_CGAGTGAGACCTACGG	7	3	8
day4_CGAGTGAGATCGGAAG	7	3	8
day4_CGAGTGGCTAGGCTGA	9	3	7
day4_CGAGTGGCTCAGTAAA	9	3	7
day4_CGAGTTATGGACTGAG	9	3	7
day4_CGAGTTATGGGGACAT	7	3	8
day4_CGAGTTCCTCCGTCGA	9	3	7
day4_CGAGTTCCTGTCGTTA	8	4	9
day4_CGAGTTCCTGTGACCC	7	3	8
day4_CGATAACACTTCTCCG	7	3	8
day4_CGATATGTGAATGGAT	9	3	7
day4_CGATCACCTCCCTGTT	7	3	8
day4_CGATCGCGAATCTGCA	7	3	8
day4_CGATCGCGACCCGTGA	8	4	9
day4_CGATCTAGATTGCTCC	8	4	9
day4_CGATCTCACTGAAGAT	7	3	8
day4_CGATGCCGAAACAATG	7	3	8
day4_CGATGCTCTACTCACA	7	3	8
day4_CGATGTATGGTGAAGC	8	4	9
day4_CGATGTCCTATCAGTC	7	3	8
day4_CGATTCAGAATGACCT	7	3	8
day4_CGATTGAACAAAGGAG	7	3	8
day4_CGATTGAACGACTTAC	7	3	8
day4_CGATTGAACGGAATTA	8	4	9
day4_CGCAACGACGGACGAT	7	3	8
day4_CGCAACGACGGGTAAC	7	3	8
day4_CGCAACGACTACTTCT	7	3	7
day4_CGCAACTCTCCAAGCC	7	3	8
day4_CGCAAGAGAGCGCTCA	7	3	8
day4_CGCACAGACATAGGAT	9	3	7
day4_CGCACAGACTAGGCAG	9	3	7
day4_CGCACCAGAAGCCTCG	9	3	7
day4_CGCACCAGAATTCGTG	7	3	8
day4_CGCACTGGATATCACG	9	3	7
day4_CGCAGCATGCGGTTGC	8	4	9
day4_CGCAGCATGTACCCGG	7	3	8
day4_CGCAGGACTAACCCTA	7	3	8
day4_CGCAGGACTGGTAAAT	7	3	8
day4_CGCAGGACTGGTAGAC	7	3	8
day4_CGCATAAACGGATGCA	7	3	8
day4_CGCATAAACTCCTGAA	7	3	8
day4_CGCATGTCTCCCGATG	7	3	8
day4_CGCATGTCTTTTGAGC	7	3	8
day4_CGCCATACTCAGCGTC	7	3	8
day4_CGCCATACTGGGAGGA	7	3	8
day4_CGCCATACTTCATCCC	7	3	8
day4_CGCCGAAACAACAGGC	7	4	8
day4_CGCCGAAACAGTTACC	8	4	9
day4_CGCCTGAGACGCCGAT	8	3	7
day4_CGCCTGAGAGTTGACT	8	4	9
day4_CGCGAGTACAAAGGTT	9	3	7
day4_CGCGATGACCAGTCTA	7	3	8
day4_CGCGATTCTTTTCCGC	7	3	8
day4_CGCGTCAGAAATGTGA	7	3	8
day4_CGCGTCAGATGAAAGT	7	3	8
day4_CGCTAGCGACACAAGG	7	3	8
day4_CGCTAGCGACTCCATC	7	3	8
day4_CGCTAGCGATGAAGAT	7	3	8
day4_CGCTCATTGACCTGAT	7	3	8
day4_CGCTCATTGCTATCTT	8	4	9
day4_CGCTGCAGACGTTCGG	7	3	8
day4_CGCTGCAGAGATCTAC	7	4	8
day4_CGCTGCAGATACAACC	7	4	7
day4_CGCTGTACTTAGAGAT	7	3	8
day4_CGCTTCATGTAACCAC	7	3	8
day4_CGCTTGACTCATGACT	7	3	8
day4_CGCTTGGGAGAAAGCC	7	3	8
day4_CGCTTGTACCACTTGA	9	3	7
day4_CGCTTTGACCTAACTG	10	3	9
day4_CGCTTTGTGCATGAAA	7	3	8
day4_CGCTTTGTGCCCAAGC	7	3	8
day4_CGCTTTGTGCTGCAGC	9	3	7
day4_CGCTTTGTGGGTAGGT	9	3	9
day4_CGGAACCTGCTCGCAG	7	3	8
day4_CGGAACCTGTCGTAAC	7	1	8
day4_CGGAAGCCTTGGCAGA	7	3	8
day4_CGGAATACTCCGAAAG	8	4	9
day4_CGGAATACTTGGAGCA	8	4	9
day4_CGGACAGCTAGGTATA	9	3	7
day4_CGGACAGCTGCGTGTC	8	4	9
day4_CGGACAGCTTCCTGAA	7	3	8
day4_CGGACTTCTAGTCTCA	7	4	8
day4_CGGAGAATGACTACCA	7	3	8
day4_CGGAGAATGATTCTCT	9	3	7
day4_CGGAGGTCTCGGAATG	7	3	8
day4_CGGAGTGCTAGATTGA	7	3	8
day4_CGGATATTGATGACTC	7	3	8
day4_CGGATATTGCAGTGAG	9	3	7
day4_CGGATATTGGCATTCA	8	4	9
day4_CGGATATTGTGGTCTA	8	4	8
day4_CGGATGGCTACGACTT	8	4	9
day4_CGGATGGCTTAACACC	7	3	8
day4_CGGATGGCTTACCTTT	8	4	9
day4_CGGATGGCTTGTCCGG	7	3	8
day4_CGGATTATGTGTGCTA	7	3	8
day4_CGGCAACACTACCATG	8	3	8
day4_CGGCACAACTAGACCT	8	4	9
day4_CGGCACAACTGGTCAT	7	3	8
day4_CGGCACATGGAGATGC	8	3	9
day4_CGGCAGTACAAGAGGA	7	3	8
day4_CGGCAGTACAGCCACC	9	3	7
day4_CGGCAGTACCTGTAAC	7	3	8
day4_CGGCAGTTGCCTGAAT	7	3	8
day4_CGGCAGTTGTGATCCA	7	3	8
day4_CGGCAGTTGTGTTGGT	7	3	8
day4_CGGCCATGATACAGAA	7	1	8
day4_CGGCCTAGAGCAGCTC	7	3	8
day4_CGGCGATTGAATACCC	8	4	9
day4_CGGCGATTGCAGGCTC	7	3	8
day4_CGGCGTAACACATCCA	7	3	8
day4_CGGCGTAACTTTCCGC	7	3	8
day4_CGGCTTGGAATAGAAC	7	3	8
day4_CGGCTTGGACGAGGTA	7	3	8
day4_CGGGACTTGCATGACT	8	4	9
day4_CGGGACTTGTGGGAGT	6	3	2
day4_CGGGACTTGTTGTCCC	10	3	9
day4_CGGGATGCTAGGCCCT	7	3	8
day4_CGGGATGCTTACTGCA	9	3	7
day4_CGGGCAACTCCCTGAG	7	3	7
day4_CGGGCAACTTGGCGCT	9	3	7
day4_CGGGCTTGATCAGGTT	8	4	9
day4_CGGGTTTCTCCTAAGT	9	3	7
day4_CGGGTTTCTTTCATCT	7	3	8
day4_CGGTACTCTGAATGTA	7	3	8
day4_CGGTAGCTGAAGTATG	7	3	8
day4_CGGTAGCTGACTGCCG	9	3	7
day4_CGGTAGCTGGAAATGT	7	3	8
day4_CGGTAGCTGGGAACTG	9	3	7
day4_CGGTAGCTGTGGCAGA	7	3	8
day4_CGGTATATGGAGCAAC	10	3	9
day4_CGGTATATGTCTATTC	9	3	8
day4_CGGTATCCTAACGTGG	7	3	8
day4_CGGTATCCTGGATTAA	7	3	8
day4_CGGTCATCTAGTAACA	7	3	8
day4_CGGTCCAGAACGTGCC	7	3	8
day4_CGGTCCAGAAGGTCGA	7	3	8
day4_CGGTCCAGACAACAGG	7	3	8
day4_CGGTCCAGACGGGAAT	7	3	8
day4_CGGTCCAGACGTGCTG	9	3	7
day4_CGGTCCAGAGGATGAC	9	3	7
day4_CGGTCTTACAAGGGTC	7	3	8
day4_CGGTCTTACGAAAGCC	9	3	7
day4_CGGTCTTACGGTTAGG	8	4	9
day4_CGGTCTTACTCTACCC	10	3	9
day4_CGGTGCTGACAGAAAT	7	3	8
day4_CGGTGTCGAGGTAAAT	9	3	7
day4_CGGTTTCTGAGTCACT	7	3	8
day4_CGGTTTCTGCCTACCT	9	3	7
day4_CGGTTTCTGTGCATGT	7	3	8
day4_CGTAACATGTCGGAGA	7	3	8
day4_CGTACAATGACAGTTC	7	3	8
day4_CGTACCTTGTTGTAGC	9	3	9
day4_CGTACGGACCCATCAA	7	3	8
day4_CGTACTAGAAGAAGTT	7	3	8
day4_CGTACTGCTGATGAAT	7	4	8
day4_CGTAGGAGACTACAAC	7	3	8
day4_CGTAGGAGAGCGTGAA	8	4	9
day4_CGTAGGCACGGCTGTC	7	3	8
day4_CGTAGGCTGGAGGCAT	7	3	8
day4_CGTAGGCTGGCTGCTG	7	3	8
day4_CGTATGTGATTACCTT	10	3	9
day4_CGTCAACCTGGGTAAC	7	3	8
day4_CGTCAACCTTGTTGTG	7	3	8
day4_CGTCAGCGAAGATTCC	7	3	8
day4_CGTCAGCGATGGGTTT	9	3	7
day4_CGTCCTTGACAACCAT	7	3	8
day4_CGTCCTTGACGTATTG	7	3	8
day4_CGTCCTTGACTGAAGG	7	4	9
day4_CGTCGACGAGGTTAGG	7	3	8
day4_CGTCGAGACAACACCT	7	3	8
day4_CGTCGAGACATTCGTG	7	3	8
day4_CGTCGAGACCGCCACA	7	3	8
day4_CGTCGGTGAATCACCA	7	3	8
day4_CGTCGGTGACCATGCG	7	3	8
day4_CGTCGGTGATCCTAAG	8	4	9
day4_CGTCGGTGATTCCGGG	7	3	8
day4_CGTGAAGGAAACGTGG	9	3	7
day4_CGTGAATTGAGCCAGA	7	3	7
day4_CGTGAATTGCCACGTG	7	3	8
day4_CGTGAATTGCGCCGAT	7	3	8
day4_CGTGAATTGCGTTGTA	7	3	8
day4_CGTGACCGAAAGGGTC	7	3	8
day4_CGTGACCGAAGCCACC	7	3	8
day4_CGTGACCGAAGGCCTC	7	3	8
day4_CGTGACCGAAGGCGAT	7	3	8
day4_CGTGACCGACAGTAAA	7	3	8
day4_CGTGACCGACCGTGAC	8	4	9
day4_CGTGACCGAGACGCAA	10	3	9
day4_CGTGACCGATCTCCCA	7	3	8
day4_CGTGACTCTCAGGACA	8	4	9
day4_CGTGACTCTTTCACTT	7	3	8
day4_CGTGATCCTACGCTTA	7	3	8
day4_CGTGATCCTACTGCCG	7	3	8
day4_CGTGATCCTTGAGCCC	7	3	8
day4_CGTGATCCTTGGTGGA	6	3	2
day4_CGTGCACGACCATTCC	9	3	7
day4_CGTGCAGTGTGTGATC	9	3	7
day4_CGTGCTGGAAGGTTTC	8	4	9
day4_CGTGCTGGAATCCTTT	7	3	8
day4_CGTGCTGGACAGTGAG	7	3	8
day4_CGTGCTGGACTCGGCA	7	4	8
day4_CGTGCTTTGACAAACA	9	3	7
day4_CGTGCTTTGTTGGAGG	7	3	8
day4_CGTGGAAGACGCGTGT	8	4	9
day4_CGTGGACACCCCAATA	8	4	9
day4_CGTGGAGCTAAAGGTT	7	3	8
day4_CGTGGAGCTAACCCAT	7	3	8
day4_CGTGGGTACAGCGAAC	9	3	7
day4_CGTGGTCGAACGTTCA	7	3	8
day4_CGTGGTCGAAGACTAA	7	3	8
day4_CGTGGTCGATAGATAG	8	4	9
day4_CGTGGTCGATATGTGC	7	3	8
day4_CGTGGTGACATGCAGG	7	3	8
day4_CGTGGTGACGGACAGT	7	3	8
day4_CGTGGTGACTACCGTA	7	3	8
day4_CGTGTAAACGGAATTA	7	3	8
day4_CGTGTAAACGGACGAT	7	3	8
day4_CGTGTCACTGCAGCCT	7	3	8
day4_CGTGTGGACACTGTAC	9	3	7
day4_CGTGTGGACGTGTTAC	8	4	9
day4_CGTGTGTCTCCATTCC	8	4	9
day4_CGTTACAGAAAACCAA	8	3	9
day4_CGTTACAGAGGAACGT	7	3	8
day4_CGTTACCACCACGCCA	8	4	9
day4_CGTTACCACCGAACTT	10	3	9
day4_CGTTACCACGGACGTA	7	3	8
day4_CGTTAGAACGGAACAC	7	0	8
day4_CGTTAGAACTCAAGAA	9	3	7
day4_CGTTAGAACTCATCCC	10	3	9
day4_CGTTAGAACTGTGAAA	8	4	9
day4_CGTTAGATGTAGACCT	7	3	8
day4_CGTTATACTCACTGGC	8	3	9
day4_CGTTCAAGAACGCTTA	9	4	7
day4_CGTTCAAGAACTGATC	7	3	8
day4_CGTTCAAGACCCGTAG	7	3	8
day4_CGTTCAAGACTCCTCA	7	3	8
day4_CGTTCAAGATGATAGA	7	3	8
day4_CGTTCCTGAGTTACAC	7	3	8
day4_CGTTCGGGAACCCAGC	7	3	8
day4_CGTTCGGGACAACAAA	7	3	8
day4_CGTTCGGGACCACGTG	8	4	9
day4_CGTTCTCGAAACTTCG	7	3	8
day4_CGTTCTCGAATAGTGA	7	3	7
day4_CGTTCTCGACATCGAT	7	3	8
day4_CGTTCTTCTCGGGAAT	7	3	8
day4_CGTTGCGGAGAGTAAT	7	3	8
day4_CGTTGCGGATAGGATA	9	3	9
day4_CGTTGGCGAATGACTC	7	3	8
day4_CGTTGGCGAGAACGAC	7	3	9
day4_CGTTGGGTGAGTATGA	8	4	9
day4_CGTTGGTCTACGTGGA	8	4	9
day4_CGTTGGTCTCCATCTC	7	3	8
day4_CGTTGGTCTGAACGAC	7	3	8
day4_CGTTGGTCTTTTCTAC	7	3	8
day4_CGTTTAGGACTACCGG	8	4	9
day4_CGTTTAGGAGAGCCCT	8	4	9
day4_CGTTTCCGAAACTCAC	7	3	8
day4_CGTTTCGACTGGCATT	7	3	8
day4_CGTTTCGACTTACTTC	7	3	8
day4_CTAAATCCTAGCTACT	8	4	9
day4_CTAAATCCTCATGAAA	8	4	9
day4_CTAACAGACCGTGACC	7	3	8
day4_CTAACAGACCTTCCCA	7	3	8
day4_CTAACAGACTGGGATG	9	3	7
day4_CTAACATCTACCAATC	7	3	8
day4_CTAACATCTCCTCTTG	7	3	8
day4_CTAACATCTGCCTGCA	7	3	8
day4_CTAACATCTGTTAACC	7	3	8
day4_CTAACATCTTACCTAG	7	3	9
day4_CTAACATCTTACCTGA	9	3	7
day4_CTAACTTACCTGCAGC	7	3	8
day4_CTAACTTACGACTAAA	9	3	7
day4_CTAAGACACGCTTACA	9	3	7
day4_CTAAGTGACAGCTATC	7	3	8
day4_CTAAGTGTGCGGAAGT	7	3	8
day4_CTAATCGGACAAGGGT	9	3	7
day4_CTAATCTACCTGAGAG	7	4	8
day4_CTAATTCACCCTACCT	7	3	8
day4_CTAATTCACGGGTCTC	7	3	8
day4_CTAATTGCTAGATCGG	8	4	9
day4_CTACAACGACAGGCTC	9	3	7
day4_CTACAACGAGAAATAC	7	3	8
day4_CTACAACGAGTCTTGA	9	3	7
day4_CTACAACGATGTTGTG	7	3	8
day4_CTACAGCCTAGGCGAT	7	3	8
day4_CTACAGCCTGGAGTCA	7	3	8
day4_CTACCCAACGGGCTCT	9	3	8
day4_CTACCCTGATAACTCG	9	3	7
day4_CTACCCTGATGCATGT	6	3	2
day4_CTACCGGGAAATTCCG	8	4	9
day4_CTACCGGGAAGTGAAT	7	3	8
day4_CTACCGGGACCTGAAT	7	3	8
day4_CTACCGTTGGATAAGT	7	3	8
day4_CTACCGTTGTAGCATC	9	3	7
day4_CTACCTGACACGTAGG	7	3	8
day4_CTACCTTCTACGTAGG	7	3	8
day4_CTACCTTCTTCTCAAG	7	3	8
day4_CTACGACCTAGGAAGA	7	3	8
day4_CTACGGGTGACAGTAA	9	3	7
day4_CTACGGGTGAGTCTCA	7	3	8
day4_CTACTAACTAACGTGG	8	4	9
day4_CTACTAACTAGCCCTG	9	3	7
day4_CTACTAACTGAATGGC	7	3	8
day4_CTACTAACTGTGGACA	7	3	8
day4_CTACTAACTTATCGCA	7	3	8
day4_CTACTAACTTCGAATC	7	3	8
day4_CTACTATTGCTGATCA	7	3	8
day4_CTACTATTGGAGTCTT	7	3	8
day4_CTACTATTGTACTGCA	8	4	9
day4_CTACTATTGTCTTAGG	7	3	8
day4_CTACTATTGTGGTCTA	8	3	9
day4_CTACTCCGAAGCGAAC	8	3	8
day4_CTACTCCGACCATCGG	7	3	8
day4_CTACTGCTGACCCAGC	7	3	5
day4_CTACTGGCTAACGTGG	7	3	8
day4_CTACTGGCTACCTGAT	10	3	9
day4_CTACTGGCTAGAATCA	7	3	8
day4_CTACTGGCTCCATTCC	7	3	8
day4_CTACTGGCTGACTAAA	7	3	8
day4_CTACTGGCTGATCAAA	7	3	8
day4_CTACTGGCTGGTTACT	7	3	8
day4_CTACTTCCTCAAGGGT	9	3	7
day4_CTACTTCCTCGGTAGA	7	3	8
day4_CTAGAAAGAAACACTC	9	3	7
day4_CTAGAAAGAAGCCTAT	7	3	8
day4_CTAGAAAGATGCACGC	9	3	7
day4_CTAGAACTGACCCAGC	7	3	8
day4_CTAGAACTGCCTGAAT	9	3	7
day4_CTAGAAGCTCATGAAA	7	3	8
day4_CTAGAAGCTGGACTTT	7	3	8
day4_CTAGAAGCTTCCTCCA	8	4	9
day4_CTAGACAACACCTCTC	7	4	8
day4_CTAGACATGACCTCCT	8	4	9
day4_CTAGACATGCTGAGAG	7	3	8
day4_CTAGAGGGAACAGATA	9	3	7
day4_CTAGAGGGAACTGCCG	7	3	8
day4_CTAGAGGGATCATGAC	7	3	8
day4_CTAGATGACAGATTCC	7	3	8
day4_CTAGATGACTCCCTCA	7	3	8
day4_CTAGCACCTAGTGTCT	8	4	9
day4_CTAGCACCTGAGATTA	7	3	8
day4_CTAGCATGACTTGCGG	7	3	8
day4_CTAGCATGATAGGAAT	7	3	8
day4_CTAGCTCTGATAGTGA	8	4	9
day4_CTAGGATTGACTCACA	7	3	8
day4_CTAGGATTGGAAATTG	9	3	7
day4_CTAGGATTGTCACACA	8	4	9
day4_CTAGGCGACCTCCATC	7	3	8
day4_CTAGGGAGACATGGTT	8	4	9
day4_CTAGTCCACCCGCACA	8	4	9
day4_CTAGTCCTGTATTCCT	7	3	8
day4_CTAGTGCCTTGGTAAA	7	3	8
day4_CTAGTTGGACTGCCAG	7	3	8
day4_CTAGTTGGATCAGGTT	7	3	8
day4_CTATAACCTCTTCTCG	8	4	9
day4_CTATAACCTGATCACT	7	3	8
day4_CTATACGGAACATCCA	7	3	8
day4_CTATACGGACATAGTC	10	3	9
day4_CTATACTACGAGATGC	7	3	8
day4_CTATACTACTAATGAG	9	3	7
day4_CTATACTTGATGGCTT	7	3	8
day4_CTATACTTGCCATCGG	7	3	8
day4_CTATACTTGCTCATGA	7	3	8
day4_CTATAGGACCAAATGA	7	3	8
day4_CTATATCACGCGTGAA	7	3	8
day4_CTATATCACTGCTTGA	9	3	7
day4_CTATCAGGAAGCCTCG	8	4	9
day4_CTATCAGGATGAAGTA	7	3	8
day4_CTATCTCCTGGGTTAG	7	4	8
day4_CTATGAGTGATGCAGG	7	3	8
day4_CTATGAGTGGAAGTTA	7	3	8
day4_CTATGCAGACCTGATA	7	3	8
day4_CTATGCAGATGCACGC	9	3	7
day4_CTATGCAGATTCAGTG	7	3	8
day4_CTATGCAGATTCTTTG	7	3	8
day4_CTATGGTGAAGTATGA	7	3	8
day4_CTATGGTGACTTGATG	7	3	8
day4_CTATGTGGACGGCACT	7	3	8
day4_CTATGTGGAGGGTTCC	7	3	8
day4_CTATTCATGATCCCTC	7	3	8
day4_CTATTCATGCCGTGAC	7	3	8
day4_CTATTCTGAAAATGAC	7	3	8
day4_CTATTGGGAAGAAATC	7	1	8
day4_CTATTGGGACGGGAAT	7	3	8
day4_CTATTGTACACTACGT	7	3	8
day4_CTATTGTACGGTAGAC	7	3	8
day4_CTCACGTACATTGGAA	7	3	8
day4_CTCACGTACCACAGCC	7	3	8
day4_CTCACTCGAACGCTTA	7	3	8
day4_CTCACTGTGAGGTTTC	7	3	8
day4_CTCACTGTGATTGAAG	8	4	8
day4_CTCAGGGACATTGGAA	7	3	8
day4_CTCAGGGACGATTACC	8	4	9
day4_CTCAGGGTGGGGAGGA	7	3	8
day4_CTCAGTAGAAATCAAG	7	3	8
day4_CTCAGTAGACACGCTG	7	4	8
day4_CTCAGTCACCCATGCG	7	3	8
day4_CTCATGCACAGAGAAG	9	3	7
day4_CTCATGCACGTTGGTT	9	3	7
day4_CTCATTAACCAGTACT	7	3	8
day4_CTCATTAACGGGCTTC	9	3	8
day4_CTCATTAACGTGATGG	7	3	8
day4_CTCATTAACTACTGCA	7	3	8
day4_CTCATTATGGACTCTA	8	4	9
day4_CTCCAAAGAAATGGCG	7	3	8
day4_CTCCAAAGATACTGCA	7	3	8
day4_CTCCAAAGATGGTGGA	7	3	8
day4_CTCCACAACCAGGCTC	8	4	9
day4_CTCCACAACTCTCCCA	8	4	9
day4_CTCCAGACTACATGAA	8	4	9
day4_CTCCAGACTCACTAAC	7	3	8
day4_CTCCAGACTTACCCAA	7	3	8
day4_CTCCAGACTTCTCAAG	7	3	8
day4_CTCCCAAACCACGATT	8	4	9
day4_CTCCCAAACCGATTAC	9	3	7
day4_CTCCCAAACCTGACCG	7	3	8
day4_CTCCCAATGAACGTAA	7	3	8
day4_CTCCCAATGCTTAGTG	9	3	7
day4_CTCCCAATGTACAGAA	8	4	9
day4_CTCCCATGACCGAAAG	7	3	8
day4_CTCCCATGACTAACAC	7	3	8
day4_CTCCCATGAGTAGCCC	9	3	7
day4_CTCCCATGATCACAGT	7	3	8
day4_CTCCCTGCTACCAGAG	8	4	9
day4_CTCCCTGCTTCACACA	7	3	8
day4_CTCCTACGACCATAAC	7	3	8
day4_CTCCTACGAGCATGAG	9	3	7
day4_CTCCTACGATCCAAAC	7	3	8
day4_CTCCTCGCTGTTCAAC	8	4	9
day4_CTCCTCGCTTCACAGT	7	3	8
day4_CTCCTCGCTTTTGACG	9	3	7
day4_CTCGAGTCTCTGTAAC	7	3	8
day4_CTCGATGCTTTGTCTT	7	3	8
day4_CTCGCAACTCAACCAT	7	3	8
day4_CTCGCAACTGAATTGA	7	3	8
day4_CTCGCAACTGCTGCAC	7	3	8
day4_CTCGGAGTGCGTGATT	7	3	8
day4_CTCGGAGTGTGGAGCA	7	3	8
day4_CTCGGAGTGTGGTAAA	9	3	7
day4_CTCGTCATGCAGTAAA	7	3	8
day4_CTCGTCATGCCGAAAG	8	4	9
day4_CTCGTGACTATGACCT	9	3	7
day4_CTCGTGACTCACTTAG	7	3	8
day4_CTCGTGACTCGAGGTA	7	3	8
day4_CTCGTGTTGCGATCTA	9	3	7
day4_CTCGTTGTGGTGGATG	9	3	7
day4_CTCTACCGAAAGGGTC	10	3	9
day4_CTCTACCGATCTGGCG	8	4	9
day4_CTCTACGTGATCAGTC	7	3	8
day4_CTCTACGTGTCTACGA	7	3	8
day4_CTCTATAACAGATTGA	7	3	8
day4_CTCTATAACTGGTTAC	7	3	8
day4_CTCTCACGATATCACG	8	4	9
day4_CTCTCACGATCCTCAC	9	3	7
day4_CTCTCCAGATCACGGC	7	3	8
day4_CTCTCCAGATCCCTGT	7	3	8
day4_CTCTCCAGATTGAGGG	7	3	8
day4_CTCTCCCACGAAATGT	7	3	8
day4_CTCTCCCACGAAGGTC	7	3	8
day4_CTCTCCCTGAAGAGGA	7	3	8
day4_CTCTCCCTGTTCAGGT	7	3	9
day4_CTCTGAGCTAGCGTTT	7	3	8
day4_CTCTGAGCTCAAGCGA	9	3	7
day4_CTCTGCCCTCCCACGA	7	3	8
day4_CTCTGCCCTGAAGGTC	8	4	9
day4_CTCTGCTGACGATCTA	9	3	7
day4_CTCTGCTGAGAATGGC	7	3	8
day4_CTCTGCTGAGCGTGAA	9	3	7
day4_CTCTGCTGATTACCTT	7	3	8
day4_CTCTGCTGATTGAGCT	8	3	9
day4_CTCTGGTACAGTGTCT	7	3	8
day4_CTCTGGTACCGACGCT	7	3	0
day4_CTCTGGTTGCGATGAG	7	3	8
day4_CTCTTGCGAAATCACC	9	3	7
day4_CTCTTGCGAACGAGCA	7	3	8
day4_CTCTTGGACTAACACC	9	3	7
day4_CTCTTGGACTCCCTCA	6	3	2
day4_CTCTTGGACTGGGATG	7	3	8
day4_CTGAAACTGATCGTTG	7	3	8
day4_CTGAAACTGATGGCAG	8	4	9
day4_CTGAAACTGCCCTGTT	9	3	7
day4_CTGAAACTGGCAGCAA	6	4	2
day4_CTGAAACTGTATCGCA	7	3	8
day4_CTGAACATGATTCTTC	8	4	9
day4_CTGAATTCTGAACGGT	7	3	8
day4_CTGAATTCTGACTGCC	7	3	8
day4_CTGACATGAGTATCTG	7	3	8
day4_CTGACCTTGCTCGTGG	7	3	8
day4_CTGACCTTGTACCCTC	7	3	8
day4_CTGACTAGACCAAAGG	9	3	7
day4_CTGACTAGATCGTGAT	7	3	8
day4_CTGACTCACAAGTCTC	10	3	9
day4_CTGACTCACATGGGAC	8	4	9
day4_CTGACTCACGGAACAC	8	4	9
day4_CTGAGTAACAAGATCA	7	3	8
day4_CTGAGTAACCAATCTG	7	4	8
day4_CTGAGTAACCGTGATT	9	3	7
day4_CTGATCCACAGATAGT	7	3	8
day4_CTGATCCACGGTCTAT	7	3	8
day4_CTGATGCCTAAGTGAT	7	3	8
day4_CTGATGCCTGGTCTAT	7	3	8
day4_CTGATGTGAGACGCAA	8	4	9
day4_CTGCACTTGCCACGTG	8	4	9
day4_CTGCACTTGGGAACAC	8	4	9
day4_CTGCAGGTGATGGGAC	7	3	8
day4_CTGCAGGTGCCAGACC	7	3	7
day4_CTGCAGGTGGTATCTG	8	4	9
day4_CTGCAGGTGTGATCGT	7	3	8
day4_CTGCATGCTATGAATG	7	3	8
day4_CTGCATGCTCAAGGGT	6	3	2
day4_CTGCCATTGATGTAGA	9	3	7
day4_CTGCCATTGGAAATGT	7	3	8
day4_CTGCCATTGGTCTACA	7	4	8
day4_CTGCCATTGTGGTTAC	8	4	9
day4_CTGCCTCCTAACGTAA	8	4	9
day4_CTGCCTCCTTCTAGAC	9	3	7
day4_CTGCTACACACCGGAA	7	3	8
day4_CTGCTACACTGGTCAT	7	3	8
day4_CTGCTCTGAATGGACG	7	3	8
day4_CTGCTTCGAGGAACTG	6	3	2
day4_CTGCTTCGAGTATCTG	7	3	8
day4_CTGCTTGTGAGGACAC	7	3	8
day4_CTGCTTGTGCGACAGA	7	3	8
day4_CTGCTTGTGGGTAGAC	7	3	8
day4_CTGGAGGCTAGTGTGG	7	3	8
day4_CTGGATAACAGGACAC	9	3	7
day4_CTGGATTGATCGTGAT	7	3	8
day4_CTGGCCAGACATGGTT	7	3	8
day4_CTGGCCAGATTACGAC	7	3	8
day4_CTGGGTCGACATCGGC	8	4	9
day4_CTGGGTCGATGTCTAG	8	3	9
day4_CTGGTAAACTGTGAGG	8	3	9
day4_CTGTAAGTGTCATTGG	9	3	7
day4_CTGTACCACCAGGGAT	7	3	8
day4_CTGTACCACCTCAACA	9	3	7
day4_CTGTACGCTCCCTGAG	7	3	8
day4_CTGTATGGACGCATCG	9	3	7
day4_CTGTATTTGACCCTAA	9	3	7
day4_CTGTCAGCTGCCCGTA	9	3	7
day4_CTGTCCTGACAAGATA	7	3	8
day4_CTGTCCTGACGTTCAA	7	3	8
day4_CTGTCGTTGACAGTTC	7	3	8
day4_CTGTCGTTGAGCACGA	7	3	8
day4_CTGTCGTTGCACTTCC	8	4	9
day4_CTGTGAATGGATGCAG	7	3	8
day4_CTGTGACCTACTGTGT	9	3	7
day4_CTGTGATGACTCACGG	7	3	8
day4_CTGTGCACTAACATCC	6	3	2
day4_CTGTGCACTCATGACT	6	3	2
day4_CTGTGCACTGGCTCTG	7	3	8
day4_CTGTGCACTTTTCTAC	8	3	9
day4_CTGTGCTACAGATCGG	7	3	8
day4_CTGTGCTACCAAACTC	7	3	8
day4_CTGTGCTACTCGATTG	7	3	8
day4_CTGTGCTTGAATGGAT	7	3	8
day4_CTGTGCTTGCTTGATG	7	3	8
day4_CTGTGTAGAGACTCTA	7	3	8
day4_CTGTGTAGAGTTGGAG	7	3	8
day4_CTGTGTAGATCTACAG	8	4	9
day4_CTGTGTAGATTCACAG	7	3	8
day4_CTGTGTCACAGGTCGA	7	3	8
day4_CTGTGTCACTTTCGGA	7	3	8
day4_CTGTGTCTGAAATGAC	7	3	8
day4_CTGTGTCTGCGTGTTA	7	3	8
day4_CTGTGTCTGTTGTAGC	8	4	8
day4_CTGTGTGCTCACTCAA	7	3	8
day4_CTGTGTGCTTCCATTT	7	3	8
day4_CTGTTAACTTTTCGTT	9	3	7
day4_CTGTTAGGACGCGTGT	9	3	7
day4_CTGTTAGGATCACTGA	7	3	8
day4_CTGTTGCACCGGGTCT	8	4	9
day4_CTTAAGCGATGATCCA	6	3	2
day4_CTTAAGGACGAGCGTA	7	3	8
day4_CTTAAGGACGGTTCCG	7	3	8
day4_CTTAAGTCTTTAGTGC	8	4	9
day4_CTTACAGGAAGAAATC	7	3	8
day4_CTTACAGGACAACAGG	7	3	8
day4_CTTACGGCTCCAGAGA	7	3	8
day4_CTTACGGCTGCCCTTT	7	3	8
day4_CTTACGGCTGGTTGTT	6	3	2
day4_CTTACGGCTTTCCATT	7	4	8
day4_CTTAGGAACCCATAGT	7	3	8
day4_CTTAGGATGAGTAAAC	7	3	8
day4_CTTAGGATGCACTTGA	9	3	7
day4_CTTAGGATGCCGAAAG	7	3	8
day4_CTTAGGATGCTAACCA	8	4	9
day4_CTTAGGATGGTGGGTA	7	3	8
day4_CTTAGGCCTACGTGCC	9	3	7
day4_CTTAGGCCTAGCGAAC	9	3	7
day4_CTTAGGCCTGTGAGAC	7	3	8
day4_CTTAGTTACACGTAAA	7	3	8
day4_CTTAGTTACACTCACA	7	3	8
day4_CTTAGTTTGGGGAGGA	7	3	8
day4_CTTATGGGAAAACCCT	8	4	9
day4_CTTCAAGGAACATGAA	10	3	9
day4_CTTCACTCTATTGGCT	9	3	7
day4_CTTCACTCTCGAAGTG	8	4	9
day4_CTTCAGGCTCGCATCG	7	3	8
day4_CTTCAGGCTCGTTCAA	7	3	8
day4_CTTCCAGTGCGATCGC	7	3	8
day4_CTTCCGATGAAGTGAT	7	3	8
day4_CTTCCGATGTCTTTGT	9	3	7
day4_CTTCCTACTTGTAGCT	7	3	8
day4_CTTCGAGCTAAGTATG	9	3	7
day4_CTTCGAGCTGGACAAC	9	3	7
day4_CTTCGAGCTGTCCCGA	7	3	8
day4_CTTCGCAACGCAGCAA	7	3	8
day4_CTTCGCAACGTGGCCT	7	3	8
day4_CTTCGCAACTCCTGAA	7	4	2
day4_CTTCGCCCTTACCCGG	7	3	8
day4_CTTCTTAGACACGGTC	7	3	8
day4_CTTCTTAGAGCAAGCA	7	3	8
day4_CTTGAAGACAGACTAA	7	3	8
day4_CTTGAAGTGCTCTATT	9	3	7
day4_CTTGAAGTGGGTAAAT	7	3	8
day4_CTTGAAGTGTACAACC	7	3	8
day4_CTTGACCACAACGTAA	7	3	8
day4_CTTGACCACGAACAAT	7	4	8
day4_CTTGACCTGTATCACG	7	3	8
day4_CTTGAGATGCTTGCGG	8	3	9
day4_CTTGAGATGGGAGGAG	8	4	9
day4_CTTGAGCCTCTCACTC	7	3	8
day4_CTTGATTACCGTTACA	7	3	8
day4_CTTGATTACTTAGAAG	9	3	7
day4_CTTGCAAGACGTGAGA	7	3	8
day4_CTTGCAAGACTCACGG	7	3	8
day4_CTTGGAAACGTTGAGG	7	3	8
day4_CTTGGTCTGCGGTAGA	10	3	9
day4_CTTGTAGGAACTTGAC	8	4	9
day4_CTTGTCCGAAGTCTTG	7	3	8
day4_CTTGTCGTGTTGCATG	7	3	8
day4_CTTGTCTCTTAGATCC	7	3	8
day4_CTTGTCTCTTGCTGGC	7	3	8
day4_CTTGTGCACCCTGCAG	7	3	8
day4_CTTGTGCACGTGGGTA	8	4	9
day4_CTTGTGCTGAGGACGT	7	3	8
day4_CTTGTGCTGGGGTGTA	7	3	8
day4_CTTGTGCTGGTTAGGG	9	3	7
day4_CTTGTGCTGTCTGTAG	6	3	2
day4_CTTGTGGCTCAATCTG	7	3	8
day4_CTTTAACTGCAACAAA	7	3	8
day4_CTTTACAACCGGATGA	8	3	4
day4_CTTTACAACCTCCTAC	7	3	8
day4_CTTTACAACTACCCTC	7	3	8
day4_CTTTATGACTCATTGG	7	3	8
day4_CTTTCAAACAACACAA	7	3	8
day4_CTTTCAAACCGAAATA	7	3	8
day4_CTTTCAAACTCCCGGA	8	3	8
day4_CTTTCATGAACTGAGG	7	3	8
day4_CTTTCCTACGCCTCAG	7	3	8
day4_CTTTCGGACGACTTAC	7	3	8
day4_CTTTCGGACTAGGATA	7	3	8
day4_CTTTCTGCTGGTAGGT	8	4	9
day4_CTTTGCGTGACTTCGA	8	3	9
day4_CTTTGCGTGCAGAAAT	7	3	8
day4_CTTTGCGTGCCCAAGC	7	3	8
day4_GAAACCTACCACGTGC	7	3	8
day4_GAAACCTACCGGTGAA	7	3	8
day4_GAAACGCGAAGCGAAC	7	3	8
day4_GAAACGCGACAATGAA	9	3	7
day4_GAAACGGACAGATCCT	8	4	9
day4_GAAACGGACAGTTAGA	7	3	8
day4_GAAACGGACATGCAGG	7	3	8
day4_GAAACGGACTACCCTC	7	3	8
day4_GAAACGGACTCTACGA	8	4	9
day4_GAAACTCACTCCCGTT	7	3	8
day4_GAAAGGCACATGGGAC	8	4	9
day4_GAAAGGCACCCACGTG	6	3	2
day4_GAAAGTATGGCCTGCA	8	4	2
day4_GAAAGTATGTAGAGAT	7	3	8
day4_GAAAGTATGTCCAAAC	8	4	9
day4_GAAAGTTGACATGGGA	7	3	8
day4_GAAAGTTGACCCTCAT	7	3	8
day4_GAAAGTTGATACAACC	9	3	7
day4_GAAATCCACCGTCCAG	7	3	9
day4_GAAATCCACTCGAACT	7	3	8
day4_GAAATCCACTCTATCT	7	3	8
day4_GAAATGATGAGGACGT	7	3	8
day4_GAAATGATGGAGTCTT	7	3	8
day4_GAAATGCCTCAAACTC	7	3	8
day4_GAAATGCCTCACTTCC	7	3	8
day4_GAACAACCTTCTTAGG	7	3	8
day4_GAACAATGATAGAACA	10	3	9
day4_GAACAATGATTGAGCT	7	3	8
day4_GAACAGCGAACTGTGT	8	4	9
day4_GAACAGCGACATGATC	10	3	9
day4_GAACAGGACACAGTTC	7	3	8
day4_GAACCGCTGTCCTCCA	7	3	8
day4_GAACCTATGACAGTTC	7	3	8
day4_GAACCTATGCTGTAAC	7	3	8
day4_GAACCTATGGACACCC	7	3	8
day4_GAACCTATGGCAAGCA	7	3	8
day4_GAACGCCTGTAGGATA	7	3	8
day4_GAACGCGCTAGAAATC	7	3	8
day4_GAACGGAACAATGCCT	9	3	7
day4_GAACGGAACGTTGTTG	9	3	7
day4_GAACGGAACTTGGTTG	7	3	8
day4_GAACGTTACAAGTCTC	7	3	8
day4_GAACGTTACCCTATAG	7	3	8
day4_GAACGTTACGGGCTTC	7	3	9
day4_GAACGTTACTAGATCC	7	3	8
day4_GAACTAAGAACATGAA	7	3	8
day4_GAACTAAGATGACCCG	8	4	9
day4_GAACTAGCTTCGTAGT	7	3	8
day4_GAACTAGCTTTGTCCC	8	4	9
day4_GAACTCTGAAGTTCCA	7	3	8
day4_GAACTCTGACGAAAGC	9	3	7
day4_GAACTCTGACTCAACA	7	3	8
day4_GAACTCTGAGGGTCTC	8	4	9
day4_GAACTCTGAGTAGCCC	7	3	8
day4_GAACTGTACACTCACA	7	3	8
day4_GAACTGTACAGGGATC	7	3	8
day4_GAACTTGACAGACTAA	6	3	2
day4_GAACTTGTGAGGGATC	7	3	8
day4_GAAGAAACTATCTGCA	7	3	8
day4_GAAGAAACTCCAAGCC	7	1	8
day4_GAAGAAGGAAAGATCA	9	3	7
day4_GAAGAAGGACAATGGG	7	3	8
day4_GAAGAAGGACCTAAGT	8	3	8
day4_GAAGAAGGAGGTTGTT	7	3	8
day4_GAAGAATTGAATCACC	7	3	8
day4_GAAGAATTGGTCCCGA	7	3	8
day4_GAAGAATTGGTGAAAT	7	4	9
day4_GAAGAATTGGTTCAAC	7	3	8
day4_GAAGACTCTTGAAGTA	7	3	8
day4_GAAGAGCACCCCGTAG	9	3	7
day4_GAAGATAACAAATCGA	8	4	9
day4_GAAGATTGAAGAAATC	9	3	7
day4_GAAGCATCTGATGAAT	10	3	9
day4_GAAGCATCTGCTGTCG	7	3	8
day4_GAAGCCCACAGGACAC	8	4	9
day4_GAAGCCCACTCCAACA	7	3	8
day4_GAAGCCCTGAAGAATC	9	3	7
day4_GAAGCCCTGTTGCATG	7	3	8
day4_GAAGGTGACACAAGTA	8	3	9
day4_GAAGGTGACCAACAAA	7	3	8
day4_GAAGGTGTGCTAAGGG	7	3	8
day4_GAAGGTGTGGACCCGT	9	3	7
day4_GAAGTGGACCCTCATC	7	3	8
day4_GAAGTGGACTAACTGC	7	3	8
day4_GAAGTTCTGGGTCATT	8	4	9
day4_GAAGTTCTGTTACTTC	7	3	8
day4_GAAGTTGCTATCTCCC	7	3	8
day4_GAAGTTGCTTTCCCAC	7	3	8
day4_GAATCAAGAAGACCGA	7	3	8
day4_GAATCAAGAAGTCTTG	7	3	8
day4_GAATCAAGAGGAAGTC	8	3	8
day4_GAATCAAGATCATTTC	7	3	8
day4_GAATCAAGATGTGACT	8	4	9
day4_GAATCGTACGATCACT	7	3	8
day4_GAATTCCGAACTCATG	7	3	8
day4_GAATTCGACAGTGTGG	8	4	9
day4_GAATTGCTGGAAGTAT	9	3	7
day4_GAATTGCTGGTAGCCC	8	4	9
day4_GACAAATGACGAGAGT	8	4	9
day4_GACAAATGATGACTCA	7	3	8
day4_GACAAGGACGTGTGTT	8	4	9
day4_GACAAGGACTCACTGA	7	3	8
day4_GACAATAGAGGATGCA	7	3	8
day4_GACAATAGAGGCTCTG	8	3	9
day4_GACAATGCTTTCAGCA	8	4	9
day4_GACACATACATACGCT	9	3	7
day4_GACACATACTGGGTTT	8	4	9
day4_GACACCGACAGACACG	7	3	8
day4_GACACCGACTCCATGA	7	3	8
day4_GACACTTGAAGACCGA	8	3	8
day4_GACAGGATGATGCCCG	7	3	8
day4_GACAGGTGAACCCAGC	7	3	8
day4_GACAGGTGAGAAACGC	9	3	7
day4_GACAGTACTACAGTTC	7	3	8
day4_GACAGTACTCACCCGA	9	3	7
day4_GACAGTACTCCATCAA	8	4	9
day4_GACATCAACGGATATA	9	3	7
day4_GACATCCCTCGGATAG	7	3	8
day4_GACATCCCTGGCGATA	7	3	8
day4_GACATCCCTTTTCTAC	8	4	9
day4_GACATTGTGATAGTGA	7	3	8
day4_GACATTGTGCGATCGC	9	3	7
day4_GACATTGTGCTCAATG	6	3	2
day4_GACATTGTGCTGTGAT	7	3	8
day4_GACCAATTGGGACAGT	7	3	8
day4_GACCACGACACTAGAA	7	3	8
day4_GACCACGACCTGGGTC	7	3	8
day4_GACCAGAGAAAATGAC	9	3	7
day4_GACCAGAGATGGAGCA	7	3	8
day4_GACCAGCTGAATACCC	7	3	8
day4_GACCAGCTGATGGCTT	7	3	8
day4_GACCAGCTGCACAAGG	9	3	7
day4_GACCAGCTGTAGAATG	7	3	8
day4_GACCATAACCGCTTGG	7	3	8
day4_GACCATAACTGCCCGA	7	3	8
day4_GACCCGAACATGGACG	6	3	2
day4_GACCCGAACGGACGTA	8	4	9
day4_GACCCTACTAGGAATT	7	3	8
day4_GACCCTACTGGCAATG	7	3	8
day4_GACCCTACTTGGCTTA	8	4	9
day4_GACCCTTTGAGTCAAA	7	3	8
day4_GACCCTTTGCAAACAA	7	3	8
day4_GACCCTTTGCATGGTT	7	3	8
day4_GACCCTTTGGGCGATA	9	3	7
day4_GACCGAAGATCCAAAC	8	4	9
day4_GACCGACTGCGGATGA	6	3	2
day4_GACCGACTGTGTACGT	9	3	7
day4_GACCGCATGGACTACT	8	3	9
day4_GACCGTGTGATGGTAA	8	4	9
day4_GACCGTGTGATTGGTC	9	3	7
day4_GACCTCACTGCAGCCT	7	3	8
day4_GACCTCACTGGCAATG	7	3	8
day4_GACCTCTTGGTGACCC	7	3	8
day4_GACCTCTTGTGCATGT	7	3	8
day4_GACCTGGACAGATTGA	7	3	8
day4_GACCTGGACCTAAGGG	7	3	8
day4_GACCTGGACTGATGTC	7	3	8
day4_GACCTGGTGTTCAGGT	8	3	8
day4_GACGAGAACTCGTAAC	7	3	8
day4_GACGAGATGCACGCCA	7	3	8
day4_GACGATGGACTAAGGG	8	4	8
day4_GACGATGGAGTGAAGC	7	3	8
day4_GACGATTTGGAATTGA	7	3	8
day4_GACGCGTACCAGACCC	7	3	8
day4_GACGGTGCTCATGCAT	9	3	7
day4_GACGTAACTGTGGATG	7	3	8
day4_GACGTCCGAACATCGT	7	3	8
day4_GACGTCGTGAGTGAAT	7	3	8
day4_GACGTTTGACCGCATG	7	3	8
day4_GACGTTTGACCTAAGT	8	3	9
day4_GACTAAGCTATTCTTC	8	3	8
day4_GACTAAGCTCCTCCTA	7	3	8
day4_GACTATGACGGTAAAT	9	3	7
day4_GACTATGACTAGCTTG	7	3	8
day4_GACTCCTACCATGATC	7	3	8
day4_GACTCCTTGGGGTGTA	7	3	8
day4_GACTGCCGAACCCTAA	7	3	8
day4_GACTGCCGAGTCATTG	7	3	8
day4_GACTGCGTGTACCCGG	7	3	8
day4_GACTGCTCTCCTGCAG	9	3	7
day4_GACTGTCCTGAACGAC	8	4	9
day4_GACTGTCCTTCGGTAT	7	3	8
day4_GACTTCCACCGAGTGA	7	3	8
day4_GACTTCCTGGGCTCTG	7	3	8
day4_GACTTGAACGTAGCCC	7	3	8
day4_GAGAAATACATCCTTT	7	3	8
day4_GAGAAATACTCACTGA	8	4	9
day4_GAGAAGGCTCCCGTAG	7	3	8
day4_GAGAAGGCTGCATGAG	7	3	8
day4_GAGAATAACGATCACT	9	3	7
day4_GAGAATAACGTATCTG	7	3	8
day4_GAGAGACTGAACATGA	10	3	9
day4_GAGAGACTGAGGCCCT	7	1	8
day4_GAGAGACTGTAGATAG	7	3	8
day4_GAGAGACTGTCCCGTT	8	4	9
day4_GAGAGCTGAGGATATA	7	3	8
day4_GAGAGCTGAGTCTATG	7	3	8
day4_GAGAGTGACAATGCCT	8	3	8
day4_GAGAGTGACTTGGTTG	8	4	9
day4_GAGATCGGACATCACA	7	3	8
day4_GAGATGGACAGCCAGA	7	3	8
day4_GAGCAAGACCTCAATG	7	3	8
day4_GAGCACAGAAGGGATC	8	4	9
day4_GAGCACAGAATTGAAG	7	3	8
day4_GAGCACAGAGGGTCTC	7	3	8
day4_GAGCACAGATTTGACG	7	3	8
day4_GAGCACGCTCTGTATG	7	3	8
day4_GAGCAGTGAATGGCCC	7	3	8
day4_GAGCAGTGATCGGAAG	7	3	8
day4_GAGCCAAGATATGTGC	9	3	7
day4_GAGCCAAGATCAGGTT	7	3	8
day4_GAGCCACTGGTGGCCT	8	4	9
day4_GAGCCGTTGACCTGAT	7	3	8
day4_GAGCCTTCTACGAGCA	7	3	8
day4_GAGCCTTCTTCGTAAC	7	3	8
day4_GAGCCTTCTTGAGCCC	7	3	8
day4_GAGCGAAACATGGCAG	10	3	9
day4_GAGCGATGAATGGACG	7	3	8
day4_GAGCGCTACCTTCACC	8	4	9
day4_GAGCGCTACTTTGGTG	7	3	8
day4_GAGCGTCTGAAGGTAT	7	3	8
day4_GAGCTAGGAAAGAATC	8	3	9
day4_GAGCTAGGAAGTCCCG	7	4	8
day4_GAGCTATACCGTCGCA	7	3	8
day4_GAGCTATACGGATATA	8	4	9
day4_GAGCTCGACATGGCAG	8	3	9
day4_GAGCTCGACTGTGATC	7	3	8
day4_GAGGAACACATGGAAT	7	3	8
day4_GAGGAACACATTGGAA	9	3	7
day4_GAGGAACACTACCCAA	7	3	8
day4_GAGGAGACTCCCACGA	8	4	9
day4_GAGGAGACTCGAGTGA	7	3	8
day4_GAGGAGACTGGCTGTC	7	3	8
day4_GAGGCACCTTCGGAGA	7	3	8
day4_GAGGCCACTACGACAG	7	3	8
day4_GAGGCCACTGACAGAC	9	3	7
day4_GAGGCCACTTTCAGTG	8	4	9
day4_GAGGGATACACTGCCG	9	3	7
day4_GAGGGATACGGACCCT	8	3	9
day4_GAGGGATACTGGCATT	8	3	9
day4_GAGGGTAACATGATGA	7	3	7
day4_GAGGGTAACCATGATC	6	3	2
day4_GAGGTACGAGTCGTTA	9	3	7
day4_GAGGTCCACAGCGTGA	8	4	9
day4_GAGGTCCACGGTCATT	8	4	9
day4_GAGGTTACTACGGGTA	8	4	9
day4_GAGGTTACTCTAACAC	7	3	8
day4_GAGGTTACTCTTCCAC	9	3	7
day4_GAGTATCACACTGAGG	7	4	8
day4_GAGTATCACTTCACAG	7	3	2
day4_GAGTATCTGCATCCAA	10	3	9
day4_GAGTATCTGCTTCCAC	8	3	8
day4_GAGTATCTGTCACAAC	9	3	7
day4_GAGTATGCTATCTGCA	8	4	9
day4_GAGTCCTCTACTGTGT	6	4	2
day4_GAGTCTATGGACCGAA	7	3	8
day4_GAGTGAGTGGTCCCGA	9	3	7
day4_GAGTGATCTCAGCGCT	7	3	8
day4_GAGTGATCTTGGCAGA	7	3	8
day4_GAGTGATCTTTCAGGT	7	3	8
day4_GAGTGCCACACCCTTC	9	3	7
day4_GAGTGCCACAGGCATG	7	3	8
day4_GAGTGCCACTGCTTGA	7	3	8
day4_GAGTGCCTGCACAGCC	7	3	8
day4_GAGTGCCTGCCCTGAG	7	3	8
day4_GAGTGCCTGCGCTTGG	7	3	8
day4_GAGTGGCCTGACAGAC	7	3	8
day4_GAGTGGCCTGTTAGGG	9	3	7
day4_GAGTTGGGAACACGGA	7	3	8
day4_GATAAAGACATGTTGC	7	3	8
day4_GATAAGTGACTACCGG	7	3	8
day4_GATACACTGAAGGTAT	7	3	8
day4_GATACACTGCTAGAGG	7	3	8
day4_GATACACTGTCCTTCG	7	3	8
day4_GATACGTTGACCCGCA	9	3	7
day4_GATACGTTGGACTACT	7	3	8
day4_GATACGTTGGTTGACT	7	3	8
day4_GATACTGTGACTTCCC	8	4	9
day4_GATACTGTGATCAGTC	7	3	8
day4_GATACTGTGGGCTCTG	8	3	9
day4_GATACTTCTTCGTAGT	7	3	8
day4_GATAGAAACAATGAAC	7	3	8
day4_GATAGAAACCCTCATC	9	3	7
day4_GATAGATGAAAACTGA	8	4	9
day4_GATAGATGACATTTCT	7	3	8
day4_GATAGATGAGTGGCCT	7	3	8
day4_GATAGGCGATTTGACG	7	3	8
day4_GATAGGGTGCATTTCT	7	3	8
day4_GATAGTAGAAGTCTTG	8	3	8
day4_GATAGTCACATTCCTT	7	3	8
day4_GATAGTCACCAGGTAG	7	3	8
day4_GATAGTCACCCTGTAA	8	3	9
day4_GATAGTCACTATTCCT	9	3	7
day4_GATCAACACGGATAAT	7	3	8
day4_GATCAGTTGAGCTACT	7	3	8
day4_GATCAGTTGGTTAGGG	8	4	9
day4_GATCCAATGACATCAC	9	3	7
day4_GATCCATGATGGCTGC	8	4	9
day4_GATCCGGACCGGCACT	7	3	8
day4_GATCCGTCTCGCTTCT	7	3	8
day4_GATCCGTCTGAAGGTC	7	3	8
day4_GATCCTCACAATGCAA	7	3	8
day4_GATCCTCACACGTAAA	7	3	8
day4_GATCGAGGAAGACACG	8	4	9
day4_GATCGAGGAGAGTCTT	8	4	9
day4_GATCGAGGAGTGACCC	8	4	9
day4_GATCGCCGACTTATGG	7	3	8
day4_GATCGGAGAAGTTACC	7	3	8
day4_GATCGGAGATCACACA	7	3	8
day4_GATCGTAACAAACCAA	7	3	8
day4_GATCGTAACCGCGTGT	9	3	7
day4_GATCGTAACTCCTTCG	8	4	9
day4_GATCTAGACGATTACC	7	3	8
day4_GATCTAGACTAGCATC	7	3	8
day4_GATCTCAGAACGACTT	7	3	8
day4_GATCTCAGACACTAAC	9	3	7
day4_GATCTCAGACGCGTGT	7	3	8
day4_GATGAATGAGGGCTTC	9	3	7
day4_GATGAATGAGTATCTG	7	3	8
day4_GATGACACTAGGGTCA	7	3	8
day4_GATGACACTTCGAGGA	9	3	7
day4_GATGACTTGCAAGTGG	8	4	9
day4_GATGAGCGATAAACCC	7	4	8
day4_GATGAGCGATCTAACG	7	3	8
day4_GATGAGCGATGGCTGC	9	4	7
day4_GATGAGGACACGAGCA	7	3	8
day4_GATGAGGACCTGGCTG	7	3	8
day4_GATGAGGACTTGCTGA	9	3	7
day4_GATGAGTCTGTAGCCC	8	4	9
day4_GATGAGTCTTGAGCCC	7	3	8
day4_GATGATCACGCTAACT	7	3	8
day4_GATGATCTGGCCTGCA	9	3	7
day4_GATGCAACTTATCGCA	7	3	8
day4_GATGGTACTAGCTTGT	9	3	7
day4_GATGGTACTGCGTGTC	6	3	2
day4_GATGGTACTTACCGTA	8	4	7
day4_GATGGTACTTTGTAGC	7	3	8
day4_GATGGTTTGCCGCAAC	8	4	9
day4_GATGGTTTGGCTGCAC	9	3	7
day4_GATGTACACCAGAAAT	7	3	8
day4_GATGTACACCCCACGA	7	3	8
day4_GATGTACACCGTGCTG	9	3	8
day4_GATGTCTGAAGGACAC	7	3	8
day4_GATGTCTGACGGTAGA	9	3	7
day4_GATGTCTGATTCGGGC	7	3	8
day4_GATGTTGACCTTGCGG	7	3	8
day4_GATGTTGACGTTTGAC	9	3	7
day4_GATGTTGTGCTCGCTT	9	3	7
day4_GATTACGACGCAGCAA	7	3	8
day4_GATTATCCTCGTGAGA	7	3	8
day4_GATTATCCTGCAATAA	7	3	8
day4_GATTATCCTGGGATGT	8	3	9
day4_GATTATCCTTAGCATC	9	3	7
day4_GATTCTACTACGTGCC	7	3	8
day4_GATTCTACTCCGCATG	7	3	8
day4_GATTGCCCTACCCGTG	8	4	9
day4_GATTGCCCTATAGGAT	7	3	8
day4_GATTGCCCTTTGAGGG	9	3	7
day4_GATTGCTGATGACGCC	7	4	8
day4_GATTGGTACCGTCCAG	7	3	8
day4_GATTGGTACGAGTCCC	7	3	8
day4_GATTGGTTGGAAAGCC	7	3	8
day4_GATTGGTTGTAGATCC	10	3	9
day4_GATTTCGGAAACGTGG	8	4	9
day4_GATTTCGGACACTAAC	7	3	8
day4_GATTTCGGAGTTCTTT	8	4	9
day4_GATTTCTTGGTTCTTT	9	3	7
day4_GATTTGGACTCTACAG	9	3	7
day4_GATTTGGTGATAGTAG	7	3	8
day4_GATTTGGTGGATCCAT	7	3	8
day4_GCAAAGGACAACGAAT	7	3	8
day4_GCAAAGGACACGTGCC	7	3	8
day4_GCAAAGGACGACTACT	8	4	9
day4_GCAAAGGACTTCACTT	8	4	9
day4_GCAAATGCTATCACAC	9	3	7
day4_GCAACAGGACAAACTC	9	3	7
day4_GCAACATTGATGGCCC	9	3	7
day4_GCAACGCTGACTAGAA	7	3	8
day4_GCAACGCTGGACACCC	6	3	2
day4_GCAACTTGAATCGCAT	7	3	8
day4_GCAACTTGACTAAGGG	7	3	8
day4_GCAAGCCACTACTTCT	8	4	9
day4_GCAAGCCACTTGGTGT	6	3	2
day4_GCAAGCCACTTTGGGT	7	3	8
day4_GCAAGCCTGACCAATC	8	3	9
day4_GCAAGGAACACCCGTG	7	3	8
day4_GCAAGGAACAGGCTGA	7	3	8
day4_GCAAGGAACGGGTTAG	7	3	8
day4_GCAAGGATGAGCCACC	8	4	9
day4_GCAAGGATGCAGCGCT	6	3	2
day4_GCAAGGATGCTGGTTA	8	4	9
day4_GCAAGGATGTAACCAC	7	3	8
day4_GCAAGGTGACAGCGCT	9	3	7
day4_GCAAGGTGATGAGCGA	7	3	8
day4_GCAATACACTCTAACG	7	3	8
day4_GCAATACACTGGTACT	7	3	8
day4_GCAATGACTCACGGTC	7	3	8
day4_GCAATGTACACGCTTA	7	3	8
day4_GCAATGTACCAAGATA	7	3	8
day4_GCAATTTCTACCCAGC	7	3	8
day4_GCAATTTCTCGAAGCA	7	3	8
day4_GCAATTTCTCTTCATT	7	3	8
day4_GCAATTTCTGATCACT	7	3	8
day4_GCAATTTCTGTCGATT	7	3	8
day4_GCACAATTGACACCCG	7	3	8
day4_GCACACGTGATCGCAT	8	3	8
day4_GCACACGTGATTGAAG	7	3	8
day4_GCACACGTGCTGTATG	7	3	8
day4_GCACACGTGGATCTAC	7	3	8
day4_GCACACGTGGGGCTCT	9	3	7
day4_GCACACTCTGGTTCCG	7	3	8
day4_GCACACTCTTTGCAGT	8	4	9
day4_GCACAGCTGACAGTAA	7	3	8
day4_GCACAGCTGTGGAATA	7	3	8
day4_GCACAGGCTAACCTAC	7	3	8
day4_GCACAGGCTATTCTCT	7	3	8
day4_GCACAGGCTCACTGGC	8	3	9
day4_GCACAGGCTCGAGTGA	10	3	9
day4_GCACAGGCTGACGGAT	7	3	8
day4_GCACAGGCTGCAGGTA	7	3	8
day4_GCACAGGCTTGAGCAG	7	3	8
day4_GCACATAACGAGCAAC	7	3	8
day4_GCACATAACGATATGA	7	3	8
day4_GCACGAAGAATTTCTC	10	3	8
day4_GCACGAAGACCCGGTA	7	3	8
day4_GCACGAAGATCTACGA	8	4	9
day4_GCACGAGCTTCACAGT	8	4	9
day4_GCACGCATGTTCTCGC	7	3	8
day4_GCACGGTACAAGTATG	10	3	9
day4_GCACGGTACTAACACC	7	3	9
day4_GCACGGTACTTCAGGT	7	3	8
day4_GCACGGTTGCGGGAAT	8	4	9
day4_GCACGTGACCTCATGA	9	3	7
day4_GCACGTGTGAACCCTA	9	3	7
day4_GCACGTTCTCAGAAAT	7	3	8
day4_GCACGTTCTGGATATA	7	3	8
day4_GCACGTTCTTAACACC	9	3	7
day4_GCACTCGGACATGAAA	8	3	9
day4_GCACTCGGATGGGATG	7	3	8
day4_GCACTCTTGACATGAA	7	3	8
day4_GCACTCTTGGGGCTTC	8	4	9
day4_GCACTGCGATAAAGAC	9	3	7
day4_GCACTTCTGATTAGGA	7	3	8
day4_GCACTTCTGCAGCGAA	8	4	9
day4_GCAGAACGACATCACA	7	3	8
day4_GCAGAACGATGATGTC	8	4	9
day4_GCAGACCACCTGCTCT	7	3	8
day4_GCAGACCACTGAGGGT	7	3	8
day4_GCAGACCACTGGGAGT	7	3	8
day4_GCAGACGCTGTAACTC	7	4	8
day4_GCAGATACTTAAACCC	7	3	8
day4_GCAGATACTTCACGCG	8	4	9
day4_GCAGATGGAACCCTTC	9	3	7
day4_GCAGCCATGGACACCC	10	3	9
day4_GCAGCTCGAACCGGAA	7	3	8
day4_GCAGCTCGATCTATTC	9	3	7
day4_GCAGCTGTGTTGCTCC	7	3	8
day4_GCAGGACCTAACGTAA	7	3	8
day4_GCAGGACCTCACGCCA	7	3	8
day4_GCAGGACCTCCCAGTG	9	3	7
day4_GCAGGATGACTAAGGG	7	3	8
day4_GCAGGCTTGAAGATCA	7	3	8
day4_GCAGGTCACAGCCACC	9	3	7
day4_GCAGGTCACGTAGCCC	7	3	8
day4_GCAGGTCACTACCGTA	7	3	8
day4_GCAGGTCTGACCAGAG	7	3	8
day4_GCAGGTCTGATGGAAT	7	3	8
day4_GCAGGTCTGGAGTGAC	9	3	7
day4_GCAGGTCTGGGAATTA	7	3	8
day4_GCAGGTCTGTCGGTAT	9	3	7
day4_GCAGGTGCTATCTGCA	7	3	8
day4_GCAGTAGGACCTGCAG	7	3	8
day4_GCAGTCCGAAGTGTGG	7	3	8
day4_GCAGTCGACTCTAACG	7	3	8
day4_GCAGTTTGACTTGCGG	8	4	9
day4_GCAGTTTGATTCTTTG	7	3	8
day4_GCATACAACCACTCAA	7	3	8
day4_GCATACAACGGGAGGA	7	3	8
day4_GCATACAACTTGGTTG	7	3	8
day4_GCATATGACAGCCATT	7	3	8
day4_GCATATGACAGTGTGG	7	3	8
day4_GCATATGACTACCATG	7	3	8
day4_GCATATGACTAGATAG	7	3	8
day4_GCATATGTGAATACAG	7	3	8
day4_GCATATGTGGCAGGTA	7	3	8
day4_GCATGAACTTGATGTC	7	3	8
day4_GCATGCGACTCACCCT	9	3	7
day4_GCATTACGAGTGTTAC	8	4	9
day4_GCATTCAGACGAGGTA	7	3	8
day4_GCATTCCACCCCTCAT	8	4	9
day4_GCATTCGCTACATCCA	7	3	8
day4_GCATTCGCTATCACCA	7	3	8
day4_GCATTCGCTTATTCCT	8	4	9
day4_GCATTGTGACGAGAGT	7	3	8
day4_GCATTTACTACGACAG	7	3	8
day4_GCATTTACTCCGCACA	7	3	8
day4_GCATTTACTCTAGAGG	7	3	8
day4_GCATTTACTGGCTCTG	7	3	8
day4_GCATTTACTTCGAATC	8	3	9
day4_GCATTTGGAATTTCCT	7	3	8
day4_GCATTTGGACCATAAC	7	3	8
day4_GCATTTGGAGACGGAT	7	3	8
day4_GCCAACGACCGTTACA	7	3	8
day4_GCCAACGACTTCTGGA	7	3	8
day4_GCCAACGTGCCAAAGG	7	3	8
day4_GCCACCAGACGAGAGT	9	3	7
day4_GCCACGATGACATGAA	7	4	8
day4_GCCACGATGAGGTAGC	8	4	9
day4_GCCACGATGTACTCCC	9	3	7
day4_GCCACGATGTAGAATG	7	3	8
day4_GCCACGATGTGAGCCC	7	3	8
day4_GCCAGAAGATGTTCGA	7	3	8
day4_GCCATATGACCTCTTG	8	4	9
day4_GCCATATGACTGTGAT	7	3	8
day4_GCCATCTTGATGACTC	7	3	8
day4_GCCCAATCTAGTCATC	7	4	8
day4_GCCCAATCTGGCTCAC	7	3	8
day4_GCCCAGATGCTTTGTT	7	3	8
day4_GCCCAGTGACATGGAG	7	3	8
day4_GCCCAGTGACGTTGGC	7	3	8
day4_GCCCAGTGAGAATGTA	7	3	8
day4_GCCCAGTGAGGTAGAC	7	3	8
day4_GCCCGAATGATAGTGA	7	3	8
day4_GCCCGAATGTATCACG	8	4	9
day4_GCCCGATGAGTTCTTT	8	4	9
day4_GCCCTATACCTTCGGG	10	3	9
day4_GCCCTATACGGGTGTA	8	4	9
day4_GCCCTATTGTCGAGAG	8	4	9
day4_GCCCTCTCTGTGGCCT	7	3	8
day4_GCCCTTAACACTGAAA	8	4	9
day4_GCCCTTAACAGCCACC	7	3	8
day4_GCCCTTAACAGGTAGC	7	3	8
day4_GCCCTTAACAGGTTCT	7	3	8
day4_GCCCTTAACGTGTGTT	9	3	7
day4_GCCCTTAACTACTTCT	7	3	8
day4_GCCGATGACTCACGGC	7	3	8
day4_GCCGCATGAAACAGGC	7	3	8
day4_GCCGTAGTGATAGTAG	7	3	8
day4_GCCGTAGTGGGACGAT	7	3	8
day4_GCCGTAGTGTCCTTCG	7	3	8
day4_GCCGTGATGCATGAGG	7	3	8
day4_GCCGTGATGGTTAGGG	7	3	8
day4_GCCGTGATGTGGTACT	7	3	8
day4_GCCTATGCTACGTTCA	6	3	2
day4_GCCTCATACGAGCAAC	7	3	8
day4_GCCTCATACGCTCTCT	7	3	8
day4_GCCTCTCCTACCAGAG	8	4	9
day4_GCCTCTTGACGCAAGA	7	3	8
day4_GCCTGAGACGGGCTTC	7	3	8
day4_GCCTGAGACTTCTGAG	7	3	7
day4_GCCTGGAACCACCCGA	8	4	9
day4_GCCTGGAACCTCGTGG	8	4	9
day4_GCCTGGAACGAACATA	7	3	7
day4_GCCTGTTACGAGGAAA	10	3	9
day4_GCCTGTTACGTATAGA	7	3	8
day4_GCCTGTTTGCTCTATT	7	3	8
day4_GCCTGTTTGGGCGATA	7	3	8
day4_GCCTGTTTGGTGACCC	9	3	7
day4_GCCTGTTTGTCGCGAC	7	4	8
day4_GCCTTCATGCACCCGA	7	3	8
day4_GCCTTCATGCCCGTAG	8	4	9
day4_GCCTTCATGGAAATAC	9	3	7
day4_GCCTTCATGGATGAAT	7	3	8
day4_GCGAAGATGACCTGGC	7	3	8
day4_GCGAAGATGTTCTGAG	7	3	8
day4_GCGAATGGAACCCGCA	7	3	8
day4_GCGAATGGAAGCGTGA	7	3	8
day4_GCGAATGGAGCCTGTG	8	4	9
day4_GCGACACACCAACCTA	7	3	8
day4_GCGACACACGCGCTCA	7	3	8
day4_GCGACTGACAAGAATC	8	4	9
day4_GCGACTGTGAGTGCGA	8	4	9
day4_GCGACTGTGCACAAGG	8	4	9
day4_GCGACTGTGTCATTTC	9	3	7
day4_GCGAGCACTCAGGTAG	7	3	8
day4_GCGAGTCACCGGAATG	7	3	8
day4_GCGAGTCACGAATTGA	7	3	8
day4_GCGAGTGCTCACGCAC	7	3	8
day4_GCGAGTGCTGGTACTT	7	3	8
day4_GCGAGTGCTTCAGGTT	9	3	7
day4_GCGATCTCTCGATCAT	7	4	8
day4_GCGATCTCTTAGATAG	8	4	9
day4_GCGATTAACAGGAATT	7	3	8
day4_GCGATTATGAGTGTGG	9	3	7
day4_GCGATTATGGAACGGT	7	3	8
day4_GCGATTCCTGACCGAA	7	3	8
day4_GCGCAAAGACATTACG	7	3	8
day4_GCGCAACTGGTGATTC	9	3	7
day4_GCGCACTGATCCAACA	7	4	8
day4_GCGCACTGATCTACGA	9	3	9
day4_GCGCAGTACCCATGCG	7	3	8
day4_GCGCAGTACTGGGTTT	7	3	8
day4_GCGCGATACGGACAGT	7	3	8
day4_GCGCGATACGTGATTC	7	3	8
day4_GCGCGATACTGACTCA	8	4	9
day4_GCGCGATTGTGTGGGA	7	3	8
day4_GCGCTGAACCTCGCTT	7	3	8
day4_GCGCTGAACTAACCGT	7	3	8
day4_GCGCTGAACTAGAGAT	7	3	8
day4_GCGCTGAACTGGGTAG	7	3	8
day4_GCGCTGATGTAGATCC	7	3	8
day4_GCGGAACCTACGTTCA	7	3	8
day4_GCGGAGTCTATAACCC	7	3	8
day4_GCGGAGTCTCAAGGGT	9	3	7
day4_GCGGAGTCTGAGGAGG	7	3	8
day4_GCGGCTTGATAACTGC	7	4	8
day4_GCGGGTTACATCAGTC	7	3	8
day4_GCGGTCTGAAAGGAAG	7	3	8
day4_GCGGTTGTGAATACCC	7	3	8
day4_GCGGTTGTGACTCACA	7	3	8
day4_GCGGTTGTGTATCGCA	8	4	9
day4_GCGTATCCTATGGACG	7	3	8
day4_GCGTATCCTCAGCGAA	9	3	7
day4_GCGTATCCTCGGGAAT	7	3	8
day4_GCGTCTTTGTAGCTAC	9	3	8
day4_GCGTCTTTGTTATGCG	7	3	8
day4_GCGTGAAGACACGCAC	8	4	9
day4_GCGTGAAGATACCTGA	8	4	9
day4_GCGTGAAGATCTCCCA	7	3	8
day4_GCGTGACTGACTGGGA	8	4	8
day4_GCGTGACTGGGGTATG	8	4	9
day4_GCGTGACTGTATCGCA	7	3	8
day4_GCGTGCAACTGCTTGA	7	3	8
day4_GCGTGGTACAGGAATT	8	4	9
day4_GCGTGGTTGACAGTAA	6	3	2
day4_GCGTTCGGATTCCGGG	7	3	8
day4_GCGTTGGACGATCAAA	8	4	9
day4_GCGTTTAGACAAGGGT	7	3	8
day4_GCGTTTAGACATCGAT	7	3	8
day4_GCTACAATGATGGCTT	7	3	8
day4_GCTACAATGGAATTGA	7	3	8
day4_GCTACAATGTTTGAGC	7	3	8
day4_GCTACCGGAACTGTGT	9	3	7
day4_GCTACTCACCAGCCCA	7	3	8
day4_GCTACTCACGTGTCCG	8	4	9
day4_GCTACTCACTAGGAAT	10	3	9
day4_GCTAGAGGAGCTTATG	9	3	7
day4_GCTAGAGGAGTGTTAC	7	3	8
day4_GCTAGATTGGCGCTCA	7	3	8
day4_GCTAGATTGGGAAGTC	9	3	7
day4_GCTAGATTGGTTGGAG	7	3	2
day4_GCTAGATTGTCGTGAT	7	3	8
day4_GCTAGATTGTGCATCA	7	3	8
day4_GCTCAGTCTACGTTCA	8	4	9
day4_GCTCAGTCTGTAACTC	9	3	7
day4_GCTCCATACAGATTGA	7	3	8
day4_GCTCCATACATGGCTT	7	3	8
day4_GCTCCTATGAGACCGA	7	3	8
day4_GCTCCTATGCTGTAAC	7	3	8
day4_GCTCCTTGAATCGGAG	7	3	8
day4_GCTCCTTGAGAAGTAT	7	3	8
day4_GCTCCTTGAGGACGAT	6	3	2
day4_GCTCCTTGAGTGGACA	7	3	8
day4_GCTCGCAGAAATCCCA	8	3	9
day4_GCTCGCAGACCATAAC	7	3	8
day4_GCTCGGATGCGGCTGT	7	3	8
day4_GCTCGTACTCGAAAGC	7	3	8
day4_GCTCGTTTGAGTGAAT	7	3	8
day4_GCTCGTTTGCGATAGG	7	3	8
day4_GCTCTAGCTACGGAAC	9	3	7
day4_GCTCTCAACCCATGGC	7	3	8
day4_GCTCTGTACAACATCC	8	4	9
day4_GCTCTGTACACGGAAC	7	3	8
day4_GCTCTGTACCGCGTCA	7	3	8
day4_GCTCTGTACGGAAGAA	6	3	2
day4_GCTCTGTACGTAACTC	7	3	8
day4_GCTCTGTACTTCACAG	7	4	8
day4_GCTCTGTTGAAACCCT	7	3	8
day4_GCTCTGTTGCCATAGT	6	3	2
day4_GCTGAAACTAGAGGAA	7	3	8
day4_GCTGAAACTTACTGCA	7	3	8
day4_GCTGAAGGAAACGGTG	7	3	8
day4_GCTGAAGGACATTCAG	7	3	8
day4_GCTGAAGGATGGGTAG	7	3	8
day4_GCTGACCGACGCGTGT	8	4	9
day4_GCTGACGACACGGATG	7	3	8
day4_GCTGAGGCTCAAGCGA	7	3	8
day4_GCTGAGGCTTTTCTGT	7	3	8
day4_GCTGATTGACAGACCC	7	3	8
day4_GCTGATTGAGAAGGTC	8	4	9
day4_GCTGATTGAGCCCTGA	7	3	8
day4_GCTGATTGATACCTGA	7	3	8
day4_GCTGGAAGACTCACGG	7	3	8
day4_GCTGGAAGACTGAAGG	8	4	9
day4_GCTGGGTACAGGTCCC	7	3	8
day4_GCTGGGTACGTCTATG	7	3	8
day4_GCTGGTGTGTAAACCC	8	4	9
day4_GCTGGTGTGTTGCTCC	7	3	8
day4_GCTGTACCTCGGCACT	7	3	8
day4_GCTGTATGAAGCACGA	8	4	9
day4_GCTGTATGACATCTCC	7	3	8
day4_GCTGTCGGAACTCCCT	7	3	8
day4_GCTGTCTACAACCTAC	7	3	8
day4_GCTGTCTACACATCGT	7	3	8
day4_GCTGTCTACCAACCAT	7	4	8
day4_GCTGTCTACCCAGACC	7	3	8
day4_GCTGTCTACTGTGAAA	7	3	8
day4_GCTGTGGACTAGGAAT	7	3	8
day4_GCTGTTGCTAAGGAAG	7	3	8
day4_GCTGTTGCTTGGTAAA	8	4	9
day4_GCTTACAGAGACTAAA	7	3	8
day4_GCTTAGAACAGCCAGA	8	4	9
day4_GCTTAGAACATCCCTC	6	3	2
day4_GCTTATGGAGTCGATT	8	3	8
day4_GCTTATTTGACCTGTA	7	3	8
day4_GCTTCCATGCATAGTC	7	3	8
day4_GCTTCGACTGACTGCC	7	3	9
day4_GCTTCGACTGCTGCTG	9	3	8
day4_GCTTCGACTGGATATA	7	3	8
day4_GCTTCGACTTATGTGC	7	3	8
day4_GCTTCTCGACTCATGA	7	3	8
day4_GCTTCTCGATAACTCG	8	4	9
day4_GCTTCTGTGTCTGGCG	7	3	8
day4_GCTTGGTCTCAACATC	7	3	8
day4_GCTTGTCTGACGGAAC	7	3	8
day4_GCTTGTCTGTCGTCCT	7	3	8
day4_GCTTGTCTGTTATCCT	7	3	8
day4_GCTTTCGTGAAGGGTC	8	4	9
day4_GCTTTCGTGACATCAC	7	4	8
day4_GCTTTCGTGGGGATGT	7	3	2
day4_GCTTTCGTGGTTCTTT	7	4	8
day4_GCTTTGAGAAGACCAG	7	3	8
day4_GGAAACGACCGCTTGG	7	3	8
day4_GGAAACGACGCCTGTG	7	3	8
day4_GGAAAGCTGGATCTAC	7	3	8
day4_GGAAAGGCTCGCGTCA	7	4	8
day4_GGAAAGGCTCTGTACA	8	4	9
day4_GGAAAGGCTTTAGTGC	7	3	8
day4_GGAACACGAGAGTCCC	8	4	9
day4_GGAACAGTGCCGCATG	7	3	8
day4_GGAACAGTGGAGAGAA	8	3	9
day4_GGAACGATGTGAGGGT	10	3	9
day4_GGAACTGGACGATTCA	8	4	9
day4_GGAAGAAGACAATCTG	7	3	8
day4_GGAAGACACAATTGAG	7	3	8
day4_GGAAGACACCTCCCAT	7	3	8
day4_GGAAGACTGAGGTCGA	7	3	8
day4_GGAAGACTGCCTCGAG	7	3	8
day4_GGAAGAGCTCCATCGG	7	3	8
day4_GGAAGCCCTCTGAAGG	9	3	7
day4_GGAAGCTGAGTTAGGG	9	3	7
day4_GGAAGGTACCAGGCTC	7	3	8
day4_GGAAGTTCTAGATTCC	7	3	8
day4_GGAAGTTCTCTCGCTT	8	4	9
day4_GGAATCACTTCGTAAC	7	3	8
day4_GGAATGGTGTTACCTT	9	3	7
day4_GGAATTAGAAATCAAG	8	3	9
day4_GGAATTAGAAGCCTCG	7	3	8
day4_GGAATTAGAATCGCAT	7	3	8
day4_GGAATTCTGACGTAAA	7	3	8
day4_GGAATTCTGCGAAGTG	9	3	7
day4_GGAATTGCTCGGGTCT	7	3	8
day4_GGAATTGCTGGGTTCC	7	3	8
day4_GGAATTGCTTCGGAGA	9	3	7
day4_GGACAAGACACCGGAA	8	4	9
day4_GGACAAGACAGTTGGG	8	4	9
day4_GGACAAGTGACAAACA	7	3	8
day4_GGACAAGTGCGCACTG	7	3	8
day4_GGACAAGTGGGTTGAG	7	4	8
day4_GGACACGCTATTGCTG	7	3	8
day4_GGACACGCTCGATTAC	7	3	8
day4_GGACACGCTTATCCGA	7	3	8
day4_GGACAGTGAAGACCAG	9	3	7
day4_GGACAGTGAGGACGTA	7	3	8
day4_GGACCAAGAACCTCCT	7	3	8
day4_GGACCACACATTCGAC	7	3	8
day4_GGACCACACTGTGGTT	7	3	8
day4_GGACCCATGAGCAATA	7	3	8
day4_GGACCCATGGAAATCA	7	3	8
day4_GGACGACCTCATAGTC	7	3	8
day4_GGACGCACTAGCTACT	7	3	8
day4_GGACGCACTAGCTTGT	9	3	7
day4_GGACGCACTAGTTCCA	7	3	8
day4_GGACGCACTTCATTGG	8	4	9
day4_GGACGCACTTGTGATC	7	3	8
day4_GGACGCTACCAGCGCT	8	4	9
day4_GGACGCTACCATCGGC	7	3	8
day4_GGACGCTACTCCACAA	7	3	8
day4_GGACGTCACAACGGTG	7	3	8
day4_GGACGTCACAAGAATC	9	3	7
day4_GGACGTCACTGGCTGC	9	4	7
day4_GGACGTCACTTCCCAC	8	4	9
day4_GGACGTGCTATAGAAC	7	3	8
day4_GGACTATTGACTGTGT	7	3	8
day4_GGACTATTGAGTGTCT	7	3	8
day4_GGACTATTGATCAGGG	8	4	9
day4_GGACTATTGCTCTATT	7	3	8
day4_GGACTGCTGTACTACG	9	3	7
day4_GGACTTCCTCCGATCG	7	3	8
day4_GGAGAGGGAAATACCC	7	3	8
day4_GGAGCCTACCATGATC	9	3	7
day4_GGAGCGTCTGCCCTGA	8	4	9
day4_GGAGCTCACGTCTAAC	8	3	9
day4_GGAGCTCACTCTTGTT	8	4	9
day4_GGAGGTTGAAAGACAT	7	3	8
day4_GGAGGTTGATCCTGAA	9	3	7
day4_GGAGGTTGATGGAGCA	9	3	7
day4_GGATAATGATGATCCA	7	3	8
day4_GGATACTTGAGCTATC	7	3	8
day4_GGATACTTGCCCAACG	7	3	8
day4_GGATACTTGGGGTTAG	9	3	7
day4_GGATAGGTGGGATCAG	7	3	8
day4_GGATCATACAGTCTTG	7	3	8
day4_GGATCATACTCCCTCA	8	4	9
day4_GGATCATACTGTGAGG	7	3	8
day4_GGATCCGTGTCGAGAG	9	3	7
day4_GGATCCTCTCGTGGCT	7	3	8
day4_GGATCCTCTCTGGTTA	8	4	9
day4_GGATCCTCTTCACTTT	7	3	8
day4_GGATCTATGATTCTCT	9	3	7
day4_GGATGCCACGACTCTA	7	3	8
day4_GGATGCCACGTAACTC	8	4	9
day4_GGATGCCACTGCAGGA	8	4	9
day4_GGATGCGCTCGATCTA	7	4	8
day4_GGATGTTACGAACATA	7	3	8
day4_GGATTAAGAATGACTC	9	3	7
day4_GGATTAGCTATGCTCA	8	4	8
day4_GGATTAGCTGGTAGGT	7	3	8
day4_GGATTCAACTGTGAAA	9	3	7
day4_GGATTCATGCTGAAGG	7	3	8
day4_GGATTCATGGCATTCA	7	3	8
day4_GGATTTGACCAACATC	7	3	8
day4_GGATTTGACCTCGCAG	7	3	8
day4_GGATTTGTGAACGGTG	7	3	8
day4_GGATTTGTGAGTCATC	7	3	8
day4_GGATTTGTGGTGGATG	9	3	7
day4_GGCAAGAACCAGAACG	7	3	8
day4_GGCAAGAACTTTCTAC	9	3	7
day4_GGCAATACTCTACAAC	7	3	8
day4_GGCAATTTGCAAGAAT	9	3	7
day4_GGCACAAGACAAGGGT	8	4	9
day4_GGCACAAGATCATGCA	8	3	8
day4_GGCACACTGTGAATGA	7	3	8
day4_GGCACAGCTCGTGAGA	7	3	8
day4_GGCACAGCTCTCATGA	8	4	9
day4_GGCAGCTACAGTTACC	7	3	8
day4_GGCAGCTTGAGCGATG	7	3	8
day4_GGCAGCTTGAGTCACT	8	4	9
day4_GGCAGCTTGATTGGCT	8	4	9
day4_GGCAGCTTGGGTTACT	7	3	8
day4_GGCAGCTTGTCAAAGA	7	3	8
day4_GGCATGAGAATTAGGA	7	3	8
day4_GGCATGAGACCTGAAT	7	3	8
day4_GGCATGCTGTGCTGGC	7	3	8
day4_GGCATGGCTGGTCTAT	9	3	7
day4_GGCATTATGAGAATCA	7	3	8
day4_GGCATTATGATCACAC	7	3	8
day4_GGCATTATGATCGGAG	8	4	9
day4_GGCATTTGAATGACTC	7	4	8
day4_GGCCACATGAGGTAGC	7	3	8
day4_GGCCACATGCCAAGCC	7	3	8
day4_GGCCACATGCCGCAAC	8	4	9
day4_GGCCATGACGAACATA	7	3	8
day4_GGCCATGACTGTTGGT	7	4	8
day4_GGCCTAGTGCGCTCAG	8	3	9
day4_GGCGATAGACCTGATA	7	3	8
day4_GGCGATAGAGAGTAAT	8	4	9
day4_GGCGATAGAGTTGAGG	7	3	8
day4_GGCGATAGATGGTCAT	7	3	8
day4_GGCGTACACAACGTAA	8	4	9
day4_GGCGTACACGGACAAC	7	3	8
day4_GGCGTGTACAATCACC	7	3	8
day4_GGCGTGTACAGTCCCG	8	4	9
day4_GGCGTTCGAAAACCCT	7	3	8
day4_GGCGTTCGAAAGTGAT	7	3	8
day4_GGCGTTGACCCAATAC	7	3	8
day4_GGCGTTGACCGACCGT	7	3	8
day4_GGCGTTGTGCATGGTT	7	3	8
day4_GGCGTTGTGCTTCATT	7	3	8
day4_GGCTAGCACAGCCAGA	7	3	8
day4_GGCTAGCACGACAGGT	7	3	8
day4_GGCTATAACTCCAAAC	9	3	7
day4_GGCTATATGACCCGTG	7	3	8
day4_GGCTATATGCGATCGC	7	4	8
day4_GGCTATATGGCTTACA	8	3	8
day4_GGCTCGAACCGTCGCA	7	3	8
day4_GGCTCGAACGTTGACT	9	3	7
day4_GGCTCGATGAAGGGTC	7	3	8
day4_GGCTCGATGCTAGAGG	8	4	9
day4_GGCTCGATGGCGGTAA	7	3	8
day4_GGCTGCATGGCCATCG	7	3	8
day4_GGCTGCATGGCCCTTT	7	3	8
day4_GGCTTAATGGTTACGT	10	3	9
day4_GGCTTGTCTGAGGAAA	7	3	8
day4_GGCTTGTCTTGTGGAG	7	3	8
day4_GGGAAGACTGACAGTG	6	3	2
day4_GGGAAGACTGTGGCCT	7	3	8
day4_GGGAATGACACCCAGC	8	4	9
day4_GGGACGTCTCCTGCGA	7	3	8
day4_GGGACGTCTGATAAGT	9	3	7
day4_GGGATAGTGGGCATGA	7	3	8
day4_GGGATAGTGGTCATTG	7	3	8
day4_GGGATTACTATTGGAA	7	3	8
day4_GGGCAATGACAGCTGC	7	3	8
day4_GGGCATAGACATGGGA	7	3	8
day4_GGGCATAGATAGCTTG	9	3	7
day4_GGGCCATTGCCCAGTG	7	3	8
day4_GGGCCTAACGAGCATG	7	3	8
day4_GGGCGATCTAACCTCA	7	3	8
day4_GGGCTAAGAAATCGCT	7	3	8
day4_GGGCTAAGAAGATCCT	9	3	7
day4_GGGCTAAGAAGTAACA	7	3	8
day4_GGGCTAAGACTCCAAA	7	3	8
day4_GGGCTAGCTAAACTGA	7	3	8
day4_GGGCTAGCTTTACGAC	7	3	8
day4_GGGCTGACTCCGCAAC	8	4	9
day4_GGGCTGACTCCTCATC	8	4	9
day4_GGGCTGTTGATTCCTT	7	3	8
day4_GGGCTTCGAAATGCCT	7	3	8
day4_GGGCTTCGAAGGATAT	9	3	7
day4_GGGCTTGACAATGGCG	7	3	8
day4_GGGCTTGACCAACCTA	7	3	8
day4_GGGCTTGACCGACTTA	6	4	2
day4_GGGCTTGACTCGAATC	7	3	8
day4_GGGCTTGTGCGAACTT	9	3	7
day4_GGGCTTGTGGCATTAC	7	3	8
day4_GGGCTTGTGGGAACGT	7	3	8
day4_GGGTAACGATCCAACA	9	3	7
day4_GGGTAACGATTCCATT	8	4	9
day4_GGGTAATCTAGTAACA	8	4	9
day4_GGGTAATCTAGTGAAT	7	3	8
day4_GGGTAATCTGAACGAC	7	3	8
day4_GGGTAATCTTCTTGAG	7	3	8
day4_GGGTATTACACCTGGC	7	3	8
day4_GGGTATTACGGTTACT	7	3	8
day4_GGGTCACACATTGAAG	7	3	8
day4_GGGTCACACTCTTTGT	7	3	8
day4_GGGTCAGCTTTGTGTG	7	3	8
day4_GGGTCCAACAGATTCC	9	3	7
day4_GGGTCCAACAGCAATA	8	4	9
day4_GGGTCCAACATGGAAT	7	3	8
day4_GGGTGAATGTTGCAGT	7	3	8
day4_GGGTGACCTACAGATA	7	3	8
day4_GGGTGACCTTAGACTC	7	3	7
day4_GGGTGATGAGACAGGT	7	1	8
day4_GGGTGCACTGAGCCCT	7	3	8
day4_GGGTGCTTGTCTCAAG	7	3	8
day4_GGGTGCTTGTCTGACA	7	3	8
day4_GGGTGCTTGTTGCAGT	7	3	8
day4_GGGTGTCTGACGGATG	8	4	9
day4_GGGTGTCTGAGTGGAC	9	3	7
day4_GGGTGTCTGCTCGTGG	7	3	8
day4_GGGTTATTGCTATCTT	9	3	7
day4_GGGTTCTCTCTCCTAC	7	3	8
day4_GGGTTGAGACATGGAG	7	4	8
day4_GGTAAACCTAAGAATC	8	4	9
day4_GGTAAACCTCTAACAC	7	3	8
day4_GGTAAACCTGCGTCAC	7	3	8
day4_GGTAAACCTTAACCGT	7	3	8
day4_GGTAACTACGTATAGA	7	3	8
day4_GGTAAGCGAATCATGC	7	3	8
day4_GGTAAGCGATGAAAGT	9	3	7
day4_GGTAAGCGATGAGCGA	7	3	7
day4_GGTACAACTACGTAGG	7	3	8
day4_GGTACAGGACAGCGCT	7	3	8
day4_GGTACAGGATCACTTT	7	3	8
day4_GGTACCGACGAGGCAT	7	3	8
day4_GGTAGACGAAATGCCT	8	3	9
day4_GGTAGACGAACCAGAG	7	3	8
day4_GGTAGACGAAGCTACT	7	3	8
day4_GGTAGACGAGATCTAC	9	3	7
day4_GGTAGCCTGCCGCACA	8	4	9
day4_GGTAGCCTGCGAGAGT	8	4	9
day4_GGTAGCCTGTAGGATA	9	3	7
day4_GGTAGGAACAGGACAC	8	4	9
day4_GGTAGGAACCGAACTT	7	3	8
day4_GGTAGGTGAGCAGCCT	8	4	9
day4_GGTATACACATTCTCT	9	3	7
day4_GGTATACACTGCTTGA	7	4	8
day4_GGTATACTGAGTCCCG	8	3	8
day4_GGTATACTGCAAGATA	7	3	8
day4_GGTATGACTCTATCTT	9	3	7
day4_GGTATGACTGGACAAC	7	3	8
day4_GGTATGGGAAGCCAGA	7	3	8
day4_GGTATGGGAATTCGAC	7	3	8
day4_GGTATGGGATGCACGC	9	3	7
day4_GGTATGTACTATTCCT	9	3	7
day4_GGTATGTTGATGATGA	7	3	8
day4_GGTATGTTGGACTAAA	7	3	8
day4_GGTCAAGGATGAGGGT	7	3	8
day4_GGTCAATACAGTTGGG	8	4	9
day4_GGTCAATACTACGATC	7	3	8
day4_GGTCACTCTGCCACAC	7	3	8
day4_GGTCAGGCTATCTGTG	7	3	8
day4_GGTCAGGCTCTAACCA	7	3	8
day4_GGTCATAACGTTTGGT	7	4	8
day4_GGTCATAACTAATGAG	7	3	8
day4_GGTCCACGAAGGCCTC	7	3	8
day4_GGTCCACGAATCTGTG	8	4	9
day4_GGTCCAGTGCCGATGC	2	3	1
day4_GGTCCGAACCACTAAC	7	3	8
day4_GGTCCGAACCCTCGAG	7	3	8
day4_GGTCCGAACCGATTAC	7	3	8
day4_GGTCCGTGAATTGAAG	7	3	7
day4_GGTCCGTGACATGAGG	7	3	8
day4_GGTCCGTGAGGTTCCG	7	3	8
day4_GGTCCGTGATCCTCAC	8	4	9
day4_GGTCCTGGAGGAGTCA	7	3	2
day4_GGTCGAAGAGCTTATG	7	3	8
day4_GGTCGAAGATTGTGTG	7	3	8
day4_GGTCGAGCTCAGGGAT	9	3	7
day4_GGTCGAGCTCGGCTGT	6	3	2
day4_GGTCGGTTGCTCATGA	9	3	7
day4_GGTCGGTTGTGCTGGC	7	3	8
day4_GGTCGTCGAATCGTTG	7	3	8
day4_GGTCGTCGATTGAAAG	6	3	2
day4_GGTCGTGACACAAGTA	7	3	8
day4_GGTCGTGACTCATGCA	7	3	8
day4_GGTCTAAACCGGCTGT	10	3	9
day4_GGTCTATGAATCCGAT	7	3	8
day4_GGTCTATGACGGAATG	7	3	8
day4_GGTCTATGATCAAGAA	8	4	9
day4_GGTCTATGATGAGTCT	7	3	8
day4_GGTCTGGTGTCCACAA	9	3	7
day4_GGTGAGAACACTACGT	8	4	9
day4_GGTGAGCCTAGTCCCG	9	3	7
day4_GGTGAGTGAATGACTC	8	3	8
day4_GGTGAGTGAGGATAAT	7	3	8
day4_GGTGAGTGAGTCCTTC	7	3	8
day4_GGTGAGTGATGGTTAC	8	3	9
day4_GGTGCTCGAACGTAAA	7	3	8
day4_GGTGCTCGACGAAAGC	7	3	8
day4_GGTGCTCGAGAGAGGG	7	3	8
day4_GGTGCTCGATGCACTA	7	3	8
day4_GGTGGTAGACATCAGT	7	3	8
day4_GGTGGTAGATGACGCC	7	3	8
day4_GGTGTAGGACTCCCAT	7	3	8
day4_GGTTAACACGCAGCCT	7	3	8
day4_GGTTAACACGGATGCA	7	3	8
day4_GGTTACATGCCGTGAC	7	3	8
day4_GGTTACATGCGATCAT	9	3	7
day4_GGTTACATGTACTGCA	7	3	8
day4_GGTTAGACTAGACTAA	7	3	8
day4_GGTTAGACTCGCTCAG	8	4	9
day4_GGTTAGACTGTGCTTA	7	3	8
day4_GGTTAGACTTCCTTCG	7	3	8
day4_GGTTAGTACGTTCAAC	9	3	7
day4_GGTTAGTACTAACTCG	7	3	8
day4_GGTTATCGATCTAACG	7	3	8
day4_GGTTATGACGACTACT	9	3	7
day4_GGTTATGTGGCCTGCA	6	3	2
day4_GGTTATTCTAAAGGTT	7	4	8
day4_GGTTATTCTCTGAGAG	7	3	8
day4_GGTTCAAACGAAAGCC	7	3	8
day4_GGTTCAAACTAACTGC	7	3	8
day4_GGTTCTAGAGGAAGTC	7	3	8
day4_GGTTGAACTTGGGAGT	7	3	8
day4_GGTTGAACTTTAGTGC	9	3	7
day4_GGTTGCGACACTGTGT	8	4	9
day4_GGTTGCGACAGTTACC	7	1	8
day4_GGTTGCGACCGAGTGA	9	3	7
day4_GGTTGCTCTCCTGATA	9	3	7
day4_GGTTGCTCTTGTGACT	7	3	8
day4_GGTTGCTCTTGTTGGT	7	3	8
day4_GGTTGTCCTCCTGAAT	7	3	8
day4_GGTTTAGTGGTCGTTA	7	3	8
day4_GGTTTAGTGGTCTTGA	7	3	8
day4_GGTTTCGCTCACGTGC	10	3	9
day4_GGTTTGAACCCAAAGG	9	3	7
day4_GTAAACCACAACGCCC	8	4	9
day4_GTAAACCACCCCTGAG	7	3	8
day4_GTAAACCACCGACGCT	9	3	7
day4_GTAAACCACGAGAGAA	7	4	8
day4_GTAAACCTGCACTCAA	7	3	8
day4_GTAAATGGATGGGTAG	7	3	8
day4_GTAACAGCTAGACCGA	7	3	8
day4_GTAACAGCTAGTCAAA	7	3	8
day4_GTAACAGCTCCTACGG	7	3	8
day4_GTAACAGCTGCAGGTA	7	3	8
day4_GTAACGACTGATCCGC	7	3	8
day4_GTAAGAAACACGTGGA	7	3	8
day4_GTAAGCGGACCTCGAG	7	3	8
day4_GTAAGCTACTCTCCAC	7	3	8
day4_GTAAGGGTGGAAACGC	9	3	7
day4_GTAATCCGAAACTTCG	7	3	8
day4_GTAATCCGACGATTAC	7	3	8
day4_GTAATCGACAATCCCA	9	4	7
day4_GTAATGAGATATTCCT	7	3	8
day4_GTAATTCCTATCTGCA	7	3	8
day4_GTAATTCCTGCGCTCA	8	4	9
day4_GTACACAACAGATCGG	7	3	8
day4_GTACACAACGACTACT	7	3	8
day4_GTACACAACTTGAAAG	7	3	8
day4_GTACCATGACATGAAA	7	3	8
day4_GTACCATGAGGTTGTT	8	4	9
day4_GTACCATGATTTGGGT	8	4	9
day4_GTACCCTACGAAATCA	7	3	8
day4_GTACCGCGATAATGAG	7	3	8
day4_GTACCTCTGAACAATG	8	4	9
day4_GTACCTCTGGATATGA	8	3	9
day4_GTACGATACGACTTAC	7	3	8
day4_GTACGGCACGAGCGTA	7	3	8
day4_GTACGGCACGTGACCC	9	3	7
day4_GTACTAGTGATAGTGA	8	3	9
day4_GTAGAGCGAACCCTAA	7	3	8
day4_GTAGAGCGAGAATGTA	7	3	8
day4_GTAGAGCGATCCCGTT	7	3	8
day4_GTAGAGCGATGGGACA	7	3	8
day4_GTAGAGTCTGAAATGT	9	3	7
day4_GTAGAGTCTTGGACGA	9	3	7
day4_GTAGCAGGACCCAACG	7	3	8
day4_GTAGCAGGATGGCGCT	7	3	8
day4_GTAGCATACGTAACTC	8	3	9
day4_GTAGCCGTGCTCCATC	7	3	8
day4_GTAGGATCTATGATGA	7	3	8
day4_GTAGGATCTGTCCCGA	7	3	8
day4_GTAGGCGCTGCAATAA	8	4	9
day4_GTAGGCGCTGCGTGAA	7	3	8
day4_GTAGTACTGAAGTCTC	7	3	8
day4_GTAGTACTGCGATCAT	6	3	2
day4_GTAGTACTGCGTCCAG	7	3	8
day4_GTAGTACTGTCCAAAC	7	3	8
day4_GTAGTCAACATTTCCT	7	3	8
day4_GTAGTCAACGGTCATT	7	3	8
day4_GTAGTCATGATGTTGC	8	4	8
day4_GTAGTCATGCACCCGA	7	3	8
day4_GTAGTCATGTCTTTGT	7	3	8
day4_GTAGTGACTGTTGGTT	7	3	8
day4_GTAGTGTTGGGATGAC	9	3	7
day4_GTAGTTTCTAACAGGC	7	3	8
day4_GTATACGTGTGGCCTG	9	3	7
day4_GTATACTCTACATGAA	8	4	9
day4_GTATACTCTGAAGTTA	7	3	8
day4_GTATAGAGATCGTCCT	7	3	8
day4_GTATAGCTGATCCCAA	8	4	9
day4_GTATAGCTGCAGGGAT	8	3	8
day4_GTATAGCTGTCTAGAC	9	3	7
day4_GTATATCCTGGAAATT	7	3	8
day4_GTATCAGACGAGAACC	7	3	8
day4_GTATCAGACGAGCCCT	7	3	8
day4_GTATCCCTGATGGAAT	7	3	8
day4_GTATCGATGCAGGCAA	7	3	8
day4_GTATCGCCTCCGCAAC	8	4	9
day4_GTATCGCCTGTAAGTA	7	3	8
day4_GTATCGCCTTACCTAG	9	3	7
day4_GTATCGCCTTGCTGGC	7	3	9
day4_GTATCGTGAATGATGA	9	3	7
day4_GTATGCAACCGTTGTA	7	3	8
day4_GTATGCAACGTTAGGG	9	3	7
day4_GTATGGTACACGATTC	7	3	8
day4_GTATGTCGACCAAAGG	8	3	9
day4_GTATGTCGAGGATGCA	7	3	8
day4_GTATGTCGAGTGATTC	8	4	9
day4_GTATGTCGATGCTTGA	8	4	9
day4_GTATTCACTGTGAGAC	7	3	8
day4_GTATTCACTTGACGTT	8	4	9
day4_GTATTCTACCGGCTGT	8	4	9
day4_GTATTCTACCTAACCA	9	3	7
day4_GTATTCTTGCTTGCGG	7	3	8
day4_GTCAATCGAATCCCAA	7	3	8
day4_GTCAATCGATTGAGTC	9	3	7
day4_GTCACACCTGTCCTTC	9	3	7
day4_GTCACCACTCTTCCGT	7	3	8
day4_GTCACCACTGTACTAC	7	3	8
day4_GTCACTCACCGGAATG	7	3	8
day4_GTCACTCTGCTACAAC	9	3	7
day4_GTCACTCTGGGAGAGG	7	3	8
day4_GTCACTCTGTGATCTG	7	4	8
day4_GTCAGCGTGAGTTGGG	7	3	8
day4_GTCAGCGTGCGCTGAC	7	3	8
day4_GTCAGCGTGGCATTAC	9	3	7
day4_GTCAGCGTGTTCTGAG	7	3	8
day4_GTCAGCTCTCAAGGGT	7	3	8
day4_GTCAGCTCTTCTTGAG	7	3	8
day4_GTCAGGCACGTAGCCC	8	3	9
day4_GTCAGGCACGTCTTGA	7	3	8
day4_GTCAGTATGCCTCGAG	7	3	8
day4_GTCATAGACTAACGTC	7	3	8
day4_GTCATAGACTGTAGCT	7	3	8
day4_GTCATCCTGCGTCCAG	7	3	8
day4_GTCATCGCTCCTCTAC	8	4	9
day4_GTCATGATGAGTCATC	7	3	8
day4_GTCATGATGCCATGCG	7	3	8
day4_GTCATGATGTTTCGGA	8	4	9
day4_GTCCAACCTAACTCAC	7	3	8
day4_GTCCAACCTCCGATCG	9	3	7
day4_GTCCACTTGGGGATGT	7	3	8
day4_GTCCCAACTTCAAGAA	7	3	8
day4_GTCCCAGGATAGGCAG	8	4	9
day4_GTCCCATACGAATGGC	7	3	8
day4_GTCCCGAGACGGCACT	9	3	7
day4_GTCCCTAACACATGAA	9	3	7
day4_GTCCGAGACACCAATC	7	3	8
day4_GTCCGAGACCGTGACC	9	3	7
day4_GTCCGAGACGCATGAG	7	3	8
day4_GTCCGTGGACCGATCG	6	3	2
day4_GTCCGTGGACCTCCTA	7	3	8
day4_GTCCTAAGAACAACCT	9	3	7
day4_GTCCTAAGACGACGCT	7	3	8
day4_GTCCTAAGATCTTTGT	7	3	8
day4_GTCCTACTGTTACTTC	7	3	8
day4_GTCCTCAACTGAGGGT	7	3	8
day4_GTCCTTCGATTTCGGA	7	3	8
day4_GTCGAAACTCATCACA	9	3	7
day4_GTCGAAACTTCATGCA	7	3	8
day4_GTCGAAACTTGATCGT	7	3	8
day4_GTCGAAGGATGTCCGG	7	3	8
day4_GTCGACCGACACAAGG	7	3	8
day4_GTCGACTCTCAACATC	7	3	8
day4_GTCGACTCTCCATGCG	8	3	8
day4_GTCGGAGCTTGTCCGG	7	3	8
day4_GTCGGCATGGTCATTG	7	3	8
day4_GTCGGGACTTGATCTG	8	4	9
day4_GTCGGGTACCATGCAT	7	3	8
day4_GTCGGGTACTAGAGAT	7	3	8
day4_GTCGGGTACTCAAAGA	7	3	8
day4_GTCGGGTACTGTTCGA	9	3	7
day4_GTCGGTGTGCATCTCC	7	3	8
day4_GTCGGTGTGCATGACT	9	3	7
day4_GTCGGTGTGCTACGAT	8	4	9
day4_GTCGTAAACGATCACT	7	3	8
day4_GTCGTAAACTGAAATG	7	3	8
day4_GTCGTATGACGGAACA	7	4	8
day4_GTCGTATGATTTGACG	7	3	8
day4_GTCGTCTTGACCTGAT	7	3	8
day4_GTCGTCTTGAGAATCA	9	3	7
day4_GTCTAACGATCGAACT	7	3	8
day4_GTCTAATCTGTCTTGA	9	3	7
day4_GTCTAGATGAATCACC	7	3	8
day4_GTCTAGATGCTTAGTG	9	3	7
day4_GTCTATACTAGATTCC	6	3	2
day4_GTCTATGGAATCGTTG	8	4	9
day4_GTCTATGGACAGCGTC	7	3	8
day4_GTCTATGGACAGTCTA	7	3	8
day4_GTCTATGGATAAAGAC	9	3	7
day4_GTCTCCAACAGGCCCT	7	3	8
day4_GTCTCCAACCAATGAA	9	3	7
day4_GTCTCCAACCAGTGAG	8	4	9
day4_GTCTCCAACTTGTGGT	7	3	8
day4_GTCTCCATGGAGAACC	7	3	8
day4_GTCTCCATGTGATCCA	6	3	2
day4_GTCTCCTGAACGACAG	9	3	7
day4_GTCTCCTGAGGTCATT	7	3	9
day4_GTCTCCTGATAGATCC	8	4	9
day4_GTCTCCTGATGATCGT	7	4	8
day4_GTCTCGGGAAGGTTCT	9	3	7
day4_GTCTCGGGAATGCTCA	9	3	7
day4_GTCTCGGGACCTGTAA	7	3	8
day4_GTCTCGGGATGTTGGT	8	4	9
day4_GTCTCGGGATTGCATG	7	3	8
day4_GTCTCGGGATTTGAGC	8	4	9
day4_GTCTCTCGAACTAGAA	9	3	7
day4_GTCTCTCGAGAGTAAT	7	3	8
day4_GTCTCTGTGACGGATG	7	3	8
day4_GTCTGGCGATTCACCC	7	3	8
day4_GTCTGGTCTCGGAACA	7	3	8
day4_GTCTGGTCTTCCTCCA	7	3	8
day4_GTCTTGCACACTGTCA	7	3	8
day4_GTCTTGCTGACCCAGC	7	4	8
day4_GTCTTTCCTACGATTC	8	3	9
day4_GTCTTTCCTTGGTTGT	7	3	8
day4_GTGAATCACAAATTGG	8	3	9
day4_GTGACAACTAACACTC	9	3	7
day4_GTGACATACGTTACAC	7	3	8
day4_GTGACATTGATCTGCA	7	3	8
day4_GTGACCTCTAGCCTAT	9	3	7
day4_GTGACCTCTATGGTGG	8	4	9
day4_GTGACCTCTGTTGGAG	7	3	8
day4_GTGACGAGAAATCGCT	9	3	7
day4_GTGACGAGACGGGAAT	7	3	8
day4_GTGACGAGATACAGAA	7	3	8
day4_GTGACGAGATACCTAG	7	3	8
day4_GTGAGAGACATTGGCT	7	3	8
day4_GTGAGAGACCAATCTG	9	3	7
day4_GTGAGGATGAGTCTTG	7	3	8
day4_GTGAGGTGAAGCTACT	8	3	9
day4_GTGAGGTGAGACGCAA	7	3	8
day4_GTGAGGTGAGCCATCG	9	3	7
day4_GTGATCCCTATCATGC	7	3	8
day4_GTGCAATTGTGAGCAG	7	3	8
day4_GTGCAATTGTTCAGCA	9	3	7
day4_GTGCACCGAACTTGAC	7	3	8
day4_GTGCAGCACGAGGAGG	7	4	9
day4_GTGCAGCACTTGTTCT	8	4	9
day4_GTGCATTGAGGTAGAC	7	3	8
day4_GTGCATTGATTAGGAA	7	3	8
day4_GTGCCATCTTTTGTCT	8	4	9
day4_GTGCCCAGACCAGACC	9	3	7
day4_GTGCCCAGACGACAGA	9	3	7
day4_GTGCCCAGATGGTTAC	7	3	8
day4_GTGCCCAGATTGTTCT	9	3	7
day4_GTGCCTTTGAGTAAAC	7	4	8
day4_GTGCCTTTGCGATCTA	7	3	8
day4_GTGCCTTTGCTTTCAT	7	3	8
day4_GTGCCTTTGTCCACAA	8	4	9
day4_GTGCGACTGTATGTGC	9	3	7
day4_GTGCGAGCTAGTCACT	7	3	8
day4_GTGCGAGCTTGTCTAG	8	4	9
day4_GTGCGCTGACGACAGA	7	3	8
day4_GTGCTACCTATTCCTT	10	3	9
day4_GTGCTATGATGGTCAT	8	3	9
day4_GTGGAGAACCAGAACG	8	3	9
day4_GTGGAGAACCGTGGAA	7	3	8
day4_GTGGAGAACCTAACAC	7	3	8
day4_GTGGCAGCTACAACAA	7	3	8
day4_GTGGCAGCTAGCCATT	8	4	9
day4_GTGGCAGCTTGAGCGA	7	3	8
day4_GTGGCCATGACTGAAA	7	3	8
day4_GTGGCCATGCGGTGAA	7	3	8
day4_GTGGCGACTTGCCTAA	9	3	7
day4_GTGGCTCGAAATACAG	7	3	8
day4_GTGGCTCGAAATCGCT	7	3	8
day4_GTGGCTCGAATAGAAC	8	4	9
day4_GTGGCTGTGCATAGTC	7	3	8
day4_GTGGCTGTGTTGGGAG	7	3	8
day4_GTGGGAAACACTGATC	8	3	9
day4_GTGGGCTTGCTGATCA	7	3	8
day4_GTGGGCTTGGCTAACT	7	3	8
day4_GTGGGTAGAACCTCTC	9	3	7
day4_GTGGGTAGAAGTTCCA	6	3	2
day4_GTGGGTAGAGAGGAAA	7	3	8
day4_GTGGGTAGAGGAAGAA	8	3	9
day4_GTGGGTGCTGACAGAC	7	3	8
day4_GTGGTAGGAAATGTAG	7	3	8
day4_GTGGTAGGACACTTCC	9	3	7
day4_GTGGTCCGATTGGAGG	7	3	8
day4_GTGTAAAGATCGATTG	7	3	8
day4_GTGTAACACGCTCTCT	8	4	9
day4_GTGTAACACTACGATC	7	3	8
day4_GTGTACCCTCAAACAA	7	3	8
day4_GTGTATCGAACCTGGC	7	3	8
day4_GTGTATCGAGCCCTGA	7	3	8
day4_GTGTATTCTTGGTGGA	7	3	8
day4_GTGTCAAACCCTGAAT	6	3	2
day4_GTGTCAAACCTTCCCA	7	3	8
day4_GTGTCAATGCACTCAA	9	3	7
day4_GTGTCATGAAACCTAC	7	3	8
day4_GTGTCATGAACGCTTA	7	3	8
day4_GTGTCCTTGGTGAAAT	7	3	8
day4_GTGTCCTTGGTGAAGC	9	3	7
day4_GTGTCTAGAGAAGTAT	7	3	8
day4_GTGTGCGACCTCTATT	7	3	8
day4_GTGTGCGACGTGGACA	9	3	7
day4_GTGTGTAACTGGTACT	9	3	7
day4_GTGTTACGACGCTGAC	7	3	8
day4_GTGTTACGACGGGAAT	7	3	8
day4_GTGTTATCTGCTAACT	7	3	8
day4_GTGTTCCACATTCTTC	8	4	9
day4_GTGTTCCACTACGATC	7	3	8
day4_GTTAAGAGACGGTGAA	7	3	8
day4_GTTACCGCTAAGAATC	8	4	9
day4_GTTACGAACAGAGAAG	8	3	8
day4_GTTACGAACATGGACG	9	3	7
day4_GTTACGAACGTGACCC	7	3	8
day4_GTTACGAACTTGGTTG	7	3	8
day4_GTTAGACACATACGCT	8	4	9
day4_GTTAGCCCTACCAATC	8	4	9
day4_GTTAGCCCTATGCCCG	9	3	7
day4_GTTAGCCCTTCCCGGA	8	4	9
day4_GTTAGGTACCATCACA	7	4	8
day4_GTTAGGTACGCCGTTG	7	4	8
day4_GTTATCGGAAGACTAA	9	3	7
day4_GTTATGTCTGATCCAT	7	4	9
day4_GTTATTCACGCCTGCA	7	3	8
day4_GTTATTGCTATACGCT	7	3	8
day4_GTTATTGCTTTACGAC	7	3	8
day4_GTTCAAGACACTACGT	7	3	8
day4_GTTCAAGACCCCTGAG	7	3	8
day4_GTTCAAGACCGTGACC	7	3	8
day4_GTTCAAGACGGGTATG	7	3	8
day4_GTTCAAGACTGCAGGA	7	3	8
day4_GTTCAAGTGATGAATG	7	3	8
day4_GTTCAAGTGGTACCTA	7	3	8
day4_GTTCACGCTAGCCTAT	7	3	8
day4_GTTCAGCCTGGAAGTC	7	3	8
day4_GTTCAGTGAGTTCAAC	7	3	8
day4_GTTCAGTGATCTGGGC	9	3	7
day4_GTTCATACTTAACCCA	7	3	8
day4_GTTCCCAACTAGCTTG	7	3	8
day4_GTTCCCATGAACTCAC	7	3	8
day4_GTTCCCATGGTCGTTA	9	3	7
day4_GTTCCCATGTGGCCTG	7	3	8
day4_GTTCGCTTGACCGTGC	7	3	8
day4_GTTCGGCGATCGCTTC	8	4	9
day4_GTTCTCGTGACGGATG	7	3	8
day4_GTTCTCTCTACTACCA	8	4	9
day4_GTTCTGAGACAGTAAA	9	3	7
day4_GTTCTGCTGCATTACG	8	4	9
day4_GTTCTGCTGCCCTGTT	7	3	8
day4_GTTCTGCTGTAGCATC	9	3	7
day4_GTTCTGCTGTCCATGA	7	3	8
day4_GTTCTTAACGGGTCTC	7	3	8
day4_GTTCTTAACTCACGGC	7	3	8
day4_GTTCTTAACTGCCGCA	7	3	8
day4_GTTCTTAACTTGTAGC	7	3	8
day4_GTTCTTCCTAACACAA	7	3	8
day4_GTTGACCCTCTTCACC	7	3	8
day4_GTTGAGGGAAACCTCA	8	4	9
day4_GTTGAGTACGAATTGA	7	3	8
day4_GTTGCAATGAAGCACG	7	3	8
day4_GTTGCAATGCGCTCAG	7	3	8
day4_GTTGCAATGGAGCGTA	9	3	7
day4_GTTGCAATGGGATCAG	9	3	7
day4_GTTGCAATGTAGACCT	8	4	9
day4_GTTGCCGGAATCCATG	7	3	8
day4_GTTGCCGGATTATCCT	7	3	8
day4_GTTGCTAGACGGATAG	7	3	8
day4_GTTGGGAGAATCACAC	7	3	8
day4_GTTGGGAGAATGCTCA	8	3	9
day4_GTTGTAGACGATATGA	7	3	8
day4_GTTGTAGACGGCTCTG	9	3	7
day4_GTTGTGCCTCGTCGCA	8	4	9
day4_GTTTAGCGAGGGTTCC	7	3	8
day4_GTTTAGCGAGTGGCCT	7	3	8
day4_GTTTAGCGATGTGGGA	7	3	8
day4_GTTTAGCGATTGCTGA	7	3	8
day4_GTTTAGGTGCACTTAG	9	3	7
day4_GTTTATCTGGGATGAC	8	4	9
day4_GTTTCAACTAATCAAG	7	3	8
day4_GTTTCAACTACGGGTA	7	3	2
day4_GTTTCAACTATTCTCT	8	4	9
day4_GTTTCAACTGCCCTGA	8	4	9
day4_GTTTCAACTGCCTCAG	7	3	8
day4_GTTTCATACCATTCAG	9	3	7
day4_GTTTCCGACCCTGCGA	8	4	9
day4_GTTTCCGACCGCCGAT	7	3	8
day4_GTTTCTAACACCTGGC	9	3	7
day4_GTTTCTAACTCCCGTT	8	4	8
day4_GTTTCTATGCTTCATT	8	4	9
day4_GTTTCTATGTATCCGA	9	3	7
day4_GTTTCTTGAACACCCG	7	3	8
day4_GTTTGACGAAGTCACT	8	4	9
day4_GTTTGGAACAGATCGG	7	3	8
day4_GTTTGGAACTAACACC	7	3	8
day4_TAAACCTCTGCTTATG	7	3	8
day4_TAAACCTCTTCACGCG	7	3	8
day4_TAAACGAGAATGGTAA	7	3	8
day4_TAAACGAGATATTCCT	7	3	8
day4_TAAACGCTGGAGGAGG	7	3	8
day4_TAAACGCTGTAGGATA	9	3	7
day4_TAAACGCTGTTTGACG	8	4	9
day4_TAAAGCAGAAAACCCT	7	3	8
day4_TAAAGTGGACAACCAT	9	3	7
day4_TAAAGTGGAGAGGGAG	7	3	8
day4_TAAATGGGACTAGAGG	7	3	8
day4_TAAATGGGAGAATAGT	8	4	9
day4_TAACACCGAAACACCT	7	3	8
day4_TAACACGACGGAACAC	7	3	8
day4_TAACACGACTGTTGTG	7	3	8
day4_TAACACTCTCGTGATT	7	3	8
day4_TAACACTCTGAGTAAT	7	4	8
day4_TAACAGCTGGCTAACT	7	3	8
day4_TAACAGCTGTGTGGGA	9	3	7
day4_TAACCAGACCCTATAG	7	3	8
day4_TAACCCGCTAACCTCA	8	4	9
day4_TAACCCGCTTCGTGAT	7	3	8
day4_TAACCGAACACCCTAA	9	3	7
day4_TAACCGAACCCGTGCA	7	3	8
day4_TAACCGAACCGGCACT	7	3	8
day4_TAACCTACTACGCTTA	7	3	8
day4_TAACCTTTGGATATGA	7	3	8
day4_TAACGACTGATCGCAT	7	3	8
day4_TAACGACTGTGGCAGA	7	3	8
day4_TAACTCACTACTCATG	8	4	9
day4_TAACTCACTTTCAGGT	7	3	8
day4_TAACTCTACCGATTAC	7	3	8
day4_TAACTCTTGTACCCGG	7	3	8
day4_TAACTGCGATAGAATG	8	4	9
day4_TAACTGGACATAACCC	7	3	8
day4_TAACTGGACCCTGCGA	7	3	8
day4_TAACTGGACTAGCATC	8	4	9
day4_TAACTGGTGGAGTAAT	7	3	8
day4_TAACTTCTGCTTGCGG	9	3	9
day4_TAAGACCACCCCAACG	8	4	9
day4_TAAGACCACTCACACA	7	3	8
day4_TAAGAGTGAAGAATCA	8	4	9
day4_TAAGAGTGACTGACCG	7	3	8
day4_TAAGCACACAGGAATT	9	3	7
day4_TAAGCACACCACAAGG	6	3	2
day4_TAAGCACACCTTTGTT	6	3	2
day4_TAAGCTGTGTGACCCG	9	3	7
day4_TAAGGTAGAATGTTGC	7	3	8
day4_TAAGGTAGAGGACGAT	9	3	7
day4_TAATCCACTCAAGGGT	9	3	7
day4_TAATCCACTCAATGGG	7	3	8
day4_TAATCCACTCCTGATA	9	3	7
day4_TAATCTCACGCAGCCT	7	3	7
day4_TAATCTCACGGATAAT	8	4	9
day4_TAATCTCTGCAACATC	7	3	8
day4_TAATCTCTGTTGAAAG	7	3	8
day4_TAATGCCGACGTATTG	7	3	8
day4_TAATGCCGACTGAGAG	8	3	8
day4_TAATGCCGAGGTACAG	7	3	8
day4_TAATGCCGATCGCTTC	9	3	7
day4_TAATGGCTGTTCTTTG	7	3	8
day4_TACAACCGAAATGAAC	7	3	8
day4_TACAACTCTAGATCGG	8	4	9
day4_TACAACTCTTGTAGCT	7	3	8
day4_TACACAGTGAATCACC	7	3	8
day4_TACACAGTGGCTCTCT	7	3	8
day4_TACACTTTGAGTGCGA	7	4	8
day4_TACACTTTGTTTCTGT	7	3	8
day4_TACAGAGCTAATACAG	9	3	7
day4_TACAGAGCTGTGATGG	7	3	8
day4_TACAGCTGAAGCCAGA	7	3	8
day4_TACAGCTGACCTGTCT	9	3	7
day4_TACAGCTGATTGGTTG	7	3	8
day4_TACAGGTACGCCACAC	7	3	8
day4_TACATCGGAAGTAACA	9	3	7
day4_TACATCTACCGACACC	7	3	8
day4_TACATCTACTCGAGAG	7	3	8
day4_TACATCTTGGATTACC	8	3	9
day4_TACATCTTGTAACGTC	8	4	9
day4_TACATCTTGTTCCGGG	7	3	8
day4_TACATTCACGGTTGAG	7	3	8
day4_TACCAAGACGTCGTTA	7	3	8
day4_TACCAAGACTTGCCTC	8	4	9
day4_TACCAGTGAACTGTAC	7	3	8
day4_TACCCACTGGAAATCA	7	3	8
day4_TACCCACTGTAGATAG	8	4	9
day4_TACCCGTTGACTGTAC	10	3	9
day4_TACCGTAGACTGGTTA	7	3	8
day4_TACCTCTCTCGTTGTA	7	3	8
day4_TACCTCTCTGAAATGT	7	3	8
day4_TACCTTTGAATAGTGA	7	3	8
day4_TACCTTTGACCAGCAC	7	3	8
day4_TACCTTTGATCACAAC	7	3	8
day4_TACGAACACATTCTCT	9	3	7
day4_TACGAACACGCTTATG	9	3	7
day4_TACGAACACTCGATTG	7	3	8
day4_TACGAAGCTCCAAGCC	9	3	7
day4_TACGAAGCTCCACGTG	8	4	9
day4_TACGAAGCTGGTTAGG	8	4	9
day4_TACGACATGACGGGTA	7	3	8
day4_TACGAGACTAAGACAT	7	3	8
day4_TACGAGACTGATAAGT	7	3	8
day4_TACGAGGGATCATTTC	9	3	7
day4_TACGATTCTAACCTAC	6	4	2
day4_TACGCCTTGATCCCTC	7	3	8
day4_TACGCTCTGCGTGAGA	8	4	9
day4_TACGGAACTACTGTAC	7	3	8
day4_TACGGAACTGACCCGT	8	4	9
day4_TACGGAACTGCGCTCA	9	3	7
day4_TACGGAACTTTGCATG	8	4	9
day4_TACGGCTCTCCTCCAT	9	3	7
day4_TACGGCTCTGAGAGAA	7	3	8
day4_TACGGCTCTTGGAGCA	10	3	9
day4_TACGGGCACCTGCCAG	7	4	8
day4_TACGGGCACGATCCAT	7	3	8
day4_TACGGTATGCGAAATA	7	3	8
day4_TACGTAGACCTCCAAA	7	3	8
day4_TACGTTACTTCTGTAG	7	3	8
day4_TACTAACCTTCCAAAC	7	3	8
day4_TACTACACTCTGGTTA	7	3	8
day4_TACTACACTTACTTCT	7	4	8
day4_TACTACGGACTGTATG	7	3	8
day4_TACTACTTGAGTGCGA	7	3	8
day4_TACTACTTGGAGTCCC	9	3	7
day4_TACTATCACAACCTCA	7	3	8
day4_TACTATCACCTTCGGG	7	3	8
day4_TACTCGAGAAGCTACT	8	4	9
day4_TACTCGCTGTGCAGGA	8	3	9
day4_TACTCTCCTGCTCTCT	8	3	8
day4_TACTCTCCTTGATAGA	7	3	8
day4_TACTGTTACTTCCGGG	7	3	8
day4_TACTTCAACCGGAAGT	9	3	7
day4_TACTTCAACGCAGCCT	9	3	7
day4_TACTTGGGAAGCGTGA	7	3	8
day4_TACTTGGGAATTCCTT	7	3	8
day4_TACTTGTACCTGGGTC	7	3	8
day4_TACTTGTTGCATAGTC	7	3	8
day4_TACTTGTTGCGATAGG	7	3	8
day4_TACTTGTTGCGGCTGT	7	3	8
day4_TACTTTGACAGGCTGA	7	3	8
day4_TACTTTGACCTATCTT	8	3	8
day4_TACTTTGACGCTTACA	7	4	8
day4_TACTTTGTGCACGATT	7	3	8
day4_TACTTTGTGCTCGCTT	8	4	9
day4_TAGAAAGACAACGTAA	7	3	8
day4_TAGAAAGACCTGTAAC	8	4	9
day4_TAGAACCACTGGATCT	7	3	8
day4_TAGAAGTGACAAGTGG	7	3	8
day4_TAGACGACTCCGATCG	7	3	8
day4_TAGACGACTTCACCCT	7	3	8
day4_TAGACTCGACAACATC	7	3	8
day4_TAGACTCGAGTTTGGT	7	3	8
day4_TAGACTCGATCACGCG	7	3	8
day4_TAGACTGACCCTATAG	7	3	8
day4_TAGACTTCTGAACGTG	7	3	8
day4_TAGAGAATGATCACAC	9	3	7
day4_TAGAGATGAACTTACG	7	3	8
day4_TAGAGATGACTAACTG	7	3	8
day4_TAGAGCTTGTGGGTTT	7	3	8
day4_TAGAGGGTGGCTTATG	7	3	8
day4_TAGAGTCTGATTCTCT	9	3	7
day4_TAGATGCACACGAGCA	7	3	8
day4_TAGATGCACTACCCGG	7	3	8
day4_TAGATGCTGAAGCACG	7	3	8
day4_TAGATGCTGGAATGTA	7	3	7
day4_TAGCAAAGAATCCTCC	9	3	7
day4_TAGCAAAGACTCTATT	8	4	9
day4_TAGCAGTTGACCGGAA	7	3	8
day4_TAGCAGTTGGCGTGAA	7	3	8
day4_TAGCAGTTGGGGAACT	7	3	8
day4_TAGCATCGACGCCACA	7	3	8
day4_TAGCATCGATCACTGA	8	3	9
day4_TAGCCGGTGCACAAGG	7	3	8
day4_TAGCCGGTGCGTTGGC	7	3	8
day4_TAGCCGGTGTGACGTT	7	3	8
day4_TAGCCTCTGCGAGGTA	8	4	9
day4_TAGCCTCTGGACAGTG	7	3	8
day4_TAGCCTGCTCGACTTA	9	3	7
day4_TAGCGATACACCTGTA	7	3	8
day4_TAGCGATACCTTCTCG	7	1	8
day4_TAGCGCGTGCATCGAT	9	3	7
day4_TAGCGCGTGCTGGGTC	7	3	8
day4_TAGCGCGTGGAAAGGA	7	3	8
day4_TAGCGCGTGGTGGATG	7	3	8
day4_TAGCGTCCTGGTTAGG	8	4	9
day4_TAGCGTTGAGTAACTC	7	3	8
day4_TAGCTACGATGTACGT	7	3	8
day4_TAGCTATCTAGCGTGA	7	3	8
day4_TAGCTATCTAGTCTCA	7	3	8
day4_TAGCTATCTATTCGTG	7	3	8
day4_TAGCTATCTGAATTGA	7	3	8
day4_TAGCTATCTGAGCGTA	7	3	8
day4_TAGCTGAACTAGGATA	7	3	8
day4_TAGCTGCCTAAAGGTT	7	3	8
day4_TAGCTGCCTCAGCCCA	7	3	8
day4_TAGCTGCCTCATCAGT	7	3	8
day4_TAGCTGCCTTGTGGAG	9	3	7
day4_TAGCTGCCTTTGGAGG	7	3	8
day4_TAGCTTGGAAGGACAC	7	3	8
day4_TAGCTTGGACCTCTAC	7	4	8
day4_TAGGAATGAAGGCTGA	7	3	8
day4_TAGGAATGACACTAAC	7	3	8
day4_TAGGACGGACAGGCAA	7	3	8
day4_TAGGACGGACTCTACC	7	1	8
day4_TAGGACGGATCTCAAG	7	3	9
day4_TAGGAGGACAACACTC	7	3	8
day4_TAGGAGGACTCACACA	7	3	8
day4_TAGGAGGACTGAGCGA	7	3	8
day4_TAGGATGCTGAGGAAA	7	3	8
day4_TAGGCAACTACAAACA	7	3	8
day4_TAGGCAACTCCTGAAT	8	4	9
day4_TAGGCAACTTTTCTGT	7	3	8
day4_TAGGCGAGACTCGCAG	7	3	8
day4_TAGGCTTGAAGGTTCT	7	3	8
day4_TAGGCTTGAGAATGAT	7	3	8
day4_TAGGGAGACGACTTAC	7	3	8
day4_TAGGGAGTGCATGCAT	7	3	8
day4_TAGGGAGTGGAGCCCT	6	3	2
day4_TAGGGAGTGTCGAATC	7	3	8
day4_TAGGGCAGAGCACTCG	9	3	7
day4_TAGGGCAGATGGCTTA	8	4	9
day4_TAGGGCCTGCCATCTC	7	3	8
day4_TAGGGCCTGGTGTCCG	9	3	7
day4_TAGGGCCTGTCCCGGA	8	4	9
day4_TAGGGTGGACGTTGGC	7	3	8
day4_TAGGGTGGATCACAAC	7	3	8
day4_TAGGGTGGATGTACCA	6	3	2
day4_TAGGTCTGAGAGCATG	9	3	7
day4_TAGGTCTGAGTTCTCC	7	3	7
day4_TAGGTCTGATGAACAA	7	3	8
day4_TAGGTTCGAACCAGAG	7	3	8
day4_TAGGTTCGAAGGCATG	6	4	2
day4_TAGGTTCGATCTCTAT	7	3	8
day4_TAGGTTGACACAAACA	7	3	8
day4_TAGTACGTGATTCCTT	7	3	8
day4_TAGTAGCTGCGGAATG	8	4	9
day4_TAGTAGCTGTGGTTAC	7	3	8
day4_TAGTAGCTGTGTGGAG	7	3	8
day4_TAGTCACGACAACAAA	7	3	8
day4_TAGTCACGACATGGGA	8	4	9
day4_TAGTCACGAGACAGAC	7	3	8
day4_TAGTCACGAGTGATGG	9	3	7
day4_TAGTCCCTGGGATAAT	7	3	8
day4_TAGTCGTGATATTCCT	7	3	8
day4_TAGTCTTTGATCGGAG	7	4	8
day4_TAGTCTTTGCGTGAGA	7	3	8
day4_TAGTGAGCTCTCTATT	7	3	8
day4_TAGTGCATGAGGCCTC	7	3	8
day4_TAGTGTCGAAATGTGA	9	3	7
day4_TAGTGTCGAAGTTGGG	8	4	9
day4_TAGTGTCGACGTGTTA	7	3	8
day4_TAGTGTGTGAGATAGT	7	3	8
day4_TAGTGTGTGGAAGTAT	7	3	8
day4_TAGTGTGTGTGATCTG	7	3	8
day4_TAGTTACCTCAATGGG	7	3	8
day4_TAGTTACCTTCACACA	6	3	2
day4_TAGTTGTCTACTGTAC	7	3	8
day4_TAGTTGTCTCACTCAA	9	3	7
day4_TAGTTGTCTCTCGTGG	7	3	8
day4_TATAGCCGAAACAATG	7	3	8
day4_TATAGCGTGGGACAGT	7	3	8
day4_TATAGGCACAACCCAT	7	3	8
day4_TATAGGCACTATCACG	7	3	8
day4_TATAGGCTGGCTGCTG	9	3	7
day4_TATAGTCCTCTCATGA	7	4	8
day4_TATAGTCCTCTCTATT	9	3	7
day4_TATCACTACGAATGTA	7	3	8
day4_TATCACTTGGGGAACT	7	3	8
day4_TATCAGCGACCTGCGA	7	3	8
day4_TATCAGCGACTGAGAG	7	3	8
day4_TATCAGCGATAACCCA	7	3	8
day4_TATCAGCGATTATCCT	9	3	7
day4_TATCAGGTGACTCCCT	7	3	8
day4_TATCATGCTAAGTGAT	8	4	9
day4_TATCATGCTATAGTAG	7	3	8
day4_TATCCGCACACCTGGC	9	3	7
day4_TATCCGCACTACCTGA	7	3	8
day4_TATCCGCTGGGAACAC	8	4	9
day4_TATCCGGCTCCCTGTT	7	3	8
day4_TATCCGGCTGAAGGAA	8	4	9
day4_TATCGACGAAAACCAA	7	3	7
day4_TATCGAGTGCTCAACA	7	3	8
day4_TATCGAGTGTCTATTC	7	3	8
day4_TATCGCAGAGGAACAC	8	4	9
day4_TATCGCAGAGGTCATT	7	3	8
day4_TATCGGATGAGTTGGG	10	3	9
day4_TATCGGATGATCTGTG	7	3	8
day4_TATCGGATGCGGCTGT	7	3	8
day4_TATCGTTACACAGTTC	7	3	8
day4_TATCGTTACCGTGAGA	7	3	8
day4_TATCTAGCTGTTGTAC	8	3	9
day4_TATCTCATGGAACAAT	8	4	9
day4_TATCTCATGTCCTCAC	7	3	8
day4_TATGACGACAATGAAC	7	3	8
day4_TATGACGTGATTCCTT	7	3	8
day4_TATGAGCTGAGCTACT	7	3	8
day4_TATGAGGCTACTACGT	7	3	8
day4_TATGAGGCTGGGTAAC	7	3	8
day4_TATGCAGTGTCTGGGC	7	3	8
day4_TATGCTACTGGTTCCG	7	3	8
day4_TATGGACACCACTAAC	8	4	9
day4_TATGGACACTGGAGCA	7	3	8
day4_TATGGAGCTCTGTGAT	7	3	8
day4_TATGGTCGACCGATGC	7	3	8
day4_TATGGTCGACGCTCAG	9	3	7
day4_TATGTACCTTGGGACA	7	3	8
day4_TATGTCGGAGAGCATG	7	3	8
day4_TATGTGGACCCGTCGA	8	4	9
day4_TATGTGGACCGTCGCA	7	3	8
day4_TATGTGGACGACTCAT	7	3	8
day4_TATGTGGTGCCTGTAA	8	4	9
day4_TATGTGGTGTTTGTCT	9	3	7
day4_TATTACCACCCCGTAG	7	3	8
day4_TATTACCACGAGCAAC	8	4	9
day4_TATTACCACGGATCCC	9	3	8
day4_TATTCCATGACTTCGA	7	3	8
day4_TATTCCATGCGCACTG	7	3	8
day4_TATTCTCGAACTTGAC	7	3	8
day4_TATTCTCGACATCCAA	9	4	7
day4_TATTCTCGATCAGGTT	7	4	8
day4_TATTGCTTGAGTCCCG	7	3	8
day4_TATTGGCGACCGCAAC	7	3	8
day4_TATTGGCGAGATCTAC	9	3	7
day4_TATTGGCGATGTGAGG	8	4	9
day4_TATTGGGTGAAGATCA	9	3	7
day4_TATTGGGTGACTTCGA	6	3	2
day4_TATTGGGTGCCGTGAC	7	3	8
day4_TATTGGGTGCTTCCCA	7	3	8
day4_TATTGGGTGTCGGAAG	7	3	8
day4_TATTGTCTGAGCCTAT	9	3	7
day4_TATTGTCTGCACTTAG	7	3	8
day4_TATTGTCTGTCTGGCG	7	3	8
day4_TCAAAGCTGCAAGCGA	7	3	8
day4_TCAAATCCTGGGTCAA	9	3	7
day4_TCAACCAGACGATCTA	9	3	7
day4_TCAACCAGAGGGATGT	7	3	8
day4_TCAACCCACACATCAC	7	3	8
day4_TCAACCCACAGATTGA	9	3	7
day4_TCAACGCCTACGTTCA	7	3	8
day4_TCAACTTACTGTCTAG	7	3	8
day4_TCAAGACACCTCAACA	8	4	8
day4_TCAAGACACTTCTCGC	7	3	8
day4_TCAAGCAACGAGAGTC	7	3	8
day4_TCAAGCAACTACCTGA	7	3	8
day4_TCAAGCTGAAATGCCT	7	3	8
day4_TCAAGCTGACAGTCTA	7	3	8
day4_TCAATCTACAACCAAA	9	3	7
day4_TCAATCTACGGACCCT	7	3	7
day4_TCAATCTTGCCATGGC	7	3	8
day4_TCAATCTTGGCCTGCA	7	3	8
day4_TCAATCTTGTCATGAC	7	3	8
day4_TCAATCTTGTTCAGGT	8	4	9
day4_TCAATTCACGTGGATG	8	4	9
day4_TCACAAGTGACTTCCC	7	3	8
day4_TCACAAGTGGGAGACT	7	3	8
day4_TCACAAGTGTCGAATC	7	3	8
day4_TCACAATCTAGCGAAC	7	3	8
day4_TCACACCTGTTATCCT	8	4	9
day4_TCACATTACGCTGCTG	7	3	8
day4_TCACCAAGACGGTTGC	8	3	9
day4_TCACCAAGAGGGATGT	7	3	8
day4_TCACCAAGATATTCCT	7	3	8
day4_TCACCAGCTAGGAATT	7	3	8
day4_TCACCTGACAGGTCGA	7	3	8
day4_TCACGAAACACCCTAA	7	3	8
day4_TCACGACCTAGAATCA	7	3	8
day4_TCACGGCGAACGCCCA	7	3	9
day4_TCACGGCGACGACTTA	8	4	7
day4_TCACGGGACTGGATCT	6	3	2
day4_TCACTAACTTAACTGC	8	4	9
day4_TCACTAACTTACCGTA	9	3	7
day4_TCACTAACTTAGACTC	8	4	9
day4_TCACTCCGATACCGTA	7	4	8
day4_TCACTCTCTGGCAATG	7	3	8
day4_TCACTCTCTGGGCTTC	7	3	8
day4_TCACTGCACCATGAAA	7	3	8
day4_TCACTGCTGCCGCACA	7	3	8
day4_TCACTGCTGTCGATTG	7	3	8
day4_TCACTTCCTCACTGGC	6	3	2
day4_TCAGAGACTAGAGGAA	7	3	9
day4_TCAGAGACTCTAAGGG	8	3	9
day4_TCAGAGACTGGGCTCT	7	4	8
day4_TCAGCAATGAGTCTTG	8	4	9
day4_TCAGCAATGGGGTATG	7	3	8
day4_TCAGCAATGTGTGGGA	8	4	9
day4_TCAGCACCTTGATAGA	7	3	8
day4_TCAGCCTACAGGTATA	7	3	8
day4_TCAGCCTACATCCGAT	7	3	8
day4_TCAGCCTACGAACGAC	7	3	8
day4_TCAGCCTACTTGGGTT	9	3	7
day4_TCAGCGCGAAGTGTGG	8	3	9
day4_TCAGCGGTGAAAGGTT	7	3	8
day4_TCAGGCTCTAACCTCA	8	4	9
day4_TCAGGCTCTGAGAGTC	9	3	7
day4_TCAGTAGACAATCGCT	7	3	8
day4_TCAGTAGACTCACGAT	7	4	8
day4_TCAGTAGACTGTGGTT	8	4	9
day4_TCAGTCCACAGTTCCA	7	3	8
day4_TCAGTCGCTACCATCA	7	3	8
day4_TCAGTCGCTCTACGAT	7	3	8
day4_TCAGTTGGAGTTACAC	7	3	8
day4_TCAGTTGGAGTTGAGG	7	3	8
day4_TCATACGGACCCACGA	7	3	7
day4_TCATATGCTGGTTGTT	8	4	9
day4_TCATCCTCTAGACTAA	7	3	8
day4_TCATCCTCTATTTCCT	7	3	8
day4_TCATCTATGAATCAAG	7	3	8
day4_TCATCTATGCAGGGAT	9	3	7
day4_TCATCTATGCATGGAG	7	3	8
day4_TCATGCAGACGACAGA	7	3	8
day4_TCATGCAGATAACCAC	7	3	8
day4_TCATGCCTGGAAGGTC	7	3	8
day4_TCATGCCTGGACCCGT	7	3	8
day4_TCATGGTGAGTTGTTG	7	3	8
day4_TCATGTTACACTGTTG	7	3	8
day4_TCATGTTACCGGAACA	8	4	9
day4_TCATGTTACCGGTGAA	7	3	8
day4_TCATTAGCTTCTTGTT	7	3	8
day4_TCATTTGTGAATCAAG	7	3	8
day4_TCATTTGTGCAATCTG	7	3	8
day4_TCATTTGTGGTCCCGA	7	3	8
day4_TCCAACAGATCCTCCA	7	3	8
day4_TCCAATGGACCCAACG	7	3	8
day4_TCCAATGGATGGCTGC	7	3	8
day4_TCCAATTACTATTCCT	9	3	7
day4_TCCAATTTGCTTTCAT	7	3	8
day4_TCCACACACCGATCAT	7	3	8
day4_TCCACCATGAGATTGA	7	3	8
day4_TCCACCATGGACGCAA	7	3	8
day4_TCCACTCGAGAACGAC	7	3	8
day4_TCCACTCGATCGTCCT	7	3	8
day4_TCCAGACCTTGAAATG	9	3	7
day4_TCCAGGTCTAAACTGA	9	3	7
day4_TCCAGGTCTCCTCGAG	7	3	8
day4_TCCAGGTCTTTGTCTT	9	3	7
day4_TCCAGTGCTCTCACGG	7	3	8
day4_TCCATAACTATTCCTT	8	3	8
day4_TCCATAGGAATTAGGA	7	3	8
day4_TCCATATACCAACCTA	8	4	9
day4_TCCATATACGAGGGAG	7	3	8
day4_TCCATGAGAGAACGAC	7	3	8
day4_TCCATGAGAGCCTCAG	7	3	8
day4_TCCCACTGAACATCAC	7	3	8
day4_TCCCAGTACAGTGCGA	9	3	7
day4_TCCCAGTACCTCACGG	8	4	9
day4_TCCCTATCTGACGGAT	7	3	8
day4_TCCCTGCCTTCTCAAG	7	3	8
day4_TCCCTTACTAGCGTTT	7	3	8
day4_TCCCTTACTCATTTCT	7	3	8
day4_TCCCTTACTCGTCCAG	7	3	8
day4_TCCCTTACTTGAAATG	7	3	8
day4_TCCGAATGAGAGCATG	7	3	8
day4_TCCGAATGATACAGAA	8	4	9
day4_TCCGAATGATAGATAG	9	3	9
day4_TCCGACTACAGGTCGA	7	3	8
day4_TCCGATAGACGGAAGT	7	3	8
day4_TCCGATAGAGTTGACT	7	3	8
day4_TCCGATAGATTCACTT	7	3	8
day4_TCCGCATACCATTACG	7	3	8
day4_TCCGCCTCTCGTGCTG	7	4	8
day4_TCCGCCTCTTAGATAG	8	4	9
day4_TCCGGAGTGGGTTAGG	7	3	8
day4_TCCGGTACTCCTGAAT	8	4	9
day4_TCCGGTACTCGCGTCA	6	3	2
day4_TCCGGTTTGCCCACAG	7	3	8
day4_TCCGGTTTGTTCTGAG	7	3	8
day4_TCCGTAAGAAGTATGA	7	3	8
day4_TCCGTCATGAGGCTGA	7	3	8
day4_TCCGTCATGGCAGCTC	7	3	8
day4_TCCGTCATGTAGGAAT	7	3	8
day4_TCCGTTCGAGCCACAC	7	3	8
day4_TCCGTTCGAGCGCTCA	9	3	8
day4_TCCTAAACTTTCTTTG	9	3	7
day4_TCCTAATTGAGGCCCT	7	3	8
day4_TCCTAATTGGGCGTAA	7	3	8
day4_TCCTACCGAAATCGAA	8	4	9
day4_TCCTACCGAATGGTGG	7	3	8
day4_TCCTACCGATGCCCGA	8	3	8
day4_TCCTAGGCTACTTCGA	9	3	7
day4_TCCTAGGCTTGGATCT	7	3	8
day4_TCCTCAGTGATTGGAA	7	3	8
day4_TCCTCAGTGTGAGCAG	7	3	8
day4_TCCTGCATGATTGGTC	7	3	8
day4_TCCTGCCCTATTGCTG	7	3	8
day4_TCCTGCCCTGGAGAGG	7	3	8
day4_TCCTGCCCTTGAGCAG	8	4	9
day4_TCCTGCCCTTGGTACT	8	3	9
day4_TCCTGCCCTTGTGGAG	7	3	8
day4_TCCTGTTCTGAGTGAC	7	3	8
day4_TCCTGTTCTTGATCTG	7	3	8
day4_TCCTTCGGACACCCGA	7	3	8
day4_TCCTTCGGAGAAACGC	7	3	8
day4_TCGAAACTGGAAATGT	8	4	9
day4_TCGAAACTGTAACGTC	7	3	8
day4_TCGAACATGCTAGAGG	7	3	7
day4_TCGAAGACTACGCTTA	7	3	8
day4_TCGAAGACTTGCTGGC	7	3	8
day4_TCGAATGTGCGTTACA	7	3	8
day4_TCGAATGTGGAGGAAA	9	3	7
day4_TCGAATGTGTTATGCG	8	4	9
day4_TCGACAATGAACCCAT	7	3	8
day4_TCGACAATGCATCAGT	7	3	8
day4_TCGACAATGTGGTCTA	7	3	7
day4_TCGACCTTGCTGGCTG	7	3	8
day4_TCGACCTTGTCGAACT	7	3	8
day4_TCGACGCGAATGAATG	7	3	8
day4_TCGACGCGAGCATAAA	7	3	8
day4_TCGACGGTGACGTGCC	7	3	8
day4_TCGAGATACGAGTCCC	7	3	8
day4_TCGAGATACGTCTACA	9	3	7
day4_TCGAGCGACCGGAATG	7	3	8
day4_TCGAGCGACTCGAACT	7	3	8
day4_TCGATAGTGCGAGGTA	7	3	8
day4_TCGATAGTGGTGTGTT	7	3	8
day4_TCGATCGCTCATCACA	7	3	8
day4_TCGATCGCTTGGTACT	8	3	8
day4_TCGATGAACCTAACTG	7	3	8
day4_TCGATGAACGAGCATG	7	3	8
day4_TCGATGAACTCATTTC	9	3	7
day4_TCGCAATGAAGTCCCG	7	3	8
day4_TCGCAATGATTTCGGA	8	4	9
day4_TCGCACGGAATTCTCT	7	3	8
day4_TCGCACTACGTCGATT	8	4	9
day4_TCGCAGCGAAACCTCA	8	4	9
day4_TCGCAGCGAATTCTCT	7	3	8
day4_TCGCAGCGAGTGGGTA	7	3	8
day4_TCGCAGGTGAACTTCG	8	4	9
day4_TCGCAGGTGAATCGCT	8	4	9
day4_TCGCAGGTGCCATAGT	7	3	8
day4_TCGCATGCTCGCTTGG	8	3	9
day4_TCGCCAACTTGTGAAA	7	3	8
day4_TCGCCTATGAGTCCCG	7	3	8
day4_TCGCCTATGGCAGGTA	7	3	9
day4_TCGCGGAACTCAGTGT	7	3	8
day4_TCGCGTTACCCATCGG	7	3	8
day4_TCGCTCTGAAAGGTAT	7	3	8
day4_TCGCTCTGAGATGCTT	9	3	7
day4_TCGCTGACTCATTACG	9	3	7
day4_TCGCTGGGAGATCCGC	10	4	9
day4_TCGCTGGGATCACTGA	9	3	7
day4_TCGCTGTACAAGGGTC	7	3	8
day4_TCGCTTGACTAGATCC	7	3	8
day4_TCGCTTGACTTATGCG	7	3	8
day4_TCGCTTTCTCGGTGAA	7	3	8
day4_TCGCTTTCTGGGATGT	9	3	7
day4_TCGCTTTCTGTTCTCC	6	3	2
day4_TCGCTTTCTTTCTTTG	7	3	8
day4_TCGGAATACTACTTCT	7	3	8
day4_TCGGAGAGACTGGGTC	7	3	8
day4_TCGGATTGAGGTGTGA	7	3	8
day4_TCGGCCAGAACATCGT	8	4	9
day4_TCGGGAAGAACCTCTC	7	4	8
day4_TCGGGAAGATCTTGAG	7	3	8
day4_TCGGGACTGAGTTCCA	9	3	7
day4_TCGGGTTCTCATGGGA	7	3	8
day4_TCGGGTTCTTCACCCT	7	3	8
day4_TCGGGTTCTTTCCATT	8	4	9
day4_TCGGTCTTGTTCGTTT	7	3	8
day4_TCGGTTCACGCATGGA	7	3	8
day4_TCGGTTCTGACGGAAC	7	3	8
day4_TCGGTTCTGCAAGCGA	7	3	8
day4_TCGGTTCTGGGCGTAA	7	3	8
day4_TCGGTTCTGTGGTGGA	7	3	8
day4_TCGTACCTGAGCAATA	9	3	7
day4_TCGTACCTGCACGCTG	10	3	9
day4_TCGTACCTGCGATAGG	7	3	8
day4_TCGTACCTGGCATGAG	7	3	8
day4_TCGTACCTGTTCCCAC	9	3	7
day4_TCGTAGTGATGAGTCT	7	3	8
day4_TCGTAGTGATGTTCTT	7	3	8
day4_TCGTATTTGCGTTGTA	8	4	9
day4_TCGTATTTGTCACGAT	7	3	8
day4_TCGTCCTGAATCCCTC	8	4	9
day4_TCGTCCTGACAGTACT	8	4	9
day4_TCGTCTGACGGAGACT	7	4	8
day4_TCGTCTGTGCGTTCAA	7	3	8
day4_TCGTCTGTGGGGTCAA	9	3	7
day4_TCGTCTGTGGTACCTA	7	3	8
day4_TCGTCTGTGGTGAAGC	9	3	7
day4_TCGTCTGTGGTTACAC	8	4	9
day4_TCGTGCGGACATGGAG	10	3	9
day4_TCGTGCTACAGCTACT	8	4	9
day4_TCGTGCTACCCACGTG	8	3	9
day4_TCGTGCTACCCCGGTA	7	3	8
day4_TCGTGCTACGTTGAGG	7	3	8
day4_TCGTGGGACTATCCGA	7	3	8
day4_TCGTGGGACTTCCTCG	7	3	8
day4_TCGTGGTCTATAGGAT	7	3	8
day4_TCGTGTCACACGGAAC	7	3	8
day4_TCGTGTCACATCGAAA	7	3	8
day4_TCGTGTCACTTCAGCA	7	3	8
day4_TCGTTAACTAACGCCC	7	3	8
day4_TCGTTAACTCAACACT	7	3	8
day4_TCGTTAACTTAATGAG	7	3	8
day4_TCGTTATTGTTGGGTT	9	3	7
day4_TCGTTCGACACCGTGC	7	3	8
day4_TCGTTCGACAGTAACA	7	3	8
day4_TCGTTGAGAATTGGAA	7	3	8
day4_TCGTTGAGACACGATT	7	3	8
day4_TCGTTGAGACGTCCAG	9	3	7
day4_TCGTTGCACAGCCTAT	7	3	8
day4_TCGTTGCACATTGAAG	7	3	8
day4_TCGTTTCCTTAAAGAC	8	4	9
day4_TCTAATCACCCATTCC	7	3	8
day4_TCTAATCACGAGTGAC	6	3	2
day4_TCTACAACTACTGTGT	8	4	9
day4_TCTACAACTCATGAAA	7	3	8
day4_TCTACAGGATTTGGTG	8	4	9
day4_TCTACCGTGACGGGTA	7	4	8
day4_TCTACCGTGGAAGCAC	9	3	7
day4_TCTACCGTGTGTGGAG	6	3	2
day4_TCTACGCTGCAGACCC	8	4	9
day4_TCTAGAGTGGGAAGTC	8	3	9
day4_TCTAGCAGAACTGGGA	7	3	8
day4_TCTAGCCACACATGAA	8	4	9
day4_TCTAGGAACCAAGATA	7	3	8
day4_TCTAGTTTGATGCAGG	9	3	7
day4_TCTAGTTTGGGACGAT	7	3	8
day4_TCTAGTTTGTAGACCT	7	3	8
day4_TCTATCATGGGATCAG	7	3	5
day4_TCTATGGGAAGATCCT	9	3	7
day4_TCTATGGGAGGAAGTC	7	3	8
day4_TCTATGGGAGTCTAAC	9	3	7
day4_TCTATGGGATTAGAAG	7	3	8
day4_TCTCAATACAAGTGAT	7	3	8
day4_TCTCAATACCTTTGTT	7	3	8
day4_TCTCAATACGAAGGAA	7	3	8
day4_TCTCAATACGCACTCG	7	3	9
day4_TCTCAATACGTATCTG	9	3	7
day4_TCTCAATTGTGTACCA	7	3	8
day4_TCTCACGTGAGCCTGC	10	3	9
day4_TCTCACGTGGAAACGC	9	3	7
day4_TCTCAGAGACGAAGCA	6	3	2
day4_TCTCAGCTGGAAATAC	9	3	7
day4_TCTCAGCTGTGGTGGA	8	3	9
day4_TCTCAGGCTTTTGGTG	9	3	7
day4_TCTCATCCTTTCCGGG	7	4	8
day4_TCTCCCAGAGGACAAC	8	3	9
day4_TCTCCCAGAGTGGATG	7	3	8
day4_TCTCCCAGATGCCGCA	7	3	8
day4_TCTCCCAGATGGTCAT	7	3	8
day4_TCTCCGATGCATCCAA	9	3	7
day4_TCTCCGATGCGAAGCA	9	3	7
day4_TCTCCGATGTCTCCAC	7	3	8
day4_TCTCCGATGTGGCTGC	7	3	8
day4_TCTCCTTTGAATACCC	7	3	8
day4_TCTCGCCCTACCCTAA	7	3	8
day4_TCTCGCCCTAGATAGT	7	3	8
day4_TCTCGTCGACCAGCAC	7	3	8
day4_TCTCGTCGAGCATTCA	7	3	8
day4_TCTCGTCGATGAGTCT	9	4	7
day4_TCTCGTCGATGCATGT	8	4	9
day4_TCTCTCTTGACGTAGG	7	3	8
day4_TCTCTCTTGGGTGTGA	7	3	8
day4_TCTCTCTTGTCTCCCA	7	3	8
day4_TCTCTCTTGTGGAATA	7	3	8
day4_TCTCTGCGACAACACT	7	4	8
day4_TCTCTGCGAGGCAGTA	8	4	9
day4_TCTCTGCGATCCCTTG	8	4	9
day4_TCTCTGCGATTAGAAG	9	4	9
day4_TCTGAACGAAACGGTG	7	3	8
day4_TCTGAACGAATCTGTG	7	3	8
day4_TCTGAAGTGTCGGTAT	7	3	8
day4_TCTGACAGAAATCACC	7	3	8
day4_TCTGACAGAATTCTCT	7	3	2
day4_TCTGACAGACAATTCG	7	3	8
day4_TCTGACAGACCATCAA	8	4	9
day4_TCTGACGCTCCTGCAG	7	3	8
day4_TCTGACGCTGGACAGT	8	4	9
day4_TCTGATTACGATCCGC	7	3	7
day4_TCTGATTACTCACTTT	7	3	8
day4_TCTGCAAGATGGGATG	7	3	8
day4_TCTGGACCTCGACTTA	7	3	8
day4_TCTGGACCTTGCCGCA	7	3	8
day4_TCTGGCACTACGTAGG	8	4	9
day4_TCTGGCACTCTACGAT	7	3	8
day4_TCTGGCACTTGCAGGA	7	4	8
day4_TCTGGCACTTTATGCG	8	4	9
day4_TCTGGCTACCATGAAA	7	3	8
day4_TCTGGCTACGAAGCAC	7	3	8
day4_TCTGGTAGATGAGCCC	7	3	8
day4_TCTGGTCTGCAGGGAT	9	3	7
day4_TCTGGTCTGGGACGTA	7	3	8
day4_TCTGGTCTGGGTGTGA	10	3	9
day4_TCTGGTCTGTGCATGT	7	3	8
day4_TCTGTATACAGACCAG	7	3	8
day4_TCTGTATACCGCCACA	9	3	7
day4_TCTGTATTGCTGCAGC	8	4	9
day4_TCTGTATTGCTGGGTC	7	3	8
day4_TCTGTCGTGTGATGTC	7	3	8
day4_TCTGTCGTGTGTGAGG	7	3	8
day4_TCTGTGCTGGATAAGT	7	3	8
day4_TCTGTTAACAGGCATG	9	3	7
day4_TCTGTTAACCCTACGG	7	3	8
day4_TCTGTTAACCGCACTG	8	4	9
day4_TCTGTTATGAGCGATG	7	3	8
day4_TCTGTTATGTATCCGA	6	3	2
day4_TCTTAAGCTGCAGCAA	7	3	8
day4_TCTTAGTACAGTCACT	7	3	8
day4_TCTTAGTACCCCGGTA	7	3	8
day4_TCTTAGTACTGAGTCT	7	3	8
day4_TCTTAGTACTGCACGC	9	3	7
day4_TCTTCAATGAACGTTC	8	4	9
day4_TCTTCAATGAGTTACC	8	4	9
day4_TCTTCAATGATACCTG	7	3	8
day4_TCTTCAATGATTCGTG	9	3	7
day4_TCTTCCACTAAGGGTC	8	4	9
day4_TCTTCCACTGTAAGTA	7	3	8
day4_TCTTCGCGAGCTGCTG	7	3	8
day4_TCTTCGTCTGAGGGAG	6	3	2
day4_TCTTGCTCTCCTCCTA	10	3	9
day4_TCTTGCTCTGCCTCAG	7	3	8
day4_TCTTGGAGAGCGTGTC	7	3	9
day4_TCTTGGAGAGTTCTCC	7	3	8
day4_TCTTGGAGATGTCCGG	7	3	8
day4_TCTTGGCACCTCACGG	8	4	9
day4_TCTTGGCACGCAAGCA	7	3	8
day4_TCTTGGCACGTCTAAC	9	3	7
day4_TCTTGTCCTAGCCTCG	7	3	8
day4_TCTTGTCCTGGAGTCA	7	3	8
day4_TCTTTGAACAAGGAAG	10	3	9
day4_TCTTTGAACTCGAACT	7	3	8
day4_TGAAAGATGTAATGAG	7	3	8
day4_TGAAAGCCTATACCTG	7	3	7
day4_TGAAAGCCTCCCACGA	9	3	7
day4_TGAAAGCCTCGTGCGT	9	3	7
day4_TGAAAGCCTGGCAATG	9	3	7
day4_TGAAAGCCTGTCCCGA	6	3	2
day4_TGAAATGGAGCTCTCT	7	3	8
day4_TGAAATGGATGGCGCT	7	3	8
day4_TGAACAGCTCATGGGA	8	4	9
day4_TGAACGTACGTAGCCC	7	3	7
day4_TGAACGTACGTCTTGA	7	3	8
day4_TGAAGAATGAACCCTA	7	3	8
day4_TGAAGAATGAGGACGT	7	3	8
day4_TGAATCGACACCGTGC	7	3	8
day4_TGAATCGACAGTAAAC	7	3	8
day4_TGAATCGTGCCCTCAT	7	3	8
day4_TGAATCTCTCTACCGG	7	3	8
day4_TGAATGGCTACTGTCA	7	3	8
day4_TGAATGGCTCGTATTG	7	3	8
day4_TGAATGGCTTCTGTAG	9	3	7
day4_TGACAACTGAAGATCA	7	3	8
day4_TGACAACTGAAGGAAG	9	3	7
day4_TGACAACTGACCTGTA	7	3	8
day4_TGACAACTGATCAGGG	7	3	8
day4_TGACCCTTGATACCTG	7	3	7
day4_TGACCCTTGCCAAGCC	7	3	8
day4_TGACCCTTGCGACACC	7	3	2
day4_TGACCGGACAGGCCTC	7	3	8
day4_TGACCGGTGACGTAAA	7	3	8
day4_TGACCGGTGAGCGAAC	7	3	8
day4_TGACCGGTGCCTCTAC	7	3	8
day4_TGACCGGTGCGAAAGC	7	3	8
day4_TGACCGTCTCGGCTGT	8	4	9
day4_TGACCGTCTTTGGTTG	7	3	8
day4_TGACGATTGGATCGGA	7	3	8
day4_TGACGCGACACTTGAC	7	3	8
day4_TGACGCGACCGTGACC	7	3	8
day4_TGACGCGACTCTTTGT	7	3	8
day4_TGACGCGACTTCTGAG	7	3	8
day4_TGACGCGTGCAAGCGA	7	3	8
day4_TGACGCGTGTTCCATT	7	3	8
day4_TGACGGCTGAAGAATC	7	3	8
day4_TGACGGCTGTAAAGAC	7	3	8
day4_TGACGGCTGTCTAACG	7	3	8
day4_TGACTACGAATGAACA	8	4	9
day4_TGACTACGACAACCAT	9	3	7
day4_TGACTATCTACTGTTG	7	3	8
day4_TGACTATCTGTTGTTG	7	3	8
day4_TGACTATCTTGGGAGT	8	4	9
day4_TGACTATCTTTATGCG	7	3	8
day4_TGACTCAGATCAAGAA	8	4	9
day4_TGAGAGCGAAGACTAA	7	3	8
day4_TGAGAGCGAGAGCGTA	7	1	8
day4_TGAGCATTGAATCGCT	7	3	8
day4_TGAGCATTGCACAAGG	7	3	8
day4_TGAGCATTGCGGCACT	7	3	8
day4_TGAGCATTGGGAACGT	8	4	9
day4_TGAGCATTGTTAGAAG	7	3	8
day4_TGAGCGCACTGGGAGT	8	3	9
day4_TGAGGACGAACACCCG	8	4	9
day4_TGAGGCAGACTCGCAG	8	4	9
day4_TGAGGCGCTTTCAGCA	6	4	2
day4_TGAGGGTGACATGAAA	7	3	8
day4_TGAGGGTGACCTCCAT	8	4	9
day4_TGAGTCATGACTAAGA	8	4	9
day4_TGAGTCATGCGTTGGC	8	4	9
day4_TGAGTCATGTGGACGA	7	3	8
day4_TGAGTGACTAGTAACA	7	3	8
day4_TGAGTGTACGGATAAT	7	3	8
day4_TGAGTTCGAAAGAGGA	7	3	8
day4_TGAGTTCGACGCAAGA	7	3	8
day4_TGAGTTCGATGAATGA	7	3	8
day4_TGAGTTCGATTCTATC	8	4	9
day4_TGATAAGGAACTCCCT	9	3	7
day4_TGATAAGGAATGGCTT	7	3	8
day4_TGATAAGGACCATTCC	7	3	8
day4_TGATAAGGATTCGGTA	8	4	9
day4_TGATAGGCTGAATGGC	7	3	8
day4_TGATAGGCTTTGAGGG	8	3	9
day4_TGATCAGACAAGGGTC	6	3	2
day4_TGATCGATGTCCCGTT	7	3	8
day4_TGATCGTGACGAACTT	8	4	9
day4_TGATCTACTCAATGGG	8	3	9
day4_TGATCTACTTGGCTGC	8	3	9
day4_TGATCTTACACTGTGT	7	3	8
day4_TGATGACACAAATGGT	8	4	9
day4_TGATGACACCGAAATA	8	4	9
day4_TGATGACACGAATGTA	7	3	8
day4_TGATGACACGTAAGTA	8	4	9
day4_TGATGACACTGATCCA	7	3	8
day4_TGATGCAACAGTATGA	7	3	9
day4_TGATGCAACTGGAATA	7	3	8
day4_TGATTACCTATCAGGG	7	3	8
day4_TGATTACCTGGAAATT	7	3	8
day4_TGATTGGACGTAGCCC	9	3	7
day4_TGATTGGACTCGGAAG	8	3	9
day4_TGATTTCTGAACAGGC	7	3	8
day4_TGATTTCTGACGGAAC	8	4	9
day4_TGATTTCTGATGGCAG	8	4	9
day4_TGATTTCTGCTTCACC	7	3	8
day4_TGATTTGCTAAGTCTC	9	3	7
day4_TGATTTGCTGTGATGG	7	3	8
day4_TGCAAACACCGCTTGG	7	3	8
day4_TGCAAACACGTCCCGA	7	3	8
day4_TGCAACAACAACCCAT	9	3	7
day4_TGCAAGTTGATTTCCT	7	3	8
day4_TGCAATGACGACCGAA	7	3	8
day4_TGCAATTCTGGTTGTT	7	3	8
day4_TGCACAATGTCGATGT	7	3	8
day4_TGCACGCGAATGATGA	7	3	8
day4_TGCACGGTGCAACATC	9	3	7
day4_TGCACGGTGCTCACTC	8	4	9
day4_TGCACGGTGGACCCGT	7	3	8
day4_TGCAGAGGAAACGCCC	8	4	9
day4_TGCAGATTGCGTGGCT	7	3	9
day4_TGCAGCGACAGCTATC	7	3	8
day4_TGCAGCGACCCAGACC	8	4	9
day4_TGCAGCGACGACGCAA	8	4	9
day4_TGCAGCGACGGATATA	6	3	2
day4_TGCAGCGTGCGATTAC	7	3	8
day4_TGCAGCTCTCTGGCTG	7	3	8
day4_TGCAGCTCTTGGGTTT	8	4	9
day4_TGCAGGAGATTGCCTC	8	3	9
day4_TGCAGGAGATTTCTGT	8	4	9
day4_TGCAGGCACCTACAAC	7	3	8
day4_TGCAGGCACCTTCCAC	8	4	9
day4_TGCATGCCTGCTGCAC	7	3	8
day4_TGCATTGGAACATGAA	7	3	8
day4_TGCCACTACCGTTACA	9	3	7
day4_TGCCACTTGAGGTCGA	7	3	8
day4_TGCCATCACCAACAGG	7	3	8
day4_TGCCATCACCCCGTAG	7	3	8
day4_TGCCATCACTCTAGAC	7	3	8
day4_TGCCGCAGACGGCACT	7	3	8
day4_TGCCGCAGAGACAGGT	7	3	8
day4_TGCCGCAGATCCCGGA	7	3	8
day4_TGCCGGATGGGCGTAA	7	3	8
day4_TGCCGTTTGTACTACG	9	3	7
day4_TGCCTCCCTACAAGTA	7	3	8
day4_TGCCTCCCTAGACCGA	9	3	7
day4_TGCCTCCCTCCCAACG	9	3	7
day4_TGCCTCCCTTGAAGTA	8	4	9
day4_TGCCTGGGACAGTCTA	7	3	8
day4_TGCCTGGGACTCTATT	7	3	8
day4_TGCGAGAGACAAGCGA	7	3	8
day4_TGCGAGAGACTGTATG	7	3	8
day4_TGCGAGAGAGTGACCC	7	3	8
day4_TGCGAGAGATCTATTC	7	3	8
day4_TGCGCAGACGGAACTG	9	3	7
day4_TGCGCAGACTGAGGAC	7	3	8
day4_TGCGGCAACCTCACTC	7	3	8
day4_TGCGGCAACTCCTCAC	7	3	8
day4_TGCGGGTACCAACAAA	7	3	8
day4_TGCGGGTTGAATGCAA	7	3	8
day4_TGCGGGTTGCCTGTCT	8	3	8
day4_TGCGGGTTGCGACCGT	7	3	8
day4_TGCGGTGACACTTACG	7	3	8
day4_TGCGGTGACGGGAGGA	7	3	8
day4_TGCGGTGTGCAATGGG	7	3	8
day4_TGCGGTGTGGACAGGT	7	3	8
day4_TGCGGTGTGGGCGATA	7	3	8
day4_TGCGGTGTGTCTGGCG	7	3	8
day4_TGCGGTTCTAAACCCT	6	4	2
day4_TGCGGTTCTCCCGTGA	7	3	8
day4_TGCGGTTCTTGAACGG	8	4	9
day4_TGCGGTTCTTTCCCAC	8	4	9
day4_TGCGTGGACACAACCT	9	3	7
day4_TGCGTTAGAGATCCAT	7	3	8
day4_TGCGTTCTGTCCAAAC	9	3	7
day4_TGCTAGTGATGCATCA	7	3	8
day4_TGCTATTTGAGCACGA	7	3	8
day4_TGCTATTTGTTCGGGC	7	3	8
day4_TGCTCAAGACTGAGAG	9	3	7
day4_TGCTCAAGATGGTCTA	7	3	8
day4_TGCTCACACTCAGTGT	7	3	8
day4_TGCTCTCGAAGTTACC	8	4	9
day4_TGCTCTCGAGTCTATG	7	3	8
day4_TGCTCTTCTGGAAGAA	7	3	2
day4_TGCTGCACTGGATGAC	7	3	8
day4_TGCTGCACTTACAACC	7	3	8
day4_TGCTGGTCTGTGAAAT	9	3	7
day4_TGCTGTCACGCATGGA	7	3	8
day4_TGCTTCGACAAGTTAG	7	3	8
day4_TGCTTCGACATTGGAA	7	3	8
day4_TGCTTCGACGGACAAC	7	3	8
day4_TGGAACACTACTGATC	7	3	8
day4_TGGAACTACCGGTAGA	7	3	8
day4_TGGAACTTGGGATATA	7	3	8
day4_TGGAACTTGGTCCTTC	7	4	9
day4_TGGAACTTGTGGTTAC	7	3	8
day4_TGGAAGTCTGCAGCAA	7	3	8
day4_TGGACATACAACGCTT	10	3	9
day4_TGGAGAGACATGGAAT	7	3	8
day4_TGGATAGCTGTGACCC	9	3	7
day4_TGGATGACTGAAGTTA	7	3	8
day4_TGGATGACTTTGCAGT	7	3	8
day4_TGGATGACTTTTCTGT	7	3	8
day4_TGGATTCGACCCAATA	7	3	8
day4_TGGATTCGATCTACAG	7	4	8
day4_TGGATTTCTCAAGTGG	7	3	1
day4_TGGCAATACTAGACCT	9	3	7
day4_TGGCAATTGAGGTCCC	7	3	8
day4_TGGCACGACGACAGTG	7	3	8
day4_TGGCAGAGAATTGAAG	7	3	8
day4_TGGCAGAGACAAGATA	9	3	7
day4_TGGCAGCTGTGTTCTT	7	3	8
day4_TGGCAGCTGTTGTAGC	7	3	8
day4_TGGCCAGTGATGGCCC	8	4	9
day4_TGGCCAGTGGGCTCTG	7	3	8
day4_TGGCCCAGAACTCCCT	7	3	8
day4_TGGCCCAGACCATAAC	7	3	8
day4_TGGCCCAGAGGTGGAT	7	3	8
day4_TGGCCTACTAGCGATG	8	4	9
day4_TGGCCTACTCGTTACA	7	3	8
day4_TGGCCTACTGGTACAG	7	3	8
day4_TGGCGGACTGTGATGG	7	4	8
day4_TGGCGGTTGACCCTAA	7	3	8
day4_TGGCGGTTGAGGCTGA	7	3	8
day4_TGGCGGTTGCCCAACG	9	3	7
day4_TGGCGGTTGGATCCGC	7	3	8
day4_TGGCTACCTGCGGTAA	7	3	8
day4_TGGCTACCTGTTAGGG	9	3	7
day4_TGGCTGGACTCTGTAG	9	3	7
day4_TGGCTGGACTTCTTTG	7	3	8
day4_TGGCTGGTGAGCCTCG	7	3	8
day4_TGGCTGGTGCCGAAAG	7	3	8
day4_TGGCTGGTGCCGATGC	9	3	7
day4_TGGCTGGTGCGAAAGC	10	3	9
day4_TGGCTTAGACATGCAT	8	4	9
day4_TGGCTTAGACGACAGA	7	3	8
day4_TGGCTTGCTCTAATGC	9	3	7
day4_TGGGACAGAAACCTCA	6	3	2
day4_TGGGACAGAAAGACAT	7	3	8
day4_TGGGACAGATGTGAGG	7	3	8
day4_TGGGACCACCCATCAA	7	3	8
day4_TGGGACCTGATCGCAT	7	3	8
day4_TGGGACCTGGGACGAT	7	3	8
day4_TGGGAGAACCGTGTTA	8	4	9
day4_TGGGAGATGATTCACG	7	3	8
day4_TGGGAGATGCTAACCA	7	3	8
day4_TGGGAGATGGAATGTA	7	1	8
day4_TGGGAGCCTACCGGAA	7	3	8
day4_TGGGAGCCTAGCTACT	7	3	8
day4_TGGGCCATGCCTACGG	7	3	8
day4_TGGGCCATGGGGTTAG	7	4	8
day4_TGGGCCATGTAGCTTG	7	3	8
day4_TGGGCGACTTCACTGA	7	3	8
day4_TGGGTATTGCAGCCCA	8	4	9
day4_TGGGTGAGAGTGGATG	7	3	9
day4_TGGGTGAGATTGTGGT	9	3	7
day4_TGGGTGCTGAGTTAGA	7	3	8
day4_TGGGTGCTGCGTCGCA	7	3	8
day4_TGGTAACTGGTTGACT	7	3	8
day4_TGGTAACTGTTGTGTG	9	3	7
day4_TGGTAGACTTACGATC	9	3	7
day4_TGGTCAATGAGCAATA	7	3	8
day4_TGGTCCTACATCCTCC	7	3	8
day4_TGGTCCTACATGACCT	8	4	9
day4_TGGTCCTACTGGTCTA	7	3	8
day4_TGGTCTAGAAATTGAG	9	4	7
day4_TGGTGAGGACAGCCCA	7	3	8
day4_TGGTGAGGACCACGTG	7	1	8
day4_TGGTGAGGATCTTTGT	7	3	8
day4_TGGTGATACCACTTGA	9	3	7
day4_TGGTGCGTGCTACAAC	7	3	8
day4_TGGTGCGTGGGACAAC	7	3	8
day4_TGGTGTATGGATGCTT	9	3	7
day4_TGGTGTATGTGCCGCA	7	3	8
day4_TGGTGTTGAGACTCAT	7	3	8
day4_TGGTGTTGATGCCCGA	7	3	8
day4_TGGTTACGAAGCCATT	7	3	8
day4_TGGTTAGTGGGTACTT	7	3	8
day4_TGGTTCCACGGATTAA	7	3	8
day4_TGGTTCCTGACAACAA	7	3	8
day4_TGGTTGTGACAAGATA	7	3	8
day4_TGGTTGTGAGAGAGAA	7	3	8
day4_TGGTTTGGATAATGAG	7	3	8
day4_TGGTTTGGATGATCGT	9	3	7
day4_TGTACGAACAGACACG	7	3	8
day4_TGTACTGGAGAAGTAT	9	3	7
day4_TGTAGACTGGTTGGAG	7	3	8
day4_TGTAGACTGTCTGTAG	7	3	8
day4_TGTAGTGACCTGGGTC	7	3	8
day4_TGTAGTGACTACTTCT	7	3	8
day4_TGTATGGACACTACCA	7	3	8
day4_TGTATGGACCACAAGG	8	4	9
day4_TGTATGGACTGCAGGA	7	3	8
day4_TGTATGTCTAAGGAAG	8	4	9
day4_TGTATGTCTAGGTAGC	7	3	8
day4_TGTATGTCTCCGCATG	8	4	9
day4_TGTATGTCTTGCTTGA	8	4	9
day4_TGTCACCTGCCCTCAT	8	4	9
day4_TGTCACCTGTGTGGAG	7	3	8
day4_TGTCAGAACGGAACTG	7	3	8
day4_TGTCATACTCACTAAC	7	3	8
day4_TGTCATACTGACGGAT	9	3	7
day4_TGTCATACTTCACTGA	7	3	8
day4_TGTCCACACCAGCCCA	7	3	8
day4_TGTCCACACGAATGTA	8	4	9
day4_TGTCCACACGGGTTCC	7	4	8
day4_TGTCGAAACCACTTAG	7	3	8
day4_TGTCGACCTATCCATG	9	3	7
day4_TGTCGACCTCTCCCAT	8	4	9
day4_TGTCGACCTGTTCTTT	7	3	8
day4_TGTCGATGACGGTGAA	9	3	7
day4_TGTCTGCTGACCTCTC	8	3	9
day4_TGTCTTAACAGAATCA	7	3	8
day4_TGTCTTAACCGTGGAA	7	3	8
day4_TGTCTTAACGTACCTA	7	3	8
day4_TGTCTTTGAAGACTAA	7	3	8
day4_TGTCTTTGAGAATAGT	7	3	8
day4_TGTCTTTGATGCACGC	7	3	8
day4_TGTGAACTGGACAGGT	7	3	8
day4_TGTGAACTGGGAAATT	7	3	8
day4_TGTGACCCTCGCGTCA	9	4	7
day4_TGTGACCCTGAGAACC	7	3	8
day4_TGTGACCCTTCCTCCA	8	4	9
day4_TGTGACTGAGTATAGA	8	3	9
day4_TGTGATGACGGGCTCT	7	3	8
day4_TGTGCTGCTAGGATAT	9	3	7
day4_TGTGCTGCTCAAATGA	7	3	8
day4_TGTGGAGGAAGCATCT	8	4	9
day4_TGTGGAGGACCGTGCA	7	3	8
day4_TGTGGCGACGACGATG	7	3	8
day4_TGTGGCGACTCGAGGA	7	3	8
day4_TGTGGGCACTCTGTAG	7	3	8
day4_TGTGGGCTGCAGTGAG	9	3	7
day4_TGTGTACGAAAATTGG	8	4	8
day4_TGTGTACGAACGACTT	8	4	9
day4_TGTGTACGACCAGACC	7	3	8
day4_TGTGTACGAGAACATA	7	3	8
day4_TGTGTAGACTACGATC	7	3	8
day4_TGTGTAGACTCCTCAC	7	3	8
day4_TGTGTAGACTTAGGAA	7	3	8
day4_TGTGTAGTGGTCATTG	9	3	7
day4_TGTGTTGGATAGATCC	7	3	8
day4_TGTTCATTGCCCAGTG	7	3	9
day4_TGTTCCGACAGGCCCT	10	3	9
day4_TGTTCCGACCGAGTGA	7	3	8
day4_TGTTCCGACTCGATGT	7	3	8
day4_TGTTCGAGATGGGTAG	7	3	7
day4_TGTTCGCACGACCGAA	7	4	9
day4_TGTTCGCACGTTGTTG	7	3	8
day4_TGTTCGCTGGACAGGT	8	4	9
day4_TGTTCGCTGGACGTCC	7	3	8
day4_TGTTCGGCTACTAAGA	7	4	8
day4_TGTTCGGCTGCCACAC	7	3	8
day4_TGTTCGGCTTGTTGTG	7	3	8
day4_TGTTGACGAAACGTGG	7	3	7
day4_TGTTGACGATGACGTT	7	3	8
day4_TGTTGACGATTCGGTA	10	3	9
day4_TGTTGCCACACCAATC	9	3	7
day4_TGTTGCCACCATGGTT	8	4	9
day4_TGTTGGATGAGGCCTC	8	4	9
day4_TGTTGGATGATTCGTG	9	3	7
day4_TGTTGGATGCGAAGCA	8	4	9
day4_TGTTGGATGTGATCCA	7	3	8
day4_TGTTGGATGTGTGAGG	7	3	8
day4_TGTTGTACTGGGACAT	7	3	8
day4_TGTTGTACTGGTACTT	9	3	7
day4_TGTTGTACTGTGGACA	7	3	8
day4_TGTTTACACAGCACGA	6	3	2
day4_TGTTTACACGTGATGG	7	3	8
day4_TGTTTAGCTTTGCTCC	7	3	8
day4_TGTTTGTACTCGGTAT	7	3	8
day4_TGTTTGTACTGTGATC	7	3	8
day4_TTAAGCGTGGGCGATA	7	3	8
day4_TTAAGCGTGGTGTGTT	8	4	8
day4_TTACACGGACAGGGAT	9	3	7
day4_TTACACGGACCTAAGT	8	4	9
day4_TTACATCACCGCGTGT	8	4	9
day4_TTACCATACAGTGTCT	8	4	9
day4_TTACCCGTGCTAACAC	6	3	2
day4_TTACCGAGATAAACCC	7	3	8
day4_TTACCGAGATAACGTC	7	4	8
day4_TTACCGCACGTGAGAC	8	3	9
day4_TTACGTGGACCGCATG	8	3	9
day4_TTACGTGGACTTCCGT	8	4	9
day4_TTACGTGGATCTGGGC	7	3	8
day4_TTACTGTACCAACAGG	9	3	7
day4_TTACTGTACTCTACAG	8	4	9
day4_TTAGAAGGAGAAAGGA	7	3	8
day4_TTAGAAGGAGTTTGAC	7	3	8
day4_TTAGAAGGATTCACAG	7	3	8
day4_TTAGAAGGATTGAGTC	7	3	8
day4_TTAGACCGAACCTGGC	7	4	8
day4_TTAGACCGAATGACTC	7	3	8
day4_TTAGACCGAGAAGTTA	7	3	8
day4_TTAGAGAGAAGGTTTC	7	3	8
day4_TTAGCTTTGCAGAAAT	7	3	8
day4_TTAGCTTTGTGTGGAG	8	4	9
day4_TTAGGAAGAAAGGTAT	7	3	8
day4_TTAGGAAGACAATGGG	7	3	8
day4_TTAGGACACATTCGTG	7	3	8
day4_TTAGGACACGGCTCAC	8	4	9
day4_TTAGGCAACCAATTCG	7	3	8
day4_TTAGGGTTGCATCCAA	8	4	8
day4_TTAGGGTTGGACTTAC	9	3	7
day4_TTAGGGTTGTAGAACA	7	3	8
day4_TTAGGTGTGAGCCAGA	8	3	9
day4_TTAGTTCACACGGGTA	7	3	8
day4_TTAGTTCTGTTCCCAC	8	4	9
day4_TTATACGCTAACCCTA	9	3	7
day4_TTATACGCTTGAACAA	7	3	8
day4_TTATCTCGAACGGGTA	9	3	7
day4_TTATGACCTGGTGTGA	9	3	7
day4_TTATGCGGACACTGGC	8	4	9
day4_TTATGGCGAAGGGTCA	7	3	8
day4_TTATGGGTGTATCGCA	7	3	8
day4_TTATGGTCTAACACTC	8	3	9
day4_TTATGGTCTACCCTAA	7	1	8
day4_TTATGGTCTGTTCAAC	7	3	8
day4_TTCAACACTTGGACGA	9	3	7
day4_TTCAACGGAGGACTTT	7	3	8
day4_TTCAAGCGAAACCTAC	7	3	8
day4_TTCAAGCGACCGTGAC	9	3	7
day4_TTCAAGCGATAACACC	7	3	8
day4_TTCAATGCTAAGTTAG	7	3	8
day4_TTCAATGCTCCCTCAT	7	3	8
day4_TTCAATGCTTGTTGGT	10	3	9
day4_TTCACCGACATCATGC	7	3	8
day4_TTCACCGACATCGCAT	7	3	8
day4_TTCACCGTGACTGGGA	9	3	7
day4_TTCACCGTGATGGTAA	9	3	7
day4_TTCACCGTGCATAGTC	8	4	9
day4_TTCACCGTGGGGCTTC	7	3	8
day4_TTCACGAGAGACACCC	9	3	7
day4_TTCACGAGAGCAATAA	9	3	7
day4_TTCACGAGATTCTATC	7	3	8
day4_TTCACGCTGCCTGCGA	9	3	7
day4_TTCACGCTGCGTCCAG	7	3	8
day4_TTCACGCTGTCATCCC	8	4	9
day4_TTCACGCTGTTGGTGT	7	3	8
day4_TTCAGCAGACTGCAGC	7	3	8
day4_TTCAGCAGATCTAGAC	8	4	9
day4_TTCAGCGCTACTTCGA	10	3	9
day4_TTCAGGCCTACAATGA	7	3	8
day4_TTCAGTGGACTGGTTA	7	3	8
day4_TTCATGACTGAGGAAA	7	3	8
day4_TTCATGACTTCGAACT	9	3	7
day4_TTCCAAGGAGGGAACT	8	4	9
day4_TTCCAAGGATATGTGC	7	3	8
day4_TTCCCACGACAGTGAG	8	4	9
day4_TTCCCGTGAATGCCCG	7	3	8
day4_TTCCCGTGATACCCTC	9	4	7
day4_TTCCGAAGAGCCCGTA	7	3	8
day4_TTCCGACTGCATGAAA	8	4	9
day4_TTCCGACTGCCGAAAG	7	3	8
day4_TTCCGCAACCTCTCCA	7	3	8
day4_TTCCGCTGACACTTGA	8	4	9
day4_TTCCGCTGACGTCGCA	7	3	8
day4_TTCCGCTGATGTCCGG	7	3	8
day4_TTCCGGTACGAACGGT	7	4	8
day4_TTCCTAATGACGGGTA	9	3	7
day4_TTCCTAATGATGGCAG	7	3	8
day4_TTCGAAGACACATGAA	7	3	8
day4_TTCGAATCTCAAGTGG	7	3	8
day4_TTCGACGCTGGACAGT	9	3	7
day4_TTCGACGCTGTTTGAC	7	3	2
day4_TTCGCCTGACGCCACA	9	3	7
day4_TTCGCGACTTGTGGGA	9	3	7
day4_TTCGCTTCTATCACAC	7	3	8
day4_TTCGCTTCTCCATAAC	7	3	8
day4_TTCGCTTCTCCCGATG	7	3	8
day4_TTCGCTTCTTCGCTTC	7	3	8
day4_TTCGGTCACAACCAAA	7	3	8
day4_TTCGGTGCTCAATGGG	7	3	8
day4_TTCGGTGCTCGCATCG	7	1	8
day4_TTCGGTGCTGAGCATG	7	3	8
day4_TTCGTAGGAGTTGGAG	6	3	2
day4_TTCGTATTGAGGTATA	7	3	8
day4_TTCGTATTGCCTCTAC	7	3	9
day4_TTCGTCGTGAGTGAAT	7	3	8
day4_TTCGTGCTGTTGAAAG	7	4	8
day4_TTCGTTTGACAGTACT	7	3	8
day4_TTCTAACTGCAACAAA	7	3	8
day4_TTCTAACTGGAACATA	7	3	8
day4_TTCTAACTGTCGAACT	7	3	8
day4_TTCTAGACTCCTAAGT	8	4	9
day4_TTCTAGACTCTAACCA	7	3	8
day4_TTCTAGACTGACTCAT	7	3	8
day4_TTCTAGACTTAACTGC	7	3	8
day4_TTCTAGACTTGATCTG	7	3	8
day4_TTCTAGACTTTACCTT	9	3	7
day4_TTCTCATGAATCCTCC	8	4	9
day4_TTCTCATGACACGCTG	9	3	7
day4_TTCTCATGATCGCGAC	7	3	8
day4_TTCTGAGGAGATCCGC	10	3	9
day4_TTCTGCTCTCTGTGAT	7	3	8
day4_TTCTGTATGTTGCTCC	7	3	8
day4_TTCTTGTGAATAGGAT	9	3	7
day4_TTCTTGTGACACCCGA	7	3	8
day4_TTCTTGTGATACTTCT	7	3	8
day4_TTGAACGACGGTTGAG	7	3	8
day4_TTGAAGCACAACACTC	7	3	8
day4_TTGAAGCACCCTAAGT	8	4	9
day4_TTGAAGCACCGAAGCA	7	3	8
day4_TTGAATCCTTCCAACA	7	3	8
day4_TTGACACGAACTGAGG	8	4	9
day4_TTGACACGATGGCCTG	7	3	8
day4_TTGACAGACCAGAACG	7	3	8
day4_TTGACCAGACATCACA	7	3	8
day4_TTGACCAGACGAACTT	7	3	8
day4_TTGACCAGACGAGAGT	8	4	9
day4_TTGACCAGACGGTAAG	8	3	9
day4_TTGACCCACACCAATC	7	3	8
day4_TTGACCCACAGGTTCT	8	4	9
day4_TTGACCCACCTCGCTT	7	3	8
day4_TTGACTACTGTTCAAC	7	3	8
day4_TTGACTTACGACAGTG	7	3	8
day4_TTGAGAAGAAACCTAC	7	3	8
day4_TTGAGAAGATAACCCA	7	3	8
day4_TTGAGCAACAATCACC	7	3	8
day4_TTGAGCAACTGAAAGT	7	3	8
day4_TTGAGTGACAAGACAT	7	3	8
day4_TTGATGTCTCGCTCAG	7	3	8
day4_TTGCATACTCGTGTTA	8	4	9
day4_TTGCCGACTATGACTC	7	3	8
day4_TTGCCGACTCCTGTAA	7	3	8
day4_TTGCCGTACAGGTTCT	7	3	8
day4_TTGCCGTACCCGCATG	6	3	2
day4_TTGCCTCGAACATCGT	7	3	8
day4_TTGCCTCGAGAGCGTA	8	4	8
day4_TTGCCTCGATGTCTAG	7	3	8
day4_TTGCCTCGATGTGAGG	9	3	7
day4_TTGCCTGACAGTCACT	7	3	8
day4_TTGCGATGAGGATCAG	7	3	8
day4_TTGCGATGATCGAACT	8	4	9
day4_TTGCGATGATTGAGCT	7	3	8
day4_TTGCGGGACGACCCGT	7	3	8
day4_TTGCGGGACGTGCTTA	7	3	8
day4_TTGCGTAGACCCGTGA	8	3	9
day4_TTGCTTATGATTGGCT	7	3	8
day4_TTGCTTATGCTGCAGC	7	3	8
day4_TTGCTTATGGCTGGCT	7	3	8
day4_TTGCTTATGTCACGAT	7	3	8
day4_TTGGAAAGACGTGATT	7	3	8
day4_TTGGAAAGATCCTCAC	7	3	8
day4_TTGGAAAGATTCTTTG	8	4	9
day4_TTGGAACACATCTCCC	7	3	8
day4_TTGGAACTGAGCCCTG	8	4	9
day4_TTGGAACTGTTGCAGT	6	3	2
day4_TTGGAGTTGAAGAATC	7	3	8
day4_TTGGCGCGAAGTAAAC	7	3	8
day4_TTGGCGCGAGTAGCCC	8	4	9
day4_TTGGCTAGAAGATTCC	7	3	9
day4_TTGGGCCGAACATCAC	7	3	8
day4_TTGGGCTCTAGTGTGG	8	4	9
day4_TTGGGTAACAGGTATA	8	3	9
day4_TTGGGTCCTTCAGGTT	7	3	8
day4_TTGGTATCTACCTGTA	7	3	8
day4_TTGGTATCTATTTCCT	7	3	8
day4_TTGGTGATGACTTGAC	7	3	8
day4_TTGGTTGGACAGAACG	7	3	8
day4_TTGGTTGGATGGAATA	7	3	8
day4_TTGTAACCTATGGACG	7	3	8
day4_TTGTAACCTTACAACC	8	4	9
day4_TTGTACACTTGGGATG	9	3	7
day4_TTGTAGGACATCCCTC	8	4	9
day4_TTGTAGGACGACTGAG	7	4	8
day4_TTGTAGGACGTATAGA	7	3	8
day4_TTGTAGGACTTGCAGT	7	3	8
day4_TTGTATCACCACGCAC	8	4	9
day4_TTGTATCACCACGGTC	9	3	7
day4_TTGTATCACCCATTCC	7	3	8
day4_TTGTATCACGATGCAG	7	3	8
day4_TTGTATCACTATCACG	8	4	9
day4_TTGTCATACACTGATC	7	3	8
day4_TTGTCATACGTCGATT	7	3	8
day4_TTGTCATACTAGAGAT	7	3	8
day4_TTGTCGCACCTTTCAT	7	3	8
day4_TTGTCGCTGAGTAACA	7	3	8
day4_TTGTCGCTGAGTCAAA	7	3	8
day4_TTGTGAGACCGATCTA	9	3	7
day4_TTGTGCCTGCACCCGA	7	3	8
day4_TTGTGCCTGGTGAAGC	9	3	7
day4_TTGTGCCTGTCGAATC	9	3	7
day4_TTGTGCGCTATGGTGG	7	3	8
day4_TTGTGCGCTCCTACGG	7	3	8
day4_TTGTGGAACGGGTAAC	7	3	8
day4_TTGTGTGGAAAATGGT	8	4	9
day4_TTGTGTGGAATCTGCA	7	3	8
day4_TTGTGTGGACACAGCC	9	3	7
day4_TTGTGTGGAGTTACGT	9	3	7
day4_TTGTTGACTGATGCAG	7	3	8
day4_TTTACCTGAAGACCGA	8	4	9
day4_TTTACCTGAAGCACGA	7	4	8
day4_TTTACCTGATTGGGAG	7	3	8
day4_TTTACGGGACGCTCAG	7	3	8
day4_TTTACGGGAGTTGAGG	7	3	8
day4_TTTAGCTACATACGCT	8	4	9
day4_TTTAGCTACATGATGA	7	3	8
day4_TTTAGCTACGCAATAA	6	3	2
day4_TTTAGCTACTGCATCA	7	3	8
day4_TTTAGGGACCTTGATG	7	3	8
day4_TTTAGGGTGGAAGCAC	7	3	8
day4_TTTAGGGTGGATAAGT	8	4	9
day4_TTTAGTCACACTGCCG	8	3	9
day4_TTTAGTCACTGATGTC	9	3	7
day4_TTTATCCGATATCGCA	7	3	8
day4_TTTCAACTGAGGACAC	7	3	8
day4_TTTCAGTTGCTAACTG	7	3	8
day4_TTTCATGTGAACGTTC	8	4	9
day4_TTTCATGTGAGACACG	7	3	8
day4_TTTCCAAACCATAGTC	7	3	8
day4_TTTCCCACTCGACAGA	7	3	8
day4_TTTCCCACTTTTCGGA	7	3	8
day4_TTTCCGGTGACACCCG	8	4	9
day4_TTTCCGGTGACTGATC	7	3	8
day4_TTTCCGGTGAGGCCTC	9	3	7
day4_TTTCCGGTGCCTCATC	8	4	9
day4_TTTCCGTCTAGTCAAA	7	3	8
day4_TTTCCGTCTATGCCCG	8	4	9
day4_TTTCCGTCTTCTCTAT	7	3	8
day4_TTTCCTAGATCCCTGT	9	3	7
day4_TTTCCTCACAAATTGG	9	3	7
day4_TTTCCTCACATCCATG	7	4	7
day4_TTTCCTCACGCCCTTT	10	4	9
day4_TTTCCTCTGCCCACGA	7	3	8
day4_TTTCGATTGTGAATGA	7	3	8
day4_TTTCGGAGACCATCGG	7	4	8
day4_TTTCGGAGATTTCGTT	7	3	8
day4_TTTCTCCACAGGTATA	7	3	8
day4_TTTCTCCACCAAACAA	6	3	2
day4_TTTCTCCACCCGTGAC	7	3	8
day4_TTTCTCGCTCCGTCGA	9	3	7
day4_TTTGATGCTCCTCGAG	7	3	8
day4_TTTGCATACAATCGCT	7	3	8
day4_TTTGCATACCATGATC	7	3	9
day4_TTTGCATACGTCTATG	9	3	7
day4_TTTGCATTGGTCCTTC	9	3	7
day4_TTTGCTCCTCTCAACA	7	3	8
day4_TTTGGATCTCTGACCG	7	3	8
day4_TTTGGGAACTAACTCG	8	3	8
day4_TTTGTCATGATTCACG	7	3	8
day4_TTTGTCATGTCTCCCA	7	3	8
day4_TTTGTGTTGTGCCTAA	9	3	7
