Name	Term	ES	NES	NOM p-val	FDR q-val	FWER p-val	Tag %	Gene %	Lead_genes	library
prerank	G2-M Checkpoint	-0.6618497825684158	-3.151597413134346	0.0	0.0	0.0	89/181	14.16%	PLK1;CDC20;HMMR;TROAP;AURKA;CCNB2;HMGB3;NEK2;PRC1;NDC80;BUB1;DBF4;ODC1;CENPE;KIF2C;INCENP;MCM6;KPNA2;BIRC5;SFPQ;CENPA;KIF23;KNL1;HNRNPD;KIF4A;ESPL1;CCNF;UBE2S;TOP2A;KIF11;CCNA2;UBE2C;TPX2;CDKN2C;RACGAP1;TACC3;CENPF;TTK;MKI67;PTTG1;JPT1;EWSR1;HMGN2;NUSAP1;AURKB;SRSF2;CDKN3;STIL;H2AX;MNAT1;PRMT5;KIF22;NOLC1;TRA2B;ILF3;LMNB1;PBK;ATF5;SYNCRIP;MYC;EZH2;HMGA1;KIF20B;NASP;HNRNPU;CBX1;KMT5A;CDC27;DKC1;GINS2;CKS2;RBM14;KPNB1;RAD21;NCL;MYBL2;SNRPD1;DDX39A;NUMA1;ORC5;MAD2L1;TMPO;SMC2;HSPA8;POLA2;MCM3;SMC4;SMARCC1;XPO1	MSigDB_Hallmark_2020
prerank	Mitotic Spindle Organization (GO:0007052)	-0.7128782234603265	-2.8841496180042556	0.0	0.0	0.0	34/70	11.85%	PLK1;DLGAP5;AURKA;CCNB1;PRC1;CDCA8;NDC80;CENPE;INCENP;BIRC5;SPC25;KIF23;SUN2;KIF4A;NUF2;KIF11;TPX2;TTK;AURKB;STIL;VCP;INTS13;ZNF207;KIFC1;CKAP5;BCCIP;PIBF1;KPNB1;OFD1;MECP2;PTPA;CENPH;WRAP73;RMDN1	GO_Biological_Process_2023
prerank	Microtubule Cytoskeleton Organization Involved In Mitosis (GO:1902850)	-0.7377773705853731	-2.765550523268084	0.0	0.0	0.0	27/49	11.85%	PLK1;DLGAP5;CCNB1;CDCA8;NDC80;CENPE;INCENP;BIRC5;SPC25;SUN2;KIF4A;ESPL1;NUF2;KIF11;TACC3;TTK;NUSAP1;AURKB;STIL;INTS13;CKAP5;BCCIP;KPNB1;MECP2;PTPA;CENPH;RMDN1	GO_Biological_Process_2023
prerank	E2F Targets	-0.569748470356157	-2.7213870298330214	0.0	0.0	0.0	85/196	16.33%	PLK1;CDC20;HMMR;DLGAP5;AURKA;CCNB2;HMGB3;ANP32E;CDCA8;CENPE;BUB1B;KIF2C;MCM6;DEPDC1;KPNA2;BIRC5;SPC25;CDCA3;HNRNPD;KIF4A;ESPL1;UBE2S;TOP2A;CDKN2C;RACGAP1;TACC3;MKI67;PTTG1;JPT1;CIT;SPAG5;AURKB;SRSF2;XRCC6;CDKN3;H2AX;HMGB2;KIF22;NOLC1;TRA2B;ILF3;LYAR;LMNB1;WDR90;SYNCRIP;MYC;SSRP1;EZH2;HMGA1;SNRPB;NASP;TIPIN;MXD3;SPC24;CTPS1;CKS2;RAD21;DIAPH3;TRIP13;ZW10;NUP205;MYBL2;TK1;DDX39A;CBX5;MAD2L1;TMPO;ING3;HELLS;POLA2;MCM3;ORC2;TBRG4;NCAPD2;SMC4;XPO1;MCM7;EXOSC8;PA2G4;SMC3;SUV39H1;CTCF;NUP107;CHEK1;PAICS	MSigDB_Hallmark_2020
prerank	Mitotic Cytokinesis (GO:0000281)	-0.7340738264126563	-2.710317467214658	0.0	0.0	0.0	20/46	8.89%	PLK1;KIF20A;CDCA8;INCENP;BIRC5;CENPA;KIF23;KIF4A;ESPL1;RACGAP1;UNC119;CIT;NUSAP1;CKAP2;AURKB;SON;ECT2;ANLN;EXOC6;CFL1	GO_Biological_Process_2023
prerank	Mitotic Sister Chromatid Segregation (GO:0000070)	-0.6348246013617492	-2.6935105810951163	0.0	0.0	0.0	44/91	17.30%	PLK1;DLGAP5;CCNB1;PRC1;CDCA8;PSRC1;NDC80;CENPE;KIF14;KIF2C;KIF23;ESPL1;KIF11;TPX2;KIF18A;SPAG5;NUSAP1;KIF22;ZNF207;KIFC1;SPDL1;NCAPH;KNSTRN;BCCIP;NCAPG;KMT5A;SGO1;PIBF1;KPNB1;NCAPG2;OFD1;ZW10;SEH1L;VPS4A;WRAP73;CEP55;SMC2;NCAPD2;SMC4;WAPL;SMC3;CHMP7;KNTC1;PINX1	GO_Biological_Process_2023
prerank	Myc Targets V1	-0.5608743364128067	-2.6698906251336187	0.0	0.0	0.0	119/197	29.18%	CDC20;ODC1;MCM6;RUVBL2;KPNA2;PSMB3;HNRNPD;LDHA;SRSF3;CCNA2;FBL;UBE2L3;PSMD1;SRSF2;XRCC6;MRPL23;DDX21;HNRNPA2B1;NOLC1;TRA2B;HNRNPR;C1QBP;CCT7;PRPF31;CCT5;SRSF7;SYNCRIP;MYC;PSMD3;NOP16;GNL3;YWHAE;HNRNPU;SNRPB2;PWP1;SNRPA1;EPRS1;CSTF2;KARS1;PGK1;EIF2S2;PSMD14;CTPS1;GOT2;HNRNPA1;PSMA4;KPNB1;U2AF1;POLE3;CCT2;CCT3;NHP2;EIF3J;PSMD7;EIF3B;TRIM28;SNRPG;SNRPD1;PSMA7;PPM1G;MAD2L1;HDGF;HDAC2;ORC2;SMARCC1;XPO1;MCM7;DHX15;PA2G4;EIF4G2;VDAC1;SET;CNBP;PSMC6;MCM2;RANBP1;ABCE1;HSP90AB1;SNRPD2;CDC45;EIF1AX;DUT;DEK;RSL1D1;SNRPA;GSPT1;PSMA1;ILF2;ETF1;PSMC4;SRM;TCP1;YWHAQ;CBX3;SSBP1;SERBP1;POLD2;ERH;TXNL4A;RNPS1;MRPL9;PTGES3;CUL1;SF3B3;LSM7;AIMP2;EIF4E;RPL22;CCT4;NOP56;H2AZ1;XPOT;CYC1;USP1;HNRNPA3;SF3A1;TFDP1;PSMD8;EIF2S1	MSigDB_Hallmark_2020
prerank	RNA Splicing, Via Transesterification Reactions With Bulged Adenosine As Nucleophile (GO:0000377)	-0.565760623532928	-2.6202175159347867	0.0	0.0	0.0	90/160	26.97%	HNRNPM;SRSF3;DHX16;SRSF2;HNRNPA2B1;RBM42;TRA2B;SNRNP70;HNRNPR;SNRPF;PRPF31;SRSF7;SYNCRIP;EFTUD2;MTREX;RBM4;SNRPB;TRA2A;SF3B4;DHX8;AQR;HNRNPU;SNRPB2;SART1;CTNNBL1;GEMIN5;SNRPA1;HNRNPA1;RBM14;ISY1;CWC27;U2AF1;RBM8A;DDX5;DDX39B;GPKOW;IK;SNRPG;GCFC2;PRPF8;SNRPD1;DDX39A;PLRG1;CWF19L1;U2AF2;CWC25;HSPA8;CENATAC;PRPF40A;PPIL1;HNRNPH3;SRSF6;SMU1;RBMX;DHX15;RALY;DHX38;CRNKL1;HNRNPK;SLU7;SRSF10;DDX46;PRPF6;SNU13;SNRPD2;SF3B2;RBM19;MAGOH;PRPF19;SF3B1;SNRPA;RBM10;HNRNPH1;SNRNP200;BUD13;SNRNP40;CDC40;ZCCHC8;PPIH;SRRM1;TXNL4A;RNPS1;SF3B5;GEMIN7;SART3;SNRPE;CDC5L;SF3B3;LSM7;SF3A3	GO_Biological_Process_2023
prerank	mRNA Processing (GO:0006397)	-0.5580414203424916	-2.6099585960044003	0.0	0.0	0.0	117/183	32.61%	SFPQ;HNRNPM;SRSF3;DHX16;SRSF2;HNRNPA2B1;RBM42;TRA2B;SNRNP70;HNRNPR;SNRPF;PRPF31;SON;SRSF7;SYNCRIP;EFTUD2;MTREX;RBM4;SNRPB;TRA2A;SF3B4;DHX8;AQR;HNRNPU;SNRPB2;SART1;CTNNBL1;TCERG1;GEMIN5;SNRPA1;HNRNPA1;RBM14;ISY1;CWC27;U2AF1;RBM8A;DDX5;DDX39B;GPKOW;IK;SNRPG;GCFC2;PRPF8;SNRPD1;DDX39A;PLRG1;CWF19L1;U2AF2;CWC25;HSPA8;CENATAC;TBRG4;PRPF40A;PPIL1;HNRNPH3;SRSF6;SMU1;RBMX;DHX15;RALY;DHX38;CRNKL1;HNRNPK;SLU7;SRSF10;CMTR1;DDX46;PRPF6;SNU13;SNRPD2;SF3B2;HNRNPA0;RBM19;MAGOH;CELF1;PRPF19;SF3B1;SNRPA;RBM10;HNRNPH1;CPSF6;SNRNP200;BUD13;SNRNP40;CDC40;HEXIM1;PRKACA;ZCCHC8;PPIH;SRRM1;TXNL4A;RNPS1;SF3B5;GEMIN7;SART3;SNRPE;CDC5L;SF3B3;LSM7;SF3A3;CWC22;ALYREF;HNRNPA3;SF3A1;ZMAT2;NUDT21;PRPF18;RBM6;PPIE;HNRNPC;FBXO11;WBP4;SNRPD3;SNW1;USP39;SF3A2;KIN	GO_Biological_Process_2023
prerank	mRNA Splicing, Via Spliceosome (GO:0000398)	-0.5514225947348645	-2.6028979738799487	0.0	0.0	0.0	100/188	26.00%	SFPQ;HNRNPM;SRSF3;DHX16;SRSF2;GEMIN4;HNRNPA2B1;PRMT5;RBM42;TRA2B;SNRNP70;HNRNPR;SNRPF;PRPF31;SRSF7;SYNCRIP;EFTUD2;MTREX;RBM4;DHX9;SNRPB;TRA2A;SF3B4;DHX8;AQR;HNRNPU;SNRPB2;SART1;CTNNBL1;GEMIN5;DNAJC17;SNRPA1;HNRNPA1;DDX1;RBM14;ISY1;CWC27;U2AF1;RBM8A;DDX5;DDX39B;GPKOW;IK;SNRPG;GCFC2;PRPF8;SNRPD1;DDX39A;PLRG1;CWF19L1;U2AF2;PUF60;CWC25;HSPA8;CENATAC;PRPF40A;PPIL1;HNRNPH3;SRSF6;SMU1;RBMX;DHX15;PRMT7;RALY;DHX38;CRNKL1;HNRNPK;SLU7;SRSF10;DDX46;PQBP1;PRPF6;SNU13;WDR77;SNRPD2;SF3B2;RBM19;MAGOH;PRPF19;SF3B1;SNRPA;RBM10;HNRNPH1;SNRNP200;BUD13;SNRNP40;CDC40;ZCCHC8;DDX20;PPIH;SRRM1;TXNL4A;STRAP;RNPS1;SF3B5;GEMIN7;SART3;SNRPE;CDC5L;SF3B3	GO_Biological_Process_2023
prerank	Cytoskeleton-Dependent Cytokinesis (GO:0061640)	-0.6631516863173511	-2.5719883437869244	0.0	0.0	0.0	25/59	13.42%	PLK1;KIF20A;CDCA8;INCENP;BIRC5;CENPA;KIF23;KIF4A;ESPL1;RACGAP1;UNC119;CIT;NUSAP1;CKAP2;AURKB;SON;ECT2;ANLN;EXOC6;BIN3;CFL1;DCTN3;VPS4A;CEP55;SEPTIN10	GO_Biological_Process_2023
prerank	Mitotic Spindle Assembly (GO:0090307)	-0.7142088457892453	-2.514311877737478	0.0	0.0	0.0	17/36	11.61%	PRC1;CDCA8;INCENP;BIRC5;KIF23;KIF4A;KIF11;TPX2;RACGAP1;AURKB;ZNF207;KIFC1;BCCIP;PIBF1;KPNB1;OFD1;WRAP73	GO_Biological_Process_2023
prerank	Chromosome Condensation (GO:0030261)	-0.8287845657245378	-2.5067230722516407	0.0	0.0	0.0	16/20	13.61%	H1-1;H1-5;PLK1;H1-3;H1-4;H1-2;TOP2A;NUSAP1;AIFM1;H1-10;NCAPH;NCAPG;KMT5A;SMC2;NCAPD2;SMC4	GO_Biological_Process_2023
prerank	Regulation Of Cell Cycle Process (GO:0010564)	-0.5771678324692184	-2.473033029535508	0.0	0.0	0.0	45/97	17.97%	PLK1;KIF20A;AURKA;CDC25C;NEK2;PRC1;BUB1;DBF4;CDCA2;KIF2C;KIF11;RACGAP1;MKI67;SPAG5;SMARCD3;AURKB;PRMT5;SMARCD2;ZNF207;MYBBP1A;ATF5;MYC;BCL7C;ECT2;KIF20B;SMARCD1;KNSTRN;SMARCA4;TIPIN;PKMYT1;SMARCB1;ACTL6A;PRPF40A;CEP85;CALM2;SMARCC1;CTNNB1;AHCTF1;ARID2;CHEK1;E4F1;FBXO5;MCM2;SMARCE1;CALM1	GO_Biological_Process_2023
prerank	Mitotic Spindle Checkpoint Signaling (GO:0071174)	-0.7590043175372251	-2.428315196695482	0.0	0.0	0.0	16/25	12.68%	PLK1;CDC20;NDC80;BUB1;BUB1B;SPC25;NUF2;MAD2L2;CENPF;TTK;ZNF207;SPC24;TRIP13;ZW10;IK;MAD2L1	GO_Biological_Process_2023
prerank	Mitotic Spindle Assembly Checkpoint Signaling (GO:0007094)	-0.7590043175372251	-2.428315196695482	0.0	0.0	0.0	16/25	12.68%	PLK1;CDC20;NDC80;BUB1;BUB1B;SPC25;NUF2;MAD2L2;CENPF;TTK;ZNF207;SPC24;TRIP13;ZW10;IK;MAD2L1	GO_Biological_Process_2023
prerank	Spindle Assembly Checkpoint Signaling (GO:0071173)	-0.7590043175372251	-2.428315196695482	0.0	0.0	0.0	16/25	12.68%	PLK1;CDC20;NDC80;BUB1;BUB1B;SPC25;NUF2;MAD2L2;CENPF;TTK;ZNF207;SPC24;TRIP13;ZW10;IK;MAD2L1	GO_Biological_Process_2023
prerank	Negative Regulation Of Mitotic Metaphase/Anaphase Transition (GO:0045841)	-0.739943352393444	-2.4182632506698414	0.0	0.0	0.0	16/27	12.68%	PLK1;CDC20;NDC80;BUB1;BUB1B;SPC25;NUF2;MAD2L2;CENPF;TTK;ZNF207;SPC24;TRIP13;ZW10;IK;MAD2L1	GO_Biological_Process_2023
prerank	Regulation Of mRNA Splicing, Via Spliceosome (GO:0048024)	-0.5907791178154057	-2.3744814656755326	0.0	0.0	0.0	39/71	22.32%	RBM3;SRSF3;PRMT5;TRA2B;HNRNPL;RBM25;SON;SRSF7;RBM4;TRA2A;SF3B4;HNRNPU;PTBP1;THRAP3;HNRNPA1;NCL;RBM8A;DDX5;DAZAP1;TIA1;U2AF2;PUF60;KHDRBS1;SRSF6;SMU1;RBMX;METTL16;HNRNPK;NUP98;SRSF10;WDR77;NSRP1;HNRNPA0;MAGOH;CELF1;REST;RBM39;RBFOX2;CIRBP	GO_Biological_Process_2023
prerank	Mitotic Spindle	-0.5146245619518416	-2.3720418931355858	0.0	0.0	0.0	41/162	8.52%	PLK1;DLGAP5;AURKA;CCNB2;NEK2;PRC1;NDC80;BUB1;PIF1;CENPE;KIF2C;INCENP;BIRC5;KIF23;SUN2;KIF4A;ESPL1;TOP2A;KIF11;TPX2;RACGAP1;CENPF;TTK;CNTRL;NUSAP1;GEMIN4;KIF22;FLNB;EZR;LMNB1;ECT2;ANLN;KIF20B;CKAP5;YWHAE;ARHGDIA;CDC27;TUBGCP5;EPB41L2;ALMS1;CCDC88A	MSigDB_Hallmark_2020
prerank	Positive Regulation Of Cytokinesis (GO:0032467)	-0.7778190348931056	-2.3632724611719977	0.0	0.0	0.0	10/20	5.65%	CDCA8;KIF14;INCENP;BIRC5;KIF23;RACGAP1;CIT;CENPV;ECT2;KIF20B	GO_Biological_Process_2023
prerank	Negative Regulation Of DNA Recombination (GO:0045910)	-0.7226668672031158	-2.357161939392214	0.0	0.0	0.0	9/26	7.90%	H1-1;H1-5;H1-3;H1-4;H1-2;MAD2L2;FBH1;H1-10;KMT5A	GO_Biological_Process_2023
prerank	Regulation Of Chromosome Segregation (GO:0051983)	-0.7381307622435348	-2.3491090180058887	0.0	0.0	0.0	13/23	13.61%	BUB1;CDCA2;KIF2C;MKI67;CSNK2A1;ZNF207;NCAPH;NCAPG;NCAPG2;NUMA1;SMC2;NCAPD2;SMC4	GO_Biological_Process_2023
prerank	Chromosome Organization (GO:0051276)	-0.7003723707919425	-2.3389339248647296	0.0	2.644494507994436e-05	0.0005	13/30	5.03%	H1-1;H1-5;H1-3;H1-4;CDCA8;H1-2;NUF2;TOP2A;XPA;CENPV;AIFM1;H1-10;MYC	GO_Biological_Process_2023
prerank	Ribosome Biogenesis (GO:0042254)	-0.5097647206154613	-2.3280600452902624	0.0	2.5185661980899395e-05	0.0005	75/137	29.40%	EBNA1BP2;FBL;GRWD1;NOC4L;NOLC1;LYAR;MRPL22;BMS1;TBL3;NAT10;TMA16;EXOSC9;MTREX;WDR46;NOP16;BYSL;NOP58;BOP1;EXOSC2;DNTTIP2;UTP11;DDX27;DKC1;GTPBP4;UTP6;LTV1;PES1;WDR12;SURF6;NOL7;RRP12;WDR55;PAK1IP1;UTP15;NOL6;NOP14;UTP20;UTP4;WDR75;XPO1;PNO1;MRTO4;WDR43;EXOSC10;PELP1;RPS15;DDX10;DHX29;DCAF13;SNU13;XRN2;EMG1;RSL24D1;NOC2L;RBIS;HEATR1;RRP7A;WDR3;RPF2;MALSU1;FCF1;DDX54;LTO1;METTL17;CUL4A;MRM2;MPHOSPH10;RPL35A;SDAD1;NOP56;RPL11;UTP18;RRP36;EIF2S1;RPL27	GO_Biological_Process_2023
prerank	Positive Regulation Of Mitotic Sister Chromatid Separation (GO:1901970)	-0.8272917297025292	-2.317823849105343	0.0	2.4040859163585786e-05	0.0005	8/15	2.83%	CDC20;DLGAP5;CDCA8;INCENP;BIRC5;ESPL1;UBE2C;AURKB	GO_Biological_Process_2023
prerank	Sister Chromatid Segregation (GO:0000819)	-0.6846073130469452	-2.3101679998658993	0.0	2.2995604417342923e-05	0.0005	17/30	18.71%	PLK1;NDC80;ESPL1;TOP2A;KIF18A;SPAG5;NUSAP1;ZNF207;KIFC1;KNSTRN;SGO1;NCAPG2;ZW10;SMC4;WAPL;KNTC1;TOP2B	GO_Biological_Process_2023
prerank	Regulation Of DNA Recombination (GO:0000018)	-0.6877428953880399	-2.30013889128851	0.0	4.407490846657394e-05	0.001	9/31	5.84%	H1-1;H1-5;H1-3;H1-4;KPNA2;H1-2;H1-10;IL7R;KDM1A	GO_Biological_Process_2023
prerank	Metaphase Plate Congression (GO:0051310)	-0.628296496330787	-2.270350587752382	0.0	8.462382425582195e-05	0.002	20/42	12.50%	CCNB1;CDCA8;PSRC1;NDC80;CENPE;KIF14;KIF2C;INCENP;FAM83D;KIF18A;CENPF;KIF22;KIFC1;SPDL1;PIBF1;KPNB1;ZW10;SEH1L;VPS4A;CEP55	GO_Biological_Process_2023
prerank	Mitotic Nuclear Division (GO:0140014)	-0.6378642955744763	-2.258458377261799	0.0	8.136906178444419e-05	0.002	18/37	17.19%	PLK1;NDC80;ESPL1;UBE2S;UBE2C;KIF18A;SPAG5;NUSAP1;ZNF207;KIFC1;KNSTRN;SGO1;NCAPG2;ZW10;SMC4;WAPL;CHMP7;KNTC1	GO_Biological_Process_2023
prerank	rRNA Processing (GO:0006364)	-0.5248233873420903	-2.256893325041515	0.0	7.835539282946478e-05	0.002	51/95	29.40%	EBNA1BP2;FBL;NOC4L;NOLC1;LYAR;NAT10;EXOSC9;MTREX;NOP58;EXOSC2;SART1;DDX27;DKC1;NHP2;PES1;LAS1L;RRP12;WDR55;UTP15;NOL6;MAK16;NOP14;UTP20;UTP4;NOL11;MRTO4;EIF6;EXOSC10;PELP1;RPS15;DDX10;DCAF13;SNU13;XRN2;EMG1;DDX52;RRP7A;WDR3;NOL9;NEDD4;DDX54;MPHOSPH6;RRP15;MRM2;MPHOSPH10;RPL35A;NOP56;ERI1;RPL11;RRP36;RPL27	GO_Biological_Process_2023
prerank	protein-DNA Complex Disassembly (GO:0032986)	-0.7832261833945279	-2.240332817638168	0.0	0.00011333547891404727	0.003	14/16	17.80%	GRWD1;SMARCD3;SMARCD2;MYC;SSRP1;HMGA1;SMARCD1;SMARCA4;SMARCB1;SMARCC1;ARID2;SET;SUPT16H;SMARCE1	GO_Biological_Process_2023
prerank	Mitotic Metaphase Plate Congression (GO:0007080)	-0.6086639328097502	-2.2175563280672526	0.0	0.00012766525211007626	0.0035	20/43	12.50%	CCNB1;CDCA8;PSRC1;NDC80;CENPE;KIF14;KIF2C;NUF2;KIF18A;KIF22;CENPC;KIFC1;SPDL1;PIBF1;KPNB1;ZW10;SEH1L;VPS4A;RMDN1;CEP55	GO_Biological_Process_2023
prerank	Nucleosome Organization (GO:0034728)	-0.5735007621999388	-2.204960302999155	0.0	0.00017629963386629576	0.005	30/52	28.25%	H2BC9;H3C14;GRWD1;SMARCD3;H2AX;HMGB2;SMARCD2;SSRP1;HMGA1;SMARCD1;SMARCA4;NASP;CHRAC1;SMARCB1;POLE3;SMARCC1;ARID2;SET;DNAJC9;SUPT16H;SMARCE1;CHAF1B;SUPT6H;ARID1A;ASF1A;SART3;H3-3A;SETD2;SMARCA5;BRD2	GO_Biological_Process_2023
prerank	RNA Export From Nucleus (GO:0006405)	-0.5824022675156707	-2.191319963413922	0.0	0.00023885756846401363	0.007	28/49	29.36%	SRSF3;DDX19B;NUP88;HNRNPA2B1;THOC5;HNRNPA1;RBM8A;DDX39B;DDX39A;NUP188;NUP155;XPO1;RAE1;XPO5;NUP85;NUP107;NUP133;NUP98;CHTOP;THOC7;MAGOH;FYTTD1;NXF1;NCBP3;NUP160;NUP214;ALYREF;NUP153	GO_Biological_Process_2023
prerank	Positive Regulation Of Cell Cycle Process (GO:0090068)	-0.5128657322659029	-2.162834934645827	0.0	0.0005288989015988873	0.015	28/78	13.61%	AURKA;CDCA8;NDC80;DBF4;KIF14;INCENP;BIRC5;EDN1;KIF23;RACGAP1;CIT;SPAG5;NUSAP1;AURKB;CENPV;STIL;ECT2;KIF20B;NCAPH;WIZ;NCAPG;RAD21;NCAPG2;NUMA1;MAD2L1;SMC2;NCAPD2;SMC4	GO_Biological_Process_2023
prerank	Myc Targets V2	-0.5754416720763427	-2.1622793730856906	0.0	0.0	0.0	33/49	27.26%	PLK1;IPO4;GRWD1;NOC4L;NOLC1;MYBBP1A;MYC;NOP16;PPAN;SLC19A1;BYSL;GNL3;PUS1;PRMT3;FARSA;PES1;LAS1L;RRP12;UTP20;TBRG4;PA2G4;MRTO4;WDR43;PPRC1;TCOF1;RABEPK;SRM;CBX3;MPHOSPH10;AIMP2;IMP4;NOP56;DCTPP1	MSigDB_Hallmark_2020
prerank	Nuclear Transport (GO:0051169)	-0.6282819089808233	-2.1518654659653	0.0	0.0006090350988108399	0.018	18/33	16.52%	NUP88;ANP32A;NUP35;SEH1L;NUP205;NDC1;RANGAP1;NUP188;NUP155;NUP93;NUP54;XPO1;RAE1;NUP85;AHCTF1;NUP107;NUP133;NUP98	GO_Biological_Process_2023
prerank	Ribonucleoprotein Complex Biogenesis (GO:0022613)	-0.4913082045023118	-2.1452649182219075	0.0	0.000653345701975096	0.019	56/104	29.15%	EBNA1BP2;FBL;GRWD1;BMS1;TBL3;NAT10;TMA16;WDR46;NOP16;BYSL;NOP58;BOP1;DNTTIP2;UTP11;GTPBP4;UTP6;LTV1;PES1;WDR12;SURF6;NOL7;PAK1IP1;UTP15;NOL6;NOP14;UTP20;UTP4;WDR75;XPO1;PNO1;MRTO4;WDR43;EXOSC10;RPS15;SNU13;EMG1;RSL24D1;NOC2L;RBIS;HEATR1;RRP7A;WDR3;RPF2;MALSU1;FCF1;LTO1;METTL17;CUL4A;MPHOSPH10;RPL35A;SDAD1;NOP56;RPL38;RPL11;UTP18;RRP36	GO_Biological_Process_2023
prerank	Chromatin Organization (GO:0006325)	-0.4458268425944751	-2.1191727227306356	0.0	0.0009217952285009179	0.028	80/192	23.51%	H1-5;H2BC9;H3C14;RUVBL2;SFPQ;GRWD1;HMGN2;SMARCD3;DDX21;H2AX;HMGB2;HDAC3;SMARCD2;CHD4;NUCKS1;MYBBP1A;MYC;BCL7C;SSRP1;EZH2;SMARCD1;SMARCA4;RUVBL1;NASP;HCFC1;HNRNPU;CBX1;CHRAC1;MCRS1;SMARCB1;POLE3;ACTL6A;UCHL5;TRIM28;YEATS4;CBX5;MBD2;MTA2;HDGF;HDAC2;BAZ2A;SMARCC1;JARID2;BAZ2B;BRD9;INO80E;KDM5B;SUV39H1;ARID2;CTCF;PCGF6;DNAJC9;CHEK1;SUPT16H;CHD3;KDM4A;SMARCE1;HMGN3;CHTOP;HDGFL2;CHAF1B;CHD8;PSIP1;KDM5C;DEK;SF3B1;CHD1L;PBRM1;HDAC8;REST;MBD3;ARID1A;MTF2;GATAD2A;CBX3;PCGF2;ASF1A;KDM2B;HDAC1;HMGN4	GO_Biological_Process_2023
prerank	Regulation Of Mitotic Metaphase/Anaphase Transition (GO:0030071)	-0.5763283381017473	-2.117194793386815	0.0	0.0008961898054870036	0.028	15/46	9.49%	PLK1;CDC20;DLGAP5;CCNB1;CENPE;ESPL1;UBE2C;SMARCD3;SMARCD2;BCL7C;ANAPC15;SMARCD1;SMARCA4;SMARCB1;ACTL6A	GO_Biological_Process_2023
prerank	RNA Splicing (GO:0008380)	-0.4991436401922627	-2.10562362662437	0.0	0.0011006814979220086	0.036	52/87	32.15%	SFPQ;DHX16;SRSF2;PRMT1;TRA2B;FUS;SNRPF;ZCRB1;SRSF7;SYNCRIP;SNRPB;SF3B4;DHX8;TCERG1;SNRPA1;U2AF1;RBM8A;DDX39B;SNRPG;PRPF8;SNRPD1;PPP2CA;HNRNPH3;SMU1;DHX15;SLU7;PPP2R1A;SRSF10;PRPF6;SNRPD2;SF3B2;MAGOH;SF3B1;KHSRP;SNRNP40;MBNL1;SNRNP48;SRRM1;TXNL4A;RNPS1;SF3B3;MPHOSPH10;SF3A3;SCNM1;PRPF18;RP9;DDX47;HNRNPC;WBP4;SNRPD3;PPP1R9B;USP39	GO_Biological_Process_2023
prerank	Positive Regulation Of mRNA Processing (GO:0050685)	-0.6965157570608724	-2.094182252486236	0.0	0.0012665736854078618	0.0425	12/20	18.16%	RBM3;PRMT5;TRA2B;TRA2A;SF3B4;THRAP3;NCL;DAZAP1;DHX36;RBMX;NUP98;WDR77	GO_Biological_Process_2023
prerank	Regulation Of Ubiquitin Protein Ligase Activity (GO:1904666)	-0.745793470332347	-2.084871796649596	0.0	0.001410397070930366	0.0475	5/15	2.01%	PLK1;CDC20;UBE2S;UBE2C;MAD2L2	GO_Biological_Process_2023
prerank	RNA Processing (GO:0006396)	-0.4577022934559628	-2.082381520660332	0.0	0.0014148045617770235	0.049	88/158	32.61%	RBM3;SFPQ;HNRNPD;DHX16;SRSF2;PRMT1;HNRNPA2B1;HNRNPR;FUS;SNRPF;HNRNPL;ZCRB1;SON;SRSF7;SYNCRIP;EXOSC9;RBM4;SNRPB;SF3B4;DHX8;EXOSC2;DNTTIP2;HNRNPU;TCERG1;SNRPA1;DKC1;U2AF1;RBM8A;DDX39B;SNRPG;PRPF8;SNRPD1;PPP2CA;U2AF2;ADAR;TBRG4;HNRNPH3;SMU1;DHX15;EXOSC8;HNRNPK;EXOSC10;SLU7;PPP2R1A;FASTKD3;NUFIP1;PRPF6;SNRPD2;XRN2;SF3B2;HNRNPA0;MAGOH;CELF1;SF3B1;HNRNPH1;DIS3L;RBM39;CPSF6;KHSRP;SNRNP40;NOL9;PRKACA;ZCCHC8;MBNL1;DDX20;DDX54;SNRNP48;SRRM1;RNPS1;HNRNPUL1;SF3B3;MPHOSPH10;SF3A3;SF3A1;NUDT21;SCNM1;PRPF18;RBM6;RP9;DDX47;HNRNPC;FBXO11;WBP4;SNRPD3;PPP1R9B;USP39;SF3A2;KIN	GO_Biological_Process_2023
prerank	Positive Regulation Of Ubiquitin-Protein Transferase Activity (GO:0051443)	-0.6965386793545045	-2.0743402121194845	0.0012453300124533001	0.0015221968387480172	0.0545	5/19	2.60%	PLK1;CDC20;UBE2S;UBE2C;UBE2L3	GO_Biological_Process_2023
prerank	ncRNA Processing (GO:0034470)	-0.49187566053463067	-2.071488377932484	0.0	0.0015992895357871118	0.0585	32/89	19.86%	POP1;EBNA1BP2;FBL;NOC4L;NOLC1;INTS13;LYAR;INTS1;EXOSC9;MTREX;BYSL;NOP58;EXOSC2;KARS1;DDX27;DKC1;PES1;RRP12;WDR55;UTP15;NOL6;NOP14;UTP20;MRTO4;EXOSC10;PELP1;RPS15;DDX10;DCAF13;XRN2;EMG1;INTS12	GO_Biological_Process_2023
prerank	Establishment Of Mitotic Spindle Localization (GO:0040001)	-0.6376857324848864	-2.066556770082755	0.0	0.0016358966026198143	0.0605	11/27	12.68%	PLK1;NDC80;CENPA;ESPL1;NUSAP1;HDAC3;SPDL1;KPNB1;ZW10;NUMA1;MAD2L1	GO_Biological_Process_2023
prerank	Positive Regulation Of mRNA Splicing, Via Spliceosome (GO:0048026)	-0.7328115470017684	-2.0641598127715794	0.0	0.0016467988527056265	0.062	11/16	18.16%	RBM3;PRMT5;TRA2B;TRA2A;SF3B4;THRAP3;NCL;DAZAP1;RBMX;NUP98;WDR77	GO_Biological_Process_2023
prerank	Positive Regulation Of Chromosome Segregation (GO:0051984)	-0.6916153599772528	-2.050399963736757	0.0011947431302270011	0.0019392959725292537	0.0735	8/17	13.61%	CCNB1;NCAPH;NCAPG;NCAPG2;NUMA1;SMC2;NCAPD2;SMC4	GO_Biological_Process_2023
prerank	Positive Regulation Of DNA Recombination (GO:0045911)	-0.5688168891131801	-2.046257419288536	0.0	0.002115595606395549	0.0805	21/39	21.97%	RUVBL2;MAD2L2;BRD8;FUS;HMCES;WRAP53;ACTR2;RUVBL1;PARP1;MRGBP;EPC1;ACTL6A;MORF4L1;YEATS4;ING3;ARID2;EP400;HDGFL2;VPS72;KMT5B;DMAP1	GO_Biological_Process_2023
prerank	Positive Regulation Of Transcription By RNA Polymerase I (GO:0045943)	-0.6275474576745202	-2.0351995919691412	0.001422475106685633	0.0024306843137310566	0.094	17/26	20.90%	MARS1;CARM1;DDX21;LYAR;MYBBP1A;SMARCA4;PWP1;SMARCB1;NCL;UTP15;WDR75;NOL11;WDR43;ERBB2;DEK;SF3B1;HEATR1	GO_Biological_Process_2023
prerank	Regulation Of Nuclear Division (GO:0051783)	-0.725193881361093	-2.0228288941457335	0.0	0.0027987566876274453	0.1105	7/15	8.42%	CDC25C;NEK2;CDCA2;MKI67;PRMT5;KIF20B;PKMYT1	GO_Biological_Process_2023
prerank	mRNA Export From Nucleus (GO:0006406)	-0.5265351460770856	-2.022290459431361	0.0	0.002741639204206477	0.1105	24/50	28.71%	SRSF3;DDX19B;NUP88;HNRNPA2B1;THOC5;RBM8A;DDX39B;DDX39A;NUP93;XPO1;RAE1;NUP85;NUP107;NUP133;CHTOP;THOC7;MAGOH;FYTTD1;NXF1;NCBP3;NUP160;NUP214;ALYREF;ENY2	GO_Biological_Process_2023
prerank	Ribosomal Large Subunit Biogenesis (GO:0042273)	-0.5434813519959867	-2.0150559446087293	0.0	0.0029406778928898133	0.119	31/46	35.56%	EBNA1BP2;TMA16;NOP16;PPAN;GTPBP4;PES1;WDR12;LAS1L;SURF6;PAK1IP1;MAK16;MRTO4;EIF6;RSL24D1;NOC2L;MDN1;RPF2;MRPL20;MALSU1;NEDD4;LTO1;RRP15;RPL35A;SDAD1;RPL11;NIP7;RPL26L1;WDR74;NOP2;NPM1;RPL26	GO_Biological_Process_2023
prerank	tRNA Aminoacylation For Protein Translation (GO:0006418)	-0.6138651731960044	-2.0138288936032818	0.0	0.0029244998088409067	0.1205	22/29	26.45%	MARS1;VARS1;CARS1;GARS1;SARS2;YARS1;EPRS1;KARS1;NARS1;WARS1;FARSA;IARS2;HARS1;TARS2;TARS1;LARS1;DARS1;SARS1;HARS2;RARS1;FARSB;NARS2	GO_Biological_Process_2023
prerank	Spliceosomal snRNP Assembly (GO:0000387)	-0.5710455014917256	-2.0084065935528987	0.0	0.0030513398169166573	0.127	21/36	25.63%	GEMIN4;PRMT5;SNRPF;PRPF31;SNRPB;SART1;GEMIN5;SNRPG;PRPF8;SNRPD1;PRMT7;SRSF10;PRPF6;WDR77;SNRPD2;PRPF19;DDX20;STRAP;GEMIN7;SART3;SNRPE	GO_Biological_Process_2023
prerank	protein-DNA Complex Assembly (GO:0065004)	-0.554533222802719	-2.0018650548387837	0.0	0.0032831648797364893	0.1385	10/39	9.42%	H2BC9;H3C14;GRWD1;CENPV;H2AX;HMGB2;SSRP1;NASP;CHRAC1;POLE3	GO_Biological_Process_2023
prerank	rRNA Metabolic Process (GO:0016072)	-0.47976445532066575	-2.000395934645241	0.0	0.0032811320747338376	0.1415	32/80	21.29%	EBNA1BP2;MARS1;FBL;NOC4L;NOLC1;LYAR;EXOSC9;MTREX;BYSL;NOP58;EXOSC2;DDX27;DKC1;PES1;RRP12;WDR55;UTP15;NOL6;NOP14;UTP20;MRTO4;EXOSC10;PELP1;RPS15;DDX10;DCAF13;GTF3C1;XRN2;EMG1;CAVIN1;DIS3L;RRP7A	GO_Biological_Process_2023
prerank	Regulation Of Alternative mRNA Splicing, Via Spliceosome (GO:0000381)	-0.5681993062711224	-1.9924567444367305	0.0	0.0035388144688798277	0.1525	21/37	21.95%	TRA2B;HNRNPL;RBM25;RBM4;HNRNPU;PTBP1;THRAP3;HNRNPA1;RBM8A;DDX5;TIA1;PUF60;KHDRBS1;SRSF6;SMU1;RBMX;NSRP1;HNRNPA0;MAGOH;REST;RBFOX2	GO_Biological_Process_2023
prerank	Regulation Of Telomere Capping (GO:1904353)	-0.7015544444689051	-1.991333672636833	0.0	0.0035322890928211398	0.155	7/16	11.37%	NEK2;HNRNPD;AURKB;NEK7;TERF2;USP7;MAPK3	GO_Biological_Process_2023
prerank	Positive Regulation Of Cell Division (GO:0051781)	-0.6537292156945815	-1.980570322916202	0.0	0.003980660154138994	0.175	7/19	5.65%	KIF14;KIF23;RACGAP1;CIT;CENPV;ECT2;KIF20B	GO_Biological_Process_2023
prerank	Establishment Of Mitotic Spindle Orientation (GO:0000132)	-0.6307003256438881	-1.967097737562178	0.0	0.004668900648597074	0.203	13/22	25.16%	PLK1;NDC80;CENPA;HDAC3;SPDL1;ZW10;NUMA1;MAD2L1;NSFL1C;UBXN2B;FBXW11;MAPRE1;ITGB1	GO_Biological_Process_2023
prerank	Regulation Of Cytokinesis (GO:0032465)	-0.5197038892436237	-1.9667209693200984	0.0	0.004607695515624204	0.2035	12/50	5.65%	PLK1;KIF20A;AURKA;PRC1;KIF14;KIF23;RACGAP1;CIT;AURKB;CENPV;ECT2;KIF20B	GO_Biological_Process_2023
prerank	Regulation Of Mitotic Cell Cycle Spindle Assembly Checkpoint (GO:0090266)	-0.688389006667551	-1.9646537616480133	0.0012674271229404308	0.0046807552791501535	0.2085	6/17	2.83%	CCNB1;CDCA8;NDC80;INCENP;BIRC5;AURKB	GO_Biological_Process_2023
prerank	Positive Regulation Of Double-Strand Break Repair Via Homologous Recombination (GO:1905168)	-0.5769704420674777	-1.9641537467274213	0.00141643059490085	0.004621362533642737	0.2095	17/30	19.18%	RUVBL2;BRD8;FUS;WRAP53;ACTR2;RUVBL1;PARP1;MRGBP;EPC1;ACTL6A;MORF4L1;YEATS4;ING3;ARID2;EP400;HDGFL2;VPS72	GO_Biological_Process_2023
prerank	RNA Metabolic Process (GO:0016070)	-0.4682279940262659	-1.9632711279081903	0.0	0.004598008192932262	0.2115	40/85	26.53%	RBM3;ISG20;HNRNPD;HNRNPL;RNASEH1;SYNCRIP;EXOSC9;MTREX;RBM4;DHX9;DHX8;EXOSC2;DNTTIP2;HNRNPU;DKC1;DDX39B;PNPT1;ADAR;DHX36;TBRG4;HNRNPH3;EXOSC8;HNRNPK;EXOSC10;NUFIP1;XRN2;HNRNPH1;DIS3L;RBM39;RBFOX2;SNRNP40;ALKBH1;NOL9;DDX20;DDX54;AGO3;PPP1R8;DDX24;HNRNPUL1;MPHOSPH10	GO_Biological_Process_2023
prerank	Positive Regulation Of Double-Strand Break Repair (GO:2000781)	-0.4929845476372194	-1.951321863370969	0.0	0.005330965119290372	0.2465	30/64	21.97%	RUVBL2;MAD2L2;BRD8;SMARCD3;FUS;SMARCD2;BCL7C;WRAP53;ACTR2;SMARCD1;SMARCA4;RUVBL1;PARP1;MRGBP;EPC1;SMARCB1;ACTL6A;MORF4L1;YEATS4;ING3;SMARCC1;ARID2;SMARCE1;EP400;HDGFL2;VPS72;PBRM1;KMT5B;ARID1A;DMAP1	GO_Biological_Process_2023
prerank	Histone H2A Acetylation (GO:0043968)	-0.6632863208648425	-1.945357859361992	0.002560819462227913	0.005603022738813213	0.2585	12/17	21.97%	RUVBL2;BRD8;RUVBL1;MRGBP;EPC1;ACTL6A;MORF4L1;YEATS4;ING3;EP400;VPS72;DMAP1	GO_Biological_Process_2023
prerank	Regulation Of Telomere Maintenance Via Telomerase (GO:0032210)	-0.5348244281965099	-1.9451334242631264	0.0015408320493066256	0.005516822388985316	0.2585	19/43	18.22%	NEK2;PIF1;AURKB;CCT7;CCT5;NAT10;NEK7;HNRNPU;HNRNPA1;TERF2;FBXO4;CCT2;XRCC5;CCT3;MAPK3;CTNNB1;EXOSC10;PINX1;GNL3L	GO_Biological_Process_2023
prerank	Nucleosome Assembly (GO:0006334)	-0.5503286522076578	-1.9435627025229434	0.0	0.005521383987903535	0.261	9/35	9.42%	H2BC9;H3C14;GRWD1;H2AX;HMGB2;SSRP1;NASP;CHRAC1;POLE3	GO_Biological_Process_2023
prerank	Alternative mRNA Splicing, Via Spliceosome (GO:0000380)	-0.7132238399486197	-1.9397491007260454	0.0	0.005691583702280563	0.271	8/15	17.47%	SFPQ;HNRNPM;DHX9;DDX5;PUF60;SRSF6;SLU7;PQBP1	GO_Biological_Process_2023
prerank	Regulation Of Double-Strand Break Repair Via Homologous Recombination (GO:0010569)	-0.5043073718679602	-1.9353765042588256	0.0	0.005926778867916943	0.2865	33/54	30.03%	RUVBL2;MAD2L2;BRD8;FUS;FBH1;WRAP53;ACTR2;KDM1A;ACTB;RUVBL1;PARP1;MRGBP;KMT5A;EPC1;ACTL6A;MORF4L1;YEATS4;ING3;PARPBP;ARID2;CHEK1;EP400;HDGFL2;VPS72;DMAP1;PPP4R2;UBQLN4;EPC2;SETD2;TRAPPC13;FANCB;RAD51;TRRAP	GO_Biological_Process_2023
prerank	Maturation Of 5.8S rRNA From Tricistronic rRNA Transcript (SSU-rRNA, 5.8S rRNA, LSU-rRNA) (GO:0000466)	-0.6454007136538531	-1.93309684467513	0.0012224938875305623	0.005978857148509161	0.2915	14/19	28.48%	EXOSC9;EXOSC2;PES1;WDR12;NOP14;UTP20;FTSJ3;KRI1;EXOSC8;EXOSC10;ERI3;NOL9;RPS21;ERI1	GO_Biological_Process_2023
prerank	Positive Regulation Of Protein Localization To Nucleus (GO:1900182)	-0.5096079203031725	-1.9318603249174413	0.0	0.005969001889473157	0.295	29/55	28.27%	PLK1;HDAC3;CCT7;CCT5;ECT2;DKC1;MCRS1;CCT2;CCT3;CARD10;JUP;TRIM28;CREBBP;PINX1;PPP3CB;DMAP1;TCP1;TCF7L2;ORMDL3;CDK1;FERMT2;FLNA;UBR5;EP300;SMAD3;KAT7;CCT4;IPO5;CCT6A	GO_Biological_Process_2023
prerank	Positive Regulation Of Telomere Maintenance Via Telomere Lengthening (GO:1904358)	-0.5745850410993208	-1.9234835090544056	0.002758620689655172	0.00651067098587926	0.32	14/29	15.52%	NEK2;AURKB;HNRNPA2B1;CCT7;CCT5;NEK7;HNRNPA1;FBXO4;CCT2;XRCC5;CCT3;MAPK3;DHX36;CTNNB1	GO_Biological_Process_2023
prerank	Histone Modification (GO:0016570)	-0.4837716009718962	-1.9179042657925098	0.0	0.006831610812318962	0.3335	32/62	27.42%	RUVBL2;CARM1;BRD8;AURKB;HDAC3;CHD4;RUVBL1;MRGBP;USP3;EPC1;ACTL6A;MORF4L1;YEATS4;MBD2;MTA2;UBE2A;ING3;HDAC2;CREBBP;CHD3;EP400;VPS72;HDAC8;MBD3;DMAP1;GATAD2A;HDAC1;BRMS1;UBE2N;EP300;KAT7;EPC2	GO_Biological_Process_2023
prerank	Establishment Of Spindle Orientation (GO:0051294)	-0.6036777473430421	-1.9152742179159994	0.0012970168612191958	0.006904666482516981	0.3395	13/24	25.16%	PLK1;NDC80;CENPA;HDAC3;SPDL1;ZW10;NUMA1;MAD2L1;NSFL1C;UBXN2B;FBXW11;MAPRE1;ITGB1	GO_Biological_Process_2023
prerank	Negative Regulation Of DNA Metabolic Process (GO:0051053)	-0.5492125623139686	-1.9149905837441203	0.0	0.006847096590969378	0.341	9/35	9.73%	H1-1;H1-5;H1-3;H1-4;H1-2;H1-10;GTPBP4;TERF2;XRCC5	GO_Biological_Process_2023
prerank	Nucleocytoplasmic Transport (GO:0006913)	-0.5283673169607952	-1.9144991142873167	0.0	0.006812217852593669	0.3435	20/41	16.52%	NUP88;ANP32A;HNRNPA1;NUP35;SEH1L;NUP205;NDC1;RANGAP1;NUP188;NUP155;NUP93;NUP54;XPO1;RAE1;LSG1;NUP85;AHCTF1;NUP107;NUP133;NUP98	GO_Biological_Process_2023
prerank	Maturation Of 5.8S rRNA (GO:0000460)	-0.6755644822646378	-1.8858166929876041	0.0	0.00954801701307465	0.4495	12/16	26.11%	MTREX;PES1;WDR12;LAS1L;MAK16;FTSJ3;EIF6;EXOSC10;NOL9;NEDD4;MPHOSPH6;RRP15	GO_Biological_Process_2023
prerank	Regulation Of Metaphase/Anaphase Transition Of Cell Cycle (GO:1902099)	-0.56699561058685	-1.8826148308566495	0.004143646408839779	0.009719375918992539	0.46	15/29	21.69%	PLK1;CENPE;UBE2C;SMARCD3;SMARCD2;BCL7C;SMARCD1;SMARCA4;SMARCB1;ACTL6A;SMARCC1;ARID2;SMARCE1;PBRM1;ARID1A	GO_Biological_Process_2023
prerank	Regulation Of Ubiquitin-Protein Transferase Activity (GO:0051438)	-0.5829821502150403	-1.8811658263109188	0.0025157232704402514	0.0097575066589846	0.466	4/25	2.60%	PLK1;CDC20;BUB1B;UBE2L3	GO_Biological_Process_2023
prerank	Spindle Assembly (GO:0051225)	-0.49185251984230943	-1.877777373312706	0.0	0.009995519747938464	0.4765	20/53	21.51%	NEK2;KIF11;TPX2;HDAC3;ZNF207;KIFC1;NEK7;BCCIP;HAUS1;TUBGCP5;PIBF1;KPNB1;OFD1;WRAP73;NUMA1;SMC3;HAUS8;TUBGCP2;HAUS2;STAG1	GO_Biological_Process_2023
prerank	Regulation Of Nucleotide-Excision Repair (GO:2000819)	-0.6074720559402895	-1.8663720311571468	0.005121638924455826	0.011311825257946202	0.5165	15/22	27.10%	SMARCD3;SMARCD2;BCL7C;SMARCD1;SMARCA4;SMARCB1;ACTL6A;SMARCC1;ARID2;SMARCE1;PBRM1;ARID1A;BRD7;ERCC8;KAT7	GO_Biological_Process_2023
prerank	U2-type Prespliceosome Assembly (GO:1903241)	-0.6097748731119584	-1.8577261751880085	0.008962868117797696	0.012419329763470169	0.5495	18/22	32.55%	SNRPF;SNRPB;SF3B4;SNRPB2;SNRPA1;SNRPG;SNRPD1;DDX46;SNRPD2;SF3B2;SF3B1;SF3B5;SNRPE;SF3B3;SF3A3;SF3A1;SNRPD3;SF3A2	GO_Biological_Process_2023
prerank	Protein Localization To Chromatin (GO:0071168)	-0.5901630584322537	-1.843356162877442	0.001402524544179523	0.014306070289589416	0.6055	9/23	16.70%	H1-5;PLK1;RUVBL2;CENPA;PARP1;RAD21;PPHLN1;WAPL;CHMP7	GO_Biological_Process_2023
prerank	Positive Regulation Of RNA Splicing (GO:0033120)	-0.5861695865703002	-1.831740121316376	0.002583979328165375	0.015739521529509054	0.646	13/24	18.16%	RBM3;PRMT5;TRA2B;TRA2A;SF3B4;THRAP3;NCL;DAZAP1;U2AF2;RBMX;NUP98;POLR2A;WDR77	GO_Biological_Process_2023
prerank	Microtubule Bundle Formation (GO:0001578)	-0.6277031376207467	-1.8209658770255193	0.0024906600249066002	0.01744736733726806	0.6865	4/18	4.18%	PLK1;KIF20A;PSRC1;ZNF207	GO_Biological_Process_2023
prerank	Chromatin Remodeling (GO:0006338)	-0.38796241229285255	-1.818564004683589	0.0	0.017683890333459268	0.6955	66/170	23.19%	DEPDC1B;RUVBL2;SFPQ;SMARCD3;DDX21;SMARCD2;CHD4;MYBBP1A;MYC;BCL7C;KDM1A;SMARCD1;SMARCA4;RUVBL1;HCFC1;CHRAC1;USP3;MCRS1;SMARCB1;POLE3;ACTL6A;GLMN;UCHL5;YEATS4;MBD2;MTA2;HDGF;HDAC2;BAZ2A;SMARCC1;JARID2;BAZ2B;BRD9;INO80E;KDM5B;ARID2;CTCF;PCGF6;CHEK1;CHD3;KDM4A;CDK9;SMARCE1;IFI16;CHTOP;HDGFL2;CHD8;PSIP1;KDM5C;DEK;SUPT6H;SF3B1;CHD1L;PBRM1;REST;MBD3;LOXL2;ARID1A;MTF2;GATAD2A;CBX3;PCGF2;TRIP12;ASF1A;KDM2B;HDAC1	GO_Biological_Process_2023
prerank	Positive Regulation Of Telomere Maintenance Via Telomerase (GO:0032212)	-0.5494198915121908	-1.8094792790897667	0.001375515818431912	0.01911416030429467	0.7275	11/27	11.37%	NEK2;AURKB;CCT7;CCT5;NEK7;HNRNPA1;FBXO4;CCT2;XRCC5;CCT3;MAPK3	GO_Biological_Process_2023
prerank	Regulation Of Cyclin-Dependent Protein Serine/Threonine Kinase Activity (GO:0000079)	-0.4718387381738356	-1.8069571313172677	0.0	0.019417276916170643	0.7425	17/53	9.99%	PLK1;CCNB1;CCNB2;CDC25C;PSRC1;CCNF;CCNA2;CDKN2C;CDKN3;MNAT1;CCNH;BCCIP;PKMYT1;GTPBP4;NR2F2;CDC37;AKT1	GO_Biological_Process_2023
prerank	protein-DNA Complex Organization (GO:0071824)	-0.5040569129581123	-1.8039942580677382	0.0	0.019767596447258413	0.7505	19/40	23.51%	H1-5;HMGN2;HMGB2;HDAC3;NUCKS1;MYC;EZH2;HNRNPU;CBX1;TRIM28;CBX5;MTA2;SUV39H1;HMGN3;HDAC8;MTF2;CBX3;HDAC1;HMGN4	GO_Biological_Process_2023
prerank	Histone H4 Acetylation (GO:0043967)	-0.5376500499588239	-1.803409301954216	0.004261363636363636	0.019640571570610364	0.7525	14/29	19.18%	RUVBL2;BRD8;WDR5;RUVBL1;HCFC1;MRGBP;EPC1;MCRS1;ACTL6A;MORF4L1;YEATS4;ING3;EP400;VPS72	GO_Biological_Process_2023
prerank	Protein Import Into Nucleus (GO:0006606)	-0.46782614470201916	-1.8016730144355613	0.001567398119122257	0.019816078846571644	0.7595	22/53	21.96%	KPNA2;IPO4;NUP88;KPNB1;AKT1;NUP35;TNPO3;KPNA6;NUP188;NUP155;NUP93;NUP54;NUP85;NUP107;NUP133;NUP98;IPO11;RANBP6;APPL1;KPNA1;KPNA4;SEC13	GO_Biological_Process_2023
prerank	Regulation Of Mitotic Nuclear Division (GO:0007088)	-0.5214389007355872	-1.7974951098559613	0.00145985401459854	0.020446882811262477	0.7685	10/33	5.65%	AURKA;CCNB1;CDC25C;NEK2;CDCA2;EDN1;MKI67;NUSAP1;PRMT5;KIF20B	GO_Biological_Process_2023
prerank	Internal Peptidyl-Lysine Acetylation (GO:0018393)	-0.525881997756088	-1.794731046917077	0.007032348804500703	0.020782277492173668	0.7765	17/30	27.42%	RUVBL2;BRD8;BAG6;RUVBL1;MRGBP;EPC1;ACTL6A;MORF4L1;YEATS4;ING3;CREBBP;EP400;VPS72;DMAP1;EP300;KAT7;EPC2	GO_Biological_Process_2023
prerank	Spermatogenesis	-0.47023387838681463	-1.7836864093720202	0.0	0.002630247850278199	0.016	15/52	14.07%	AURKA;CCNB2;NEK2;BUB1;DBF4;KIF2C;TTK;CDKN3;EZH2;NCAPH;NPHP1;GSTM3;IFT88;PRKAR2A;NF2	MSigDB_Hallmark_2020
prerank	Cell Cycle G2/M Phase Transition (GO:0044839)	-0.5298464383696296	-1.7834862942260232	0.005326231691078562	0.022742652768752154	0.8085	7/29	4.24%	PLK1;AURKA;CCNB1;CDC25C;CCNA2;AURKB;DNM2	GO_Biological_Process_2023
prerank	Positive Regulation Of Mitotic Nuclear Division (GO:0045840)	-0.6034010384000902	-1.7815047118218643	0.004993757802746567	0.022950836378955973	0.817	7/19	2.69%	CDC20;DLGAP5;AURKA;EDN1;ESPL1;UBE2C;NUSAP1	GO_Biological_Process_2023
prerank	Regulation Of T Cell Differentiation (GO:0045580)	-0.55031682776395	-1.7812967272876534	0.002805049088359046	0.022753787482470023	0.817	14/26	21.69%	SMARCD3;SMARCD2;SMARCD1;ACTB;SMARCA4;SMARCB1;ACTL6A;SMARCC1;PRELID1;ARID2;SMARCE1;PBRM1;CLPTM1;ARID1A	GO_Biological_Process_2023
prerank	Proton Motive Force-Driven Mitochondrial ATP Synthesis (GO:0042776)	-0.4592430221471861	-1.779556535443502	0.004651162790697674	0.02288589622126852	0.821	30/52	32.08%	ATP5F1B;NDUFB10;ATP5F1D;ATP5MF;NDUFA10;NDUFA1;NDUFA12;NDUFS1;NDUFB7;NDUFV1;NDUFB8;NDUFA7;NDUFS5;SDHB;NDUFA6;NDUFV2;NDUFC1;NDUFA9;NDUFB9;NDUFA13;NDUFC2;ATP5F1E;NDUFS3;ATP5PB;NDUFS2;NDUFB3;NDUFA2;NDUFB6;NDUFAB1;ATP5F1C	GO_Biological_Process_2023
prerank	Ribosomal Small Subunit Biogenesis (GO:0042274)	-0.4293435380426775	-1.7742424803397974	0.0	0.023865881363900304	0.834	30/74	21.87%	FBL;BMS1;TBL3;NAT10;WDR46;NOP58;DNTTIP2;UTP11;UTP6;LTV1;SURF6;NOL7;UTP15;NOL6;NOP14;UTP20;UTP4;MRPS7;WDR75;NOL11;PNO1;WDR43;EXOSC10;RPS15;SNU13;EMG1;DDX52;HEATR1;RRP7A;WDR3	GO_Biological_Process_2023
prerank	RNA Splicing, Via Transesterification Reactions (GO:0000375)	-0.5670862314961674	-1.7734992903697977	0.0051813471502590676	0.02378425978924792	0.835	14/23	26.97%	TRA2B;SF3B4;PRPF8;SLU7;SRSF10;PRPF6;SF3B1;KHSRP;SNRNP40;SRRM1;TXNL4A;SF3B3;MPHOSPH10;SF3A3	GO_Biological_Process_2023
prerank	Regulation Of Double-Strand Break Repair (GO:2000779)	-0.4341089453031597	-1.7710984360440825	0.0017793594306049821	0.02407291364247057	0.8395	40/69	30.03%	RUVBL2;BRD8;SMARCD3;SMARCD2;BCL7C;WRAP53;ACTR2;KDM1A;SMARCD1;SMARCA4;RUVBL1;OTUB1;MRGBP;EPC1;SMARCB1;ACTL6A;MORF4L1;YEATS4;ING3;SMARCC1;ARID2;CHEK1;SMARCE1;EP400;PPP4R3B;VPS72;DEK;PBRM1;ARID1A;DMAP1;TRIP12;PPP4R2;UBE2N;BRD7;UBR5;EPC2;SETD2;RAD51;ATR;TRRAP	GO_Biological_Process_2023
prerank	Regulation Of Chromosome Organization (GO:0033044)	-0.5142691096633987	-1.7693001579789807	0.006934812760055479	0.024260592616340962	0.8425	12/35	10.99%	BUB1;PIF1;RUVBL2;HNRNPD;CENPV;MYC;RUVBL1;NSMCE4A;MCRS1;TERF2;XRCC5;UCHL5	GO_Biological_Process_2023
prerank	Regulation Of Transcription By RNA Polymerase I (GO:0006356)	-0.5579612491325066	-1.7683225527577842	0.001364256480218281	0.024271746622879627	0.8445	13/23	20.90%	CARM1;DDX21;LYAR;MYBBP1A;UTP15;CREBBP;BAZ2A;WDR75;WDR43;ERBB2;DEK;SF3B1;HEATR1	GO_Biological_Process_2023
prerank	Regulation Of Mitotic Spindle Organization (GO:0060236)	-0.5280181139036338	-1.7654683108106441	0.0	0.024780469124912573	0.854	10/29	16.70%	PLK1;PSRC1;TPX2;TACC3;STIL;HNRNPU;NUMA1;DRG1;RAE1;CHMP7	GO_Biological_Process_2023
prerank	G2/M Transition Of Mitotic Cell Cycle (GO:0000086)	-0.5353531580262998	-1.7650429208216862	0.005235602094240838	0.024627176039497704	0.8555	9/27	13.33%	PLK1;AURKA;CCNB1;CDC25C;CCNA2;DNM2;PKMYT1;UBE2A;KHDRBS1	GO_Biological_Process_2023
prerank	Positive Regulation Of Telomere Maintenance (GO:0032206)	-0.49481526855811425	-1.7630776507772004	0.0	0.024858248375147704	0.861	17/41	15.33%	NEK2;RUVBL2;HNRNPD;AURKB;HNRNPA2B1;NEK7;GNL3;RUVBL1;MCRS1;ACTL6A;TERF2;UCHL5;MAPK3;SLX1A;ERCC1;DHX36;INO80E	GO_Biological_Process_2023
prerank	Regulation Of Cell Cycle G1/S Phase Transition (GO:1902806)	-0.46000091697560475	-1.7533040889452274	0.0031496062992125984	0.026913398392789094	0.8805	24/52	21.69%	KIF14;FAM83D;CDKN2C;SMARCD3;MNAT1;SMARCD2;BCL7C;EZH2;CCNH;SMARCD1;SMARCA4;SMARCB1;ACTL6A;PSME3;PPP2CA;SMARCC1;ARID2;PKD1;SMARCE1;CDKN2D;PBRM1;APPL1;TMEM14B;ARID1A	GO_Biological_Process_2023
prerank	Regulation Of DNA Repair (GO:0006282)	-0.400199283241856	-1.7518744128518386	0.0	0.026968854369264016	0.8815	55/101	30.03%	DEPDC1B;RUVBL2;BRD8;SMARCD3;H2AX;SMARCD2;TAF5;BCL7C;WRAP53;SMARCD1;DHX9;ACTB;SMARCA4;RUVBL1;PARP1;MRGBP;EPC1;MCRS1;SMARCB1;ACTL6A;UCHL5;TRIM28;MORF4L1;YEATS4;UBE2V1;ING3;SMARCC1;INO80E;ARID2;CDK9;SMARCE1;EP400;PPP4R3B;VPS72;DEK;PBRM1;CEBPG;ARID1A;DMAP1;TRIP12;PPP4R2;UBE2N;BARD1;SF3B5;SF3B3;BRD7;UBR5;KAT7;EPC2;ACTR8;USP1;ENY2;ATR;TAF6;TRRAP	GO_Biological_Process_2023
prerank	Cellular Respiration (GO:0045333)	-0.4234785435159715	-1.7473960278850769	0.0	0.02796738303968696	0.8915	47/78	35.97%	NDUFB10;ETFA;MTFR2;CYCS;NDUFA10;NDUFA1;MDH2;NDUFA12;NDUFS1;SLC25A14;NDUFB7;NDUFV1;NDUFB8;UQCRC1;NDUFA7;COX6C;NDUFS5;SDHB;NDUFA6;NDUFV2;NDUFC1;MTFR1;NDUFA9;COX7B;NDUFB9;CHCHD5;NDUFA13;UQCRQ;NDUFC2;COX7A2;NDUFS3;CYC1;NDUFS2;NDUFB3;NDUFA2;NDUFB6;UQCRC2;NDUFAB1;COX5A;COX5B;NDUFA4;UQCR11;COX8A;BLOC1S1;SDHA;NDUFS7;UQCRFS1	GO_Biological_Process_2023
prerank	Aerobic Electron Transport Chain (GO:0019646)	-0.44377000906040104	-1.7374758881314276	0.0	0.03050473387092101	0.9115	40/63	35.97%	NDUFB10;CYCS;NDUFA10;NDUFA1;NDUFS1;NDUFB7;NDUFV1;NDUFB8;UQCRC1;NDUFA7;COX6C;NDUFS5;SDHB;NDUFA6;NDUFV2;NDUFC1;NDUFA9;COX7B;NDUFB9;UQCC3;UQCRQ;NDUFC2;COX7A2;NDUFS3;CYC1;NDUFS2;NDUFB3;NDUFA2;NDUFB6;UQCRC2;NDUFAF1;NDUFAB1;COX5A;COX5B;NDUFA4;UQCR11;COX8A;SDHA;NDUFS7;UQCRFS1	GO_Biological_Process_2023
prerank	Negative Regulation Of Telomere Maintenance Via Telomere Lengthening (GO:1904357)	-0.5742657369511083	-1.7311086394104742	0.008816120906801008	0.0319765482709786	0.9255	10/20	18.22%	PIF1;NAT10;HNRNPU;PARP1;HNRNPA1;TERF2;SLX1A;EXOSC10;PINX1;GNL3L	GO_Biological_Process_2023
prerank	Anaphase-Promoting Complex-Dependent Catabolic Process (GO:0031145)	-0.6059665024459087	-1.7211564483447728	0.006060606060606061	0.03462364536739625	0.939	5/16	8.01%	CDC20;UBE2S;UBE2C;ANAPC15;CDC27	GO_Biological_Process_2023
prerank	Negative Regulation Of Ubiquitin-Protein Transferase Activity (GO:0051444)	-0.6087345725958491	-1.7208588621270993	0.007471980074719801	0.03441178258871319	0.9395	3/16	2.01%	CDC20;BUB1B;MAD2L2	GO_Biological_Process_2023
prerank	Positive Regulation Of Histone Methylation (GO:0031062)	-0.6116099365042416	-1.7206389483356168	0.0076726342710997444	0.03416120226934242	0.9395	6/15	15.72%	WDR5;HCFC1;MCRS1;BAZ2A;CTNNB1;SUV39H1	GO_Biological_Process_2023
prerank	Mitochondrial ATP Synthesis Coupled Electron Transport (GO:0042775)	-0.4318933834295476	-1.7167633712186676	0.0	0.03499157688808214	0.9425	41/65	35.97%	NDUFB10;CYCS;NDUFA10;NDUFA1;NDUFA12;NDUFS1;NDUFB7;NDUFV1;NDUFB8;UQCRC1;NDUFA7;COX6C;NDUFS5;SDHB;NDUFA6;NDUFV2;NDUFC1;NDUFA9;COX7B;NDUFB9;UQCC3;UQCRQ;NDUFC2;COX7A2;NDUFS3;CYC1;NDUFS2;NDUFB3;NDUFA2;NDUFB6;UQCRC2;NDUFAF1;NDUFAB1;COX5A;COX5B;NDUFA4;UQCR11;COX8A;SDHA;NDUFS7;UQCRFS1	GO_Biological_Process_2023
prerank	Negative Regulation Of RNA Splicing (GO:0033119)	-0.607068376120339	-1.7165667326615834	0.007237635705669481	0.03472638840761116	0.9425	9/17	25.22%	SRSF7;PTBP1;RPS26;U2AF2;SRSF6;RBMX;SRSF10;PTBP2;RNPS1	GO_Biological_Process_2023
prerank	Proton Motive Force-Driven ATP Synthesis (GO:0015986)	-0.43662803339573375	-1.7122112535621166	0.0031545741324921135	0.03569837629748315	0.9465	32/57	32.08%	ATP5F1B;NDUFB10;ATP5F1D;ATP5MF;NDUFA10;NDUFA1;NDUFA12;NDUFS1;NDUFB7;NDUFV1;NDUFB8;NDUFA7;ATP5MJ;NDUFS5;SDHB;NDUFA6;NDUFV2;ATP5MC3;NDUFC1;NDUFA9;NDUFB9;NDUFA13;NDUFC2;ATP5F1E;NDUFS3;ATP5PB;NDUFS2;NDUFB3;NDUFA2;NDUFB6;NDUFAB1;ATP5F1C	GO_Biological_Process_2023
prerank	tRNA Aminoacylation (GO:0043039)	-0.5676173470736006	-1.6939352806871724	0.011097410604192354	0.041422814836430094	0.968	11/19	25.49%	MARS1;VARS1;GARS1;EPRS1;NARS1;IARS2;HARS1;LARS1;HARS2;RARS1;QRSL1	GO_Biological_Process_2023
prerank	Regulation Of DNA Damage Checkpoint (GO:2000001)	-0.6066181124998353	-1.6870531092774732	0.017743979721166033	0.04355505057184	0.9735	9/15	28.99%	DEPDC1B;THOC5;DDX39B;RFWD3;WDR76;BARD1;BRCA2;CRY1;RAD51	GO_Biological_Process_2023
prerank	Oxidative Phosphorylation (GO:0006119)	-0.4247049911435033	-1.6843703571380866	0.0064516129032258064	0.04421684461248324	0.976	33/60	32.08%	ATP5F1B;NIPSNAP2;NDUFB10;ATP5F1D;ATP5MF;NDUFA10;NDUFA1;NDUFA12;NDUFS1;NDUFB7;NDUFV1;NDUFB8;UQCRC1;NDUFA7;NDUFS5;SDHB;NDUFA6;NDUFV2;NDUFC1;NDUFA9;NDUFB9;NDUFA13;NDUFC2;ATP5F1E;NDUFS3;ATP5PB;NDUFS2;NDUFB3;NDUFA2;NDUFB6;UQCRC2;NDUFAB1;ATP5F1C	GO_Biological_Process_2023
prerank	Regulation Of Spindle Organization (GO:0090224)	-0.5950966262548497	-1.68244205024638	0.009768009768009768	0.04457862170619193	0.978	6/16	14.91%	PSRC1;TPX2;TACC3;STIL;NUMA1;RAE1	GO_Biological_Process_2023
prerank	RNA Methylation (GO:0001510)	-0.4456471656863016	-1.6813582514355336	0.003134796238244514	0.04465669725833272	0.979	20/48	26.25%	FBL;SNRPF;PCIF1;SNRPB;SNRPG;SNRPD1;FTSJ3;METTL16;TRMT6;METTL4;FTSJ1;THUMPD3;TRMT10C;CMTR1;SNRPD2;METTL1;NSUN2;CBLL1;SNRPE;MRM2	GO_Biological_Process_2023
prerank	mRNA Modification (GO:0016556)	-0.5276507505559508	-1.6766945938635993	0.010869565217391304	0.046053544026825426	0.981	13/23	23.48%	PCIF1;PUS1;DKC1;PUS7;HNRNPAB;METTL16;TRMT6;METTL4;TRMT10C;CMTR1;RPUSD2;NSUN2;CBLL1	GO_Biological_Process_2023
prerank	Mitochondrial Gene Expression (GO:0140053)	-0.39119171920693097	-1.676537276741036	0.0	0.045693396908625186	0.981	57/96	38.93%	MRPL23;MRPL22;MRPL16;MRPL4;MRPL47;TFAM;MRPS18C;MRPL30;MRPS9;IARS2;MRPL3;MRPL28;HARS1;MRPS22;MRPL55;MTERF4;TBRG4;MRPS7;MRPL58;MRPL54;MRPL21;NDUFA7;MRPL38;MRPL35;FASTKD3;MRPS18A;PTCD3;MRPS17;MRPS31;MRPL19;MRPL20;MRPS25;MRPL9;QRSL1;MRPL14;MRPS2;MRPL13;MTG1;MRPS15;MRPL40;GADD45GIP1;MRPL48;MRPL43;TFB2M;MRPL24;MRPL53;MRPL37;MRPL51;MRPL42;TEFM;MRPS23;MRPS18B;MRPS5;MRPS21;MRPL11;GATB;MRPL1	GO_Biological_Process_2023
prerank	Histone Deacetylation (GO:0016575)	-0.5180586707686705	-1.674289634851944	0.012328767123287671	0.04616900411761995	0.981	11/26	23.19%	HDAC3;CHD4;MORF4L1;MBD2;MTA2;HDAC2;CHD3;HDAC8;MBD3;GATAD2A;HDAC1	GO_Biological_Process_2023
prerank	Maturation Of SSU-rRNA From Tricistronic rRNA Transcript (SSU-rRNA, 5.8S rRNA, LSU-rRNA) (GO:0000462)	-0.5249304805000746	-1.672902430262466	0.011583011583011582	0.04638528673296693	0.982	13/25	20.90%	BMS1;TBL3;WDR46;TSR1;NOL10;UTP6;NOP14;UTP20;UTP4;KRI1;WDR43;DCAF13;HEATR1	GO_Biological_Process_2023
prerank	Regulation Of Mitotic Cell Cycle Phase Transition (GO:1901990)	-0.4201377366886931	-1.6689946903836725	0.0035026269702276708	0.04750358374600566	0.984	31/67	21.69%	PLK1;AURKA;CENPE;KIF14;UBE2C;CDKN2C;KLHL18;CENPF;SMARCD3;MNAT1;SMARCD2;BCL7C;ANLN;CCNH;SMARCD1;SMARCA4;SMARCB1;ACTL6A;PSME3;ZW10;PPP2CA;SMARCC1;ARID2;KNTC1;PKD1;SMARCE1;CDKN2D;PBRM1;APPL1;TMEM14B;ARID1A	GO_Biological_Process_2023
prerank	mRNA Metabolic Process (GO:0016071)	-0.4218696024859626	-1.6671948379039978	0.0017331022530329288	0.0478737458153596	0.984	35/66	33.15%	SFPQ;SRSF2;HNRNPA2B1;HNRNPR;SON;SRSF7;SF3B4;TCERG1;U2AF1;DDX5;PRPF8;PNPT1;U2AF2;TBRG4;HNRNPAB;METTL16;DHX15;SF3B2;HNRNPA0;CELF1;CPSF6;PRKACA;AGO3;TP53;SF3A3;HSPA1B;SF3A1;NUDT21;PRPF18;SND1;FBXO11;USP39;SF3A2;KIN;LSM5	GO_Biological_Process_2023
prerank	Regulation Of DNA Metabolic Process (GO:0051052)	-0.38741734877961553	-1.659412829548529	0.0	0.05039531974998532	0.9865	48/101	30.08%	PIF1;DEPDC1B;RUVBL2;KPNA2;HNRNPD;CCNA2;TAF5;NUCKS1;MYC;IL7R;RUVBL1;NSMCE4A;CHRAC1;CCDC88A;MCRS1;POLE3;ACTL6A;TERF2;XRCC5;UCHL5;PPP2CA;UBE2V1;ORC5;BAZ2A;INO80E;SMC3;PPP2R1A;FBXO5;CDK9;HDAC8;KPNA1;RBBP6;ANKRD17;UBE2N;BARD1;SF3B5;SF3B3;KAT7;ACTR8;SMARCA5;USP1;ALYREF;ENY2;YLPM1;NSMCE2;TAF6;TRRAP;SMC5	GO_Biological_Process_2023
prerank	mRNA Transport (GO:0051028)	-0.4410585011460737	-1.658611374025499	0.0078003120124804995	0.05029497992391919	0.9865	22/47	28.57%	SRSF3;DDX19B;NUP88;HNRNPA2B1;THOC5;RBM8A;DDX39B;DDX39A;XPO1;RAE1;NUP85;NUP107;NUP133;CHTOP;THOC7;MAGOH;FYTTD1;NXF1;NCBP3;NUP160;NUP214;ALYREF	GO_Biological_Process_2023
prerank	Mitotic Cell Cycle Phase Transition (GO:0044772)	-0.40273277265927315	-1.6579561564563878	0.0	0.0502330956774385	0.9875	17/77	8.75%	PLK1;AURKA;CCNB1;CCNB2;CDC25C;DBF4;CCNF;UBE2S;CCNA2;UBE2C;TACC3;CDKN3;DNM2;MYC;CDC27;PKMYT1;BCAT1	GO_Biological_Process_2023
prerank	Regulation Of Cyclin-Dependent Protein Kinase Activity (GO:1904029)	-0.4697098123783605	-1.6579255886800581	0.007429420505200594	0.04985482415532896	0.9875	13/38	9.21%	CCNB1;CCNB2;CDC25C;CCNF;CCNA2;CDKN2C;CDKN3;MNAT1;CCNH;BCCIP;PKMYT1;GTPBP4;CDC37	GO_Biological_Process_2023
prerank	protein-RNA Complex Assembly (GO:0022618)	-0.3688802008247775	-1.6566319763027348	0.0	0.04998700229538797	0.988	61/130	29.63%	GEMIN4;PRMT5;SNRPF;PPAN;DHX9;SNRPB;BOP1;SART1;GEMIN5;EIF2S2;DDX1;ISY1;EIF3C;XRCC5;DDX39B;EIF3J;EIF3B;SNRPG;GCFC2;SNRPD1;PUF60;ADAR;SRSF6;MRPS7;PRMT7;POLR2D;EIF6;CRNKL1;RPS15;SRSF10;PRPF6;DHX29;WDR77;HSP90AB1;SNRPD2;CELF1;PRPF19;SF3B1;MDN1;LUC7L;RRP7A;CPSF6;SNRNP200;RPF2;MRPL20;HEXIM1;DDX20;AGO3;TXNL4A;STRAP;PTGES3;GEMIN7;SART3;SNRPE;DENR;EIF5;RPL38;EIF3I;RPL11;NUDT21;PRPF18	GO_Biological_Process_2023
prerank	Mitochondrial Translation (GO:0032543)	-0.3865352776983049	-1.6518391749512327	0.004008016032064128	0.051495520328400754	0.99	56/93	38.93%	MRPL23;MRPL22;MRPL16;MRPL4;MRPL47;MRPS18C;MRPL30;MRPS9;IARS2;MRPL3;MRPL28;HARS1;MRPS22;MRPL55;MRPS7;MRPL58;MRPL54;MRPL21;NDUFA7;MRPL38;MRPL35;MTRF1L;MRPS18A;PTCD3;MRPS17;MRPS31;MRPL19;MRPL20;MRPS25;MRPL9;QRSL1;MRPL14;MRPS2;MRPL13;MTG1;MRPS15;MTIF2;MRPL40;GADD45GIP1;TSFM;MRPL48;GFM1;MRPL43;MRPL24;MRPL53;MRPL37;MRPL51;MRPL42;MRPS23;DROSHA;MRPS18B;MRPS5;MRPS21;MRPL11;GATB;MRPL1	GO_Biological_Process_2023
prerank	Pyruvate Metabolic Process (GO:0006090)	-0.5130246923389241	-1.6493114532548037	0.019151846785225718	0.05214227366740309	0.991	14/26	17.87%	PCK2;LDHA;ENO1;GPI;TPI1;PGAM1;PGK1;PKM;PDHB;GAPDH;VDAC1;DLAT;PDHA1;PFKL	GO_Biological_Process_2023
prerank	Regulation Of Mitotic Cell Cycle (GO:0007346)	-0.3912109226408056	-1.647779313972767	0.0	0.05240046132557334	0.993	20/92	8.69%	PLK1;CDC20;DLGAP5;AURKA;CCNB1;CDC25C;NEK2;CDCA2;ASNS;MKI67;PRMT5;INTS13;NEK7;KIF20B;ANAPC15;YWHAE;HNRNPU;CDC27;PKMYT1;CKS2	GO_Biological_Process_2023
prerank	Negative Regulation Of Viral Genome Replication (GO:0045071)	-0.4796850360932539	-1.645185872391203	0.016713091922005572	0.05308186087232092	0.9935	7/32	6.33%	ISG20;IFIT1;MX1;ISG15;ILF3;OAS3;IFIH1	GO_Biological_Process_2023
prerank	Regulation Of Telomerase Activity (GO:0051972)	-0.4632189362560957	-1.6432572157883072	0.002911208151382824	0.0535276800118168	0.9945	19/37	27.18%	NEK2;PIF1;AURKB;MYC;NEK7;WRAP53;DKC1;CCT2;XRCC5;MAPK3;CTNNB1;PINX1;HSP90AB1;PARP4;TCP1;TERF1;PTGES3;TP53;CCT4	GO_Biological_Process_2023
prerank	Regulation Of G0 To G1 Transition (GO:0070316)	-0.5090686523752807	-1.6389126961059646	0.01568627450980392	0.055094279012538105	0.996	13/25	21.69%	SMARCD3;SMARCD2;BCL7C;SMARCD1;SMARCA4;SMARCB1;ACTL6A;SMARCC1;ARID2;CHEK1;SMARCE1;PBRM1;ARID1A	GO_Biological_Process_2023
prerank	Regulation Of DNA Replication (GO:0006275)	-0.42503611879077824	-1.6387038342606615	0.01206896551724138	0.05478702752431953	0.996	20/53	17.15%	RUVBL2;CCNA2;NUCKS1;DHX9;RUVBL1;CHRAC1;ATAD5;CCDC88A;MCRS1;GTPBP4;POLE3;UCHL5;PPP2CA;ORC5;INO80E;WAPL;SMC3;DNA2;PPP2R1A;FBXO5	GO_Biological_Process_2023
prerank	Antiviral Innate Immune Response (GO:0140374)	-0.507359873701577	-1.6350110909281232	0.009510869565217392	0.05602523328879149	0.996	12/26	19.49%	IFIT1;MX1;DHX16;IFIH1;USP18;DUS2;IGF2BP1;DHX15;IFIT2;CARD8;IFIT3;EIF2AK2	GO_Biological_Process_2023
prerank	Histone Acetylation (GO:0016573)	-0.43510284409135874	-1.6349041449231412	0.006309148264984227	0.05566660939328289	0.996	23/47	30.03%	RUVBL2;BRD8;TAF5;WDR5;RUVBL1;MRGBP;EPC1;POLE3;ACTL6A;MORF4L1;YEATS4;ING3;CREBBP;EP400;VPS72;DMAP1;SF3B5;SF3B3;EP300;EPC2;ENY2;TAF6;TRRAP	GO_Biological_Process_2023
prerank	Negative Regulation Of Telomere Maintenance Via Telomerase (GO:0032211)	-0.5770536126700418	-1.6342302704825835	0.024125452352231604	0.05558689945243908	0.996	9/16	22.26%	PIF1;NAT10;HNRNPU;HNRNPA1;TERF2;EXOSC10;PINX1;GNL3L;TERF1	GO_Biological_Process_2023
prerank	Positive Regulation Of DNA Repair (GO:0045739)	-0.40610507053186534	-1.6311128261312169	0.005110732538330494	0.056599631751385146	0.9965	22/65	15.73%	DEPDC1B;RUVBL2;HMGB1;SMARCD3;H2AX;SMARCD2;BCL7C;WRAP53;SMARCD1;DHX9;ACTB;SMARCA4;RUVBL1;PARP1;MCRS1;SMARCB1;ACTL6A;UCHL5;TRIM28;SMARCC1;INO80E;ARID2	GO_Biological_Process_2023
prerank	Spliceosomal Complex Assembly (GO:0000245)	-0.4255949448744241	-1.6188246873189918	0.007763975155279503	0.06191445883052709	0.9985	28/55	26.97%	SNRPF;SNRPB;SF3B4;SNRPB2;SNRPA1;DDX1;DDX39B;SNRPG;GCFC2;SNRPD1;PUF60;SRSF6;CRNKL1;SRSF10;DDX46;PRPF6;SNRPD2;SF3B2;CELF1;PRPF19;SF3B1;LUC7L;SNRNP200;TXNL4A;SF3B5;SNRPE;SF3B3;SF3A3	GO_Biological_Process_2023
prerank	miRNA Processing (GO:0035196)	-0.5162416032068871	-1.614555958981512	0.02857142857142857	0.063482559828022	0.999	5/23	9.68%	SRSF3;GARS1;SRRT;HNRNPA2B1;DDX5	GO_Biological_Process_2023
prerank	Purine-Containing Compound Biosynthetic Process (GO:0072522)	-0.5813079584632528	-1.6047285166557115	0.02258469259723965	0.06804193179603893	0.999	10/15	30.23%	PFAS;GART;MTHFD1;PNP;PAICS;PPAT;PRPSAP2;GMPS;SHMT2;SHMT1	GO_Biological_Process_2023
prerank	Import Into Nucleus (GO:0051170)	-0.41840341816394583	-1.6011058860739282	0.0030534351145038168	0.06933647244248427	0.9995	21/51	21.96%	KPNA2;IPO4;NUP88;HNRNPA1;KPNB1;AKT1;TNPO3;KPNA6;NUP188;NUP155;NUP93;NUP85;NUP107;NUP133;NUP98;IPO11;RANBP6;APPL1;KPNA1;KPNA4;SEC13	GO_Biological_Process_2023
prerank	Transcription Elongation By RNA Polymerase II (GO:0006368)	-0.5087660332632418	-1.600704121693963	0.03050397877984085	0.06905548719991458	0.9995	15/23	33.88%	RTF1;SRCAP;SUPT16H;CDK9;SUPT6H;PBRM1;POLR2I;ELP4;SART3;CTR9;SETD2;SUPT5H;GTF2F1;IWS1;LEO1	GO_Biological_Process_2023
prerank	Maturation Of LSU-rRNA (GO:0000470)	-0.5367849860334324	-1.5956321091113808	0.03461538461538462	0.07130128976149323	0.9995	11/19	28.23%	PES1;WDR12;LAS1L;MAK16;FTSJ3;EIF6;RPL35;RPF2;NEDD4;RRP15;RPL7L1	GO_Biological_Process_2023
prerank	Protein Depolymerization (GO:0051261)	-0.5375496253702801	-1.5948315135243831	0.027061855670103094	0.07121676954884883	0.9995	6/19	14.02%	KIF14;KIF2C;KIF18A;CKAP5;VPS4A;TWF2	GO_Biological_Process_2023
prerank	Gluconeogenesis (GO:0006094)	-0.5255996400051798	-1.5944823481259685	0.03402187120291616	0.07093592068244277	0.9995	8/20	9.98%	PCK2;ENO1;SLC25A10;GPI;TPI1;PGAM1;PGK1;MDH2	GO_Biological_Process_2023
prerank	Aerobic Respiration (GO:0009060)	-0.41051255749823945	-1.5937268624515661	0.009584664536741214	0.07082691847172914	0.9995	32/56	31.98%	NIPSNAP2;NDUFB10;ATP5F1D;MTFR2;NDUFA10;NDUFA1;MDH2;NDUFA12;NDUFS1;SLC25A14;NDUFB7;NDUFV1;NDUFB8;UQCRC1;NDUFA7;NDUFS5;SDHB;NDUFA6;NDUFV2;NDUFC1;MTFR1;NDUFA9;NDUFB9;NDUFA13;NDUFC2;NDUFS3;NDUFS2;NDUFB3;NDUFA2;NDUFB6;UQCRC2;NDUFAB1	GO_Biological_Process_2023
prerank	Positive Regulation Of Chromosome Organization (GO:2001252)	-0.4911357076087267	-1.5901136034651886	0.0103359173126615	0.07230604720542683	1.0	11/26	13.61%	AURKB;NCAPH;GNL3;NCAPG;RAD21;NCAPG2;TERF2;SMC2;DHX36;NCAPD2;SMC4	GO_Biological_Process_2023
prerank	Regulation Of Chromatin Organization (GO:1902275)	-0.5489337764980922	-1.5895824142076487	0.032138442521631644	0.07214111880697502	1.0	8/18	19.64%	MKI67;SSRP1;WDR5;HCFC1;HNRNPU;MCRS1;METTL4;TLK2	GO_Biological_Process_2023
prerank	Intracellular Protein Transmembrane Transport (GO:0065002)	-0.45091611296742307	-1.5883359444703367	0.004545454545454545	0.07233894522322963	1.0	19/36	32.44%	TOMM40;PEX14;GRPEL1;TIMM50;TIMM44;AKT2;DNAJC19;SEC61G;SEC63;PAM16;SEC61A2;TIMM23B;GRPEL2;HSPA5;HYOU1;ROMO1;CHCHD4;TIMM23;TIMM17A	GO_Biological_Process_2023
prerank	Positive Regulation Of Stem Cell Population Maintenance (GO:1902459)	-0.45653679517296863	-1.585993116992139	0.019230769230769232	0.07311430170683456	1.0	16/34	26.00%	BCL7C;SMARCD1;SMARCA4;SMARCB1;ACTL6A;HDAC2;SMARCC1;BRD9;SMARCE1;REST;ARID4B;ARID1A;HDAC1;BRMS1;SIN3A;SF3B3	GO_Biological_Process_2023
prerank	Negative Regulation Of DNA-templated Transcription, Elongation (GO:0032785)	-0.563897836897136	-1.5812558053179289	0.03151515151515152	0.07505278836342671	1.0	9/16	29.86%	HNRNPU;TCERG1;PARP1;NELFCD;NELFA;ZC3H4;HEXIM1;NELFB;SUPT5H	GO_Biological_Process_2023
prerank	Negative Regulation Of mRNA Catabolic Process (GO:1902373)	-0.5033945635981498	-1.5779158860529425	0.02875816993464052	0.07649158254588749	1.0	10/24	14.51%	HNRNPD;FUS;SYNCRIP;DHX9;HNRNPU;THRAP3;IGF2BP1;TAF15;ELAVL1;HNRNPAB	GO_Biological_Process_2023
prerank	Protein Methylation (GO:0006479)	-0.49612020910662047	-1.5746172520095558	0.027308192457737322	0.07779165553326925	1.0	11/25	21.45%	CARM1;PRMT1;PRMT5;FAM98B;SNRPB;PRMT3;EEF1AKMT2;PRMT7;PCMT1;GSPT1;ETF1	GO_Biological_Process_2023
prerank	Hexose Biosynthetic Process (GO:0019319)	-0.5132479092273663	-1.5718903283904997	0.03580246913580247	0.07876934584818648	1.0	8/21	9.98%	PCK2;ENO1;SLC25A10;GPI;TPI1;PGAM1;PGK1;MDH2	GO_Biological_Process_2023
prerank	Negative Regulation Of Viral Process (GO:0048525)	-0.4506972659583751	-1.5709275517600756	0.023222060957910014	0.07886213184652908	1.0	8/36	8.21%	ISG20;IFIT1;MX1;ISG15;ILF3;OAS3;IFIH1;UBP1	GO_Biological_Process_2023
prerank	Nuclear Export (GO:0051168)	-0.44159444372200035	-1.5691188240386917	0.017830609212481426	0.0793742562759771	1.0	20/37	30.05%	HNRNPA1;DDX39B;DDX39A;RANGAP1;NUP188;NUP155;XPO1;RAE1;XPO5;LSG1;NUP98;PKD1;XPO6;RANBP3;UBE2I;CSE1L;NUP214;NUP153;TGFB1;NEMF	GO_Biological_Process_2023
prerank	Non-Membrane-Bounded Organelle Assembly (GO:0140694)	-0.3769948505162693	-1.5645732940179538	0.00558659217877095	0.08144716603819409	1.0	39/77	35.18%	DLGAP5;NEK2;CENPE;CENPA;CENPF;HDAC3;CENPC;MRPL22;NEK7;HAUS1;TUBGCP5;RBM14;TIA1;CENPT;DHX29;HAUS8;TUBGCP2;FARP2;HAUS2;MYL9;DBNL;CIRBP;DDX6;MAPRE1;CENPW;PRRC2C;EIF2S1;UBAP2L;CSDE1;G3BP1;HAUS3;FLII;OGFOD1;TMOD3;FXR1;DAZAP2;LSM14A;NPM1;TUBGCP3	GO_Biological_Process_2023
prerank	Mitochondrial Electron Transport, NADH To Ubiquinone (GO:0006120)	-0.4481203721144453	-1.5641709867413616	0.02046783625730994	0.08118111422762307	1.0	22/34	33.18%	NDUFB10;NDUFA10;NDUFS1;NDUFB7;NDUFV1;NDUFB8;NDUFA7;NDUFS5;NDUFA6;NDUFV2;NDUFC1;NDUFA9;NDUFB9;NDUFC2;NDUFS3;NDUFS2;NDUFB3;NDUFA2;NDUFB6;NDUFAF1;NDUFAB1;NDUFA4	GO_Biological_Process_2023
prerank	Positive Regulation Of Mitotic Cell Cycle (GO:0045931)	-0.5098390013002814	-1.5634416399935127	0.022641509433962263	0.08116340644231218	1.0	4/22	1.87%	AURKA;CCNB1;ASNS;KLHL18	GO_Biological_Process_2023
prerank	Nucleus Organization (GO:0006997)	-0.4424076861187357	-1.5592101552673234	0.025974025974025976	0.08312046919612573	1.0	16/35	17.55%	LMNB1;LMNB2;NUP35;SEH1L;NUP205;VPS4A;NDC1;NUMA1;NUP155;CEP55;NUP93;NUP54;NUP133;NUP98;CHMP7;LMNA	GO_Biological_Process_2023
prerank	Protein Localization To Nucleus (GO:0034504)	-0.36515108895926696	-1.554537249793166	0.0056925996204933585	0.08540761419433598	1.0	33/91	22.29%	PLK1;KPNA2;IPO4;NUP88;XPA;INTS13;LMNB1;TAF8;YWHAE;HNRNPU;KPNB1;LMNB2;AKT1;TNPO3;KPNA6;NUP188;NUP155;NUP93;NUP85;NUP107;NUP133;NUP98;PINX1;LMNA;IPO11;RANBP6;APPL1;BBS4;RRP7A;KPNA1;KPNA4;SEC13;RPF2	GO_Biological_Process_2023
prerank	Regulation Of Stem Cell Population Maintenance (GO:2000036)	-0.4230476012789225	-1.5541492970364825	0.013574660633484163	0.0851368878609658	1.0	22/45	27.08%	MYC;BCL7C;SMARCD1;SMARCA4;SMARCB1;ACTL6A;CNOT1;HDAC2;SMARCC1;ELAVL1;BRD9;WDR43;SMARCE1;REST;ARID4B;LOXL2;ARID1A;HDAC1;BRMS1;SIN3A;SF3B3;CNOT3	GO_Biological_Process_2023
prerank	Positive Regulation Of Mitotic Cell Cycle Phase Transition (GO:1901992)	-0.4087623190049857	-1.552458626860652	0.01772525849335303	0.0856186579040675	1.0	8/50	2.96%	CDC20;DLGAP5;CCNB1;CDC25C;ESPL1;UBE2C;KLHL18;STIL	GO_Biological_Process_2023
prerank	Establishment Of Protein Localization To Organelle (GO:0072594)	-0.3958956184324778	-1.5467686002443177	0.009448818897637795	0.08841061520809802	1.0	21/57	21.96%	KPNA2;IPO4;NUP88;KPNB1;AKT1;TNPO3;KPNA6;NUP188;NUP155;PEX19;NUP93;NUP85;NUP107;NUP133;NUP98;IPO11;RANBP6;APPL1;KPNA1;KPNA4;SEC13	GO_Biological_Process_2023
prerank	Regulation Of Telomerase RNA Localization To Cajal Body (GO:1904872)	-0.5438721656071146	-1.5461147793947263	0.0392156862745098	0.0882763378468637	1.0	7/17	10.24%	RUVBL2;CCT7;CCT5;RUVBL1;DKC1;CCT3;NHP2	GO_Biological_Process_2023
prerank	Maturation Of SSU-rRNA (GO:0030490)	-0.4433069258604846	-1.5444424961815544	0.019746121297602257	0.0888055278520892	1.0	19/34	32.66%	NAT10;WDR46;TSR1;NOL10;UTP6;NOP14;UTP4;NOL11;WDR43;DCAF13;SNU13;DDX52;HEATR1;WDR3;MPHOSPH10;RRP36;TSR2;RIOK2;RIOK1	GO_Biological_Process_2023
prerank	Protein Targeting To Mitochondrion (GO:0006626)	-0.39708051705354924	-1.5402751290089904	0.01620745542949757	0.09072768657950679	1.0	27/54	32.44%	TOMM34;TOMM40;AIFM1;TIMM13;GRPEL1;TIMM50;TIMM10;TIMM44;TIMM8B;DNAJC19;PITRM1;PMPCA;PAM16;HSPA4;TIMM23B;MFF;MTX1;GRPEL2;IMMP1L;NDUFA13;MFN2;ROMO1;MTCH1;CHCHD4;TIMM23;SAMM50;TIMM17A	GO_Biological_Process_2023
prerank	DNA Geometric Change (GO:0032392)	-0.47726866135437007	-1.5397366167780777	0.03292181069958848	0.09051508543143502	1.0	9/24	15.80%	HMGB3;DTD1;HMGB1;HMGB2;HNRNPA2B1;DHX9;DDX1;DHX36;DNA2	GO_Biological_Process_2023
prerank	Regulation Of mRNA Processing (GO:0050684)	-0.4516296378440226	-1.5241158424271026	0.02924791086350975	0.09999836818850687	1.0	18/31	28.82%	SRSF3;SON;DHX9;RBM8A;TIA1;CDK11B;METTL16;HNRNPK;SRSF10;CDK9;MAGOH;SUPT6H;RBM39;SLTM;SRRM1;CWC22;CDK11A;SAFB	GO_Biological_Process_2023
prerank	Post-Transcriptional Regulation Of Gene Expression (GO:0010608)	-0.423760951503805	-1.522582264661327	0.021994134897360705	0.10051496953929026	1.0	21/41	31.85%	RBM3;NOLC1;PCIF1;GEMIN5;PUM3;EIF2B4;METTL16;ELP6;MATR3;CELF1;TCOF1;ZC3H7B;ELP3;ELP4;ELP5;EIF4E;EIF2S1;NUDT21;CYFIP1;GCN1;ELP1	GO_Biological_Process_2023
prerank	Gene Expression (GO:0010467)	-0.3067843461793859	-1.5186408005308898	0.0	0.10262441755455684	1.0	86/247	28.92%	RBM3;HNRNPD;SRSF3;DDX19B;NUP88;MRPL23;HNRNPA2B1;HNRNPL;SYNCRIP;EXOSC9;RBM4;FURIN;DHX8;EXOSC2;DNTTIP2;HNRNPU;THOC5;DKC1;WARS1;MRPS18C;RBM8A;RPS29;DDX39B;DDX39A;MRPL3;MRPL28;HARS1;RPS26;MRPL55;ADAR;EIF4G1;HNRNPH3;MRPS7;XPO1;EXOSC8;RAE1;NUP85;HNRNPK;EXOSC10;NUP107;MRPL35;NUP133;RRBP1;SRBD1;RPS15;CASP3;NUFIP1;MRRF;RPL35;MRPS18A;CHTOP;XRN2;THOC7;MAGOH;HNRNPH1;GSPT1;DIS3L;MRPS17;FYTTD1;RBM39;KPNA4;SNRNP40;NXF1;NOL9;DARS1;DDX20;DDX54;SARS1;HARS2;RPLP1;MRPL9;HNRNPUL1;FARSB;MRPL14;NCBP3;MPHOSPH10;NUP160;RPL35A;RPL22;MRPL13;RPS21;RPL38;MRPS15;NUP214;ALYREF;RPL11	GO_Biological_Process_2023
prerank	Protein Localization To Chromosome, Centromeric Region (GO:0071459)	-0.5260677457294076	-1.5148609572354648	0.042767295597484274	0.10466819618760352	1.0	8/17	15.74%	CENPA;KNL1;TTK;SPDL1;ZW10;IK;MTBP;CTCF	GO_Biological_Process_2023
prerank	Positive Regulation Of Telomerase Activity (GO:0051973)	-0.4672828593779409	-1.5146615474421745	0.04667609618104668	0.10420496898355605	1.0	11/26	18.36%	NEK2;AURKB;MYC;NEK7;WRAP53;DKC1;CCT2;XRCC5;MAPK3;CTNNB1;HSP90AB1	GO_Biological_Process_2023
prerank	Inner Mitochondrial Membrane Organization (GO:0007007)	-0.43901584310494357	-1.5121373086838212	0.03151862464183381	0.10542816596620055	1.0	17/33	30.09%	LETM1;CHCHD6;TIMM13;TIMM10;TIMM8B;DNAJC11;HSPA9;IMMT;MTX1;MICOS10;NDUFA13;UQCC3;GHITM;ROMO1;MAIP1;MICOS13;OPA1	GO_Biological_Process_2023
prerank	Regulation Of Spindle Assembly (GO:0090169)	-0.4767278013386486	-1.5100914395831877	0.036036036036036036	0.10629104925798973	1.0	7/24	16.70%	PLK1;SPAG5;STIL;HNRNPU;NUMA1;DRG1;CHMP7	GO_Biological_Process_2023
prerank	Double-Strand Break Repair (GO:0006302)	-0.33782372349694767	-1.5017422180387867	0.004597701149425287	0.11164734382480822	1.0	29/128	14.26%	DEPDC1B;SFPQ;MAD2L2;HMGB1;XRCC6;H2AX;HMGB2;VCP;FBH1;CHD4;NUCKS1;NSMCE4A;PARP1;PSMD14;EPC1;DDX1;RAD21;REC8;XRCC5;TRIP13;TNKS1BP1;MORF4L1;XRCC4;SLX1A;ERCC1;SEM1;RFWD3;PPP5C;TDP1	GO_Biological_Process_2023
prerank	Primary Neural Tube Formation (GO:0014020)	-0.5435459158240936	-1.497943513028075	0.05822784810126582	0.11328552046979007	1.0	6/15	10.58%	STIL;VASP;PHACTR4;IFT122;MTHFD1L;MTHFD1	GO_Biological_Process_2023
prerank	Tube Closure (GO:0060606)	-0.5435459158240936	-1.497943513028075	0.05822784810126582	0.11328552046979007	1.0	6/15	10.58%	STIL;VASP;PHACTR4;IFT122;MTHFD1L;MTHFD1	GO_Biological_Process_2023
prerank	Establishment Of Protein Localization To Mitochondrion (GO:0072655)	-0.4134128430913515	-1.4896980724367643	0.027565084226646247	0.11885565588158907	1.0	11/40	9.99%	TOMM34;TOMM40;TIMM13;GRPEL1;TIMM50;TIMM10;TIMM44;TIMM8B;DNAJC19;PITRM1;AKT1	GO_Biological_Process_2023
prerank	tRNA Processing (GO:0008033)	-0.4269398226144301	-1.4890108874781771	0.031294452347083924	0.11873923286544102	1.0	15/37	25.96%	POP1;ELAC1;FAM98B;KARS1;DDX1;RTCB;OSGEP;ELAC2;FTSJ1;TRMT10C;METTL1;HEXIM1;NSUN2;SARS1;ELP5	GO_Biological_Process_2023
prerank	Transcription By RNA Polymerase II (GO:0006366)	-0.32851524449304104	-1.488714746145604	0.0024813895781637717	0.11831127203669305	1.0	61/134	31.09%	POLR2E;SNAPC4;DDX21;MNAT1;POLR2B;TAF5;TAF8;PMF1;CCNH;GTF2A1;PARP1;RTF1;TRIP13;ELOA;MED17;ADRM1;ELOB;CCDC124;NFIX;RBMX;ANXA2;POLR2D;SRCAP;GTF2A2;NFIC;MED27;SUPT16H;POLR2C;POLR2A;CDK9;POLR2F;ELOC;XRN2;TCEA1;DEK;SUPT6H;POLR2G;GTF2H3;PBRM1;POLR2I;SCAF8;SNAPC1;CBFB;ELP4;NFE2L3;SNAPC2;ICE2;NCBP3;TFCP2;CTR9;ERCC2;SETD2;MED4;CDK7;TFDP1;SUPT5H;TAF6;GTF2F1;TCFL5;ATF4;HLTF	GO_Biological_Process_2023
prerank	DNA Replication Initiation (GO:0006270)	-0.492646958478322	-1.4836091877395583	0.05612244897959184	0.12155341226746191	1.0	11/19	32.47%	ORC5;POLA2;MCM3;ORC2;MCM7;MCM2;CDC45;ORC1;POLA1;MCM5;TOPBP1	GO_Biological_Process_2023
prerank	Nucleobase-Containing Compound Catabolic Process (GO:0034655)	-0.43901631361068344	-1.4830141297698867	0.03337969401947149	0.1213710447488255	1.0	12/31	20.60%	ISG20;HNRNPD;RNASEH1;FBH1;EXOSC9;MTREX;EXOSC2;PNPT1;EXOSC8;EXOSC10;XRN2;DIS3L	GO_Biological_Process_2023
prerank	DNA Unwinding Involved In DNA Replication (GO:0006268)	-0.5145290752678027	-1.4777443987143632	0.06892230576441102	0.1247613742327153	1.0	9/17	23.00%	MCM6;HMGA1;GINS2;MCM3;MCM7;MCM2;CDC45;GINS3;SSBP1	GO_Biological_Process_2023
prerank	Membrane Protein Proteolysis (GO:0033619)	-0.48093821366578177	-1.466620950126863	0.05622489959839357	0.13332427837936162	1.0	6/20	16.08%	DAG1;AFG3L2;PARL;RBMX;MYH9;CLPP	GO_Biological_Process_2023
prerank	RNA Phosphodiester Bond Hydrolysis (GO:0090501)	-0.5045566457524036	-1.4658034784426477	0.0519159456118665	0.1332825232029196	1.0	4/17	10.24%	POP1;RNASEH1;ELAC1;NHP2	GO_Biological_Process_2023
prerank	DNA Metabolic Process (GO:0006259)	-0.3034420842575494	-1.4654905521691537	0.0	0.13289135839027877	1.0	79/233	25.74%	HMGB3;MCM6;RUVBL2;KPNA2;ISG20;TOP2A;XPA;GRWD1;PTMS;HMGB1;XRCC6;HMGB2;MNAT1;VCP;FBH1;ALKBH3;RUVBL1;NSMCE4A;PARP1;USP3;MCRS1;SMARCB1;RAD21;POLE3;ACTL6A;TERF2;XRCC5;PSME4;UCHL5;TRIM28;ORC5;SLX1A;USP45;UBE2A;ERCC1;POLA2;MCM3;ORC2;TDP1;MCM7;CENPS;INO80E;DNA2;SET;CNBP;CHEK1;ENDOG;MCM2;POLB;FAM111B;EP400;CDC45;TOP2B;CBS;DUT;PARP4;POLE;GTF2H3;CHD1L;PDS5B;ORC1;XRCC2;KMT5B;ALKBH1;TERF1;TCF7L2;ASF1A;CDK1;POLE2;LTO1;UBE2N;POLD2;BARD1;RFC3;POLA1;PTGES3;SUMO1;RFC2;FSCN1	GO_Biological_Process_2023
prerank	Regulation Of Protein Localization To Nucleus (GO:1900180)	-0.4112864103661219	-1.464714621146946	0.03899721448467967	0.13276184552777043	1.0	17/37	30.14%	PLK1;BYSL;CARD10;CREBBP;PPP3CB;YWHAZ;CTNNA1;TCF7L2;ORMDL3;CDK1;SIN3A;FERMT2;SUMO3;KAT7;ATP13A2;TGFB1;GSK3B	GO_Biological_Process_2023
prerank	Interstrand Cross-Link Repair (GO:0036297)	-0.4471172822763538	-1.4634329222109776	0.06077348066298342	0.13312985135503538	1.0	14/27	29.11%	XPA;VCP;NUCKS1;RFWD3;FANCD2;CENPS;FANCE;ERCC6L2;FANCI;FANCM;FSCN1;FANCB;RAD51;NEIL3	GO_Biological_Process_2023
prerank	Purine Ribonucleotide Biosynthetic Process (GO:0009152)	-0.43176194891958675	-1.4633285021459308	0.05314685314685315	0.1325312155324432	1.0	9/31	17.57%	NPPB;ATP5F1B;PFAS;GART;ATP5F1A;AMPD2;IMPDH1;PAICS;ADSS2	GO_Biological_Process_2023
prerank	DNA Replication (GO:0006260)	-0.36659379808491144	-1.4540713478966247	0.014446227929373997	0.13956994381886553	1.0	25/61	25.70%	MCM6;GRWD1;PTMS;RNASEH1;CHRAC1;POLE3;ORC5;POLA2;POLDIP2;MCM7;DNA2;SET;CHEK1;MCMBP;MCM2;POLB;FAM111B;DUT;POLE;CDK1;POLE2;POLD2;RFC3;POLA1;RFC2	GO_Biological_Process_2023
prerank	ATP Metabolic Process (GO:0046034)	-0.45095240856487856	-1.4537752081803903	0.05630026809651475	0.1391218892484911	1.0	7/26	13.00%	ATP5F1B;ATP5F1A;ATP1B1;PARP1;CLPX;NDUFS1;HSPA8	GO_Biological_Process_2023
prerank	Protein Alkylation (GO:0008213)	-0.5127970221904171	-1.4522815229117618	0.06939281288723669	0.13961061157609014	1.0	8/17	21.45%	PRMT1;FAM98B;SNRPB;PRMT3;EEF1AKMT2;PCMT1;GSPT1;ETF1	GO_Biological_Process_2023
prerank	Microtubule Polymerization (GO:0046785)	-0.46952933448529893	-1.4504070037541974	0.048366013071895426	0.14046651180101907	1.0	5/23	8.18%	TPX2;ZNF207;CKAP5;MAP7D3;TUBGCP5	GO_Biological_Process_2023
prerank	Positive Regulation Of Translation (GO:0045727)	-0.34551371940466025	-1.4444116905652413	0.02018348623853211	0.1450108563458749	1.0	27/87	17.48%	RBM3;LARP6;HNRNPD;EIF5A;PRMT1;C1QBP;PCIF1;SYNCRIP;NAT10;DHX9;HNRNPU;PKM;EIF3C;IGF2BP1;CDC123;KHDRBS1;DHX36;USP16;ELAVL1;EIF6;LARP1B;CNBP;RPS6KB1;TRMT10C;ERBB2;RPUSD3;FASTKD3	GO_Biological_Process_2023
prerank	mTORC1 Signaling	-0.3048394626289984	-1.4344922401956364	0.0	0.05248753522653371	0.3095	60/175	18.59%	PLK1;AURKA;BUB1;ASNS;SLC7A11;PSAT1;LDHA;CCNF;PHGDH;SLC6A6;ENO1;TOMM40;MLLT11;SLC1A5;GPI;GOT1;PSMD12;PDAP1;TPI1;POLR3G;ACTR2;TXNRD1;STIP1;HMBS;PRDX1;EPRS1;PGK1;EIF2S2;PSMD14;BCAT1;G6PD;PSMA4;WARS1;PSPH;PSME3;RDH11;NUP205;UCHL5;DDX39A;LDLR;PSMA3;ELOVL6;SCD;PNP;PSMD13;GAPDH;ACLY;PNO1;CACYBP;ABCF2;PSMC2;CD9;PSMC6;NUFIP1;MCM2;HSPA9;PFKL;YKT6;EBP;HSPA4	MSigDB_Hallmark_2020
prerank	RNA-templated DNA Biosynthetic Process (GO:0006278)	-0.49515008656313225	-1.4320089824790467	0.06086956521739131	0.15499879790520263	1.0	9/17	25.31%	PIF1;WRAP53;DKC1;NHP2;TNKS1BP1;PINX1;HSP90AB1;TERF1;PTGES3	GO_Biological_Process_2023
prerank	Telomere Maintenance Via Telomerase (GO:0007004)	-0.49515008656313225	-1.4320089824790467	0.06086956521739131	0.15499879790520263	1.0	9/17	25.31%	PIF1;WRAP53;DKC1;NHP2;TNKS1BP1;PINX1;HSP90AB1;TERF1;PTGES3	GO_Biological_Process_2023
prerank	Protein Transmembrane Import Into Intracellular Organelle (GO:0044743)	-0.45263885603513315	-1.4308509001214187	0.06133333333333333	0.15529044941871173	1.0	13/23	32.44%	TOMM40;PEX14;GRPEL1;TIMM50;TIMM44;DNAJC19;PAM16;TIMM23B;GRPEL2;ROMO1;CHCHD4;TIMM23;TIMM17A	GO_Biological_Process_2023
prerank	Telomere Maintenance (GO:0000723)	-0.37453359878058623	-1.4287988127715594	0.036923076923076927	0.15643222071456894	1.0	23/51	30.24%	RUVBL2;MAD2L2;XRCC6;RUVBL1;PARP1;MCRS1;ACTL6A;TERF2;XRCC5;UCHL5;SLX1A;INO80E;DNA2;TERF1;LTO1;PTGES3;ACTR8;TRAPPC13;RAD51;ATR;NSMCE2;SMC5;BLM	GO_Biological_Process_2023
prerank	Telomere Maintenance Via Telomere Lengthening (GO:0010833)	-0.4729875655432543	-1.4277317570833667	0.07326478149100257	0.15661083475539345	1.0	10/20	25.31%	PIF1;WRAP53;DKC1;NHP2;TNKS1BP1;SLX1A;PINX1;HSP90AB1;TERF1;PTGES3	GO_Biological_Process_2023
prerank	Regulation Of Cell Cycle (GO:0051726)	-0.29393137513397427	-1.4267145897813163	0.0	0.15683136167605063	1.0	64/202	20.31%	PLK1;CDC20;DLGAP5;RUVBL2;PRR11;CCNF;BRD8;CDKN3;INTS13;SON;PHACTR4;MYC;NEK7;WDR5;KIF20B;ANAPC15;NUDT6;BOP1;ACTB;RUVBL1;YWHAE;HCFC1;HNRNPU;ETFA;HOXC9;MRGBP;CDC27;EPC1;CKS2;MCRS1;AKT2;MAPK12;ACTL6A;PES1;WDR12;UCHL5;MORF4L1;YEATS4;CDC123;PNPT1;ING3;CDK11B;TBRG4;NF2;LIN9;YY1AP1;INO80E;EIF4G2;SUV39H1;CHEK1;E4F1;FBXO5;GRK5;PKD1;JUN;CDK9;MCM2;HSP90AB1;EP400;MASTL;VPS72;LRP6;ANAPC5;TENT5B	GO_Biological_Process_2023
prerank	Mitochondrial Respiratory Chain Complex I Assembly (GO:0032981)	-0.37338310465567925	-1.4259892515749952	0.04552845528455285	0.156022633188491	1.0	29/52	31.98%	NDUFB10;NDUFA10;NDUFA1;NDUFS1;BCS1L;NDUFB7;NDUFB8;FOXRED1;NDUFS5;NDUFAF2;NDUFAF5;NDUFA6;NDUFC1;NDUFA9;NDUFB9;NDUFA13;NDUFAF7;COA1;NDUFC2;NDUFS3;DMAC2;NDUFS2;NDUFB3;TMEM126A;NDUFA2;NDUFB6;LYRM2;NDUFAF1;NDUFAB1	GO_Biological_Process_2023
prerank	NADH Dehydrogenase Complex Assembly (GO:0010257)	-0.37338310465567925	-1.4259892515749952	0.04552845528455285	0.156022633188491	1.0	29/52	31.98%	NDUFB10;NDUFA10;NDUFA1;NDUFS1;BCS1L;NDUFB7;NDUFB8;FOXRED1;NDUFS5;NDUFAF2;NDUFAF5;NDUFA6;NDUFC1;NDUFA9;NDUFB9;NDUFA13;NDUFAF7;COA1;NDUFC2;NDUFS3;DMAC2;NDUFS2;NDUFB3;TMEM126A;NDUFA2;NDUFB6;LYRM2;NDUFAF1;NDUFAB1	GO_Biological_Process_2023
prerank	Translation (GO:0006412)	-0.29393442897446415	-1.4236556077317368	0.006493506493506494	0.15761693390997655	1.0	76/219	29.72%	MARS1;EIF5A;VARS1;GARS1;MRPL23;MRPL22;MRPL16;MRPL4;EPRS1;MRPL47;NARS1;WARS1;MRPS18C;RPS29;MRPL30;MRPS9;IARS2;MRPL3;MRPL28;HARS1;RPS26;MRPS22;MRPL55;APEH;GTPBP2;EIF4G1;MRPS7;MRPL58;MRPL54;DRG1;MRPL21;NDUFA7;MRPL38;MRPL35;FTSJ1;RRBP1;SRBD1;RPS15;MRRF;ABCE1;RPL35;MRPS18A;LARS1;GSPT1;PTCD3;MRPS17;MRPS31;MRPL19;ETF1;MRPL20;DARS1;MRPS25;SARS1;HARS2;RARS1;RPLP1;MRPL9;QRSL1;FARSB;DRG2;MRPL14;MRPS2;RPL35A;RPL22;MRPL13;RPS21;MTG1;RPL38;MRPS15;RPL11;QARS1;MRPL40;RPL27;GADD45GIP1;TSFM;AURKAIP1	GO_Biological_Process_2023
prerank	Regulation Of Amide Metabolic Process (GO:0034248)	-0.4245190418306008	-1.4233647610895472	0.06351351351351352	0.15712327083403896	1.0	17/31	31.85%	RBM3;NOLC1;PCIF1;PGAM1;GEMIN5;PUM3;EIF2B4;ELP6;TCOF1;ELP3;ELP4;ELP5;EIF4E;EIF2S1;CYFIP1;GCN1;ELP1	GO_Biological_Process_2023
prerank	Regulation Of Cell Division (GO:0051302)	-0.3777433473252174	-1.4230729198544319	0.044585987261146494	0.15665935332761732	1.0	7/49	5.20%	PLK1;KIF20A;AURKA;PRC1;AURKB;MYC;WDR5	GO_Biological_Process_2023
prerank	Regulation Of Telomere Maintenance (GO:0032204)	-0.41624943500856815	-1.4221945091257397	0.061079545454545456	0.15668629959867036	1.0	10/34	13.39%	PIF1;HNRNPD;MYC;GNL3;NSMCE4A;TERF2;XRCC5;USP7;ERCC1;DHX36	GO_Biological_Process_2023
prerank	Protein Import Into Mitochondrial Matrix (GO:0030150)	-0.5040843917127258	-1.4201392799165	0.08060453400503778	0.15801661690633048	1.0	11/16	32.44%	TOMM40;GRPEL1;TIMM50;TIMM44;DNAJC19;PAM16;TIMM23B;GRPEL2;ROMO1;TIMM23;TIMM17A	GO_Biological_Process_2023
prerank	RNA Catabolic Process (GO:0006401)	-0.38669631296876167	-1.4146997877713714	0.046875	0.16237196279085842	1.0	13/43	20.60%	ISG20;HNRNPD;RNASEH1;EXOSC9;MTREX;EXOSC2;PNPT1;METTL16;EXOSC8;DNA2;EXOSC10;XRN2;DIS3L	GO_Biological_Process_2023
prerank	Substantia Nigra Development (GO:0021762)	-0.4217446677049326	-1.4135827138315764	0.06747638326585695	0.16269914211138237	1.0	13/27	32.12%	YWHAE;G6PD;CALM2;CALM1;CDC42;CALM3;ZNF148;YWHAQ;HSPA5;NDUFS3;ATP5PB;CNP;GLUD1	GO_Biological_Process_2023
prerank	Regulation Of miRNA Transcription (GO:1902893)	-0.4196037411580785	-1.411051285683198	0.06027397260273973	0.1643137073694136	1.0	17/31	26.84%	EGR1;SREBF1;GATA2;MYC;GNL3;SMARCA4;DDX5;POU2F1;NFIB;JUN;FOS;REST;PPARD;ETS1;FOSL1;SMAD3;TP53	GO_Biological_Process_2023
prerank	poly(A)+ mRNA Export From Nucleus (GO:0016973)	-0.502556735244067	-1.4048598600471496	0.09280742459396751	0.1698106699230234	1.0	11/15	41.59%	DDX19B;NUP93;NUP133;NXF1;ENY2;IWS1;POLDIP3;PABPN1;GLE1;SARNP;MCM3AP	GO_Biological_Process_2023
prerank	Positive Regulation Of Protein Import Into Nucleus (GO:0042307)	-0.45732739027868186	-1.4046324800998689	0.10089399744572158	0.16923551780289167	1.0	11/21	29.62%	HDAC3;ECT2;JUP;TRIM28;DMAP1;FLNA;UBR5;EP300;SMAD3;IPO5;TGFB1	GO_Biological_Process_2023
prerank	Regulation Of Viral Genome Replication (GO:0045069)	-0.3831741357188655	-1.3984592686076827	0.0532724505327245	0.17463807019369285	1.0	7/44	6.33%	ISG20;IFIT1;MX1;ISG15;ILF3;OAS3;IFIH1	GO_Biological_Process_2023
prerank	ATP Biosynthetic Process (GO:0006754)	-0.45367637234687136	-1.3979599496512445	0.09615384615384616	0.1743058452796624	1.0	11/22	32.08%	ATP5F1B;ATP5F1A;ATP5F1D;ATP5MF;ATP5MJ;ATP5MC3;ATP5F1E;ATP5PB;TGFB1;ALDOA;ATP5F1C	GO_Biological_Process_2023
prerank	Protein Stabilization (GO:0050821)	-0.304414966626409	-1.395693780367582	0.0069767441860465115	0.17573324137740404	1.0	31/138	15.17%	H1-5;RUVBL2;POLR2E;GPI;CSNK2A1;IFT46;ZNF207;TAF9B;CCT7;CCT5;CCNH;RPAP3;BAG6;WIZ;RUVBL1;ATP1B1;HCFC1;GTPBP4;CDC37;CCT2;FLOT2;NAA15;CCT3;COG7;USP7;PDRG1;AAK1;SPAG1;PEX19;GAPDH;USP13	GO_Biological_Process_2023
prerank	Proteasomal Protein Catabolic Process (GO:0010498)	-0.29976107974394683	-1.3955863188384694	0.010362694300518135	0.17505838914677768	1.0	66/164	30.60%	KIF14;PSMB3;PSMD2;PSMD1;VCP;PSMD12;PSMC1;RNF126;PPP2R5C;PSMD3;BAG6;PSMD11;PSMD14;PSMB1;UBXN6;PSMA4;PSMD6;PSMC3;UBE2K;PSMD7;PSME4;KCTD5;PSMA7;PSMA3;UBE2A;PSMD13;PSMD4;PSMB7;RCAN3;ATF6;CTNNB1;PSMC2;NSFL1C;SIAH1;PSMC6;PRPF19;SKP2;PSMB6;UBXN2B;GSK3A;PSMC5;PSMA1;RNF139;RNF41;RNF216;PSMC4;TRIP12;FBXW11;AXIN1;DNAJB12;CUL1;CUL3;CUL4A;PSMA5;ERCC8;UBXN2A;KCTD13;SPOP;CCDC47;PLAA;PSMD8;DERL1;GSK3B;PSMA6;CSNK1A1;BTRC	GO_Biological_Process_2023
prerank	Regulation Of DNA-templated Transcription Elongation (GO:0032784)	-0.40650903477984546	-1.3923370051686668	0.06456241032998565	0.17764125036257875	1.0	17/34	30.29%	ZNF326;INTS13;INTS1;THOC5;PARP1;DDX39B;LDB1;WDR43;SRCAP;SUPT16H;ZC3H4;INTS12;SCAF8;KAT7;TSFM;SUPT5H;INTS2	GO_Biological_Process_2023
prerank	Protein Deacetylation (GO:0006476)	-0.4239816537747285	-1.3909073481554322	0.06901408450704226	0.17824601330625714	1.0	12/28	25.55%	HDAC3;CHD4;MORF4L1;MBD2;MTA2;HDAC2;CHD3;HDAC8;MBD3;GATAD2A;HDAC1;FLNA	GO_Biological_Process_2023
prerank	Regulation Of Protein Serine/Threonine Kinase Activity (GO:0071900)	-0.34381298541429534	-1.3900136858566388	0.03671328671328671	0.17833060564843548	1.0	17/75	9.99%	CCNB1;CCNB2;CDC25C;CCNF;CCNA2;CDKN2C;CDKN3;MNAT1;EZH2;CCNH;ACTB;BCCIP;SYAP1;PKMYT1;GTPBP4;CDC37;AKT1	GO_Biological_Process_2023
prerank	Fatty Acid Beta-Oxidation (GO:0006635)	-0.40937695869753293	-1.3817314270611563	0.06302521008403361	0.18592434573639469	1.0	12/32	23.27%	CRAT;HSD17B10;ETFA;ECI2;ECI1;HADHA;DECR1;ECHS1;ACAA1;ACAA2;PPARD;ACADVL	GO_Biological_Process_2023
prerank	DNA-templated Transcription Initiation (GO:0006352)	-0.367702938123263	-1.3783066505333839	0.0633116883116883	0.1887539991908769	1.0	26/47	34.97%	TAF5;TAF8;CCNH;POLR3H;TFAM;ELOA;MED17;ELOB;POLR2D;GTF2A2;MED27;CDK9;GTF3C1;ELOC;POLR2G;POLR2I;CRCP;SMARCA5;RRN3;CDK7;TAF6;GTF2F1;RSF1;GTF2H2;TFB2M;TAF2	GO_Biological_Process_2023
prerank	ncRNA Catabolic Process (GO:0034661)	-0.43185387013659055	-1.3764828507381246	0.0916030534351145	0.18989094379817242	1.0	8/25	23.72%	POP1;MTREX;EXOSC2;ELAC2;EXOSC10;ZC3H4;DIS3L;ZCCHC8	GO_Biological_Process_2023
prerank	Dicarboxylic Acid Metabolic Process (GO:0043648)	-0.3980688282251358	-1.3761018714057753	0.06602475928473177	0.18947514449506336	1.0	13/33	26.69%	FPGS;GPT2;GOT1;SLC19A1;FH;GOT2;MDH2;ACLY;IDH2;NIT2;ME2;SLC25A32;SHMT2	GO_Biological_Process_2023
prerank	DNA-templated DNA Replication (GO:0006261)	-0.3513443530412932	-1.3726280734367347	0.05008347245409015	0.19238582567637438	1.0	36/60	36.91%	MCM6;HMGA1;CHRAC1;GINS2;POLE3;ORC5;POLA2;POLDIP2;MCM3;ORC2;MCM7;DNA2;MCMBP;MCM2;POLB;CDC45;POLE;ORC1;GINS3;SSBP1;POLE2;POLD2;RFC3;POLA1;RFC2;POLD3;RAD51;BLM;MCM5;TOPBP1;RFC5;RRM1;RFC1;WRN;TEFM;ORC3	GO_Biological_Process_2023
prerank	Positive Regulation Of Viral Process (GO:0048524)	-0.40098823115025006	-1.37054612870952	0.08356940509915015	0.19381969618246322	1.0	5/32	10.21%	KPNA2;IFIT1;DHX9;AXL;KPNA6	GO_Biological_Process_2023
prerank	Carbohydrate Catabolic Process (GO:0016052)	-0.4546516901086279	-1.3702988507156215	0.09652509652509653	0.19324871590833828	1.0	10/19	17.87%	LDHA;ENO1;GPI;TPI1;PGAM1;PGK1;PKM;ENOSF1;GAPDH;PFKL	GO_Biological_Process_2023
prerank	Stress Granule Assembly (GO:0034063)	-0.4427068965699389	-1.3663891700847706	0.09986684420772303	0.1966482435382541	1.0	13/21	38.48%	TIA1;CIRBP;DDX6;PRRC2C;EIF2S1;UBAP2L;CSDE1;G3BP1;OGFOD1;DAZAP2;LSM14A;RPS23;ATXN2L	GO_Biological_Process_2023
prerank	Regulation Of Transcription Elongation By RNA Polymerase II (GO:0034243)	-0.3505270767326212	-1.3626993322987897	0.05504587155963303	0.19979721070827025	1.0	18/56	22.69%	INTS13;INTS1;HNRNPU;TCERG1;PARP1;NELFCD;MED17;NELFA;LDB1;WDR43;SRCAP;MED27;CDK9;SUPT6H;INTS12;MED30;MED6;HEXIM1	GO_Biological_Process_2023
prerank	Protein Insertion Into Mitochondrial Membrane (GO:0051204)	-0.42393814455223366	-1.3593512153189815	0.09646739130434782	0.20263129705384095	1.0	11/26	32.41%	TOMM40;TIMM13;TIMM10;TIMM8B;HSPA4;MTX1;NDUFA13;ROMO1;MAIP1;MTCH1;SAMM50	GO_Biological_Process_2023
prerank	Cellular Response To Cadmium Ion (GO:0071276)	-0.4822731064874236	-1.3518827365024984	0.1148491879350348	0.2101431873098494	1.0	7/15	19.59%	MT1F;MT1X;AKT1;MAPK8;MAPK3;JUN;FOS	GO_Biological_Process_2023
prerank	Negative Regulation Of Cell Cycle Process (GO:0010948)	-0.4394331982910525	-1.3500776087513773	0.09571788413098237	0.21134532310979331	1.0	8/22	17.15%	NEK2;ESPL1;AURKB;TERF2;VPS4A;WAPL;CHEK1;FBXO5	GO_Biological_Process_2023
prerank	Positive Regulation Of miRNA Transcription (GO:1902895)	-0.4335606271798528	-1.3495580147191104	0.10945945945945947	0.21105066211658793	1.0	6/23	6.31%	EGR1;SREBF1;GATA2;MYC;GNL3;SMARCA4	GO_Biological_Process_2023
prerank	Positive Regulation Of Nucleocytoplasmic Transport (GO:0046824)	-0.39275726324997656	-1.3484151718323076	0.09476661951909476	0.2115418569106311	1.0	18/33	30.14%	HDAC3;ECT2;DHX9;YWHAE;JUP;TRIM28;KHDRBS1;CPSF6;DMAP1;NEDD4;FLNA;UBR5;EP300;SMAD3;IPO5;EMD;TGFB1;GSK3B	GO_Biological_Process_2023
prerank	mRNA Stabilization (GO:0048255)	-0.4081305618614475	-1.3435690194728793	0.1078838174273859	0.2163659294078348	1.0	13/30	22.32%	HNRNPD;FUS;SYNCRIP;DHX9;HNRNPU;MYD88;THRAP3;IGF2BP1;TAF15;ELAVL1;HNRNPA0;TENT5B;CIRBP	GO_Biological_Process_2023
prerank	Protein Neddylation (GO:0045116)	-0.4460276195430442	-1.343014630680597	0.11196911196911197	0.21606507700877697	1.0	4/19	11.26%	GPS1;NAE1;COPS4;DCUN1D5	GO_Biological_Process_2023
prerank	Regulation Of Protein Dephosphorylation (GO:0035304)	-0.3916441226914834	-1.3416573922560013	0.09596662030598054	0.2168485496555438	1.0	13/32	24.82%	CDCA2;PPP6R2;PPP6R1;PTBP1;PTPA;YWHAB;CALM2;CALM1;NSMF;CALM3;PPP1R2;PPP1R8;PPP6R3	GO_Biological_Process_2023
prerank	Positive Regulation Of Myoblast Differentiation (GO:0045663)	-0.4173973847999938	-1.341603404210645	0.08398950131233596	0.2160279945695241	1.0	12/24	21.69%	SMARCD3;SMARCD2;SMARCD1;SMARCA4;SMARCB1;ACTL6A;IGFBP3;SMARCC1;ARID2;SMARCE1;PBRM1;ARID1A	GO_Biological_Process_2023
prerank	Cardiac Muscle Tissue Development (GO:0048738)	-0.4477294433635616	-1.335056015476591	0.10211706102117062	0.22287886418115077	1.0	3/19	3.03%	NPPB;GARS1;PRMT1	GO_Biological_Process_2023
prerank	Telomere Organization (GO:0032200)	-0.3608808855180331	-1.3335628362166752	0.0915915915915916	0.22381490375946056	1.0	12/46	15.80%	RUVBL2;XRCC6;EZH2;RUVBL1;PARP1;MCRS1;ACTL6A;TERF2;XRCC5;UCHL5;INO80E;DNA2	GO_Biological_Process_2023
prerank	Oxidative Phosphorylation	-0.2817731402708557	-1.3321596416675443	0.00558659217877095	0.09573691198786038	0.5395	89/185	32.53%	LDHA;ATP5F1B;GPI;AIFM1;ATP5F1A;AFG3L2;TIMM13;HSD17B10;NQO2;ATP5F1D;GRPEL1;IDH3B;FH;ATP1B1;TIMM50;ETFA;ATP5MF;TIMM10;CYCS;GOT2;TIMM8B;NDUFA1;PDHB;MDH2;CS;NDUFS1;PMPCA;HCCS;MRPS22;NDUFB7;ECI1;NDUFV1;NDUFB8;UQCRC1;HADHA;NDUFA7;VDAC1;MRPL35;ALAS1;DLAT;COX6C;MRPL15;DECR1;PDHA1;HSPA9;POLR2F;SDHB;ECHS1;NDUFA6;NDUFV2;IDH2;POR;ACAA1;IMMT;ATP5MC3;ACAA2;NDUFC1;NDUFA9;COX7B;ACADVL;LDHB;UQCRQ;NDUFC2;MFN2;CYB5R3;ATP5F1E;COX7A2;NDUFS3;ATP5PB;MRPS15;CYC1;NDUFS2;NDUFB3;NDUFA2;OPA1;NDUFB6;SLC25A3;SLC25A11;HADHB;UQCRC2;VDAC3;NDUFAB1;ATP5F1C;GLUD1;COX5A;TIMM17A;COX5B;IDH1;IDH3G	MSigDB_Hallmark_2020
prerank	Regulation Of Type I Interferon-Mediated Signaling Pathway (GO:0060338)	-0.4357160521525488	-1.3313044673308747	0.12046632124352331	0.22564633138457893	1.0	6/21	11.10%	ISG15;OAS3;USP18;CDC37;UBE2K;IGF2BP1	GO_Biological_Process_2023
prerank	Non-Motile Cilium Assembly (GO:1905515)	-0.4565608934393404	-1.3256916752018295	0.11708482676224612	0.23170268601340405	1.0	6/18	12.85%	TMEM80;IFT57;TTC8;IFT122;PIBF1;IFT88	GO_Biological_Process_2023
prerank	Neural Tube Closure (GO:0001843)	-0.4636746895024725	-1.3251137961531259	0.14212548015364918	0.23145298384162918	1.0	6/17	10.58%	STIL;VASP;PHACTR4;IFT122;MTHFD1L;MTHFD1	GO_Biological_Process_2023
prerank	Regulation Of Microtubule Depolymerization (GO:0031114)	-0.4782432987104871	-1.3166484338105722	0.11928934010152284	0.24119914004883553	1.0	2/15	2.76%	TPX2;CKAP2	GO_Biological_Process_2023
prerank	Regulation Of Protein Metabolic Process (GO:0051246)	-0.32978044955308156	-1.314197585148072	0.0634648370497427	0.2434563955971806	1.0	21/66	14.23%	RBM3;ODC1;EDN1;FAM83D;KLF2;NOLC1;PCIF1;PLAUR;FURIN;GEMIN5;UHRF1;AKT1;MAPK8;PARL;PUM3;PM20D2;EIF2B4;LDLR;CENATAC;EIF4G1;SNF8	GO_Biological_Process_2023
prerank	Transcription Initiation At RNA Polymerase II Promoter (GO:0006367)	-0.3467500003163903	-1.3130116690023328	0.09331259720062209	0.24406261066809215	1.0	15/49	22.17%	TAF5;TAF8;GTF2A1;ELOA;MED17;ELOB;POLR2D;GTF2A2;MED27;CDK9;ELOC;POLR2G;POLR2I;MED30;MED6	GO_Biological_Process_2023
prerank	Regulation Of Multicellular Organismal Development (GO:2000026)	-0.3742501917209844	-1.3116866428673457	0.11773472429210134	0.24472697866323434	1.0	9/35	15.33%	RUVBL2;RACGAP1;WDR5;BAG6;RUVBL1;MCRS1;UCHL5;DHX36;INO80E	GO_Biological_Process_2023
prerank	Double-Strand Break Repair Via Nonhomologous End Joining (GO:0006303)	-0.3865496270778136	-1.3063424397509087	0.12410841654778887	0.2505099335035489	1.0	15/33	30.99%	HMGB1;XRCC6;HMGB2;PSMD14;XRCC5;XRCC4;ERCC1;POLB;PRPF19;KDM2A;POLA1;ERCC8;NSMCE2;SMC5;CYREN	GO_Biological_Process_2023
prerank	RNA Stabilization (GO:0043489)	-0.4176284017913283	-1.3045231785841058	0.13060179257362356	0.25195577595852503	1.0	12/24	22.86%	FUS;HNRNPU;THRAP3;DKC1;DHX36;TAF15;ELAVL1;METTL1;TENT5B;CIRBP;ZCCHC17;NSUN2	GO_Biological_Process_2023
prerank	miRNA-mediated Gene Silencing (GO:0035195)	-0.42953268320118	-1.301802902981943	0.14496644295302014	0.25442940925581925	1.0	13/21	38.50%	RBM4;CNOT1;EIF4G1;XPO5;EIF6;DDX6;AGO3;TNRC6B;AJUBA;CNOT8;AGO2;CNOT7;RAN	GO_Biological_Process_2023
prerank	RNA Transport (GO:0050658)	-0.3940935125451768	-1.2979349367386273	0.12768817204301075	0.2585881766438341	1.0	11/27	16.52%	HNRNPA2B1;CKAP5;HNRNPA1;KPNB1;DDX39B;DDX39A;NUP188;NUP155;RAE1;XPO5;NUP98	GO_Biological_Process_2023
prerank	Proteasome-Mediated Ubiquitin-Dependent Protein Catabolic Process (GO:0043161)	-0.2661144760818994	-1.2923219107541755	0.010238907849829351	0.2652644078618295	1.0	87/229	30.60%	CDC20;KIF14;PSMB3;CCNF;UBE2S;PSMD2;UBE2C;NPLOC4;PSMD1;VCP;PSMD12;PSMC1;RNF126;PPP2R5C;PSMD3;ANAPC15;BAG6;PSMD11;PSMD14;CDC27;PSMB1;PSMA4;PSMD6;FBXO4;PSMC3;UBE2K;PSMD7;RHBDD2;KCTD5;SGTA;FBXO3;PSMA7;PSMA3;UBE2A;PSMD13;PSMD4;PSMB7;CTNNB1;PSMC2;NSFL1C;SIAH1;PSMC6;UBQLN1;ECPAS;SKP2;PSMB6;ANAPC5;UBXN2B;GSK3A;PSMC5;PSMA1;KLHDC10;RNF216;TRPC4AP;PSMC4;TRIP12;LTN1;FBXW11;AXIN1;HSPA5;ANAPC7;UBE2J2;FAF2;CUL1;ANAPC1;CUL3;CUL4A;PSMA5;ERCC8;FBXO17;UBXN2A;AMFR;CUL2;KCTD13;SPOP;CUL5;DMAC2;PLAA;PSMD8;DERL1;ASCC2;CDC23;NEMF;GSK3B;PSMA6;CSNK1A1;BTRC	GO_Biological_Process_2023
prerank	DNA-templated Transcription (GO:0006351)	-0.28381267266690324	-1.2861503320133625	0.052256532066508314	0.2725366840041243	1.0	44/140	21.07%	GARS1;POLR2E;DDX21;MNAT1;POLR2B;PRMT5;GTF3C5;TAF5;POLR3G;PMF1;CCNH;GTF2A1;POLR3H;PWP1;PARP1;EPC1;TFAM;DIDO1;DDX5;TRIP13;CCDC124;MTERF4;BAZ2A;NFIX;PPP5C;GTF3C6;RBMX;POLR2D;GTF2A2;NFIC;SPOCD1;POLR1C;SUPT16H;POLR2C;POLR2A;CDK9;GTF3C1;POLR2F;TCEA1;DEK;POLR2G;GTF2H3;POLR2I;MTERF1	GO_Biological_Process_2023
prerank	Positive Regulation Of Cell Growth (GO:0030307)	-0.33072651874105025	-1.2764570031828504	0.08752025931928688	0.28540528295468603	1.0	16/56	19.81%	EDN1;CSNK2A1;SHTN1;TAF9B;EXOSC9;EXOSC2;RPS6KA3;AKT1;DNPH1;EIF4G1;TWF2;EIF4G2;ERBB2;HDGFL2;USP47;CDC42	GO_Biological_Process_2023
prerank	snRNA 3'-End Processing (GO:0034472)	-0.4546620489713473	-1.2751527210634983	0.1623222748815166	0.28625432513113	1.0	8/15	35.24%	INTS1;EXOSC9;EXOSC8;INTS12;INTS2;TOE1;INTS7;INTS14	GO_Biological_Process_2023
prerank	Heterochromatin Organization (GO:0070828)	-0.38347056093306725	-1.2744673164616733	0.14185393258426968	0.28621738950049824	1.0	14/29	27.97%	HMGB1;LMNB1;EZH2;UHRF1;POLE3;LMNB2;HDAC2;BAZ2A;LMNA;LOXL2;CBX3;TRIP12;UBR5;SMARCA5	GO_Biological_Process_2023
prerank	Regulation Of Centrosome Cycle (GO:0046605)	-0.43423066782399494	-1.2736909788627746	0.15101522842639595	0.2863341568766709	1.0	2/17	4.94%	AURKA;NAT10	GO_Biological_Process_2023
prerank	Membrane Organization (GO:0061024)	-0.29049163697023134	-1.2730355364428037	0.045871559633027525	0.2861805592811074	1.0	25/110	17.55%	KIF20A;SH3GLB2;GCA;LMNB1;DNM2;SYNGR1;SYNJ2;TIMM50;EXOC6;SYNGR2;CCDC88A;DNM1L;LMNB2;VPS4A;NUP155;CEP55;HSPA8;AAK1;NUP93;SNF8;ANXA2;NSFL1C;ESYT1;CHMP7;LMNA	GO_Biological_Process_2023
prerank	Transcription Initiation-Coupled Chromatin Remodeling (GO:0045815)	-0.38777284397613615	-1.2730307091132271	0.12704918032786885	0.2851025522258941	1.0	12/26	27.10%	WDR5;SMARCD1;SMARCA4;RBM14;SMARCB1;NOC2L;VPS72;ASH2L;BRD7;EP300;TP53;KAT7	GO_Biological_Process_2023
prerank	Regulation Of Protein Modification By Small Protein Conjugation Or Removal (GO:1903320)	-0.4017858639008333	-1.2701177277914728	0.13297150610583447	0.2881161797623101	1.0	7/23	18.36%	EGR1;GPS1;COPS4;DCUN1D5;CTNNB1;UBQLN1;HSP90AB1	GO_Biological_Process_2023
prerank	Positive Regulation Of Response To Stimulus (GO:0048584)	-0.34712873108986797	-1.2685956580249431	0.12832550860719874	0.2892480489225313	1.0	11/43	11.05%	DEPDC1B;RUVBL2;H2AX;WRAP53;DHX9;IFIH1;RUVBL1;MCRS1;ACTL6A;UCHL5;TRIM28	GO_Biological_Process_2023
prerank	Negative Regulation Of Protein Depolymerization (GO:1901880)	-0.44962669170615055	-1.2651461765724752	0.1710691823899371	0.2933507053849409	1.0	2/16	2.76%	TPX2;CKAP2	GO_Biological_Process_2023
prerank	Positive Regulation Of Dephosphorylation (GO:0035306)	-0.4106550392063866	-1.2635716625637714	0.13513513513513514	0.29448222499545806	1.0	7/21	21.36%	CDCA2;PTBP1;PTPA;CALM2;CALM1;NSMF;CALM3	GO_Biological_Process_2023
prerank	RNA 3'-End Processing (GO:0031123)	-0.40155322776261587	-1.263356892246431	0.1700404858299595	0.2936588265695294	1.0	12/24	35.24%	ELAC1;ELAC2;PNPT1;INTS12;CPSF6;HEXIM1;NUDT21;INTS2;TOE1;TENT4A;INTS7;INTS14	GO_Biological_Process_2023
prerank	Nuclear-Transcribed mRNA Catabolic Process, Exonucleolytic (GO:0000291)	-0.45520886292234336	-1.26322021104867	0.18876941457586618	0.2927670897680122	1.0	9/15	37.44%	EXOSC9;EXOSC2;EXOSC8;POLR2G;NT5C3B;DCPS;CNOT8;CNOT7;DIS3	GO_Biological_Process_2023
prerank	Regulation Of Transcription By RNA Polymerase III (GO:0006359)	-0.4242368847686982	-1.2604597362520942	0.1822849807445443	0.2958047635414648	1.0	10/19	29.95%	DDX21;MYBBP1A;POLR3G;DHX36;CHD8;DEK;SF3B1;ICE2;SMARCA5;POLR3C	GO_Biological_Process_2023
prerank	Regulation Of RNA Splicing (GO:0043484)	-0.3093343627015801	-1.2570634379016783	0.10034602076124567	0.2996912290809812	1.0	29/77	26.00%	SRSF3;ZNF326;TRA2B;SNRNP70;FUS;HNRNPL;SON;AHNAK;PTBP1;HNRNPA1;TIA1;RPS26;U2AF2;HNRNPH3;METTL16;HNRNPK;METTL4;SRSF10;PQBP1;POLR2A;MCM2;CELF1;HNRNPH1;RBM39;MBNL1;SRRM1;PTBP2;SF3B5;SF3B3	GO_Biological_Process_2023
prerank	Regulation Of Protein Localization To Cell Periphery (GO:1904375)	-0.435377618791526	-1.2564127913510486	0.16978776529338327	0.2995408273732922	1.0	3/17	10.80%	PLK1;ACTB;VPS4A	GO_Biological_Process_2023
prerank	Regulation Of Mitotic Spindle Assembly (GO:1901673)	-0.4437649272872259	-1.2551088570713322	0.18765133171912832	0.30033929487764843	1.0	4/15	16.70%	PLK1;HNRNPU;DRG1;CHMP7	GO_Biological_Process_2023
prerank	Glycolysis	-0.27899711472988653	-1.2542840824398367	0.0507399577167019	0.14997892429607151	0.731	23/133	9.98%	KIF20A;HMMR;AURKA;DEPDC1;ISG20;CENPA;LDHA;ENO1;GLCE;SLC25A10;GOT1;TPI1;PMM2;ALDH9A1;NASP;PGAM1;B4GALT4;PGK1;GOT2;AGL;G6PD;PKM;MDH2	MSigDB_Hallmark_2020
prerank	Regulation Of Microtubule-Based Process (GO:0032886)	-0.3858267244447179	-1.2524011748812618	0.1611185086551265	0.3033033257452645	1.0	9/26	24.37%	AURKA;ATF5;PRKAA1;DIAPH1;TAOK1;ERBB2;MCM2;PHLDB2;TRAF3IP1	GO_Biological_Process_2023
prerank	Positive Regulation Of DNA Biosynthetic Process (GO:2000573)	-0.32631900806877306	-1.2501619807602726	0.13064516129032258	0.3054985209847689	1.0	15/53	11.37%	NEK2;AURKB;CCT7;CCT5;MYC;NEK7;WRAP53;DKC1;GINS2;HNRNPA1;FBXO4;CCT2;XRCC5;CCT3;MAPK3	GO_Biological_Process_2023
prerank	DNA Duplex Unwinding (GO:0032508)	-0.36644876086201056	-1.2497894634818854	0.1210762331838565	0.3049417215799765	1.0	12/33	23.00%	MCM6;DTD1;HMGA1;DHX9;GINS2;DDX1;MCM3;MCM7;MCM2;CDC45;GINS3;SSBP1	GO_Biological_Process_2023
prerank	Transcription By RNA Polymerase III (GO:0006383)	-0.3929417796085707	-1.2461558721662735	0.18929503916449086	0.30941346749148724	1.0	12/24	28.54%	SNAPC4;GTF3C5;POLR3G;POLR3H;GTF3C6;GTF3C1;POLR2F;SNAPC1;GTF3C3;SNAPC2;ICE2;GTF3C2	GO_Biological_Process_2023
prerank	Ribosomal Large Subunit Assembly (GO:0000027)	-0.4288868716877745	-1.2447900475141576	0.18637532133676094	0.31050725622326647	1.0	7/17	28.92%	PPAN;DHX30;MDN1;RPF2;MRPL20;MRM2;RPL11	GO_Biological_Process_2023
prerank	Positive Regulation Of DNA Metabolic Process (GO:0051054)	-0.3026011319564611	-1.2413886497400364	0.10369068541300527	0.3146532901090695	1.0	22/72	15.80%	DEPDC1B;RUVBL2;HMGB1;H2AX;MYC;WRAP53;DHX9;GNL3;RUVBL1;ATAD5;GINS2;MCRS1;ACTL6A;TERF2;MECP2;USP7;UCHL5;TRIM28;DHX36;HNRNPAB;INO80E;DNA2	GO_Biological_Process_2023
prerank	Mitochondrial Respiratory Chain Complex Assembly (GO:0033108)	-0.29343255314040106	-1.2372978511923773	0.09497206703910614	0.3198709033175192	1.0	39/85	32.41%	COX20;AIFM1;NDUFB10;NDUFA10;NDUFA1;NDUFS1;BCS1L;NDUFB7;NDUFB8;FOXRED1;COX19;NDUFS5;PET100;FASTKD3;NDUFAF2;NDUFAF5;NDUFA6;NDUFC1;NDUFA9;NDUFB9;NDUFA13;NDUFAF7;UQCC3;COA1;NDUFC2;NDUFS3;DMAC2;NDUFS2;NDUFB3;TMEM126A;NDUFA2;NDUFB6;CHCHD4;LYRM2;COX16;TTC19;NDUFAF1;NDUFAB1;SAMM50	GO_Biological_Process_2023
prerank	Regulation Of G2/M Transition Of Mitotic Cell Cycle (GO:0010389)	-0.3768437788870336	-1.2342638903465653	0.17534246575342466	0.3234498112480174	1.0	4/27	2.13%	CCNB1;CDC25C;KIF14;CENPF	GO_Biological_Process_2023
prerank	Regulation Of Meiotic Cell Cycle (GO:0051445)	-0.44089039048420875	-1.2334691567749794	0.19491525423728814	0.3235272712179681	1.0	3/15	8.01%	CDC20;ANAPC15;CDC27	GO_Biological_Process_2023
prerank	Positive Regulation Of Viral Genome Replication (GO:0045070)	-0.3885086619057927	-1.2309328626296476	0.18831168831168832	0.3264777455725216	1.0	2/23	1.47%	IFIT1;TOP2A	GO_Biological_Process_2023
prerank	Positive Regulation Of G2/M Transition Of Mitotic Cell Cycle (GO:0010971)	-0.42320922560466356	-1.230074847882135	0.19823232323232323	0.3266590963411906	1.0	2/17	0.53%	CCNB1;CDC25C	GO_Biological_Process_2023
prerank	DNA-templated Transcription Elongation (GO:0006354)	-0.4055085875959548	-1.2276848194006729	0.21156373193166886	0.32935792124426655	1.0	13/21	33.88%	RTF1;SRCAP;SUPT16H;CDK9;SUPT6H;PBRM1;ELP4;CTR9;SETD2;POLR1E;SUPT5H;GTF2F1;LEO1	GO_Biological_Process_2023
prerank	Regulation Of Transferase Activity (GO:0051338)	-0.43370717268040265	-1.2245576666646802	0.2045728038507822	0.3333150363529238	1.0	11/16	39.61%	PUM3;LDB2;LDB1;PINX1;PARP4;BAG5;HMBOX1;EMP2;NABP2;JMJD8;FEM1A	GO_Biological_Process_2023
prerank	Protein Localization To Centrosome (GO:0071539)	-0.43338147120564124	-1.2217614427856414	0.21772151898734177	0.3368039224108831	1.0	3/15	8.57%	SPAG5;STIL;PIBF1	GO_Biological_Process_2023
prerank	Positive Regulation Of Interferon-Beta Production (GO:0032728)	-0.3770126700372278	-1.2215902493932251	0.1721419185282523	0.3359185162154981	1.0	6/25	10.32%	ISG15;OAS3;POLR3G;DHX9;IFIH1;POLR3B	GO_Biological_Process_2023
prerank	Regulation Of Cytoplasmic Translation (GO:2000765)	-0.4201943588329403	-1.2207032991185063	0.20155038759689922	0.33619367490667484	1.0	7/18	13.39%	HNRNPD;SYNCRIP;DHX9;HNRNPU;PKM;IGF2BP1;DHX36	GO_Biological_Process_2023
prerank	Fatty Acid Metabolism	-0.28021302427255673	-1.2181939275916371	0.08134920634920635	0.1661001517450683	0.795	29/101	21.59%	ODC1;LDHA;UGDH;CRAT;ALDH9A1;HSD17B10;IDH3B;FH;GSTZ1;KMT5A;PDHB;MDH2;RDH11;ECI2;CBR3;HCCS;FASN;ECI1;UROD;SMS;DECR1;PDHA1;ECHS1;UROS;ALAD;MIF;ACAA1;ACSL4;ACAA2	MSigDB_Hallmark_2020
prerank	Porphyrin-Containing Compound Biosynthetic Process (GO:0006779)	-0.4159942933079905	-1.217617469553428	0.21005154639175258	0.3400474608101107	1.0	7/17	20.44%	HMBS;UROD;ALAS1;FECH;UROS;ALAD;NFE2L1	GO_Biological_Process_2023
prerank	intra-Golgi Vesicle-Mediated Transport (GO:0006891)	-0.380069681029125	-1.2173815737398643	0.19571045576407506	0.33925423072113015	1.0	12/25	34.41%	COG7;COPG2;COG3;COPB2;COPE;VTI1A;COPB1;GOSR2;COPG1;NAPA;COPA;GOSR1	GO_Biological_Process_2023
prerank	tRNA Metabolic Process (GO:0006399)	-0.4202448629970915	-1.2168216342928675	0.22110552763819097	0.3390223908091817	1.0	4/17	10.97%	POP1;DTD1;KARS1;ELAC2	GO_Biological_Process_2023
prerank	Positive Regulation Of ATP-dependent Activity (GO:0032781)	-0.3796511305073973	-1.2136589049852708	0.1853932584269663	0.34314744858633117	1.0	12/26	33.44%	DHX9;ATP1B1;HNRNPU;UHRF1;DNAJC9;CHTOP;DNAJC24;SSBP1;TPM1;PFN1;MSH3;MSH6	GO_Biological_Process_2023
prerank	Protein K11-linked Ubiquitination (GO:0070979)	-0.37523658862129494	-1.21186814059545	0.1822849807445443	0.3449729639096498	1.0	7/25	20.08%	UBE2S;UBE2C;UBE2L3;CDC27;UBE2A;RNF26;ANAPC5	GO_Biological_Process_2023
prerank	Cytoplasmic Translational Initiation (GO:0002183)	-0.36941045437070846	-1.2113653851020183	0.1986206896551724	0.34467233588419105	1.0	9/27	17.81%	RBM4;EIF2S2;EIF3C;EIF2B3;EIF3J;EIF3B;EIF4G1;EIF6;DHX29	GO_Biological_Process_2023
prerank	Negative Regulation Of Gene Expression, Epigenetic (GO:0045814)	-0.33878780339975895	-1.211333265614919	0.17236024844720496	0.3435634662958482	1.0	13/40	17.55%	HMGB1;LMNB1;EZH2;UHRF1;EPC1;POLE3;LMNB2;USP7;PPHLN1;HELLS;BAZ2A;CHEK1;LMNA	GO_Biological_Process_2023
prerank	Glucose Metabolic Process (GO:0006006)	-0.35481401976192767	-1.2069419015255656	0.19380888290713325	0.34957910118598934	1.0	9/32	9.98%	PCK2;ENO1;SLC25A10;GPI;TPI1;PGAM1;PGK1;G6PD;MDH2	GO_Biological_Process_2023
prerank	Regulation Of Nuclear-Transcribed mRNA Catabolic Process, Deadenylation-Dependent Decay (GO:1900151)	-0.41706009772176617	-1.200886130971229	0.2244640605296343	0.3583458103133973	1.0	7/16	13.39%	HNRNPD;SYNCRIP;DHX9;HNRNPU;CNOT1;IGF2BP1;DHX36	GO_Biological_Process_2023
prerank	Protein Localization To Chromosome (GO:0034502)	-0.3544049778877425	-1.1955346391123312	0.2016348773841962	0.36612673863915246	1.0	11/32	17.30%	PLK1;CENPA;PARP1;RAD21;TERF2;XRCC5;XRCC4;WAPL;CTCF;CHMP7;PINX1	GO_Biological_Process_2023
prerank	Positive Regulation Of miRNA Metabolic Process (GO:2000630)	-0.37494292198538476	-1.1954053223798593	0.20310296191819463	0.36513352741610894	1.0	8/27	12.54%	EGR1;SREBF1;GATA2;MYC;GNL3;SMARCA4;PNPT1;POU2F1	GO_Biological_Process_2023
prerank	Regulation Of Macromolecule Biosynthetic Process (GO:0010556)	-0.34458070448035594	-1.1928985295166956	0.1902654867256637	0.36819769891440424	1.0	17/35	31.85%	RBM3;NOLC1;PCIF1;GEMIN5;PUM3;EIF2B4;ELP6;TCOF1;ELP3;ELP4;ELP5;EIF4E;KAT7;EIF2S1;CYFIP1;GCN1;ELP1	GO_Biological_Process_2023
prerank	Regulation Of Translation (GO:0006417)	-0.25689581476385276	-1.191893404931359	0.08635097493036212	0.368668717528365	1.0	74/162	31.85%	RBM3;LARP6;HNRNPD;PRMT1;NOLC1;ILF3;CSNK2A1;PCIF1;SYNCRIP;NAT10;RBM4;DHX9;GEMIN5;EPRS1;RPS6KA3;BZW2;DDX1;EIF5B;NCL;EIF3C;CNOT1;PUM3;EIF3B;PUS7;IGF2BP1;TIA1;EIF2B4;DHX36;BZW1;EIF4G1;ELAVL1;GAPDH;EIF6;EIF4G2;MTG2;LARP1B;RPS6KB1;ERBB2;ELP6;EIF2AK2;TENT5B;TCOF1;GSPT1;RNF139;ETF1;ALKBH1;CIRBP;ELP3;MALSU1;SERBP1;UPF3B;DDX6;ELP4;IFRD2;ELP5;FXR2;PAIP2;SHMT2;EIF4E;MRPL13;EIF5;MTG1;CNOT9;MTIF2;EIF2S1;TSFM;CYFIP1;SHMT1;GCN1;IMPACT;CSDE1;DAPK3;YBX1;ELP1	GO_Biological_Process_2023
prerank	Regulation Of Peptidyl-Threonine Phosphorylation (GO:0010799)	-0.39879609412352	-1.1894073681202981	0.2366412213740458	0.3717184990789864	1.0	8/19	23.88%	PLK1;TNKS1BP1;UBE2K;EIF4G1;CALM2;CALM1;CALM3;AXIN1	GO_Biological_Process_2023
prerank	Regulation Of Intracellular Steroid Hormone Receptor Signaling Pathway (GO:0033143)	-0.42264468752050566	-1.189154891900559	0.2404438964241677	0.3709124644544013	1.0	10/17	39.45%	CARM1;KDM1A;DDX5;UBA5;EP300;UFL1;SAFB2;KDM4C;RNF6;PARK7	GO_Biological_Process_2023
prerank	Positive Regulation Of Growth (GO:0045927)	-0.32236133671935163	-1.1865806066882956	0.17682020802377416	0.37426165313696685	1.0	13/45	19.81%	CSNK2A1;TAF9B;EXOSC9;EXOSC2;RPS6KA3;AKT1;DNPH1;EIF4G1;EIF4G2;ERBB2;HDGFL2;USP47;CDC42	GO_Biological_Process_2023
prerank	Heme Biosynthetic Process (GO:0006783)	-0.4251549239497392	-1.1825542775697153	0.23711340206185566	0.37988206677283204	1.0	7/15	20.44%	HMBS;UROD;ALAS1;FECH;UROS;ALAD;NFE2L1	GO_Biological_Process_2023
prerank	Regulation Of Cell Cycle Phase Transition (GO:1901987)	-0.42073823225282836	-1.1816553315356122	0.22994011976047904	0.38022164251014295	1.0	2/15	0.65%	PLK1;DBF4	GO_Biological_Process_2023
prerank	Positive Regulation Of Transcription Initiation By RNA Polymerase II (GO:0060261)	-0.32940655869338475	-1.1784330669880276	0.21621621621621623	0.38457283239882845	1.0	14/38	29.97%	TAF5;TAF8;GTF2A1;MED17;GTF2A2;MED27;PSMC6;MED30;MED6;MED13;MED12;TP53;MED4;TAF6	GO_Biological_Process_2023
prerank	Amino Acid Catabolic Process (GO:0009063)	-0.41570553974944546	-1.177990084582641	0.24528301886792453	0.3841460967332279	1.0	6/15	19.35%	MCCC2;ETFA;GOT2;CBS;ECHS1;BCKDK	GO_Biological_Process_2023
prerank	Cilium Organization (GO:0044782)	-0.26105541228088047	-1.1742219720473763	0.10981308411214953	0.38932231140298545	1.0	23/126	13.20%	AURKA;HYLS1;DYNC2I1;IFT74;SCLT1;IFT46;WDR90;IFT57;ACTR2;TTC8;KIAA0586;KIF27;IFT122;PIBF1;OFD1;CEP164;B9D1;CFAP298;TBC1D31;CCDC32;DYNC2H1;IFT88;BBS7	GO_Biological_Process_2023
prerank	Regulation Of Embryonic Development (GO:0045995)	-0.32283240897599147	-1.172801761403232	0.18294573643410852	0.3905935340195655	1.0	11/42	15.33%	RUVBL2;RACGAP1;DAG1;WDR5;BAG6;RUVBL1;MCRS1;CFL1;UCHL5;DHX36;INO80E	GO_Biological_Process_2023
prerank	Nuclear-Transcribed mRNA Catabolic Process, Deadenylation-Dependent Decay (GO:0000288)	-0.3438419960318976	-1.1704999479537104	0.21971830985915494	0.39333349527756484	1.0	21/33	42.23%	DCP1A;EXOSC9;EXOSC2;TNKS1BP1;EXOSC8;NT5C3B;SAMD4B;RC3H2;CNOT3;CNOT11;CNOT9;DCPS;CNOT6L;CNOT8;PARN;CNOT7;DIS3;CNOT2;CNOT4;CNOT6;DCP2	GO_Biological_Process_2023
prerank	L-alpha-amino Acid Transmembrane Transport (GO:1902475)	-0.39782358411888963	-1.165187359347164	0.24004975124378108	0.4016094430198175	1.0	3/17	3.80%	SLC7A11;SLC6A9;SLC25A22	GO_Biological_Process_2023
prerank	Heterochromatin Formation (GO:0031507)	-0.3695181076268747	-1.1629059982684216	0.24867021276595744	0.40435412405920773	1.0	12/24	27.97%	HMGB1;LMNB1;EZH2;UHRF1;POLE3;LMNB2;BAZ2A;LMNA;CBX3;TRIP12;UBR5;SMARCA5	GO_Biological_Process_2023
prerank	Positive Regulation Of Lymphocyte Differentiation (GO:0045621)	-0.35899047792577465	-1.155961641135361	0.23624161073825503	0.41546849824363985	1.0	13/26	21.69%	SMARCD3;XRCC6;SMARCD2;SMARCD1;SMARCA4;AXL;SMARCB1;ACTL6A;SMARCC1;ARID2;SMARCE1;PBRM1;ARID1A	GO_Biological_Process_2023
prerank	Intracellular Glucose Homeostasis (GO:0001678)	-0.3827008132025348	-1.1481941822654471	0.28061224489795916	0.4286083243903412	1.0	4/19	7.06%	PCK2;TRA2B;NUCKS1;PRKAA1	GO_Biological_Process_2023
prerank	Regulation Of Cellular Component Organization (GO:0051128)	-0.2763028172312656	-1.1464162790145818	0.19782214156079855	0.4305719388201935	1.0	17/82	13.10%	TNC;AURKA;KIF14;HJURP;MAD2L2;MKI67;ATF5;SSRP1;HCFC1;HNRNPU;RUFY2;PAK4;DCUN1D5;OGFR;HSPA8;NUBP1;CDK11B	GO_Biological_Process_2023
prerank	Glutamine Family Amino Acid Metabolic Process (GO:0009064)	-0.41156268136580915	-1.1457348457804213	0.28714107365792757	0.43050049403747426	1.0	3/15	8.16%	FPGS;GOT1;GOT2	GO_Biological_Process_2023
prerank	Negative Regulation Of Proteasomal Ubiquitin-Dependent Protein Catabolic Process (GO:0032435)	-0.35556071188530763	-1.142453412122738	0.24387096774193548	0.4354656050133088	1.0	9/26	23.11%	BAG6;SVIP;USP7;UCHL5;SGTA;HSP90AB1;TLK2;GIPC1;USP14	GO_Biological_Process_2023
prerank	Nucleotide Biosynthetic Process (GO:0009165)	-0.4123052608345477	-1.1424249195985512	0.2962085308056872	0.4341831590493171	1.0	6/15	19.03%	PFAS;GART;MTHFD1;PNP;PPAT;PRPSAP2	GO_Biological_Process_2023
prerank	Mitochondrial Transport (GO:0006839)	-0.3056464143497921	-1.1413759139519668	0.22087745839636913	0.43487808785223536	1.0	9/45	12.36%	TOMM34;TOMM40;TIMM13;TIMM10;TIMM44;TIMM8B;DNAJC19;PITRM1;BCS1L	GO_Biological_Process_2023
prerank	Mitotic G2 DNA Damage Checkpoint Signaling (GO:0007095)	-0.3620957472264618	-1.1381600358295179	0.27066666666666667	0.4397851677821237	1.0	2/23	0.77%	PLK1;DEPDC1B	GO_Biological_Process_2023
prerank	Positive Regulation Of Cell Cycle G2/M Phase Transition (GO:1902751)	-0.3740114097657723	-1.1357553559500204	0.2821522309711286	0.4430442447140358	1.0	2/20	0.53%	CCNB1;CDC25C	GO_Biological_Process_2023
prerank	Rho Protein Signal Transduction (GO:0007266)	-0.3501585386129911	-1.135027019038517	0.2726063829787234	0.4430496592725916	1.0	8/27	10.36%	ARHGDIB;RACGAP1;SHTN1;PHACTR4;CTNNAL1;ARHGDIA;CFL1;TAX1BP3	GO_Biological_Process_2023
prerank	snRNA Metabolic Process (GO:0016073)	-0.4134269151348712	-1.134491418862251	0.2944038929440389	0.4426494432958197	1.0	11/15	41.26%	INTS13;MTREX;INTS12;ZCCHC8;INTS2;INTS7;INTS14;INTS11;RPAP2;INTS10;RBM7	GO_Biological_Process_2023
prerank	Cilium Assembly (GO:0060271)	-0.25576544820466063	-1.1344646030653955	0.1645021645021645	0.4413394458250165	1.0	22/120	13.20%	TMEM80;HYLS1;DYNC2I1;IFT74;SCLT1;IFT46;WDR90;IFT57;ACTR2;TTC8;KIAA0586;KIF27;IFT122;PIBF1;OFD1;CEP164;B9D1;CFAP298;TBC1D31;DYNC2H1;IFT88;BBS7	GO_Biological_Process_2023
prerank	Positive Regulation Of Developmental Process (GO:0051094)	-0.25421180517822034	-1.1333061858032714	0.162227602905569	0.44229976894532563	1.0	42/131	24.19%	CDC20;AURKA;SLC6A6;LRP8;MAD2L2;SMARCD3;DAG1;SMARCD2;C1QBP;HMCES;BCL7C;SMARCD1;SMARCA4;PRKAA1;RPS6KA3;DNM1L;CFL1;SMARCB1;ACTL6A;FOXD1;NUMA1;HDAC2;SMARCC1;PA2G4;BRD9;CTNNB1;ARID2;FBXO5;SMARCE1;HSP90AB1;RBM19;PBRM1;REST;PGAM5;ARID4B;KMT5B;ARID1A;MFF;HDAC1;BRMS1;PHLDB2;SIN3A	GO_Biological_Process_2023
prerank	Regulation Of RNA Metabolic Process (GO:0051252)	-0.28920765081373556	-1.132337089175808	0.2356687898089172	0.4428443173964909	1.0	21/60	26.00%	ZNF326;TRA2B;SNRNP70;FUS;HNRNPL;OAS3;SON;AHNAK;PTBP1;HNRNPA1;HNRNPH3;METTL4;PQBP1;MCM2;CELF1;HNRNPH1;RC3H2;MBNL1;PTBP2;SF3B5;SF3B3	GO_Biological_Process_2023
prerank	Positive Regulation Of Protein Kinase Activity (GO:0045860)	-0.27811087333809814	-1.128134353336031	0.23434704830053668	0.44946790292239985	1.0	11/71	6.38%	EGR1;CENPE;KIF14;CCNA2;TPX2;LRP8;UNC119;XRCC6;ECT2;EZH2;SYAP1	GO_Biological_Process_2023
prerank	Modulation By Host Of Symbiont Process (GO:0051851)	-0.36017750775634055	-1.1267746182769984	0.287248322147651	0.4507656735312668	1.0	11/24	23.19%	NUCKS1;SMARCA4;SMARCB1;FASN;JUN;CDK9;CDC42;REST;SAP30BP;ZNF639;HDAC1	GO_Biological_Process_2023
prerank	DNA Recombination (GO:0006310)	-0.3269135536042594	-1.1262661879820741	0.2793696275071633	0.45041157905679696	1.0	14/33	32.64%	HMGB3;HMGB1;XRCC6;RAD21;XRCC5;ERCC1;ENDOG;XRCC2;BARD1;RAD54B;RAD51;BLM;TOPBP1;MSH3	GO_Biological_Process_2023
prerank	RNA Modification (GO:0009451)	-0.3268632606857402	-1.1247173214189856	0.26591230551626593	0.45217520688226315	1.0	14/34	26.25%	NAT10;OSGEP;PUS7;ADAR;FTSJ3;HNRNPAB;FTSJ1;METTL1;ALKBH1;NSUN2;SARS1;ELP5;AARS1;MRM2	GO_Biological_Process_2023
prerank	SCF-dependent Proteasomal Ubiquitin-Dependent Protein Catabolic Process (GO:0031146)	-0.3671863609886224	-1.1240274554594758	0.2901618929016189	0.45211038202902726	1.0	12/22	30.60%	KIF14;CCNF;FBXO4;FBXO3;SKP2;FBXW11;CUL1;FBXO17;CUL2;CUL5;DMAC2;BTRC	GO_Biological_Process_2023
prerank	tRNA Modification (GO:0006400)	-0.30720894017684663	-1.1184571760275743	0.2901134521880065	0.4616134884993608	1.0	16/43	25.96%	PUS1;DUS4L;DUS2;OSGEP;PUS7;QTRT2;TPRKB;TRMT6;FTSJ1;THUMPD3;METTL1;URM1;ALKBH1;NSUN2;SARS1;ELP5	GO_Biological_Process_2023
prerank	Positive Regulation Of Proteasomal Ubiquitin-Dependent Protein Catabolic Process (GO:0032436)	-0.2853600967534986	-1.1164838008269884	0.2358642972536349	0.46419851007383056	1.0	10/61	13.20%	PLK1;CDC20;HSPBP1;VCP;RNF144B;USP5;DDA1;SGTA;ELOB;BBS7	GO_Biological_Process_2023
prerank	Negative Regulation Of Protein Ubiquitination (GO:0031397)	-0.30451291009483594	-1.113311602355272	0.27136431784107945	0.46914117288292523	1.0	12/42	18.22%	CDC20;BUB1B;ISG15;PRMT3;GTPBP4;AKT1;U2AF2;MAD2L1;DNAJA1;FBXO5;PINX1;GNL3L	GO_Biological_Process_2023
prerank	Peptidyl-Serine Phosphorylation (GO:0018105)	-0.256950974730408	-1.1122992385593589	0.20384615384615384	0.4697388993126473	1.0	13/101	10.70%	PLK1;AURKA;TTK;GPI;CSNK2A1;PBK;NEK7;PKN3;RPS6KA3;AKT2;MAPK12;MAPK8;MKNK1	GO_Biological_Process_2023
prerank	Protein Modification By Small Protein Removal (GO:0070646)	-0.28225844830897506	-1.1118861174622308	0.2391681109185442	0.46914736728197226	1.0	25/64	31.35%	DEPDC1B;GPS1;USP18;PSMD14;OTUD6B;COPS4;USP5;USP7;UCHL5;USP45;USP16;USP13;SENP1;USP47;USP11;USP14;CDK1;OTUD5;USP34;SUMO1;USP1;RNF2;USP42;USP8;USP9X	GO_Biological_Process_2023
prerank	Regulation Of Centrosome Duplication (GO:0010824)	-0.351389496016082	-1.1100255824441276	0.301521438450899	0.47144336945019644	1.0	3/23	4.94%	CCNF;STIL;NAT10	GO_Biological_Process_2023
prerank	Nuclear Membrane Organization (GO:0071763)	-0.35861177347970824	-1.1045101080280297	0.32219251336898397	0.4812095921341923	1.0	8/21	29.03%	PLK1;VPS4A;NSFL1C;CHMP7;UBXN2B;TMEM43;UBXN2A;EMD	GO_Biological_Process_2023
prerank	rRNA Transcription (GO:0009303)	-0.39778951353693004	-1.1042123232818686	0.33136094674556216	0.4803886655013613	1.0	9/15	28.67%	MARS1;GTF3C5;GTF3C6;GTF3C1;CAVIN1;TCOF1;GTF3C3;GTF3C2;POLR1E	GO_Biological_Process_2023
prerank	Protein Homooligomerization (GO:0051260)	-0.28406864589396513	-1.0930442860275373	0.29256198347107437	0.5019466453276133	1.0	14/58	14.53%	SLC1A5;PRMT1;FUS;LETM1;CBR4;ECT2;ALDH9A1;HSD17B10;TK1;ATL3;PNPT1;USP16;ELAVL1;RBMX	GO_Biological_Process_2023
prerank	Regulation Of Cell Growth (GO:0001558)	-0.2404605701075704	-1.0917457492234461	0.2552204176334107	0.5031919549862902	1.0	26/133	15.58%	TNC;NPPB;PSRC1;KIF14;CDKN2C;MAD2L2;ENO1;CSNK2A1;TAF9B;EXOSC9;SMARCA4;EXOSC2;PTPRJ;RPS6KA3;AKT1;PAK4;DCUN1D5;PPP2CA;OGFR;DNPH1;NUBP1;CDK11B;EIF4G1;SERTAD3;ADAM15;EIF4G2	GO_Biological_Process_2023
prerank	DNA Repair (GO:0006281)	-0.22589154746727066	-1.0908266919910905	0.21818181818181817	0.5037095165201299	1.0	105/233	36.26%	DEPDC1B;MAD2L2;XPA;XRCC6;H2AX;MNAT1;VCP;FBH1;NUCKS1;ALKBH3;NSMCE4A;PARP1;USP3;DDX1;RAD21;REC8;XRCC5;TRIP13;TNKS1BP1;PSME4;TRIM28;XRCC4;UBE2V1;SLX1A;USP45;UBE2A;ERCC1;POLDIP2;RFWD3;FANCD2;PPP5C;TDP1;CENPS;DNA2;CHEK1;FANCE;POLB;EP400;USP47;PARP4;CDKN2D;POLE;GTF2H3;CHD1L;PDS5B;XRCC2;KMT5B;ERCC6L2;ALKBH1;FANCI;ASF1A;GTF2H2C;CDK1;POLE2;APTX;UBE2N;BARD1;RFC3;POLA1;FANCM;SUMO1;RFC2;FSCN1;ERCC8;TP53;HUWE1;BRCA2;ERCC2;SETD2;ACTR8;SMARCA5;INIP;FANCB;POLD3;RAD51;PWWP3A;NEIL3;NSD2;ATR;ASCC2;TRRAP;BLM;OGG1;CIB1;HLTF;COMMD1;TOPBP1;UBE2T;MSH3;MEN1;LIG1;RFC5;GTF2H2;MSH6;TENT4A;TDG;NPM1;DTX3L;CSNK1E;ADPRS;RNF8;RRM1;PRKDC;NABP2;WRN	GO_Biological_Process_2023
prerank	Response To Glucose (GO:0009749)	-0.35559582781856547	-1.0867229212271063	0.3342036553524804	0.5109973552502615	1.0	8/21	23.01%	PCK2;TRA2B;PRKAA1;EIF2B3;EIF2B4;PFKL;TCF7L2;PRKACA	GO_Biological_Process_2023
prerank	Regulation Of Defense Response To Virus (GO:0050688)	-0.38532189172253317	-1.0861469358858662	0.35167464114832536	0.5107700153290972	1.0	8/15	24.37%	C1QBP;DHX9;ZMPSTE24;PPM1B;RNF26;ELMOD2;RNF216;TRAF3IP1	GO_Biological_Process_2023
prerank	Regulation Of Myoblast Differentiation (GO:0045661)	-0.32047784209988217	-1.0856109654467174	0.3286908077994429	0.5104239158292434	1.0	13/30	21.69%	SMARCD3;SMARCD2;SMARCD1;SMARCA4;SMARCB1;ACTL6A;FLOT2;IGFBP3;SMARCC1;ARID2;SMARCE1;PBRM1;ARID1A	GO_Biological_Process_2023
prerank	Regulation Of Cellular Response To Stress (GO:0080135)	-0.25689427224984607	-1.0796864449177546	0.2681564245810056	0.5213003368635956	1.0	34/86	30.14%	DEPDC1B;RUVBL2;TAF5;RUVBL1;AIFM2;KMT5A;MCRS1;ACTL6A;DNAJC7;DNAJC2;UCHL5;UBE2V1;CREBBP;RFWD3;WDR76;EIF4G1;INO80E;CDK9;UBE2N;BARD1;SF3B5;SF3B3;EP300;BRCA2;CRY1;AMFR;ACTR8;USP1;ENY2;RAD51;ATR;TAF6;TRRAP;GSK3B	GO_Biological_Process_2023
prerank	Replication Fork Processing (GO:0031297)	-0.30193579516626523	-1.0788268795624512	0.3256172839506173	0.5216816983016408	1.0	15/38	30.24%	CARM1;FBH1;NUCKS1;PARP1;RFWD3;CENPS;DNA2;CDK9;ASF1A;BARD1;FANCM;BRCA2;RAD51;ATR;BLM	GO_Biological_Process_2023
prerank	Ubiquitin-Dependent Protein Catabolic Process (GO:0006511)	-0.2155803734557351	-1.070783377670421	0.2480916030534351	0.5375993638719129	1.0	77/265	28.18%	KIF14;HERC6;PSMB3;UBE2S;PSMD2;UBE2C;UBA1;NPLOC4;UBE2L3;PSMD1;VCP;PSMD12;CCAR1;PSMC1;RNF126;PPP2R5C;PSMD3;NAE1;BAG6;PSMD11;UHRF1;PSMD14;PSMB1;RNF144B;PSMA4;PSMD6;PSMF1;PSMC3;UBE2K;PSMD7;VPS4A;KCTD5;PSMA7;PSMA3;UBE2A;PSMD13;PSMD4;PSMB7;CTNNB1;PSMC2;NSFL1C;CHMP7;SIAH1;PSMC6;RNF26;ELOC;UBE3C;SKP2;PSMB6;UBXN2B;GSK3A;PSMC5;PSMA1;RNF25;RNF216;TRPC4AP;PSMC4;TRIP12;RC3H2;NEDD4;RBBP6;UBE2I;FBXW11;AXIN1;UBQLN4;GET4;CUL1;TOLLIP;CUL3;CUL4A;PSMA5;ERCC8;UBXN2A;AMFR;KCTD13;SPOP;PSMD9	GO_Biological_Process_2023
prerank	Regulation Of Protein Import Into Nucleus (GO:0042306)	-0.32552810514778135	-1.0697791764471845	0.352112676056338	0.538300380085547	1.0	12/28	29.62%	HDAC3;ECT2;JUP;TRIM28;DMAP1;SUMO1;FLNA;UBR5;EP300;SMAD3;IPO5;TGFB1	GO_Biological_Process_2023
prerank	Mitochondrial Membrane Organization (GO:0007006)	-0.31439395267753606	-1.0664137938523737	0.33815028901734107	0.54418752593859	1.0	14/29	30.09%	LETM1;CHCHD6;TIMM50;DNAJC11;HSPA9;IMMT;MTX1;MICOS10;SPG7;GHITM;MFN2;MAIP1;MICOS13;OPA1	GO_Biological_Process_2023
prerank	Positive Regulation Of Type I Interferon Production (GO:0032481)	-0.29410586175641495	-1.0642918026891037	0.3333333333333333	0.5473386480495468	1.0	9/42	14.36%	ISG15;OAS3;POLR3G;DHX9;IFIH1;MYD88;POLR3B;DHX36;GAPDH	GO_Biological_Process_2023
prerank	Unfolded Protein Response	-0.24590841140546188	-1.0631699803603731	0.3023255813953488	0.38211822320320044	0.985	29/104	21.71%	ASNS;IFIT1;PSAT1;GEMIN4;DCP1A;H2AX;NOLC1;CHAC1;FUS;EXOSC9;MTREX;EXOSC2;DKC1;NHP2;NFYB;TARS1;NOP14;EIF4G1;FKBP14;ATF6;EXOSC10;EIF4EBP1;DDX10;HSPA9;YWHAZ;EDC4;KIF5B;CEBPG;KHSRP	MSigDB_Hallmark_2020
prerank	rRNA Methylation (GO:0031167)	-0.37635845724790873	-1.0622525569878352	0.3730445246690734	0.5503021737689425	1.0	5/16	18.82%	FBL;FTSJ3;METTL16;MRM3;EMG1	GO_Biological_Process_2023
prerank	Cellular Response To Salt (GO:1902075)	-0.30150992430516177	-1.0594310093303765	0.35809806835066865	0.5548506038829585	1.0	5/38	8.73%	EGR1;ECT2;NEK7;PRKAA1;HNRNPA1	GO_Biological_Process_2023
prerank	Nuclear Envelope Organization (GO:0006998)	-0.37557375716466757	-1.059400837583526	0.3714637146371464	0.5533556608918688	1.0	7/15	22.93%	LMNB1;LMNB2;VPS4A;NUP155;NUP93;LMNA;TMEM43	GO_Biological_Process_2023
prerank	rRNA Catabolic Process (GO:0016075)	-0.37105507522204884	-1.055293098230066	0.375750300120048	0.5607273874537656	1.0	5/16	20.60%	EXOSC9;EXOSC2;EXOSC8;EXOSC10;DIS3L	GO_Biological_Process_2023
prerank	Negative Regulation Of G2/M Transition Of Mitotic Cell Cycle (GO:0010972)	-0.3327076563388947	-1.055263597798816	0.36973684210526314	0.5592126169172681	1.0	6/24	18.85%	DEPDC1B;AURKB;VPS4A;CHEK1;PINX1;USP47	GO_Biological_Process_2023
prerank	Positive Regulation Of Microtubule Polymerization (GO:0031116)	-0.34924391822815	-1.0551733299647714	0.3764705882352941	0.557873746424813	1.0	6/20	17.45%	PSRC1;CKAP5;MECP2;NUMA1;DRG1;RAC1	GO_Biological_Process_2023
prerank	Positive Regulation Of DNA-templated Transcription, Elongation (GO:0032786)	-0.28612714707261083	-1.0548540474207009	0.3755522827687776	0.5571283310615116	1.0	16/42	29.86%	THOC5;TCERG1;PARP1;DDX39B;MED17;MED27;SUPT16H;CDK9;SUPT6H;MED30;SCAF8;MED6;KAT7;BRD4;MED4;SUPT5H	GO_Biological_Process_2023
prerank	Negative Regulation Of Innate Immune Response (GO:0045824)	-0.2968193253439442	-1.054181336249429	0.3502235469448584	0.5571175573598843	1.0	7/35	9.99%	ISG15;AURKB;OAS3;LYAR;USP18;PARP1;AKT1	GO_Biological_Process_2023
prerank	Histone mRNA Metabolic Process (GO:0008334)	-0.3562012497488266	-1.0535527610961857	0.386277001270648	0.556980082123723	1.0	12/19	49.00%	EXOSC10;MTPAP;CPSF2;ERI1;CPSF3;TENT4B;DCP2;UPF1;EXOSC4;NCBP1;LSM10;TENT2	GO_Biological_Process_2023
prerank	Protein Deubiquitination (GO:0016579)	-0.26983505038073174	-1.0523279211196241	0.34941763727121466	0.5581568913862367	1.0	25/58	31.35%	DEPDC1B;USP18;OTUB1;PSMD14;USP3;OTUD6B;USP5;USP7;UCHL5;USP45;USP16;USP13;USP47;USP11;USP14;CDK1;OTUD5;USP34;SHMT2;USP1;RNF2;ENY2;USP42;USP8;USP9X	GO_Biological_Process_2023
prerank	Positive Regulation Of Microtubule Polymerization Or Depolymerization (GO:0031112)	-0.3755249930907366	-1.0490641110930454	0.3940520446096654	0.5639960530937548	1.0	4/15	17.45%	PSRC1;NUMA1;DRG1;RAC1	GO_Biological_Process_2023
prerank	Regulation Of Organelle Organization (GO:0033043)	-0.26082301418732234	-1.0485691512584816	0.35106382978723405	0.5635750164698351	1.0	17/67	18.07%	RUVBL2;ARL6IP1;CENPV;EZR;RUVBL1;DNM1L;MCRS1;PARL;UCHL5;MAPK3;MSN;SURF4;NF2;INO80E;DIAPH1;TAOK1;STX5	GO_Biological_Process_2023
prerank	Epigenetic Regulation Of Gene Expression (GO:0040029)	-0.2648807211545805	-1.0453825519422004	0.36995153473344106	0.5692263619897365	1.0	23/58	27.10%	WDR5;EZH2;SMARCD1;SMARCA4;EPC1;RBM14;SMARCB1;GLMN;MECP2;PPHLN1;PRMT7;CTCF;CHEK1;IFI16;NOC2L;VPS72;ASH2L;MTF2;MACROH2A2;BRD7;EP300;TP53;KAT7	GO_Biological_Process_2023
prerank	Positive Regulation Of Signal Transduction By P53 Class Mediator (GO:1901798)	-0.36786468200001815	-1.0437132083849252	0.4063694267515924	0.5714163369412782	1.0	9/16	37.37%	EIF5A;MYC;DDX5;RPS15;HEXIM1;ATR;EEF1E1;RPL37;RPS7	GO_Biological_Process_2023
prerank	Positive Regulation Of Transferase Activity (GO:0051347)	-0.2506222753345819	-1.0435893780050007	0.3738656987295826	0.5701143160039712	1.0	16/82	11.37%	PLK1;NEK2;HNRNPD;UBE2L3;AURKB;HNRNPA2B1;MYC;NEK7;WRAP53;AXL;DKC1;GINS2;CCT2;XRCC5;DCUN1D5;MAPK3	GO_Biological_Process_2023
prerank	Regulation Of Nucleic Acid-Templated Transcription (GO:1903506)	-0.21436300416133736	-1.0427368990488246	0.2936802973977695	0.570447483960707	1.0	54/236	18.02%	RUVBL2;HMGN5;SFPQ;HNRNPD;TCF3;CARM1;UBE2L3;SRRT;GPI;PRMT5;FUS;TEAD2;DNM2;MYBBP1A;ATF5;WDR5;EZH2;RPS6KA4;ENG;HMGA1;MYCBP;ZNF35;RUVBL1;HCFC1;PSPC1;ACTL6A;MAGED1;ZNF714;GCFC2;YEATS4;PPP2CA;UBE2V1;NFYB;ING3;UTP4;CDK11B;CREBBP;BAZ2A;YAF2;YY1AP1;SERTAD3;USP13;RALY;ACTN4;CNBP;SRCAP;CREM;CHD3;PPP2R1A;MLLT6;SRSF10;PQBP1;POLR2A;MLF2	GO_Biological_Process_2023
prerank	RNA Polymerase II Preinitiation Complex Assembly (GO:0051123)	-0.30344852693820434	-1.0424029392780694	0.3798342541436464	0.5696626083167272	1.0	8/32	22.17%	TAF5;TAF8;GTF2A1;MED17;GTF2A2;MED27;MED30;MED6	GO_Biological_Process_2023
prerank	Positive Regulation Of Lamellipodium Assembly (GO:0010592)	-0.37459272072121114	-1.0392602323776172	0.3956043956043956	0.5752984060442629	1.0	9/16	31.81%	ACTR2;TWF2;RAC1;CDC42;ACTR3;FSCN1;CYFIP1;WASF2;ARPC2	GO_Biological_Process_2023
prerank	Negative Regulation Of Epidermal Growth Factor Receptor Signaling Pathway (GO:0042059)	-0.37060049843819787	-1.0371510420419163	0.40694789081885857	0.578677788568138	1.0	3/16	6.60%	RNF126;PTPRJ;GPRC5A	GO_Biological_Process_2023
prerank	Regulation Of Microtubule Cytoskeleton Organization (GO:0070507)	-0.3419650994556832	-1.0354074366890473	0.3911392405063291	0.5809897867336333	1.0	8/21	24.37%	SKA3;PRKAA1;SKA1;SKA2;TAOK1;MAPRE1;PHLDB2;TRAF3IP1	GO_Biological_Process_2023
prerank	Protein-Containing Complex Disassembly (GO:0032984)	-0.27777166174773293	-1.03419113218141	0.39762611275964393	0.5820976687173097	1.0	14/47	21.45%	VCP;PEX14;VPS16;MYC;PPP1CA;VPS4A;HSPA8;APEH;CHMP7;UBQLN1;VPS33A;SEPTIN9;GSPT1;ETF1	GO_Biological_Process_2023
prerank	Regulation Of Cell Size (GO:0008361)	-0.3542768476664979	-1.0318371515409566	0.3958333333333333	0.5859327709186439	1.0	5/17	18.96%	EDN1;EZR;MSN;RAC1;LARS1	GO_Biological_Process_2023
prerank	Regulation Of Catabolic Process (GO:0009894)	-0.3593753405266046	-1.0292145832494524	0.4015151515151515	0.5903606015433097	1.0	5/16	14.23%	ODC1;FAM83D;FURIN;CENATAC;SNF8	GO_Biological_Process_2023
prerank	Positive Regulation Of Peptidase Activity (GO:0010952)	-0.36470264731151264	-1.0290675154885052	0.42985842985842987	0.589133210633095	1.0	5/16	15.41%	VCP;MAPK12;PSME3;PRELID1;RCAN3	GO_Biological_Process_2023
prerank	Positive Regulation Of Neuron Differentiation (GO:0045666)	-0.3513027565543505	-1.0213227335581585	0.40811153358681873	0.6052850207989355	1.0	3/17	5.06%	TCF3;SOX11;ECT2	GO_Biological_Process_2023
prerank	Regulation Of Interferon-Beta Production (GO:0032648)	-0.2938324574179382	-1.0194585489511219	0.4301369863013699	0.6079094383016874	1.0	7/33	10.32%	ISG15;PTPRS;OAS3;POLR3G;DHX9;IFIH1;POLR3B	GO_Biological_Process_2023
prerank	Nitrogen Compound Transport (GO:0071705)	-0.26318640180010167	-1.0181890424376578	0.39838709677419354	0.6091457751021074	1.0	6/57	2.86%	EDN1;RACGAP1;SLC6A6;CENPF;SLC25A10;SLC1A5	GO_Biological_Process_2023
prerank	Negative Regulation Of Transferase Activity (GO:0051348)	-0.3040844034989334	-1.0176097042242211	0.40860215053763443	0.6089052446064572	1.0	3/31	0.71%	CDC20;PIF1;BUB1B	GO_Biological_Process_2023
prerank	Regulation Of Cell Differentiation (GO:0045595)	-0.2314999000850122	-1.016526586501381	0.4218106995884774	0.6097859101165197	1.0	39/111	23.19%	SLC6A6;SMARCD3;DAG1;SMARCD2;CHD4;TAF8;BCL7C;SMARCD1;SMARCA4;PTBP1;RPS6KA3;SMARCB1;ACTL6A;DDX5;FLOT2;PPP2CA;MTA2;HDAC2;SMARCC1;PA2G4;BRD9;CTNNB1;ARID2;CHD3;PPP2R1A;CDK9;SMARCE1;HSP90AB1;EIF2AK2;SUPT6H;PBRM1;REST;MBD3;ARID1A;CDK5RAP1;GATAD2A;NSUN2;PRKACA;HDAC1	GO_Biological_Process_2023
prerank	Actomyosin Structure Organization (GO:0031032)	-0.29578426157213067	-1.008789982557115	0.41935483870967744	0.6260055663369768	1.0	18/34	33.51%	CSRP1;EPB41L2;ZYX;MYH9;FLNC;ALKBH4;PDCD10;MYL9;ITGB1;CUL3;TPM1;KCTD13;TJP1;SRC;MYH10;FLII;TNNT1;TMOD3	GO_Biological_Process_2023
prerank	Positive Regulation Of Cilium Assembly (GO:0045724)	-0.36206721560781474	-1.0080165617940713	0.43902439024390244	0.6260995296057166	1.0	11/15	38.20%	CCDC88A;WRAP73;IFT88;SEPTIN9;BBS4;CEP135;ARHGAP35;GSK3B;SEPTIN7;HTT;ENTR1	GO_Biological_Process_2023
prerank	Positive Regulation Of Nucleic Acid-Templated Transcription (GO:1903508)	-0.1996932804645647	-1.002702140380711	0.43636363636363634	0.636902523673315	1.0	92/308	23.88%	EGR1;PSRC1;RUVBL2;HMGN5;HNRNPD;TCF3;PCBD2;MAD2L2;BRD8;MLLT11;SMARCD3;XRCC6;HMGB2;KLF2;ILF3;TEAD2;DNM2;CHD4;TAF5;ATF5;MYC;WDR5;RGMB;HMGA1;ZXDC;SMARCA4;RUVBL1;HCFC1;PRKAA1;KARS1;MRGBP;THRAP3;EPC1;TFAM;MCRS1;NR2F2;ACTL6A;NAA15;AKT1;DNAJC2;UCHL5;TRIM28;MORF4L1;YEATS4;MED17;MBD2;UBE2V1;MTA2;ING3;HDAC2;CREBBP;TAF15;USP16;SMARCC1;HNRNPAB;QRICH1;YAF2;NIF3L1;NUP85;SERTAD3;INO80E;CTNNB1;CTCF;CNBP;NFIB;CHD3;JUN;PPP3CB;EP400;CHD8;VPS72;LRP6;FOS;KDM3A;ATF7IP;REST;PSMC5;MED30;ILF2;MBD3;PHIP;ATAD2;ARID1A;DMAP1;GATAD2A;PPARD;ETS1;CREB5;HDAC1;MED13;FBXW11;AXIN1	GO_Biological_Process_2023
prerank	Cellular Response To Misfolded Protein (GO:0071218)	-0.3432817921228456	-1.0018819907535939	0.44609665427509293	0.637144143465136	1.0	3/17	6.01%	VCP;RNF126;BAG6	GO_Biological_Process_2023
prerank	Regulation Of Type I Interferon Production (GO:0032479)	-0.2837461806554037	-0.9992157271450298	0.4583941605839416	0.6416920449308459	1.0	12/38	26.19%	NPLOC4;MYD88;GAPDH;DDX56;PQBP1;RNF26;RNF216;IRAK1;OTUD5;TRAF3IP1;POLA1;CUL3	GO_Biological_Process_2023
prerank	Positive Regulation Of Protein Localization (GO:1903829)	-0.26158054510478157	-0.9991916569238163	0.4490106544901065	0.6400927575643377	1.0	23/53	30.14%	PLK1;GNL3;PRKAA1;CCDC88A;AKT1;CARD10;NUMA1;CREBBP;CDK9;GNL3L;PPP3CB;HSP90AB1;CEP135;TCF7L2;ORMDL3;CDK1;VRK1;FERMT2;NEDD9;KAT7;CEP295;TGFB1;GSK3B	GO_Biological_Process_2023
prerank	Positive Regulation Of Amide Metabolic Process (GO:0034250)	-0.251718932253787	-0.9923934302663937	0.4704944178628389	0.6546046089986454	1.0	13/63	17.11%	RBM3;LARP6;HNRNPD;PRMT1;PCIF1;NAT10;EIF3C;ELAVL1;EIF6;LARP1B;RPS6KB1;CASP3;ERBB2	GO_Biological_Process_2023
prerank	Regulation Of Proteasomal Ubiquitin-Dependent Protein Catabolic Process (GO:0032434)	-0.23388690223258912	-0.9899031095431305	0.48342059336823734	0.6589052275136419	1.0	31/84	32.31%	PLK1;HSPBP1;VCP;BAG6;RNF144B;GLMN;USP5;USP7;UCHL5;DDA1;ELOB;BBS7;XPO1;HSP90AB1;TLK2;GSK3A;GIPC1;AXIN1;UBQLN4;BAG5;SUMO1;PIAS1;HSPA1B;RPL11;GSK3B;CSNK1A1;USP9X;UFL1;COMMD1;NUB1;PSMD10	GO_Biological_Process_2023
prerank	Modification-Dependent Protein Catabolic Process (GO:0019941)	-0.21968230857483967	-0.9879867846386171	0.49414519906323184	0.6617132413353405	1.0	18/136	10.57%	HERC6;UBE2S;UBE2C;ISG15;UBA1;NPLOC4;UBE2L3;CCAR1;RNF126;PSMD3;NAE1;BAG6;PSMD11;UHRF1;PSMD14;RNF144B;PSMF1;UBE2K	GO_Biological_Process_2023
prerank	Double-Strand Break Repair Via Homologous Recombination (GO:0000724)	-0.23203643206198662	-0.9859617465961577	0.5096525096525096	0.6645715633494904	1.0	32/88	30.24%	MCM6;SFPQ;FBH1;CHD4;NUCKS1;NSMCE4A;PSMD14;EPC1;GINS2;RAD21;MORF4L1;SLX1A;SEM1;RFWD3;MCM3;MCM7;MCM2;CDC45;AP5S1;XRCC2;UBE2N;FANCM;FSCN1;NIPBL;BRCA2;RAD54B;INIP;FANCB;RAD51;NSMCE2;SMC5;BLM	GO_Biological_Process_2023
prerank	Regulation Of Protein Catabolic Process (GO:0042176)	-0.23182941341543578	-0.9822979869489824	0.5038022813688213	0.6714478946437793	1.0	33/87	26.23%	ODC1;FAM83D;MAD2L2;VCP;EZR;CSNK2A1;FURIN;PSMD14;PSME3;OAZ2;UCHL5;MSN;MAD2L1;CENATAC;NQO1;SNF8;RAB7A;PKD1;IDE;STX5;GSK3A;RNF41;DCAF1;PRKACA;USP14;NEDD4;AXIN1;NDUFA13;BARD1;FLNA;PLK2;SF3B3;CUL4A	GO_Biological_Process_2023
prerank	Ribosome Assembly (GO:0042255)	-0.27835105842099017	-0.982270931819979	0.49344978165938863	0.6698176537532461	1.0	12/38	22.36%	MRPL22;C1QBP;PPAN;MTERF4;MRPS7;EIF6;RPS15;DHX29;MDN1;RRP7A;RPF2;MRPL20	GO_Biological_Process_2023
prerank	Positive Regulation Of Establishment Of Protein Localization (GO:1904951)	-0.35152444705237007	-0.9784143976755854	0.48872180451127817	0.6773338440913003	1.0	10/15	28.31%	CCT7;CCT5;WRAP53;DKC1;CCT3;TCP1;CEP135;CCT4;CCT6A;CEP295	GO_Biological_Process_2023
prerank	Protein Polymerization (GO:0051258)	-0.2792444084054648	-0.9777638135038986	0.4785185185185185	0.6770705283893866	1.0	7/35	10.57%	UBE2S;UBE2C;ZNF207;CKAP5;MAP7D3;DIAPH3;UBE2K	GO_Biological_Process_2023
prerank	Cell Cycle G1/S Phase Transition (GO:0044843)	-0.26921570746032936	-0.9753348938369943	0.5034013605442177	0.6812045096671036	1.0	20/39	28.20%	DBF4;CCNA2;CDKN3;MYC;BCAT1;KHDRBS1;EIF4EBP1;RPS6KB1;MAP3K11;POLE;GSPT1;PPP6C;CACUL1;CUL1;PLK2;CUL3;CUL4A;EIF4E;CUL2;CUL5	GO_Biological_Process_2023
prerank	Recombinational Repair (GO:0000725)	-0.2365181035833463	-0.9728362239240058	0.5243243243243243	0.6854026051481962	1.0	13/74	13.41%	SFPQ;XRCC6;FBH1;CHD4;NUCKS1;NSMCE4A;PSMD14;EPC1;XRCC5;MORF4L1;SLX1A;SEM1;RFWD3	GO_Biological_Process_2023
prerank	Regulation Of mRNA Stability (GO:0043488)	-0.25303318808440634	-0.971897985778864	0.518341307814992	0.6858946070549929	1.0	17/56	26.94%	FUS;HNRNPU;THRAP3;IGF2BP1;DHX36;TBRG4;TAF15;ELAVL1;METTL16;FASTKD3;CELF1;TENT5B;KHSRP;CIRBP;SERBP1;FXR2;IREB2	GO_Biological_Process_2023
prerank	Positive Regulation Of Protein Dephosphorylation (GO:0035307)	-0.3001669531633036	-0.967852067805173	0.5019404915912031	0.6938401787546201	1.0	8/25	21.36%	CDCA2;PTBP1;PTPA;CALM2;CALM1;HSP90AB1;NSMF;CALM3	GO_Biological_Process_2023
prerank	Pperoxisome	-0.24302896698169155	-0.9650204997152252	0.5170648464163823	0.5758598887202833	0.9975	18/64	21.49%	TOP2A;CRAT;PEX14;ALDH9A1;PRDX1;CTPS1;RDH11;ECI2;ERCC1;SMARCC1;ITGB1BP1;CNBP;SIAH1;IDE;IDH2;ACAA1;ACSL4;CLN6	MSigDB_Hallmark_2020
prerank	Positive Regulation Of Protein Ubiquitination (GO:0031398)	-0.2430264580413536	-0.9627837120715679	0.538971807628524	0.7042433598369224	1.0	18/65	27.56%	PLK1;UBE2L3;HSPBP1;HDAC3;KDM1A;FBXO4;DCUN1D5;CENPS;UBQLN1;GSK3A;FANCI;AXIN1;UBE2N;FANCM;SUMO1;CUL3;HUWE1;CRY1	GO_Biological_Process_2023
prerank	Transcription Preinitiation Complex Assembly (GO:0070897)	-0.2755938550248184	-0.9616113008142372	0.5090403337969402	0.705289966292672	1.0	11/35	29.97%	TAF5;TAF8;GTF2A1;MED17;GTF2A2;MED27;MED30;MED6;MED4;POLR1E;TAF6	GO_Biological_Process_2023
prerank	Microtubule Nucleation (GO:0007020)	-0.33316785599352183	-0.9590735029049325	0.49878934624697335	0.7097024674481881	1.0	4/17	20.71%	TPX2;TUBGCP5;TUBGCP2;HAUS2	GO_Biological_Process_2023
prerank	Negative Regulation Of Translation (GO:0017148)	-0.23044493098513552	-0.9544026376789922	0.553072625698324	0.7191758316227459	1.0	31/80	27.79%	ILF3;CSNK2A1;PCIF1;SYNCRIP;RBM4;EPRS1;NCL;CNOT1;PUS7;IGF2BP1;TIA1;DHX36;EIF4G1;GAPDH;METTL16;EIF6;EIF4EBP1;UNK;EIF2AK2;CELF1;RNF139;MALSU1;SERBP1;DDX6;AGO3;IFRD2;FXR2;PAIP2;MRPL13;TNRC6B;CNOT9	GO_Biological_Process_2023
prerank	mRNA Splice Site Recognition (GO:0006376)	-0.3107167729843712	-0.9543549592601529	0.5	0.7175295224181418	1.0	13/23	36.10%	ISY1;PUF60;SRSF6;SLU7;SRSF10;PSIP1;LUC7L;SF3A3;SF3A1;HNRNPC;SF3A2;SRSF1;YTHDC1	GO_Biological_Process_2023
prerank	mRNA Catabolic Process (GO:0006402)	-0.27875191247702935	-0.9540448334238573	0.5200534759358288	0.7165709447711431	1.0	8/32	18.70%	EXOSC9;THRAP3;DDX5;PNPT1;METTL16;MRTO4;EXOSC10;XRN2	GO_Biological_Process_2023
prerank	Regulation Of Stem Cell Differentiation (GO:2000736)	-0.28496764007601516	-0.9522229995723941	0.5108108108108108	0.719133984465644	1.0	12/28	25.57%	CHD4;HNRNPU;PUS7;MTA2;HDAC2;CHD3;EIF2AK2;MBD3;GATAD2A;NSUN2;HDAC1;NELFB	GO_Biological_Process_2023
prerank	Intracellular Protein Transport (GO:0006886)	-0.192915828255017	-0.9450316529214088	0.6666666666666666	0.7343884098078671	1.0	73/232	29.62%	KPNA2;IPO4;NUP88;RAB1B;AP3B1;ARF3;GRPEL1;SNX15;TIMM50;SNX8;TIMM44;AKT2;KPNB1;CDC37;DNAJC19;AKT1;TNPO3;KPNA6;COG7;ASPSCR1;NUP188;NUP155;BCS1L;ARL17A;SURF4;NUP93;XPO1;SNF8;XPO5;NUP85;NUP107;RAB7A;PAM16;NUP133;NUP98;SLU7;ARF1;PKD1;VPS33A;HSPA9;RAB5C;STX5;IPO11;SEPTIN9;RANBP6;ARF5;XPO6;APPL1;SYNRG;KPNA1;KPNA4;SNX9;PHIP;SEC13;GIPC1;RANBP3;GRPEL2;COPB2;CSE1L;STX2;SAR1A;HOMER3;GGA1;ROMO1;SNX17;IPO5;ARFIP2;CLTC;NUP214;RPL11;MAIP1;NUP153;TGFB1	GO_Biological_Process_2023
prerank	Positive Regulation Of DNA-templated Transcription Initiation (GO:2000144)	-0.2550295354559346	-0.9434611001028341	0.5774647887323944	0.7363717507256001	1.0	15/42	29.97%	TAF5;TAF8;GTF2A1;MED17;DHX36;GTF2A2;MED27;JUN;MED30;MED6;MED13;FOSL1;MED12;MED4;TAF6	GO_Biological_Process_2023
prerank	Positive Regulation Of Translational Initiation (GO:0045948)	-0.33087602939656735	-0.9407584293498616	0.516548463356974	0.7410452697789023	1.0	4/15	19.97%	CDC123;KHDRBS1;RPS6KB1;POLR2G	GO_Biological_Process_2023
prerank	Blood Circulation (GO:0008015)	-0.33571330933749227	-0.9397281328951891	0.5238095238095238	0.7416959829693678	1.0	1/17	0.13%	NPPB	GO_Biological_Process_2023
prerank	tRNA Methylation (GO:0030488)	-0.29599677203207214	-0.9394097638315261	0.5532194480946123	0.7406595206586626	1.0	8/23	27.31%	HSD17B10;TRMT6;FTSJ1;THUMPD3;TRMT10C;METTL1;NSUN2;TRMT5	GO_Biological_Process_2023
prerank	Macromolecule Catabolic Process (GO:0009057)	-0.24062478648322763	-0.9392511409620448	0.5951219512195122	0.739234585070008	1.0	16/59	21.49%	ISG20;HNRNPD;RNASEH1;FBH1;EXOSC9;MTREX;EXOSC2;PNPT1;EXOSC8;EXOSC10;SIAH1;CASP3;IDE;XRN2;DIS3L;CLN6	GO_Biological_Process_2023
prerank	Fatty Acid Oxidation (GO:0019395)	-0.27796306527054787	-0.9388626318384358	0.5568513119533528	0.7383721791012919	1.0	10/33	22.76%	HSD17B10;HACL1;ECI2;ECI1;HADHA;DECR1;ECHS1;ACAA1;ACAA2;PPARD	GO_Biological_Process_2023
prerank	Negative Regulation Of DNA Biosynthetic Process (GO:2000279)	-0.3009056820940254	-0.9381283106197762	0.5604113110539846	0.738381008379758	1.0	8/23	18.22%	PIF1;NAT10;HNRNPU;HNRNPA1;TERF2;EXOSC10;PINX1;GNL3L	GO_Biological_Process_2023
prerank	Negative Regulation Of Calcium Ion Transmembrane Transporter Activity (GO:1901020)	-0.33018849868007716	-0.9379681285178249	0.5572979493365501	0.7369552997295307	1.0	6/16	21.36%	YWHAE;CALM2;UBQLN1;CALM1;PPP3CB;CALM3	GO_Biological_Process_2023
prerank	COPII Vesicle Coating (GO:0048208)	-0.31371640407784984	-0.9373904243581423	0.5432258064516129	0.7348185570061181	1.0	19/19	68.71%	PPP6C;CUL3;TRAPPC11;PREB;TRAPPC3;TRAPPC2L;TRAPPC5;TRAPPC4;TRAPPC12;TMED2;PEF1;TMED10;TRAPPC8;TRAPPC2;TRAPPC2B;PDCD6;TRAPPC6A;TRAPPC1;KLHL12	GO_Biological_Process_2023
prerank	Vesicle Targeting, Rough ER To cis-Golgi (GO:0048207)	-0.31371640407784984	-0.9373904243581423	0.5432258064516129	0.7348185570061181	1.0	19/19	68.71%	PPP6C;CUL3;TRAPPC11;PREB;TRAPPC3;TRAPPC2L;TRAPPC5;TRAPPC4;TRAPPC12;TMED2;PEF1;TMED10;TRAPPC8;TRAPPC2;TRAPPC2B;PDCD6;TRAPPC6A;TRAPPC1;KLHL12	GO_Biological_Process_2023
prerank	Regulation Of Early Endosome To Late Endosome Transport (GO:2000641)	-0.3170768889520106	-0.9372038544778348	0.5490445859872611	0.7335185530796055	1.0	4/18	14.07%	EZR;MAPK3;MSN;NF2	GO_Biological_Process_2023
prerank	Peptidyl-Serine Modification (GO:0018209)	-0.2161655442482202	-0.9336762762337243	0.645748987854251	0.7400476547780555	1.0	12/104	10.70%	PLK1;AURKA;TTK;CSNK2A1;PBK;NEK7;PKN3;RPS6KA3;AKT2;MAPK12;MAPK8;MKNK1	GO_Biological_Process_2023
prerank	Protein Acetylation (GO:0006473)	-0.30749743682842445	-0.9266081699926874	0.5589005235602095	0.755043288110258	1.0	4/20	13.34%	NAT10;NAA35;NAA15;CREBBP	GO_Biological_Process_2023
prerank	Negative Regulation Of Stem Cell Population Maintenance (GO:1902455)	-0.3199336453811694	-0.9264541491684851	0.5481852315394243	0.7536171668257393	1.0	7/18	26.00%	HDAC2;ARID4B;LOXL2;HDAC1;BRMS1;SIN3A;SF3B3	GO_Biological_Process_2023
prerank	Regulation Of Histone Acetylation (GO:0035065)	-0.324497971439319	-0.9250268892673307	0.5483460559796438	0.7550643047828323	1.0	7/17	19.69%	DDX21;MYBBP1A;NFYB;SET;NOC2L;DEK;SF3B1	GO_Biological_Process_2023
prerank	Regulation Of NLRP3 Inflammasome Complex Assembly (GO:1900225)	-0.31938225965991424	-0.9180966961752591	0.5526641883519207	0.769490656298208	1.0	7/17	15.47%	DEPDC1B;NEK7;MYD88;MAPK8;PPP2CA;HSPA8;CARD8	GO_Biological_Process_2023
prerank	Skeletal System Morphogenesis (GO:0048705)	-0.3276696029042978	-0.9100724112482943	0.5672009864364982	0.786367135206569	1.0	4/15	11.31%	SOX11;DYNC2I1;HOXC9;ANKRD11	GO_Biological_Process_2023
prerank	Regulation Of Epidermal Growth Factor Receptor Signaling Pathway (GO:0042058)	-0.2832363448448582	-0.9072054378587281	0.6126760563380281	0.7910667791506842	1.0	4/26	8.52%	PLAUR;RNF126;PTPRJ;CCDC88A	GO_Biological_Process_2023
prerank	Protein Modification By Small Protein Conjugation (GO:0032446)	-0.1839612646322511	-0.9062207087506392	0.8229813664596274	0.791510799438804	1.0	25/223	11.59%	PLK1;HERC6;CCNF;UBE2C;KLHL18;ISG15;UBA1;UBE2L3;GPS1;VCP;FBH1;CCAR1;DCAF15;RNF126;NAE1;IFIH1;RNF181;NSMCE4A;COPS4;FBXO4;USP5;USP7;TRIM28;DCUN1D5;RANGAP1	GO_Biological_Process_2023
prerank	Retrograde Vesicle-Mediated Transport, Golgi To Endoplasmic Reticulum (GO:0006890)	-0.25173721742702104	-0.9015605917161376	0.6328725038402457	0.8003288316077783	1.0	17/39	36.12%	ARF3;ZW10;COG7;COPG2;RER1;RINT1;ARF5;PITPNB;COG3;COPB2;STX18;GOLPH3L;SCFD1;BNIP1;COPA;TAPBP;HTT	GO_Biological_Process_2023
prerank	Negative Regulation Of Protein Localization (GO:1903828)	-0.2799131474028127	-0.9005695503056435	0.6030013642564802	0.8006914371484365	1.0	10/26	25.13%	VCP;ANKRD13A;TAX1BP3;NSFL1C;CDK9;YWHAZ;CTNNA1;UBXN2B;SIN3A;GDI2	GO_Biological_Process_2023
prerank	Neuron Projection Extension (GO:1990138)	-0.31042633181775264	-0.9004496385294566	0.5971502590673575	0.7991097917092516	1.0	10/18	38.39%	SEMA3A;CTNNB1;PPP3CB;HSP90AB1;CYFIP1;IMPACT;USP9X;LLPH;MAP1B;SSNA1	GO_Biological_Process_2023
prerank	Actin Filament Organization (GO:0007015)	-0.22779419146471389	-0.8997559468807153	0.6752136752136753	0.7987707904427325	1.0	9/64	8.74%	GAS2L3;SH3BP1;MAD2L2;MARCKSL1;DBN1;TPM3;CNN1;BIN3;SH3KBP1	GO_Biological_Process_2023
prerank	Positive Regulation Of Innate Immune Response (GO:0045089)	-0.288626606244789	-0.8985512574486745	0.6036505867014341	0.7996340654413514	1.0	5/23	11.10%	POLR3G;DHX9;POLR3B;UBE2K;IGF2BP1	GO_Biological_Process_2023
prerank	Mitotic G2/M Transition Checkpoint (GO:0044818)	-0.25389297925293935	-0.8982838219379942	0.622356495468278	0.7983997025069195	1.0	2/38	0.77%	PLK1;DEPDC1B	GO_Biological_Process_2023
prerank	Histone Deubiquitination (GO:0016578)	-0.27643067332862825	-0.8981498654071749	0.6282051282051282	0.7968731292161129	1.0	9/26	30.03%	DEPDC1B;TAF5;USP3;BARD1;SF3B5;SF3B3;ENY2;TAF6;TRRAP	GO_Biological_Process_2023
prerank	DNA Repair	-0.19982918690801738	-0.8960165944253777	0.7366071428571429	0.695144157814871	0.9995	50/126	29.97%	ARL6IP1;POLR2E;SNAPC4;NT5C;GTF3C5;SSRP1;AAAS;BCAM;NELFCD;ELOA;ADRM1;ERCC1;POLA2;SRSF6;PNP;UMPS;RAE1;POLR2D;GTF2A2;POLR1C;POLR2C;POLR2A;POLR2F;POLB;BOLA2;DUT;POLR2G;GTF2H3;USP11;POLR2I;DGUOK;UPF3B;NT5C3A;RFC3;POLA1;NELFB;RFC2;ERCC8;TP53;SF3A3;ERCC2;ALYREF;ITPA;POLD3;RAD51;MRPL40;NUDT21;SUPT5H;POLR3C;TAF6	MSigDB_Hallmark_2020
prerank	Regulation Of Mitochondrial Translation (GO:0070129)	-0.3148078034379356	-0.894378023654166	0.5982800982800983	0.8036897816096394	1.0	9/17	29.64%	C1QBP;MTG2;TRMT10C;RPUSD3;FASTKD3;MALSU1;SHMT2;MTG1;TSFM	GO_Biological_Process_2023
prerank	Regulation Of Protein Tyrosine Kinase Activity (GO:0061097)	-0.31671585475037006	-0.8934754891906967	0.5961768219832736	0.803883970106382	1.0	2/15	2.46%	LRP8;UNC119	GO_Biological_Process_2023
prerank	Nuclear-Transcribed mRNA Catabolic Process (GO:0000956)	-0.2187627073153509	-0.8930168480729554	0.6882453151618398	0.8030327569435891	1.0	23/71	28.48%	DCP1A;EXOSC9;THRAP3;RBM8A;DDX5;TNKS1BP1;CNOT1;EXOSC8;MRTO4;EXOSC10;XRN2;MAGOH;POLR2G;GSPT1;SAMD4B;MTPAP;RC3H2;UPF3B;RNPS1;CNOT3;CNOT11;CNOT9;ERI1	GO_Biological_Process_2023
prerank	Positive Regulation Of Catabolic Process (GO:0009896)	-0.23139141163998578	-0.8915933904782852	0.6895424836601307	0.8045118540434681	1.0	20/51	26.23%	VCP;FLNB;EZR;CSNK2A1;OAZ2;MSN;SNF8;RAB7A;IDE;STX5;GSK3A;RNF139;RNF41;DCAF1;NEDD4;AXIN1;NDUFA13;BARD1;PLK2;CUL4A	GO_Biological_Process_2023
prerank	Monoubiquitinated Protein Deubiquitination (GO:0035520)	-0.27610112622315475	-0.8897954344365318	0.6199158485273493	0.8066790088045394	1.0	14/26	36.02%	TAF5;USP7;USP16;USP47;SF3B5;SF3B3;USP1;RNF2;ENY2;TAF6;TRRAP;USP9X;TAF2;SUPT20H	GO_Biological_Process_2023
prerank	Energy Derivation By Oxidation Of Organic Compounds (GO:0015980)	-0.2578255732853825	-0.8837017436425226	0.6343178621659634	0.8182353843871711	1.0	17/32	35.22%	CYCS;NDUFS1;UQCRC1;COX6C;COX7B;CHCHD5;UQCRQ;COX7A2;CYC1;UQCRC2;GFPT1;COX5A;COX5B;NDUFA4;UQCR11;COX8A;GFPT2	GO_Biological_Process_2023
prerank	BMP Signaling Pathway (GO:0030509)	-0.29222201345850557	-0.8810630576937786	0.6343949044585987	0.8222642844280529	1.0	5/20	11.37%	GARS1;RGMB;ENG;DDX5;MAPK3	GO_Biological_Process_2023
prerank	Positive Regulation Of Protein Modification By Small Protein Conjugation Or Removal (GO:1903322)	-0.2234365229095529	-0.871281083487492	0.6989079563182528	0.8419461623070955	1.0	23/60	32.31%	UBE2L3;HSPBP1;HDAC3;KDM1A;GNL3;RWDD3;FBXO4;DCUN1D5;CENPS;UBQLN1;SAE1;GSK3A;FANCI;AXIN1;SUMO1;PIAS1;CUL3;HUWE1;CRY1;DERL1;GSK3B;COMMD1;PSMD10	GO_Biological_Process_2023
prerank	Regulation Of Translational Initiation (GO:0006446)	-0.2323927832613731	-0.8707636767052669	0.6944	0.8411600983746249	1.0	12/51	16.88%	RBM4;BZW2;DDX1;EIF5B;EIF3B;CDC123;KHDRBS1;BZW1;EIF4G1;EIF4G2;EIF4EBP1;RPS6KB1	GO_Biological_Process_2023
prerank	Mitotic DNA Damage Checkpoint Signaling (GO:0044773)	-0.23955297517759147	-0.8641368532925141	0.7033639143730887	0.8534906944628408	1.0	2/42	0.77%	PLK1;DEPDC1B	GO_Biological_Process_2023
prerank	Translational Elongation (GO:0006414)	-0.2560983886644858	-0.8626527211203159	0.6886792452830188	0.8547397587590323	1.0	12/32	32.10%	EIF5A;TCF25;PTRH1;GTPBP2;RNF25;KLHDC10;LTN1;TSFM;ASCC2;NEMF;GCN1;GFM1	GO_Biological_Process_2023
prerank	Regulation Of Hippo Signaling (GO:0035330)	-0.31240134721351615	-0.8613917784929541	0.6383812010443864	0.8555087635739407	1.0	2/15	2.57%	SOX11;CIT	GO_Biological_Process_2023
prerank	Negative Regulation Of DNA Binding (GO:0043392)	-0.3052654469254911	-0.8607120257955868	0.6358447488584474	0.8550465343100707	1.0	8/16	27.01%	MAD2L2;SOX11;KDM1A;JUN;IFI16;SIN3A;SUMO1;SUMO3	GO_Biological_Process_2023
prerank	Protein Quality Control For Misfolded Or Incompletely Synthesized Proteins (GO:0006515)	-0.2850917675607012	-0.8606546426941041	0.6764331210191082	0.853268239539828	1.0	6/20	29.33%	VCP;BAG6;CLPP;CUL3;YME1L1;DERL1	GO_Biological_Process_2023
prerank	Nucleotide-Excision Repair (GO:0006289)	-0.23192270499041245	-0.8577401032896612	0.7228177641653905	0.8573756780949997	1.0	20/46	34.50%	XPA;USP7;USP45;ERCC1;POLB;POLE;GTF2H3;POLR2I;GTF2H2C;POLA1;FSCN1;ERCC8;TP53;BRCA2;ERCC2;POLD3;OGG1;COMMD1;GTF2H2;TENT4A	GO_Biological_Process_2023
prerank	Maintenance Of Protein Location In Nucleus (GO:0051457)	-0.30350378417454715	-0.855168217098473	0.6556603773584906	0.8609207575205656	1.0	7/17	24.98%	SUN2;TAF8;HNRNPU;RANGAP1;SUN1;BBS4;BARD1	GO_Biological_Process_2023
prerank	Post-Translational Protein Modification (GO:0043687)	-0.24937061295821455	-0.8514934956179234	0.6947674418604651	0.8667085022585979	1.0	4/31	7.74%	CCNA2;AURKB;RPS6KA4;PARP1	GO_Biological_Process_2023
prerank	DNA-templated DNA Replication Maintenance Of Fidelity (GO:0045005)	-0.24749354716985092	-0.8497222991730424	0.7251461988304093	0.8683982892521422	1.0	12/32	30.24%	FBH1;NUCKS1;TIPIN;RFWD3;CENPS;CDK9;POLE;ASF1A;FANCM;RAD51;ATR;BLM	GO_Biological_Process_2023
prerank	Positive Regulation Of Cytoskeleton Organization (GO:0051495)	-0.24131631961400132	-0.84813572856487	0.7155172413793104	0.8697124999749986	1.0	5/36	6.39%	EDN1;SPAG5;STIL;VASP;FCHSD1	GO_Biological_Process_2023
prerank	Mitochondrial Cytochrome C Oxidase Assembly (GO:0033617)	-0.2824514496447724	-0.8465269723963059	0.661188369152971	0.8711557741069532	1.0	4/19	17.48%	COX20;COX19;PET100;FASTKD3	GO_Biological_Process_2023
prerank	Protein-Containing Complex Organization (GO:0043933)	-0.20354121169479836	-0.8453212004411942	0.8014311270125224	0.8718121282629431	1.0	21/79	17.19%	PALS2;MNAT1;TEAD2;PEX14;DHX9;GEMIN5;EPRS1;DNM1L;NUP35;ZW10;SEH1L;CARD10;NUP205;NDC1;ELOB;CREBBP;NUP54;NUP133;NUP98;PPP2R1A;KNTC1	GO_Biological_Process_2023
prerank	Regulation Of Signal Transduction By P53 Class Mediator (GO:1901796)	-0.24032967688737927	-0.8446355279185288	0.7478386167146974	0.8712527302150214	1.0	7/36	11.77%	AURKA;AURKB;PRMT5;BOP1;KMT5A;USP7;PAK1IP1	GO_Biological_Process_2023
prerank	ERAD Pathway (GO:0036503)	-0.2112290853694787	-0.8443643062789145	0.7915966386554621	0.8698908785899847	1.0	21/64	29.33%	NPLOC4;VCP;BAG6;UBXN6;RHBDD2;SGTA;USP13;RCAN3;ATF6;PSMC6;UBQLN1;ECPAS;RNF139;GET4;HSPA5;DNAJB12;UBE2J2;FAF2;FBXO17;CCDC47;DERL1	GO_Biological_Process_2023
prerank	Regulation Of Organelle Assembly (GO:1902115)	-0.22344207643236635	-0.8411794234944565	0.777947932618683	0.8743182803208848	1.0	8/46	14.37%	STIL;RAB1B;EZR;KIF9;MSN;IFT88;NF2;TBC1D9B	GO_Biological_Process_2023
prerank	Cellular Response To Type I Interferon (GO:0071357)	-0.29411043417503724	-0.8395637367215802	0.6989389920424404	0.8755898320365162	1.0	2/16	7.11%	IFIT1;MYD88	GO_Biological_Process_2023
prerank	Purine Nucleotide Biosynthetic Process (GO:0006164)	-0.3048727146179072	-0.8395482536637741	0.6974169741697417	0.8737191870050702	1.0	5/15	19.03%	PFAS;GART;MTHFD1;PPAT;PRPSAP2	GO_Biological_Process_2023
prerank	Protein Monoubiquitination (GO:0006513)	-0.2472905967059611	-0.8387631820705367	0.7261410788381742	0.8733803725539079	1.0	16/31	39.75%	RNF126;UHRF1;FANCE;RNF220;HUWE1;TRIM41;FANCB;RNF40;UBE2T;OBI1;RBX1;RAD18;FANCA;MARCHF7;FANCG;ITCH	GO_Biological_Process_2023
prerank	Platelet Aggregation (GO:0070527)	-0.27611706542107206	-0.8380474022003622	0.7010050251256281	0.8728979457234785	1.0	7/21	30.81%	CSRP1;MYH9;FIBP;MYL9;FLNA;GNAS;ACTG1	GO_Biological_Process_2023
prerank	Cellular Response To Organonitrogen Compound (GO:0071417)	-0.22562902106289123	-0.8378020021968887	0.7663398692810458	0.8714954448462114	1.0	10/44	20.10%	EGR1;EZR;ACTB;DHX8;JUP;CTNNB1;DIAPH1;LARS1;NSMF;CTNNA1	GO_Biological_Process_2023
prerank	Plasma Membrane Bounded Cell Projection Assembly (GO:0120031)	-0.18133966770617732	-0.8344643154184079	0.9083769633507853	0.8762160048174461	1.0	26/154	13.20%	HYLS1;DYNC2I1;EZR;IFT74;SCLT1;IFT46;WDR90;SHTN1;IFT57;ACTR2;TTC8;KIAA0586;KIF27;IFT122;CCDC88A;PIBF1;OFD1;CEP164;PARVB;B9D1;CFAP298;TBC1D31;DYNC2H1;IFT88;RAPGEF6;BBS7	GO_Biological_Process_2023
prerank	Mitotic Sister Chromatid Cohesion (GO:0007064)	-0.2871139697686753	-0.8303613100675749	0.723156532988357	0.8822487669142917	1.0	9/16	31.45%	SGO1;RAD21;SMC3;PDS5B;HDAC8;STAG1;NIPBL;STAG2;HASPIN	GO_Biological_Process_2023
prerank	Protein Targeting (GO:0006605)	-0.19496161459548508	-0.8277648509207854	0.8638132295719845	0.8851411917443477	1.0	13/89	11.51%	TOMM34;TOMM40;TIMM13;HACL1;ZDHHC24;TIMM10;TIMM44;CDC37;TIMM8B;DNAJC19;PITRM1;SEC61G;SEC63	GO_Biological_Process_2023
prerank	Positive Regulation Of Ubiquitin-Dependent Protein Catabolic Process (GO:2000060)	-0.21173529592149481	-0.8272674857996988	0.8012718600953895	0.8841528349721963	1.0	8/59	13.20%	PLK1;HSPBP1;VCP;RNF144B;USP5;DDA1;ELOB;BBS7	GO_Biological_Process_2023
prerank	Negative Regulation Of Proteasomal Protein Catabolic Process (GO:1901799)	-0.25122371392966175	-0.8264008053714348	0.767277856135402	0.8840043306512797	1.0	15/29	39.45%	BAG6;PSMF1;USP7;UCHL5;HSP90AB1;TLK2;GIPC1;BAG5;RPL11;USP9X;PSME3IP1;PHF20L1;USP25;MARCHF7;PARK7	GO_Biological_Process_2023
prerank	Response To Ionizing Radiation (GO:0010212)	-0.21329357893693673	-0.8243680548557365	0.799660441426146	0.885830263951738	1.0	10/57	14.17%	DEPDC1B;H2AX;MYC;ECT2;GRB2;PRKAA1;TNKS1BP1;XRCC4;RFWD3;FANCD2	GO_Biological_Process_2023
prerank	Organelle Disassembly (GO:1903008)	-0.22346931621075478	-0.8242266373321006	0.7844690966719493	0.8842145312061448	1.0	6/46	7.86%	AURKA;VCP;ATG2A;PLIN3;PRKAA1;KIF9	GO_Biological_Process_2023
prerank	Mitotic Cell Cycle Checkpoint Signaling (GO:0007093)	-0.2647507301971297	-0.8209147787283725	0.7216494845360825	0.8882901874294126	1.0	2/22	2.83%	DEPDC1B;AURKB	GO_Biological_Process_2023
prerank	Protein Ubiquitination (GO:0016567)	-0.1648184956812609	-0.8202840076514895	0.9962546816479401	0.8874822932674691	1.0	70/261	28.20%	PLK1;DEPDC1B;HERC6;CCNF;UBE2S;UBE2C;KLHL18;ISG15;UBA1;UBE2L3;DZIP3;VCP;FBH1;CCAR1;DCAF15;RNF126;PPIL2;NAE1;RNF181;UHRF1;RNF144B;FBXO4;USP5;UBE2K;USP7;DDA1;UBE2V1;FBXO28;UBE2A;RFWD3;CTNNB1;FANCE;BRAP;IRF2BP1;RNF26;ELOC;UBE3C;PRPF19;THOP1;RNF139;RNF25;RNF41;TRPC4AP;TRIP12;RC3H2;CBLL1;NEDD4;RBBP6;RNF220;FBXW11;CBFB;UBE2N;KLHL7;ANAPC7;BARD1;UBE2J2;CUL1;CUL3;CUL4A;UBR5;BIRC6;ERCC8;HUWE1;BRCA2;AMFR;TRIM41;CUL2;KCTD13;SPOP;CUL5	GO_Biological_Process_2023
prerank	Regulation Of Phosphoprotein Phosphatase Activity (GO:0043666)	-0.25303100185172533	-0.8199686272775168	0.7414965986394558	0.8861689938084681	1.0	10/26	24.82%	PPP6R2;PPP6R1;PTPA;CALM2;CALM1;HSP90AB1;MASTL;CALM3;PPP1R2;PPP6R3	GO_Biological_Process_2023
prerank	RNA Destabilization (GO:0050779)	-0.28657465714925984	-0.8178532179434169	0.7091584158415841	0.888223907574197	1.0	11/17	47.32%	RBM27;METTL16;FXR2;RBM24;FXR1;GIGYF2;RIDA;PUM1;YTHDF3;METTL14;ROCK2	GO_Biological_Process_2023
prerank	Positive Regulation Of Lamellipodium Organization (GO:1902745)	-0.2724694438117508	-0.8169417282881737	0.7380645161290322	0.8880045888023385	1.0	10/21	31.81%	ACTR2;TWF2;RAC1;CDC42;ACTR3;FSCN1;CYFIP1;SRC;WASF2;ARPC2	GO_Biological_Process_2023
prerank	Cellular Response To Metal Ion (GO:0071248)	-0.2183645674794874	-0.8166168922227692	0.8214804063860668	0.886715086170101	1.0	13/50	20.12%	MT1F;ECT2;NEK7;F3;PRKAA1;MT1X;AKT1;MAPK8;MAPK3;CPNE2;JUN;FOS;CPNE3	GO_Biological_Process_2023
prerank	Nuclear-Transcribed mRNA poly(A) Tail Shortening (GO:0000289)	-0.2816934949085453	-0.8112102828738157	0.7372986369268897	0.8945207372656864	1.0	12/17	41.74%	TNKS1BP1;SAMD4B;CNOT3;CNOT11;CNOT9;CNOT6L;CNOT8;PARN;CNOT7;CNOT2;CNOT4;CNOT6	GO_Biological_Process_2023
prerank	Protein Exit From Endoplasmic Reticulum (GO:0032527)	-0.2731059550940655	-0.8106574004175539	0.7480211081794196	0.8935973297993008	1.0	7/20	31.34%	NPLOC4;VCP;SURF4;SEC13;FAF2;DERL1;RANGRF	GO_Biological_Process_2023
prerank	Purine Ribonucleoside Triphosphate Metabolic Process (GO:0009205)	-0.26757077320460443	-0.8091774938200575	0.7627551020408163	0.8943746538399885	1.0	9/20	30.09%	ATP1B1;CLPX;NDUFS1;HSPA8;MFN1;GNAI3;HSPA1B;NADK;OPA1	GO_Biological_Process_2023
prerank	Phospholipid Dephosphorylation (GO:0046839)	-0.28443016632506835	-0.8075643984295584	0.7287705956907478	0.8953532680004598	1.0	5/16	15.56%	SYNJ2;PLPPR2;MTMR6;PMPCA;SACM1L	GO_Biological_Process_2023
prerank	Histone H3 Acetylation (GO:0043966)	-0.2437383489248493	-0.807163492288599	0.7804878048780488	0.8941793068960939	1.0	12/28	36.02%	TAF5;WDR5;POLE3;LDB1;SF3B5;SF3B3;ENY2;TAF6;TRRAP;TAF2;MBIP;SUPT20H	GO_Biological_Process_2023
prerank	Regulation Of Interferon-Alpha Production (GO:0032647)	-0.2902740834168211	-0.8069367709378399	0.7339667458432304	0.892705788912979	1.0	4/15	13.39%	PTPRS;DHX9;IFIH1;DHX36	GO_Biological_Process_2023
prerank	Cytoplasmic Microtubule Organization (GO:0031122)	-0.2442387437055575	-0.8067999195035515	0.7811217510259918	0.89110613512175	1.0	5/28	12.11%	EZR;TUBGCP5;CCDC88A;KPNB1;NUMA1	GO_Biological_Process_2023
prerank	Positive Regulation Of Hydrolase Activity (GO:0051345)	-0.1930782532808044	-0.8050775546425465	0.8541666666666666	0.892108499255032	1.0	24/80	25.80%	ARHGAP11A;SH3BP1;HMGB2;ARHGAP11B;ECT2;EZH2;RALGPS2;MAPK12;MAPK8;RAPGEF6;CALM2;RCAN3;ERBB2;CALM1;RGS7;LARS1;EVI5;CALM3;SNX9;RAPGEF2;NDUFA13;FERMT2;ITGB1;RSU1	GO_Biological_Process_2023
prerank	Regulation Of Protein Binding (GO:0043393)	-0.19201875646641414	-0.8033663132028531	0.8824593128390597	0.893158975361586	1.0	7/84	5.84%	PLK1;AURKA;IFIT1;AURKB;PEX14;PPP1CA;KDM1A	GO_Biological_Process_2023
prerank	Tail-Anchored Membrane Protein Insertion Into ER Membrane (GO:0071816)	-0.28491452391057737	-0.7995126477826068	0.7563451776649747	0.8976315768938719	1.0	6/16	24.55%	EMC10;SGTA;EMC4;EMC9;GET4;EMC8	GO_Biological_Process_2023
prerank	Endoplasmic Reticulum To Golgi Vesicle-Mediated Transport (GO:0006888)	-0.18839650130528524	-0.799202955709052	0.8957915831663327	0.896293971595811	1.0	48/95	41.89%	RAB1B;NRBP1;ZW10;ATL3;COPG2;TRAPPC6B;STX5;YKT6;SEC22C;SEC13;COG3;COPB2;COPE;VTI1A;SAR1A;HYOU1;CUL3;VAPA;COPB1;IER3IP1;TRAPPC13;TRAPPC11;TFG;GOSR2;MPPE1;COPG1;RANGRF;YIF1B;SCFD1;COPA;TRIP11;GOSR1;TMED7;ARCN1;PREB;SEC24A;CNIH4;GOLGA2;YIPF5;TEX261;TMED1;TRAPPC3;TRAPPC2L;SEC16A;TBC1D20;TRAPPC5;GBF1;KDELR2	GO_Biological_Process_2023
prerank	'De Novo' Post-Translational Protein Folding (GO:0051084)	-0.2506034538754894	-0.7974162630786462	0.7671410090556274	0.8974451742500351	1.0	12/24	30.26%	HSPA14;CCT2;DNAJC7;HSPA8;HSPA9;HSPA2;HSPA5;DNAJB12;PTGES3;HSPA1B;HSPA13;CHCHD4	GO_Biological_Process_2023
prerank	Regulation Of Protein Targeting To Mitochondrion (GO:1903214)	-0.23965250853203213	-0.7919475445619997	0.7905027932960894	0.9044311537457723	1.0	9/27	28.85%	UBE2L3;SREBF1;PARL;SAE1;GSK3A;UBE2J2;HUWE1;RNF2;ATP5IF1	GO_Biological_Process_2023
prerank	Membrane Fission (GO:0090148)	-0.23431600355210833	-0.7877606906306855	0.7994505494505495	0.9092709271324773	1.0	5/29	16.70%	EXOC6;DNM1L;VPS4A;SNF8;CHMP7	GO_Biological_Process_2023
prerank	Histone H3-K4 Methylation (GO:0051568)	-0.2633525325272682	-0.7866036677072179	0.7686472819216182	0.9091761368507197	1.0	3/19	12.33%	WDR5;HCFC1;NFYB	GO_Biological_Process_2023
prerank	Response To Metal Ion (GO:0010038)	-0.23174394979434162	-0.7855753124101597	0.8033012379642366	0.9089197357097779	1.0	11/30	23.53%	PPP1CA;ATP5F1D;MT1X;PPP2CA;CALM2;PPP5C;CALM1;AHCYL1;CALM3;LOXL2;NEDD4	GO_Biological_Process_2023
prerank	Protein Targeting To ER (GO:0045047)	-0.26161557411180103	-0.7827117664564726	0.7770859277708593	0.9114908768815949	1.0	4/20	12.15%	SRP72;SEC61G;SEC63;SGTA	GO_Biological_Process_2023
prerank	Respiratory Chain Complex IV Assembly (GO:0008535)	-0.24532699279012682	-0.7788449496000116	0.7887139107611548	0.9155079714282315	1.0	4/23	17.48%	COX20;COX19;PET100;FASTKD3	GO_Biological_Process_2023
prerank	DNA Damage Response (GO:0006974)	-0.15650847925782807	-0.7744056197530831	1.0	0.9201401344439271	1.0	83/289	26.84%	DEPDC1B;TOP2A;MAD2L2;BCLAF1;XPA;UBA1;H2AX;MNAT1;VCP;CHCHD6;FBH1;HMCES;MYC;MTREX;ALKBH3;NAE1;KDM1A;OTUB1;GRB2;NSMCE4A;CBX1;PARP1;USP3;MAPK12;POLE3;XRCC5;PSME4;TRIM28;DCUN1D5;MAPK3;CBX5;SLX1A;USP45;UBE2A;ERCC1;RFWD3;WDR76;USP16;TDP1;MCM7;CENPS;SUV39H1;CHEK1;ENDOG;TAOK1;FBXO5;BID;POLB;EP400;HDGFL2;USP47;PPP4R3B;MASTL;TLK2;PARP4;GTF2H3;CHD1L;PDS5B;XRCC2;ASH2L;KMT5B;ABL1;ALKBH1;CBX3;MCL1;TRIP12;ASF1A;CDK1;RBBP6;POLE2;VRK1;UBQLN4;BARD1;RFC3;POLA1;SUMO1;RFC2;FSCN1;CUL4A;UBR5;NIPBL;ERCC8;TP53	GO_Biological_Process_2023
prerank	Homotypic Cell-Cell Adhesion (GO:0034109)	-0.24569778389040256	-0.7738031192515514	0.7966751918158568	0.9191901087602456	1.0	7/24	30.81%	CSRP1;MYH9;FIBP;MYL9;FLNA;GNAS;ACTG1	GO_Biological_Process_2023
prerank	Regulation Of Transcription Initiation By RNA Polymerase II (GO:0060260)	-0.21108258606137958	-0.7713592076848462	0.8472834067547724	0.9208448490632771	1.0	13/42	29.97%	TAF5;TAF8;GTF2A1;MED17;DHX36;GTF2A2;MED27;MED30;MED6;MED13;MED12;MED4;TAF6	GO_Biological_Process_2023
prerank	Regulation Of Protein Neddylation (GO:2000434)	-0.2706737977882577	-0.7625183587717616	0.7873417721518987	0.9316326269372128	1.0	3/16	11.26%	GPS1;COPS4;DCUN1D5	GO_Biological_Process_2023
prerank	Protein Export From Nucleus (GO:0006611)	-0.24604987434670436	-0.7591855383916407	0.8097165991902834	0.934420498623999	1.0	12/21	40.18%	XPO1;XPO5;PKD1;XPO6;RANBP3;CSE1L;NUP214;TGFB1;NUTF2;XPO7;RAN;STYX	GO_Biological_Process_2023
prerank	Nucleic Acid Metabolic Process (GO:0090304)	-0.23782901066898077	-0.7523021227966457	0.8355795148247979	0.9418032009780554	1.0	7/23	25.50%	KPNA2;DDX1;DNA2;XRN2;RBFOX2;DDX54;DDX24	GO_Biological_Process_2023
prerank	Lipid Biosynthetic Process (GO:0008610)	-0.2182193285151089	-0.7514646102562638	0.8642659279778393	0.9410575940466561	1.0	8/33	17.34%	SREBF1;CBR4;ACSS2;PRKAA1;FASN;ACLY;DHRS11;AGPAT3	GO_Biological_Process_2023
prerank	Regulation Of Double-Strand Break Repair Via Nonhomologous End Joining (GO:2001032)	-0.2675638032359481	-0.749001959816151	0.7997542997542998	0.9423527371851602	1.0	2/15	5.19%	MAD2L2;WRAP53	GO_Biological_Process_2023
prerank	Regulation Of Lamellipodium Assembly (GO:0010591)	-0.24253260871267435	-0.747261698479143	0.8211180124223603	0.9427213653992977	1.0	11/22	34.01%	ACTR2;TWF2;RAC1;CDC42;ACTR3;FSCN1;CAPZB;CYFIP1;WASF2;ARPC2;TWF1	GO_Biological_Process_2023
prerank	Membrane Fusion (GO:0061025)	-0.25654843039288944	-0.7470613160473729	0.8256410256410256	0.9410986170402348	1.0	8/18	27.64%	GCA;DNM1L;NSFL1C;UBXN2B;VAMP3;VAPA;UBXN2A;RABIF	GO_Biological_Process_2023
prerank	Positive Regulation Of Catalytic Activity (GO:0043085)	-0.22194320425853825	-0.7428002848338723	0.867231638418079	0.944640614879015	1.0	6/29	13.95%	PHACTR4;XRCC5;MAPK8;MAPK3;XRCC4;YWHAB	GO_Biological_Process_2023
prerank	Cellular Response To Light Stimulus (GO:0071482)	-0.20557205356491937	-0.7406650328744264	0.8976377952755905	0.9453666236736686	1.0	21/43	35.56%	RUVBL2;AURKB;MYC;KDM1A;PARP1;CREBBP;DHX36;USP47;NOC2L;NEDD4;CUL4A;EP300;TP53;EIF2S1;ATR;ATF4;CDC25A;RBX1;TENT4A;NPM1;RPL26	GO_Biological_Process_2023
prerank	Regulation Of Protein Ubiquitination (GO:0031396)	-0.17569115480110473	-0.735353553331037	0.9607843137254902	0.9499159620860126	1.0	28/88	27.56%	ISG15;UBE2L3;HSPBP1;HDAC3;KDM1A;PRMT3;GTPBP4;FBXO4;AKT1;U2AF2;CENPS;CTNNB1;DNAJA1;PINX1;UBQLN1;GNL3L;HSP90AB1;GSK3A;HDAC8;FANCI;AXIN1;UBE2N;BAG5;SUMO1;CUL3;HUWE1;HSPA1B;CRY1	GO_Biological_Process_2023
prerank	Rescue Of Stalled Ribosome (GO:0072344)	-0.25519640914637337	-0.7203249720410259	0.857981220657277	0.9648892816090491	1.0	8/17	30.45%	TCF25;PTRH1;RNF25;KLHDC10;LTN1;ASCC2;NEMF;GCN1	GO_Biological_Process_2023
prerank	Organelle Assembly (GO:0070925)	-0.15107780267879933	-0.7181339210734821	0.9969135802469136	0.9652487918713278	1.0	34/202	17.32%	HYLS1;RAB1B;DYNC2I1;IFT74;SCLT1;IFT46;WDR90;IFT57;ATG2A;AP1B1;AP3B1;ACTR2;TTC8;KIAA0586;KIF27;IFT122;PIBF1;OFD1;WDR45B;CEP164;VPS4A;B9D1;CFAP298;TBC1D31;DYNC2H1;IFT88;BBS7;SNF8;IFT81;RAB7A;NSFL1C;GORASP2;CHMP7;UBQLN1	GO_Biological_Process_2023
prerank	Regulation Of Sprouting Angiogenesis (GO:1903670)	-0.23608561611526707	-0.7180414884788471	0.8605230386052304	0.9634633537075089	1.0	3/20	9.54%	GARS1;KLF2;PKM	GO_Biological_Process_2023
prerank	Protein Homotetramerization (GO:0051289)	-0.22310345724130484	-0.7174922489864956	0.8829201101928374	0.9621600725184227	1.0	5/26	13.69%	CBR4;ALDH9A1;HSD17B10;TK1;USP16	GO_Biological_Process_2023
prerank	Positive Regulation Of Substrate Adhesion-Dependent Cell Spreading (GO:1900026)	-0.23156536467164363	-0.7144159578432887	0.8789893617021277	0.9634311044388152	1.0	13/21	38.22%	C1QBP;TRIOBP;RAC1;CDC42;FERMT2;FLNA;NEDD9;CRK;CIB1;DOCK5;LIMS1;S100A10;ARHGEF7	GO_Biological_Process_2023
prerank	Negative Regulation Of Ubiquitin-Dependent Protein Catabolic Process (GO:2000059)	-0.20940835758526055	-0.7121904160361915	0.9132176234979973	0.9638462191306805	1.0	8/32	22.33%	CSNK2A1;BAG6;USP7;UCHL5;SGTA;HSP90AB1;TLK2;GIPC1	GO_Biological_Process_2023
prerank	mRNA Destabilization (GO:0061157)	-0.21085052829590178	-0.7057965448485882	0.9124487004103967	0.96843545557889	1.0	14/31	36.97%	CNOT1;DHX36;METTL16;CELF1;KHSRP;RC3H2;AGO3;FXR2;DCPS;RBM24;FXR1;TARDBP;GIGYF2;AGO2	GO_Biological_Process_2023
prerank	Golgi Vesicle Transport (GO:0048193)	-0.15420524235432329	-0.7053393739592143	1.0	0.9670280917055438	1.0	68/151	41.52%	RAB1B;NRBP1;DNM2;ARF3;SNX8;ZW10;COG7;ATL3;SURF4;COPG2;TRAPPC6B;RER1;STX5;YKT6;SEC22C;RINT1;ARF5;PITPNB;COG3;COPB2;COPE;VTI1A;VPS51;SAR1A;HYOU1;CUL3;VAPA;RABIF;COPB1;IER3IP1;ARL3;TRAPPC13;TRAPPC11;TFG;GOSR2;MPPE1;COPG1;RANGRF;STX18;NAPA;GOLPH3L;YIF1B;SCFD1;BNIP1;COPA;TRIP11;GOSR1;TAPBP;TMED7;HTT;ARCN1;PREB;SEC24A;CNIH4;GOLGA2;RAB13;YIPF5;TEX261;TMED1;TRAPPC3;SNX1;TRAPPC2L;RAB8A;SEC16A;TBC1D20;TRAPPC5;GBF1;BICD2	GO_Biological_Process_2023
prerank	Response To Interferon-Beta (GO:0035456)	-0.24473017523613888	-0.7035082381481981	0.8484076433121019	0.9669571150637777	1.0	5/16	24.60%	UBE2K;PNPT1;CALM1;IFI16;NDUFA13	GO_Biological_Process_2023
prerank	COPII-coated Vesicle Budding (GO:0090114)	-0.2037595729867719	-0.7029282776811843	0.905848787446505	0.9656029647424241	1.0	33/33	79.71%	SEC23A;PPP6C;SEC13;SAR1A;CUL3;VAPA;TRAPPC11;PREB;SEC24A;TRAPPC3;TRAPPC2L;TBC1D20;TRAPPC5;TRAPPC4;TRAPPC12;CSNK1D;SEC24D;TMED2;PEF1;TMED10;TRAPPC8;SEC23B;TRAPPC2;TRAPPC2B;SEC24B;PDCD6;VAPB;TRAPPC6A;TRAPPC1;KLHL12;MIA3;RAB1A;SEC31A	GO_Biological_Process_2023
prerank	Golgi Organization (GO:0007030)	-0.16661304444980296	-0.700205914930007	0.9853479853479854	0.9664409634451051	1.0	21/85	25.72%	NPLOC4;RAB1B;PRMT5;ZW10;COG7;ATL3;DYNC2H1;SURF4;NSFL1C;GORASP2;STX5;YWHAZ;CDC42;UBXN2B;PDCD10;COG3;CDK1;VRK1;VTI1A;BAG5;VPS51	GO_Biological_Process_2023
prerank	Regulation Of Microtubule Polymerization Or Depolymerization (GO:0031110)	-0.2562020868836169	-0.6992609993888502	0.8650990099009901	0.9654479865255197	1.0	8/15	37.91%	SKA3;SKA1;SKA2;MAPRE1;CAMSAP1;MAPRE2;MAP1B;FKBP4	GO_Biological_Process_2023
prerank	Translesion Synthesis (GO:0019985)	-0.24371106117727814	-0.6922570542232648	0.8721518987341772	0.9699285090985522	1.0	2/17	3.40%	MAD2L2;VCP	GO_Biological_Process_2023
prerank	Positive Regulation Of Transcription Elongation By RNA Polymerase II (GO:0032968)	-0.20819661216772725	-0.6900084415174724	0.9323943661971831	0.9699681626111885	1.0	7/29	22.17%	TCERG1;MED17;MED27;CDK9;SUPT6H;MED30;MED6	GO_Biological_Process_2023
prerank	Postreplication Repair (GO:0006301)	-0.2442247993736391	-0.6871456737378197	0.8751592356687898	0.9706063416357201	1.0	3/16	12.91%	VCP;UBE2V1;UBE2A	GO_Biological_Process_2023
prerank	Peptide Biosynthetic Process (GO:0043043)	-0.14981284715474893	-0.6834634739862231	0.9951807228915662	0.9717921800940731	1.0	57/138	39.02%	MRPL23;FURIN;WARS1;MRPS18C;RPS29;MRPL3;MRPL28;HARS1;RPS26;MRPL55;EIF4G1;MRPS7;MRPL35;RRBP1;SRBD1;RPS15;MRRF;RPL35;MRPS18A;GSPT1;MRPS17;DARS1;SARS1;HARS2;RPLP1;MRPL9;FARSB;MRPL14;RPL35A;RPL22;MRPL13;RPS21;RPL38;MRPS15;RPL11;RPL27;RPL37A;YARS2;MRPL43;MRPL24;RPL36;RPL26;RPL4;MRPL37;MRPL51;RPL37;RPS6KB2;MRPL42;AGO2;RPS7;MRPS18B;MRPS5;RPS23;RPS10;MRPS21;MRPL11;RPS27A	GO_Biological_Process_2023
prerank	Water-Soluble Vitamin Metabolic Process (GO:0006767)	-0.21095377580017555	-0.6824095792645485	0.9218543046357616	0.9708256678188536	1.0	2/24	5.71%	FPGS;SLC19A1	GO_Biological_Process_2023
prerank	Regulation Of Intracellular Estrogen Receptor Signaling Pathway (GO:0033146)	-0.23286596963505707	-0.6782239763091017	0.9013563501849569	0.972342421163203	1.0	6/17	31.42%	CARM1;CNOT1;UBA5;CNOT9;STRN3;UFL1	GO_Biological_Process_2023
prerank	Protein Localization To Plasma Membrane (GO:0072659)	-0.1652564921345855	-0.6611935819290703	0.9898648648648649	0.9829360275488831	1.0	14/68	19.45%	EZR;CD81;PPIL2;ATP1B1;CCDC88A;FLOT2;JUP;PIGW;RAPGEF6;BSG;ITGB1BP1;GORASP2;PALS1;LRP6	GO_Biological_Process_2023
prerank	Fatty Acid Catabolic Process (GO:0009062)	-0.18236972971057236	-0.6559835799169283	0.963302752293578	0.9845863751273999	1.0	11/40	22.76%	HSD17B10;HACL1;PCCB;ECI2;ECI1;HADHA;DECR1;ECHS1;ACAA1;ACAA2;PPARD	GO_Biological_Process_2023
prerank	Peptidyl-Lysine Methylation (GO:0018022)	-0.2291039216836251	-0.6514179275887574	0.9108910891089109	0.9856405959628156	1.0	6/16	30.92%	KMT5A;EEF1AKMT2;SUV39H1;SETD4;SETD2;SUV39H2	GO_Biological_Process_2023
prerank	Neurogenesis (GO:0022008)	-0.1966175595428924	-0.6433858772083739	0.9579945799457995	0.988657743766874	1.0	6/27	19.13%	CIT;CHAC1;WDR62;ERBB2;BTBD2;PALS1	GO_Biological_Process_2023
prerank	Signal Transduction In Response To DNA Damage (GO:0042770)	-0.1741608112089142	-0.63717913319475	0.9748148148148148	0.990395564645615	1.0	8/43	19.67%	MAD2L2;H2AX;GRB2;MAPK12;MAPK3;CHEK1;BID;PRPF19	GO_Biological_Process_2023
prerank	Ubiquitin-Dependent Protein Catabolic Process Via The Multivesicular Body Sorting Pathway (GO:0043162)	-0.19146861835556817	-0.6358286971455518	0.9667994687915007	0.9892725878020856	1.0	4/26	16.70%	RNF126;VPS4A;SNF8;CHMP7	GO_Biological_Process_2023
prerank	mRNA 3'-End Processing (GO:0031124)	-0.19065891843978283	-0.6345789171487933	0.9561042524005487	0.9880803941386102	1.0	12/30	35.34%	CSTF2;CPSF6;SCAF8;HEXIM1;MTPAP;CPSF2;SYMPK;NUDT21;CPSF1;LEO1;GRSF1;CPSF3	GO_Biological_Process_2023
prerank	Positive Regulation Of Calcium Ion Transmembrane Transporter Activity (GO:1901021)	-0.22000913358979463	-0.6214498322754397	0.9321824907521579	0.9930532483314494	1.0	5/16	21.36%	ATP1B1;CALM2;CALM1;PPP3CB;CALM3	GO_Biological_Process_2023
prerank	Regulation Of Histone Deacetylation (GO:0031063)	-0.22088318226939108	-0.6213324261210315	0.9185750636132316	0.9912504582237015	1.0	5/16	27.97%	WDR5;BAZ2A;SUV39H1;NIPBL;SMARCA5	GO_Biological_Process_2023
prerank	Protein Targeting To Membrane (GO:0006612)	-0.16641012593941798	-0.6187298486317079	0.984399375975039	0.9906019871509817	1.0	6/46	13.87%	ARL6IP1;BAG6;ZDHHC24;SEC63;SGTA;PEX19	GO_Biological_Process_2023
prerank	mRNA Polyadenylation (GO:0006378)	-0.1986334478423012	-0.6095458902837891	0.9615877080665813	0.9929195379349778	1.0	10/21	35.34%	PNPT1;SCAF8;HEXIM1;MTPAP;CPSF2;SYMPK;CPSF1;LEO1;GRSF1;CPSF3	GO_Biological_Process_2023
prerank	DNA Integrity Checkpoint Signaling (GO:0031570)	-0.17465782279853598	-0.5984136853534032	0.981294964028777	0.995579434083849	1.0	6/32	19.67%	H2AX;TIPIN;DNA2;CHEK1;CDC45;PRPF19	GO_Biological_Process_2023
prerank	Vesicle Budding From Membrane (GO:0006900)	-0.171971817252269	-0.5574893996290161	0.9820441988950276	1.0	1.0	13/26	41.24%	VPS4A;TRAPPC6B;CHMP7;SEC13;VAPA;AP2M1;TRAPPC13;GOLPH3L;S100A10;TRAPPC3;TRAPPC2L;PICALM;TRAPPC5	GO_Biological_Process_2023
prerank	Autophagy Of Nucleus (GO:0044804)	-0.19671333594175283	-0.5548647865225749	0.9585427135678392	1.0	1.0	2/15	9.32%	ATG2A;WDR45B	GO_Biological_Process_2023
prerank	Base-Excision Repair (GO:0006284)	-0.16410388942245666	-0.5490782706829566	0.9878869448183042	1.0	1.0	13/30	37.41%	XPA;DNA2;POLB;USP47;POLE;HUWE1;NEIL3;OGG1;LIG1;TDG;WRN;RPA2;POLL	GO_Biological_Process_2023
prerank	Nuclear-Transcribed mRNA Catabolic Process, Nonsense-Mediated Decay (GO:0000184)	-0.1782506020991218	-0.5364285848407635	0.9849246231155779	1.0	1.0	5/19	25.22%	RBM8A;MAGOH;GSPT1;UPF3B;RNPS1	GO_Biological_Process_2023
prerank	RNA Polyadenylation (GO:0043631)	-0.17183224939442399	-0.5360042794146673	0.9909443725743855	1.0	1.0	10/22	35.34%	PNPT1;SCAF8;HEXIM1;MTPAP;CPSF2;SYMPK;CPSF1;LEO1;GRSF1;CPSF3	GO_Biological_Process_2023
prerank	Histone Lysine Methylation (GO:0034968)	-0.17086196391691988	-0.5326309813246766	0.990728476821192	1.0	1.0	2/23	6.92%	WDR5;HCFC1	GO_Biological_Process_2023
prerank	Regulation Of Cell-Substrate Junction Assembly (GO:0090109)	-0.18193398957730167	-0.5062888660946502	0.9938800489596084	1.0	1.0	16/16	81.85%	LDB1;PTPRA;DAPK3;PTK2;RHOA;TLN1;ROCK2;CORO1C;FYN;ROCK1;VCL;DUSP3;MACF1;PEAK1;CLASP1;SLC9A1	GO_Biological_Process_2023
prerank	GPI Anchor Metabolic Process (GO:0006505)	-0.17766240265550481	-0.4951759773298613	0.986682808716707	1.0	1.0	4/15	19.08%	PIGQ;PIGW;PIGM;DPM1	GO_Biological_Process_2023
prerank	Early Endosome To Late Endosome Transport (GO:0045022)	-0.16853975418265094	-0.46736424099640694	0.9928909952606635	1.0	1.0	10/15	45.52%	SNF8;RAB7A;BECN1;HOOK3;EMP2;ATG14;RAB5A;PIK3C3;ANKRD27;PIK3R4	GO_Biological_Process_2023
prerank	Vesicle-Mediated Transport Between Endosomal Compartments (GO:0098927)	-0.16853975418265094	-0.46736424099640694	0.9928909952606635	1.0	1.0	10/15	45.52%	SNF8;RAB7A;BECN1;HOOK3;EMP2;ATG14;RAB5A;PIK3C3;ANKRD27;PIK3R4	GO_Biological_Process_2023
prerank	Monoubiquitinated Histone H2A Deubiquitination (GO:0035522)	-0.14953082654639005	-0.45454331110985824	0.9973579920739762	0.9998362533887358	1.0	9/20	36.02%	TAF5;SF3B5;SF3B3;RNF2;ENY2;TAF6;TRRAP;TAF2;SUPT20H	GO_Biological_Process_2023
prerank	Monoubiquitinated Histone Deubiquitination (GO:0035521)	-0.14953082654639005	-0.45454331110985824	0.9973579920739762	0.9998362533887358	1.0	9/20	36.02%	TAF5;SF3B5;SF3B3;RNF2;ENY2;TAF6;TRRAP;TAF2;SUPT20H	GO_Biological_Process_2023
prerank	Vesicle Cargo Loading (GO:0035459)	-0.157498552403011	-0.44578132988513625	0.9913686806411838	0.9984248219645666	1.0	16/16	84.29%	SEC23A;SEC13;SAR1A;SEC24A;PICALM;TBC1D20;SEC24D;TMED2;TMED10;SEC23B;MIA2;SEC24B;MIA3;RAB1A;SEC31A;KIF13A	GO_Biological_Process_2023
prerank	Late Endosome To Vacuole Transport Via Multivesicular Body Sorting Pathway (GO:0032511)	0.14237720111214092	0.3795205282865542	0.999168744804655	0.9996405520832853	1.0	19/19	85.79%	LEPROT;STAM;TMEM50B;CHMP5;VPS37A;VPS36;STAM2;TMEM50A;PTPN23;MVB12A;TSG101;VPS28;UBAP1;HGS;VTA1;VPS25;LEPROTL1;CHMP7;SNF8	GO_Biological_Process_2023
prerank	Protein K48-linked Ubiquitination (GO:0070936)	0.11423717436190839	0.38737048017647213	1.0	1.0	1.0	17/55	32.90%	TNFAIP3;KBTBD7;NEDD4L;RNF146;TTC3;UBE2B;IFI27;TRIM32;BFAR;UBE2G2;ZNRF1;UBE2E2;MYCBP2;UBE2D3;UBE2H;TRIM21;UBE2D4	GO_Biological_Process_2023
prerank	DNA Damage Checkpoint Signaling (GO:0000077)	0.1409786109998607	0.4150647343835307	0.9976599063962559	1.0	1.0	6/27	25.04%	ERCC6;USP28;CHEK2;DONSON;HUS1;MRPL36	GO_Biological_Process_2023
prerank	Cytoplasmic Translation (GO:0002181)	0.11547452636091257	0.42048059849561326	1.0	1.0	1.0	35/92	37.63%	EIF4A2;RPL22L1;RPL41;RPS19;RPS4X;RPL10;RPL9;UBA52;RPS3A;RPL18A;RPL12;RPL8;RPS20;RPS5;RPL7A;RPL3;RPL7;RPL13;RPL5;RPL29;RPL17;RPS3;RPL31;RPSA;RPS9;RPL27A;RWDD1;RACK1;RPS11;RPS25;RPS6;RPL13A;RPS24;RPL15;RPS15A	GO_Biological_Process_2023
prerank	Macromolecule Biosynthetic Process (GO:0009059)	0.11334953094630176	0.44379826010158113	1.0	1.0	1.0	2/159	0.90%	APOE;GAL3ST4	GO_Biological_Process_2023
prerank	Intracellular Steroid Hormone Receptor Signaling Pathway (GO:0030518)	0.16109884585160728	0.45952859203234153	0.9959546925566343	1.0	1.0	3/24	15.84%	PMEPA1;CALCOCO1;PLPP1	GO_Biological_Process_2023
prerank	Vesicle Coating (GO:0006901)	0.15874304267161404	0.46225732876134806	0.9936658749010293	1.0	1.0	27/27	84.18%	AP3S1;AP3M2;AP3S2;KLHL12;TRAPPC1;TRAPPC6A;PDCD6;TRAPPC2B;TRAPPC2;TRAPPC8;TMED10;PEF1;TMED2;TRAPPC10;CSNK1D;TRAPPC12;TRAPPC4;TRAPPC5;TRAPPC2L;TRAPPC3;PREB;AP3D1;TRAPPC11;TRAPPC13;CUL3;PPP6C;TRAPPC6B	GO_Biological_Process_2023
prerank	Multivesicular Body Assembly (GO:0036258)	0.16606415045169937	0.4654502068292346	0.9903303787268332	1.0	1.0	4/23	22.30%	CHMP4A;CHMP1B;STAM;CHMP3	GO_Biological_Process_2023
prerank	Multivesicular Body Organization (GO:0036257)	0.16530354659699287	0.46799492999037673	0.9952038369304557	1.0	1.0	4/24	22.30%	CHMP4A;CHMP1B;STAM;CHMP3	GO_Biological_Process_2023
prerank	Modulation By Host Of Viral Genome Replication (GO:0044827)	0.18211519916432758	0.47578606665893486	0.9898734177215189	1.0	1.0	5/17	26.90%	ZFYVE1;FBXL2;IFI27;EIF2AK4;PPIB	GO_Biological_Process_2023
prerank	Regulation Of Protein Export From Nucleus (GO:0046825)	0.18288023935908576	0.47773671256973765	0.9882845188284519	1.0	1.0	4/16	24.60%	IL1B;GAS6;IFI27;SP100	GO_Biological_Process_2023
prerank	Nuclear Membrane Reassembly (GO:0031468)	0.1798232993984335	0.48110694580241553	0.9911147011308562	1.0	1.0	4/18	22.30%	REEP3;CHMP4A;CHMP1B;CHMP3	GO_Biological_Process_2023
prerank	Retrograde Transport, Endosome To Golgi (GO:0042147)	0.14263798316128573	0.4847196650440642	0.9985734664764622	1.0	1.0	9/60	20.93%	RAB29;RAB9A;WASHC2A;WASHC2C;GCC2;CLN5;SNX2;ARL1;RHOBTB3	GO_Biological_Process_2023
prerank	Endomembrane System Organization (GO:0010256)	0.12781561432622238	0.4890221677657165	1.0	1.0	1.0	22/125	23.11%	PLEKHF1;RAB29;OPTN;SQSTM1;SRGN;REEP3;ARHGAP21;HOOK2;LAMTOR1;VPS11;LYSMD3;PRKD1;CAV2;SERP1;LEMD2;ARL1;LNPK;SEC31A;TMED4;SLC9A3R1;TLCD1;TMEM170A	GO_Biological_Process_2023
prerank	Regulation Of Ubiquitin-Dependent Protein Catabolic Process (GO:2000058)	0.16522875474151408	0.508711151888479	0.9930124223602484	1.0	1.0	3/31	10.35%	PML;L3MBTL3;HIPK2	GO_Biological_Process_2023
prerank	Cellular Response To Calcium Ion (GO:0071277)	0.19039191605835415	0.5319989243270135	0.9785123966942149	1.0	1.0	8/22	30.10%	WNT5A;CAMK2D;SMPD1;MCOLN1;BRAF;PPIF;PKD2;CPNE7	GO_Biological_Process_2023
prerank	Regulation Of mRNA Catabolic Process (GO:0061013)	0.17082964841524284	0.5400669947649733	0.9909297052154195	1.0	1.0	3/37	10.11%	ZFP36L1;PRR5L;ZFP36	GO_Biological_Process_2023
prerank	Response To UV (GO:0009411)	0.1538739966305597	0.5484560168336595	0.9979310344827587	1.0	1.0	19/77	25.93%	IL12A;TRIAP1;DDB2;GPX1;PCNA;PTPRK;SMPD1;ZRANB3;PCLAF;POLH;MAP4K3;USP28;UBE2B;PRIMPOL;TRIM32;CUL4B;EIF2AK4;TP53I13;PRKCD	GO_Biological_Process_2023
prerank	Positive Regulation Of TORC1 Signaling (GO:1904263)	0.21443608800687036	0.5512600809894465	0.968103448275862	1.0	1.0	6/16	28.22%	FLCN;RRAGB;GPR137;PIP4P1;STAMBPL1;RNF167	GO_Biological_Process_2023
prerank	Substrate Adhesion-Dependent Cell Spreading (GO:0034446)	0.20294335033877942	0.5520187256043498	0.9653543307086614	1.0	1.0	7/21	25.15%	FN1;PIK3R1;ITGA4;FER;LPXN;LAMC1;ITGAV	GO_Biological_Process_2023
prerank	RNA Biosynthetic Process (GO:0032774)	0.19719859856546618	0.558981365772849	0.9701492537313433	1.0	1.0	5/24	18.04%	ZFP36L1;TCEA2;NAT14;TAF10;PRIM2	GO_Biological_Process_2023
prerank	Selective Autophagy (GO:0061912)	0.17370043529250725	0.5625572961409904	0.9886792452830189	1.0	1.0	14/42	30.68%	SQSTM1;RNF213;TEX264;CALR;AUP1;SNX7;WDFY3;TAFAZZIN;MAP1LC3B;PEX2;ATM;STK3;STING1;ULK3	GO_Biological_Process_2023
prerank	Positive Regulation Of Cation Channel Activity (GO:2001259)	0.21469729377539937	0.5638218769890376	0.9560530679933665	1.0	1.0	3/18	12.88%	EDNRA;STAC;GSTO1	GO_Biological_Process_2023
prerank	Endoplasmic Reticulum Organization (GO:0007029)	0.18150115709207454	0.5648411964908796	0.9806051202482544	1.0	1.0	11/35	30.25%	TRAM1;REEP3;GET1;CAV2;LNPK;SEC31A;CAMLG;TMEM170A;JAGN1;EIF2AK3;MIA3	GO_Biological_Process_2023
prerank	Regulation Of Cell Morphogenesis (GO:0022604)	0.21157695762632978	0.5656469346494242	0.9534136546184739	1.0	1.0	4/18	17.76%	FMNL2;SH3D19;NOL3;CD44	GO_Biological_Process_2023
prerank	mRNA Transcription (GO:0009299)	0.19051299641103414	0.5710579516619937	0.9808722264728386	1.0	1.0	1/31	1.31%	PPARG	GO_Biological_Process_2023
prerank	Positive Regulation Of Protein Targeting To Mitochondrion (GO:1903955)	0.20522035682876572	0.5791055142010247	0.9618506493506493	1.0	1.0	4/23	16.16%	HTRA2;VPS11;LEPROT;FBXW7	GO_Biological_Process_2023
prerank	Cognition (GO:0050890)	0.22737623466570955	0.5791090304321851	0.9558333333333333	1.0	1.0	2/15	9.46%	CTNS;METTL23	GO_Biological_Process_2023
prerank	Regulation Of Fibroblast Migration (GO:0010762)	0.22487135124813934	0.5808937321766477	0.9485232067510548	1.0	1.0	2/16	9.06%	PRR5L;THBS1	GO_Biological_Process_2023
prerank	Negative Regulation Of Type I Interferon Production (GO:0032480)	0.20456526490227317	0.589617372085448	0.9596375617792422	1.0	1.0	3/23	11.56%	PYCARD;RELB;CYLD	GO_Biological_Process_2023
prerank	Protein Localization To Lysosome (GO:0061462)	0.20610104834024834	0.595197835354425	0.9698451507742462	0.9992207408567806	1.0	6/25	23.59%	SCARB2;M6PR;GCC2;GLMP;LAMTOR4;AP4M1	GO_Biological_Process_2023
prerank	Protein Polyubiquitination (GO:0000209)	0.15162192918708825	0.5953054304972991	1.0	1.0	1.0	24/155	19.99%	TRIM22;MDM2;TNFAIP3;DDB2;ANAPC13;RNF19B;RNF213;RUSC1;FBXO22;TRAF5;TRIM8;TRAF4;TRAF3IP2;WSB1;KBTBD7;NEDD4L;RNF146;TTC3;STUB1;RMND5A;RNF135;ZNF738;UBE2B;UBE2L6	GO_Biological_Process_2023
prerank	Metallo-Sulfur Cluster Assembly (GO:0031163)	0.21102295748517688	0.5955287241922756	0.9605911330049262	1.0	1.0	4/23	17.54%	ISCU;BOLA1;FDX2;CIAO2A	GO_Biological_Process_2023
prerank	Iron-Sulfur Cluster Assembly (GO:0016226)	0.21102295748517688	0.5955287241922756	0.9605911330049262	1.0	1.0	4/23	17.54%	ISCU;BOLA1;FDX2;CIAO2A	GO_Biological_Process_2023
prerank	Chaperone Cofactor-Dependent Protein Refolding (GO:0051085)	0.216759213745454	0.5964782932157091	0.9439024390243902	1.0	1.0	2/20	4.99%	DNAJB4;DNAJC18	GO_Biological_Process_2023
prerank	Regulation Of Proteolysis Involved In Protein Catabolic Process (GO:1903050)	0.22288544351780712	0.5984079405315302	0.9407839866555463	1.0	1.0	2/18	6.91%	GPX1;CTSC	GO_Biological_Process_2023
prerank	Positive Regulation Of RNA Metabolic Process (GO:0051254)	0.20692193528767225	0.6001554242783311	0.9577235772357724	1.0	1.0	9/25	26.40%	IL1B;HRAS;PIK3R1;HABP4;SLC38A2;DXO;NFKB1;NMD3;TRMT112	GO_Biological_Process_2023
prerank	Fatty Acid Biosynthetic Process (GO:0006633)	0.2086969692222933	0.6045506872995696	0.9536585365853658	1.0	1.0	5/26	19.28%	HACD4;FADS1;GPX4;FADS3;ABHD2	GO_Biological_Process_2023
prerank	Protein Secretion (GO:0009306)	0.20125747042778597	0.6074502247306192	0.9564528899445764	1.0	1.0	11/30	31.45%	LTBP2;PDIA4;SEL1L;ARFGAP3;PORCN;WLS;TMEM167A;AP1S1;RAB8B;MIA3;TVP23B	GO_Biological_Process_2023
prerank	GPI Anchor Biosynthetic Process (GO:0006506)	0.22331272808152236	0.6083817332506413	0.9359605911330049	1.0	1.0	5/19	20.95%	PIGL;GPAA1;PIGP;PIGK;PIGH	GO_Biological_Process_2023
prerank	Peptidyl-Threonine Phosphorylation (GO:0018107)	0.1941235898194656	0.6085804545753638	0.966820987654321	1.0	1.0	7/36	19.81%	TGFBR2;CAMK2D;HIPK2;DYRK3;PRKD1;TBK1;HIPK3	GO_Biological_Process_2023
prerank	Protein Insertion Into ER Membrane (GO:0045048)	0.2132043514906724	0.6105706738218174	0.9528455284552846	1.0	1.0	7/26	25.14%	TRAM1;GET1;RAB5IF;TMEM147;UBL4A;CAMLG;EMC7	GO_Biological_Process_2023
prerank	Positive Regulation Of Response To Biotic Stimulus (GO:0002833)	0.22429064506029314	0.6151745871700082	0.9366666666666666	1.0	1.0	6/20	23.63%	LY96;RIOK3;GRN;SLC15A4;EMILIN1;POLR3D	GO_Biological_Process_2023
prerank	Response To Retinoic Acid (GO:0032526)	0.22392263714278696	0.6156519703800801	0.9327242524916943	1.0	1.0	4/20	14.62%	WNT5A;HTRA2;PTK7;WNT5B	GO_Biological_Process_2023
prerank	Response To Calcium Ion (GO:0051592)	0.19473701556576314	0.6191868059052472	0.9614220877458396	1.0	1.0	8/39	20.31%	WNT5A;CAMK2D;THBS1;CAV1;SMPD1;TRPC1;MCOLN1;SEC31A	GO_Biological_Process_2023
prerank	Response To Peptide (GO:1901652)	0.24483049525656198	0.6248788262849622	0.9267461669505963	1.0	1.0	4/15	20.16%	STAT2;IRS1;GNAI1;STAT3	GO_Biological_Process_2023
prerank	Peptidyl-Lysine Modification (GO:0018205)	0.18498654011211377	0.629944886444337	0.980349344978166	0.9987112488400749	1.0	12/58	23.66%	MDM2;PML;HDAC9;UHRF2;KAT2B;NSMCE1;EEF1AKMT1;PLOD2;KIAA1586;SLF1;SLF2;VIPAS39	GO_Biological_Process_2023
prerank	TOR Signaling (GO:0031929)	0.22560038589061165	0.6299723190880077	0.9427385892116182	0.9998055925904191	1.0	7/23	25.77%	PRR5L;FLCN;LAMTOR1;LAMTOR3;LAMTOR4;EIF4EBP2;FNIP1	GO_Biological_Process_2023
prerank	Regulation Of Cilium Assembly (GO:1902017)	0.2071194660764737	0.6344625211755643	0.956027293404094	0.9981435575529545	1.0	10/36	25.47%	TBC1D2B;CYLD;TBC1D8;TBC1D1;IFT20;PPP1R35;INTU;CCP110;TBC1D7;YAP1	GO_Biological_Process_2023
prerank	Organelle Transport Along Microtubule (GO:0072384)	0.2150822993761145	0.634885194782423	0.9482352941176471	0.9989817458400698	1.0	3/28	9.73%	BLOC1S2;TRAK2;ARHGAP21	GO_Biological_Process_2023
prerank	DNA Synthesis Involved In DNA Repair (GO:0000731)	0.236487077244262	0.6393107456574991	0.9077834179357022	0.9971845963125523	1.0	5/19	21.43%	RRM2B;PCNA;PCLAF;POLH;PRIMPOL	GO_Biological_Process_2023
prerank	Maintenance Of Protein Localization In Organelle (GO:0072595)	0.2508237486998428	0.639866073995254	0.9176882661996497	0.997913557795272	1.0	5/15	25.03%	PML;ARL2;CHCHD10;SUPT7L;TAF3	GO_Biological_Process_2023
prerank	Ubiquitin-Dependent ERAD Pathway (GO:0030433)	0.189851375723812	0.6403217704240817	0.9599703484062269	0.9987293437219743	1.0	16/51	26.84%	DNAJB9;UBXN8;STUB1;CALR;ERLIN2;SEL1L;FOXRED2;DERL2;DNAJB2;AUP1;STT3B;HSP90B1;UFD1;HERPUD1;RNF103;UBE2G2	GO_Biological_Process_2023
prerank	Protein Tetramerization (GO:0051262)	0.21003517644086261	0.6447461610559263	0.945468509984639	0.9968731735566959	1.0	2/35	2.70%	SNCA;SOD2	GO_Biological_Process_2023
prerank	Negative Regulation Of Receptor-Mediated Endocytosis (GO:0048261)	0.2460376622852401	0.6492673204921433	0.9022491349480969	0.9947702837556408	1.0	5/18	18.51%	APP;APOC1;LRPAP1;SDCBP;ANKRD13D	GO_Biological_Process_2023
prerank	mRNA Transcription By RNA Polymerase II (GO:0042789)	0.22823674121124235	0.6633251964194504	0.9095163806552262	0.9851203720720636	1.0	1/27	1.31%	PPARG	GO_Biological_Process_2023
prerank	Cellular Nitrogen Compound Biosynthetic Process (GO:0044271)	0.26076778155941654	0.6654598134544194	0.8737623762376238	0.9845164459746413	1.0	2/15	7.62%	ASAH1;GCHFR	GO_Biological_Process_2023
prerank	Stem Cell Differentiation (GO:0048863)	0.251500789037865	0.6658097888264768	0.8920225624496374	0.985341382876806	1.0	4/17	14.36%	KIT;HMGA2;MLLT3;HOXB4	GO_Biological_Process_2023
prerank	Regulation Of Heart Contraction (GO:0008016)	0.25301076508240566	0.6674627226933652	0.8848484848484849	0.9850406297741024	1.0	5/17	23.93%	CELF2;CAMK2D;TRPC1;ATP2B1;ATP2A2	GO_Biological_Process_2023
prerank	Negative Regulation Of Response To Endoplasmic Reticulum Stress (GO:1903573)	0.25992569032701407	0.681202440432209	0.8870829769033362	0.9743418875659329	1.0	1/17	3.61%	BCL2L1	GO_Biological_Process_2023
prerank	Autophagosome Maturation (GO:0097352)	0.222418760996223	0.6853619250405163	0.9174242424242425	0.971617259329874	1.0	11/34	23.93%	MAP1LC3A;CHMP4A;LAMP2;UVRAG;EPG5;CHMP1B;SNAP29;CHMP3;VAMP8;VIPAS39;ATP2A2	GO_Biological_Process_2023
prerank	Negative Regulation Of Proteolysis Involved In Protein Catabolic Process (GO:1903051)	0.25786485316488983	0.686874056786655	0.8716271463614064	0.9712577531820036	1.0	3/17	12.06%	PML;HIPK2;OPHN1	GO_Biological_Process_2023
prerank	Calcium Ion Transmembrane Transport (GO:0070588)	0.23665745611905367	0.6922457500407778	0.8791565287915653	0.9671361744608667	1.0	11/27	29.72%	TRPM7;TRPC1;GAS6;MCOLN1;ATP2B1;TRPV2;ATP2A2;ITGAV;MCUR1;FKBP1A;PKD2	GO_Biological_Process_2023
prerank	Protein Secretion	0.19385291299725635	0.6945908332591482	0.9441036128152692	0.9471943048576215	1.0	23/82	24.68%	IGF2R;CTSC;RAB9A;CLTA;M6PR;LAMP2;AP3S1;CAV2;ATP1A1;CLN5;SNX2;SEC22B;STAM;PAM;SEC31A;GOLGA4;ARFGAP3;MON2;DST;SCAMP1;ARFGEF2;STX12;SGMS1	MSigDB_Hallmark_2020
prerank	Purine Ribonucleotide Metabolic Process (GO:0009150)	0.2209935500967792	0.6956300809268356	0.9057187017001546	0.9647907690083083	1.0	8/39	16.13%	CTNS;ACSF2;TPST2;GMPR2;TPST1;RAB23;NT5E;EPHA2	GO_Biological_Process_2023
prerank	Regulation Of Myeloid Cell Differentiation (GO:0045637)	0.27427177315271045	0.697265589095715	0.8567774936061381	0.9641951342533088	1.0	1/15	1.84%	MAFB	GO_Biological_Process_2023
prerank	Negative Regulation Of Protein Catabolic Process (GO:0042177)	0.22392077584772888	0.701287201338134	0.8896551724137931	0.9611367887647518	1.0	6/38	15.03%	SNCA;CST3;TIMP2;OPHN1;TIMP3;ATRAID	GO_Biological_Process_2023
prerank	ERBB Signaling Pathway (GO:0038127)	0.23669893057073044	0.703073127130197	0.8861066235864298	0.9603581342595588	1.0	2/26	6.03%	AREG;EFEMP1	GO_Biological_Process_2023
prerank	Regulation Of Cytoskeleton Organization (GO:0051493)	0.20212661766458337	0.7069386914942044	0.9330985915492958	0.9573050087968488	1.0	9/65	11.81%	BAIAP2L1;DAAM2;PDGFA;LRP1;PLXNB1;PDGFRB;CYLD;NEXN;HRAS	GO_Biological_Process_2023
prerank	Regulation Of Cellular Biosynthetic Process (GO:0031326)	0.22027513115189226	0.7072806505456416	0.8966292134831461	0.9580374368615366	1.0	7/43	9.31%	CXCL8;CTNS;APP;JAK2;CD47;PDGFA;ING4	GO_Biological_Process_2023
prerank	Regulation Of DNA Binding (GO:0051101)	0.2303780037870757	0.7092378203689553	0.8788355625491738	0.9570019991283144	1.0	6/32	12.31%	PPARG;CDT1;JAK2;NFKBIA;HMGA2;HABP4	GO_Biological_Process_2023
prerank	Chaperone-Mediated Protein Complex Assembly (GO:0051131)	0.2790817817532264	0.7134374962309199	0.8504347826086956	0.9534195495568945	1.0	1/15	2.46%	HOPX	GO_Biological_Process_2023
prerank	Actin Cytoskeleton Reorganization (GO:0031532)	0.23860895451129538	0.7136951085752576	0.8843167701863354	0.9542099233540156	1.0	5/31	13.95%	KIT;SIPA1L1;MINK1;TNIK;PTK7	GO_Biological_Process_2023
prerank	Regulation Of Protein Localization (GO:0032880)	0.21799807817421116	0.714634910419272	0.8999264164827079	0.9541900633312265	1.0	7/47	16.16%	TRIM22;MMD;GPC1;RAB9A;DVL3;CTSD;FBXW7	GO_Biological_Process_2023
prerank	Positive Regulation Of DNA Binding (GO:0043388)	0.26822002954266844	0.7151589138888883	0.8380634390651085	0.9546975084118898	1.0	2/18	5.64%	PPARG;TWIST1	GO_Biological_Process_2023
prerank	Embryonic Limb Morphogenesis (GO:0030326)	0.27916675383333583	0.7205779468365082	0.8219852337981952	0.9495794083896596	1.0	2/16	5.64%	GLI3;TWIST1	GO_Biological_Process_2023
prerank	Protein-Containing Complex Assembly (GO:0065003)	0.17618674707016804	0.7212451903054877	0.9771796372147454	0.9498905663301818	1.0	30/213	17.14%	FAS;MDM2;CLDN1;SNCA;CASP1;LIN7A;HOPX;FN1;ANGPT1;PML;PDE4DIP;WASF3;VAMP1;CHMP4A;DMD;CASP4;CLTA;NPC1;GPAA1;TSPAN4;COX7A2L;GPX4;MITF;CHCHD10;UVRAG;NOL3;RAB5IF;OMA1;SRPRB;COL16A1	GO_Biological_Process_2023
prerank	Peptidyl-Proline Modification (GO:0018208)	0.2735204327942477	0.7219604702666822	0.8173400673400674	0.9501238174924043	1.0	5/17	27.80%	PPIC;FKBP7;PPIB;FKBP1A;PPIF	GO_Biological_Process_2023
prerank	Epidermis Development (GO:0008544)	0.28145043315990126	0.7281039166518127	0.8205128205128205	0.9438349935076571	1.0	1/16	1.48%	EDA2R	GO_Biological_Process_2023
prerank	Negative Regulation Of Protein Modification By Small Protein Conjugation Or Removal (GO:1903321)	0.2332626019897612	0.7334604568621962	0.8582202111613876	0.9383213818661991	1.0	6/40	13.86%	TNFAIP3;SQSTM1;SOX4;IVNS1ABP;CAV1;NXN	GO_Biological_Process_2023
prerank	Protein Localization To Cell Periphery (GO:1990778)	0.2076151090701256	0.7359143172694586	0.9014778325123153	0.9363246209706075	1.0	25/74	30.04%	LIN7A;PLEKHF1;ANK1;RAB29;TNIK;CAV1;PACS2;TSPAN5;EPHA2;LRPAP1;IKBKB;GAS6;PDZD11;TTC7B;SLC9A3R1;AP4M1;FLOT1;FCHO2;PKP2;WDR19;MYO5A;RAB40B;RAB8B;TNFRSF1A;C2CD5	GO_Biological_Process_2023
prerank	Positive Regulation Of Endothelial Cell Migration (GO:0010595)	0.21735552694684132	0.7370394655420311	0.8875181422351234	0.9359847603307146	1.0	14/54	21.03%	KDR;ANGPT1;WNT5A;FOXC2;RRAS;THBS1;BMP4;HSPB1;PRKD1;FGF1;AKT3;CALR;HIF1A;GRN	GO_Biological_Process_2023
prerank	Protein Localization To Organelle (GO:0033365)	0.20172248686274877	0.7401361628506672	0.9072305593451568	0.9331158634979871	1.0	18/88	19.26%	MDM2;OPTN;MICALL1;TRAM1;LAMP1;WASHC2A;WASHC2C;TSPAN10;BMP4;SYS1;COL1A1;GCC2;PPP1R15A;GET1;IFT20;BBS2;CALR;ARL1	GO_Biological_Process_2023
prerank	Protein Transport (GO:0015031)	0.1828718751112113	0.7416749650243316	0.9669226225634967	0.9322622292475751	1.0	66/208	31.81%	APOE;PPARG;ARL4C;STX3;SCG5;RAB38;RAB29;OPTN;LTBP2;VAMP5;ARRDC2;LRP1;ERP29;RUFY1;LAMP2;RAB23;SYS1;GCC2;PDIA4;RAB32;KIF13A;VPS26C;CHMP1B;BBS2;ARL1;MCOLN1;SEC31A;SEL1L;GOLGA4;COPZ1;TMED4;VAMP2;CTSA;ARFGAP3;CHMP3;STX4;SNX7;AP4M1;SCAMP1;VIPAS39;HSP90B1;STX12;WLS;STXBP3;TMEM167A;RAB1A;RAB28;FAM91A1;NSF;DENND10;ARRDC3;ARF6;TIMM21;RAB8B;USO1;TOM1;SNX13;RAB21;MIA3;CTTN;STX17;RABL2B;TVP23B;TIMM17B;STX8;CEP290	GO_Biological_Process_2023
prerank	Glycerophospholipid Biosynthetic Process (GO:0046474)	0.21989332565746406	0.7424997462982561	0.882051282051282	0.9322441991620969	1.0	7/55	13.22%	INPP5D;DGKA;LCAT;SLC44A1;CHPT1;ABHD4;PCYT2	GO_Biological_Process_2023
prerank	Establishment Of Protein Localization To Vacuole (GO:0072666)	0.2764504443913438	0.7437081398064576	0.8031825795644891	0.9317443786909431	1.0	4/18	24.06%	VPS8;VPS41;STAM;VPS13C	GO_Biological_Process_2023
prerank	Phosphatidylinositol Biosynthetic Process (GO:0006661)	0.22331751053047555	0.7469557249193034	0.8583941605839416	0.9285320998747436	1.0	9/52	21.01%	INPP5D;IP6K3;PIGL;PIK3R1;PIGP;INPP4B;PTEN;PIGH;TTC7B	GO_Biological_Process_2023
prerank	Lysosome Localization (GO:0032418)	0.26601605988396493	0.7478403481240411	0.8211256746337703	0.92846058765509	1.0	5/24	12.41%	KIT;BLOC1S2;FLCN;LAMTOR1;SYTL4	GO_Biological_Process_2023
prerank	Establishment Of Protein Localization To Extracellular Region (GO:0035592)	0.2671789839992373	0.7498659764941356	0.8314332247557004	0.9267855604755727	1.0	8/21	31.45%	LTBP2;PDIA4;SEL1L;ARFGAP3;TMEM167A;RAB8B;MIA3;TVP23B	GO_Biological_Process_2023
prerank	Autophagosome Assembly (GO:0000045)	0.23085694309687196	0.756075879022941	0.8498563218390804	0.9192681272637293	1.0	7/49	13.78%	ATG16L2;ELAPOR1;WIPI1;GABARAP;MAP1LC3A;PACS2;RAB23	GO_Biological_Process_2023
prerank	Positive Regulation Of Leukocyte Mediated Cytotoxicity (GO:0001912)	0.2910022726457393	0.7574877384409189	0.7902397260273972	0.9183754849236668	1.0	4/16	21.57%	IL12A;LAMP1;ULBP2;MICB	GO_Biological_Process_2023
prerank	Plasma Membrane Bounded Cell Projection Morphogenesis (GO:0120039)	0.259423609253941	0.757605807938677	0.8160190325138779	0.9193016892324879	1.0	4/27	10.20%	SGK1;MINK1;PLXNB1;TNIK	GO_Biological_Process_2023
prerank	Regulation Of Substrate Adhesion-Dependent Cell Spreading (GO:1900024)	0.2535245572827677	0.7593707024266857	0.8128834355828221	0.9178639906949887	1.0	4/31	12.16%	FBLN1;MDK;CARMIL1;WASHC2C	GO_Biological_Process_2023
prerank	Monocarboxylic Acid Transport (GO:0015718)	0.2754549843797992	0.7616334673578329	0.7851239669421488	0.9157099952305146	1.0	1/20	0.99%	SLC16A12	GO_Biological_Process_2023
prerank	Type I Interferon-Mediated Signaling Pathway (GO:0060337)	0.3014975489616854	0.7616966766094122	0.7889983579638752	0.9166983244582103	1.0	5/15	24.60%	STAT2;TBK1;IFITM3;IFI27;SP100	GO_Biological_Process_2023
prerank	Cellular Response To Radiation (GO:0071478)	0.2575670974886876	0.7619883106311586	0.8254091971940763	0.9173473342795182	1.0	3/30	8.63%	CDKN1A;SPIDR;OPN3	GO_Biological_Process_2023
prerank	Macromolecule Modification (GO:0043412)	0.2271603701884727	0.7624292384038054	0.8544802867383513	0.9177612906897863	1.0	19/55	25.97%	MANBA;ST3GAL6;PLAT;RABGGTB;CPE;FBXO22;FBXL2;SLC35A1;CDKL3;SERP1;UBL4A;PLOD2;UBE2L6;PIGH;NTAQ1;UBA52;ABL2;LCMT1;RABGGTA	GO_Biological_Process_2023
prerank	Organelle Organization (GO:0006996)	0.18575644112401796	0.7696126516541388	0.9441244239631337	0.9083285890386542	1.0	42/253	20.41%	APOE;TNFAIP3;CCL2;GEM;PLEKHF1;FGD4;RAB38;ANK1;RAB29;OPTN;MAST4;MDK;LETMD1;WASF3;PLAAT3;CHMP4A;ARHGAP21;TNIK;CAV1;VPS11;SORT1;FMNL2;DYRK3;LYSMD3;PRKD1;RB1;CHCHD10;RAB32;SH3D19;NOL3;CAV2;STRIP2;PALLD;CHMP1B;HPS3;KISS1;ARL1;PLCE1;MCOLN1;LNPK;SEC31A;WASL	GO_Biological_Process_2023
prerank	Fatty Acid Metabolic Process (GO:0006631)	0.2366800957127484	0.7711416519706485	0.8334589299171062	0.907147201526289	1.0	8/43	13.77%	GGT5;GPX1;ACSF2;LPIN2;PHYH;MSMO1;PLA2G15;GPX4	GO_Biological_Process_2023
prerank	T Cell Receptor Signaling Pathway (GO:0050852)	0.2510103478343933	0.7714202227965435	0.8121590023382697	0.9078108836198198	1.0	1/33	0.38%	INPP5D	GO_Biological_Process_2023
prerank	Regulation Of Ras Protein Signal Transduction (GO:0046578)	0.2410722067727177	0.7722766727479337	0.8102409638554217	0.9076089626478443	1.0	8/42	13.48%	EPS8L2;SQSTM1;GABARAP;EPS8;FLCN;ARHGEF28;OPHN1;KBTBD7	GO_Biological_Process_2023
prerank	Protein Autoubiquitination (GO:0051865)	0.2340061877430857	0.77306286366935	0.838495575221239	0.9075246937751423	1.0	9/49	19.79%	MDM2;DDB2;RNF19B;RNF213;UHRF2;RNF146;STUB1;RNF141;UBE2B	GO_Biological_Process_2023
prerank	PI3K/AKT/mTOR  Signaling	0.220957738155278	0.774108378195484	0.8401697312588402	0.8878248384781049	1.0	16/75	20.55%	CDKN1A;DDIT3;MKNK2;SQSTM1;CAB39L;ITPR2;STAT2;HRAS;IRAK4;PLCB1;RIT1;TBK1;PLA2G12A;CALR;PTEN;CDK4	MSigDB_Hallmark_2020
prerank	Regulation Of Smoothened Signaling Pathway (GO:0008589)	0.26909834371482644	0.7782498817915307	0.779320987654321	0.9007866774683547	1.0	2/27	5.43%	GAS1;GLI3	GO_Biological_Process_2023
prerank	Epidermal Growth Factor Receptor Signaling Pathway (GO:0007173)	0.2788919728497734	0.7789139828177125	0.768019884009942	0.9008274710710357	1.0	2/21	6.03%	AREG;EFEMP1	GO_Biological_Process_2023
prerank	Photoperiodism (GO:0009648)	0.30348227548053414	0.7808170267067192	0.7545304777594728	0.8989364421370658	1.0	6/15	25.16%	PML;BHLHE40;ID2;PER1;RBM4B;PER3	GO_Biological_Process_2023
prerank	Phagocytosis (GO:0006909)	0.26156267426720675	0.7809224788651783	0.7923794712286159	0.8998376654041179	1.0	4/30	10.84%	TREM2;SRPX;LRP1;TLR4	GO_Biological_Process_2023
prerank	Positive Regulation Of Signaling (GO:0023056)	0.282802678804117	0.7811891069191501	0.7610976594027441	0.9004964457728464	1.0	2/20	4.37%	SNCA;RAB29	GO_Biological_Process_2023
prerank	Regulation Of Microtubule Polymerization (GO:0031113)	0.2804752164922685	0.7813361572137311	0.776536312849162	0.9013577831084955	1.0	3/22	10.30%	SNCA;EML2;ARL2	GO_Biological_Process_2023
prerank	Protein Sumoylation (GO:0016925)	0.26108674740334203	0.7856274988104597	0.7727272727272727	0.8957379849116462	1.0	4/31	11.10%	MDM2;PML;HDAC9;UHRF2	GO_Biological_Process_2023
prerank	Response To Light Stimulus (GO:0009416)	0.265620459086373	0.7901289061232393	0.7728682170542636	0.8897035614124731	1.0	8/28	21.65%	DDB2;OPN3;ZRANB3;PCLAF;MAP4K3;UBE2B;PRIMPOL;TRIM32	GO_Biological_Process_2023
prerank	Protein N-linked Glycosylation (GO:0006487)	0.25297729950077263	0.7903564099241929	0.7856037151702786	0.8904269834670028	1.0	16/39	31.48%	NUDT14;OSTC;SLC39A8;DAD1;SRD5A3;TUSC3;STT3B;TMEM258;STT3A;PMM1;FUT8;RPN2;OST4;DPAGT1;MGAT4B;MAGT1	GO_Biological_Process_2023
prerank	Negative Regulation Of Kinase Activity (GO:0033673)	0.2483494181698681	0.7929689971841266	0.7964071856287425	0.8872750583107656	1.0	6/42	16.02%	SNCA;CDKN1C;TRIB2;HSPB1;RB1;CAMK2N1	GO_Biological_Process_2023
prerank	Negative Regulation Of Developmental Process (GO:0051093)	0.23341718514977725	0.794671948704746	0.813803019410496	0.8855855302313465	1.0	4/56	3.33%	PPARG;CST3;HOPX;MGARP	GO_Biological_Process_2023
prerank	Positive Regulation Of Cell-Substrate Junction Organization (GO:0150117)	0.29831958121740604	0.7985740662201382	0.7259933774834437	0.8803539998585027	1.0	4/18	20.97%	KDR;PIK3R1;COL16A1;NRG1	GO_Biological_Process_2023
prerank	Mesenchymal Cell Differentiation (GO:0048762)	0.2645424599974914	0.7986954311860471	0.7569659442724458	0.8812298243191898	1.0	9/30	22.49%	SNAI2;S100A4;WNT5A;SLC39A10;HMGA2;SEMA3C;FOXC1;HIF1A;TGFBR3	GO_Biological_Process_2023
prerank	Protein Complex Oligomerization (GO:0051259)	0.23714096017057656	0.7993962749511015	0.8075526506899056	0.8811007297525574	1.0	5/52	7.72%	CLDN1;SNCA;PYCARD;TMEM120A;NINJ1	GO_Biological_Process_2023
prerank	Regulation Of Actin Filament-Based Process (GO:0032970)	0.25360854904300517	0.8002682432367101	0.779969650986343	0.8807068580998187	1.0	7/38	13.98%	BAIAP2L1;DAAM2;PDGFA;LRP1;PDGFRB;HRAS;ABRACL	GO_Biological_Process_2023
prerank	Protein Localization (GO:0008104)	0.19549959329775282	0.8014452466146688	0.8974358974358975	0.8797731139172087	1.0	30/225	16.03%	CCDC68;PTPRU;ARL4C;STX3;SCG5;RAB38;WIPI1;ANGPT1;RAB29;SQSTM1;GOPC;RRAGC;LYST;WNT5A;CPE;ERP29;PARD3B;DMD;HOOK2;CAV1;CUTA;LAMTOR1;PACS2;RRAGB;PTPRK;RAB23;LAMTOR3;RAB32;KIF13A;HEG1	GO_Biological_Process_2023
prerank	Cell-Cell Signaling By Wnt (GO:0198738)	0.3097939426855424	0.8022921478173413	0.7095959595959596	0.8794235051114484	1.0	7/16	31.31%	WNT5A;CPE;NXN;PORCN;WLS;PKD2;KLHL12	GO_Biological_Process_2023
prerank	Regulation Of Androgen Receptor Signaling Pathway (GO:0060765)	0.295404165735247	0.8034111923261866	0.7392712550607288	0.8786681745712841	1.0	1/19	0.95%	TCF21	GO_Biological_Process_2023
prerank	Negative Regulation Of Cytoskeleton Organization (GO:0051494)	0.30694101209541086	0.8055319827510405	0.7102649006622517	0.8761839547695819	1.0	2/16	11.37%	SSH1;PLEKHH2	GO_Biological_Process_2023
prerank	Negative Regulation Of Double-Strand Break Repair (GO:2000780)	0.28504585580806596	0.80677452937511	0.7368	0.8752067221748225	1.0	5/23	11.54%	TWIST1;ERCC6;RMI2;RNF169;HMGA2	GO_Biological_Process_2023
prerank	Mitochondrion Organization (GO:0007005)	0.21322729076785196	0.8077665466014858	0.8223249669749009	0.8746146500084315	1.0	20/111	17.86%	SPATA18;MGARP;BAX;BCL2L1;PID1;RAB38;RAB29;LETMD1;TRAK2;MPV17;COX7A2L;AIP;TIMM9;CHCHD10;RAB32;RAB5IF;OMA1;CAV2;OXA1L;AKT3	GO_Biological_Process_2023
prerank	Regulation Of Cellular Component Size (GO:0032535)	0.27066106650017163	0.8080110866445502	0.7367613200306984	0.8752481477240566	1.0	9/29	22.59%	BLOC1S2;EPS8;DNAJC16;PPP1R15A;VAV2;BORCS7;LAMTOR4;PTEN;SLC9A3R1	GO_Biological_Process_2023
prerank	Negative Regulation Of TOR Signaling (GO:0032007)	0.28142027804841335	0.8086745647029547	0.7362549800796813	0.8751852282233024	1.0	4/24	11.22%	SESN1;DDIT4;NPC1;FLCN	GO_Biological_Process_2023
prerank	Late Endosome To Vacuole Transport (GO:0045324)	0.32038155450705946	0.8103209480757421	0.71081307627829	0.8733710022128924	1.0	5/15	22.30%	CHMP4A;LEPROT;CHMP1B;TMEM50B;CHMP3	GO_Biological_Process_2023
prerank	post-Golgi Vesicle-Mediated Transport (GO:0006892)	0.2493846659898728	0.8122899755078181	0.7607726597325408	0.8710813801914545	1.0	12/44	24.36%	GOPC;SORT1;SYS1;VPS35L;CCDC93;MYO1B;EXOC4;MON2;AP4M1;SCAMP1;VPS13C;ARFGEF2	GO_Biological_Process_2023
prerank	Regulated Exocytosis (GO:0045055)	0.313610403052885	0.8245370840267753	0.697751873438801	0.850853214495032	1.0	1/18	1.24%	SNCA	GO_Biological_Process_2023
prerank	Phospholipid Biosynthetic Process (GO:0008654)	0.3054126351710625	0.8265567677918189	0.72859450726979	0.8483693406158279	1.0	8/19	26.97%	FADS1;PCYT2;SGMS2;IDI1;SRD5A3;SGMS1;AGPAT5;FDPS	GO_Biological_Process_2023
prerank	Endosomal Transport (GO:0016197)	0.22063776384841707	0.8296122803007864	0.7971484121840571	0.8439980740113376	1.0	32/116	29.43%	ARL4C;RAB29;SQSTM1;BLOC1S2;RAB9A;MICALL1;WASHC2A;LAMTOR1;WASHC2C;SORT1;GCC2;VPS26C;VPS35L;CLN5;SNX2;CHMP1B;CCDC93;ARL1;RHOBTB3;DENND1A;CHMP3;ITSN2;SNX7;STX12;SNX3;WASHC3;VPS50;DENND10;TBC1D5;ARF6;ANKRD50;TOM1	GO_Biological_Process_2023
prerank	Positive Regulation Of Plasma Membrane Bounded Cell Projection Assembly (GO:0120034)	0.2526186349578278	0.8326343798464562	0.7509266123054115	0.8396630058146589	1.0	14/49	20.59%	EPS8L2;EPS8;CDC42EP3;HRAS;PIK3R1;DOCK11;CDC42EP5;IFT20;MIEN1;PPP1R35;PLCE1;WASL;RHOQ;CCP110	GO_Biological_Process_2023
prerank	Cellular Response To Heat (GO:0034605)	0.2801493270348415	0.833191694209615	0.693522906793049	0.8396753887373869	1.0	8/28	20.03%	HMOX1;HTRA2;THBS1;FGF1;IER5;ZFAND1;STUB1;HSBP1L1	GO_Biological_Process_2023
prerank	Antigen Receptor-Mediated Signaling Pathway (GO:0050851)	0.26626321788997925	0.834221741844779	0.7272727272727273	0.8388311861470947	1.0	9/36	26.86%	INPP5D;PLEKHA1;BTN3A1;IKBKB;SPG21;NFKBIZ;RFTN1;CD276;EIF2B5	GO_Biological_Process_2023
prerank	Endosome To Lysosome Transport (GO:0008333)	0.26969005217733666	0.8344384906235847	0.7026813880126183	0.8394779313376277	1.0	9/34	18.19%	PLEKHF1;LYST;HOOK2;VPS11;M6PR;SORT1;KIF13A;EPG5;VPS41	GO_Biological_Process_2023
prerank	Negative Regulation Of Cell Growth (GO:0030308)	0.2377375078522973	0.8355465680177806	0.7446808510638298	0.8385013143657145	1.0	14/69	17.24%	CDKN1A;FRZB;PML;BCL6;BTG1;INHBA;DCBLD2;FLCN;EI24;VGLL4;RB1;CDKL3;CDA;ST20	GO_Biological_Process_2023
prerank	Protein N-linked Glycosylation Via Asparagine (GO:0018279)	0.31043617404446266	0.8356884706656371	0.71081307627829	0.8392872673809294	1.0	10/19	31.48%	NUDT14;OSTC;DAD1;TUSC3;STT3B;STT3A;FUT8;RPN2;OST4;MAGT1	GO_Biological_Process_2023
prerank	Protein K63-linked Deubiquitination (GO:0070536)	0.3047402309933409	0.8358331641893967	0.6869851729818781	0.8400530266864868	1.0	2/21	3.87%	TNFAIP3;OTUD1	GO_Biological_Process_2023
prerank	Positive Regulation Of Proteasomal Protein Catabolic Process (GO:1901800)	0.2396827041390382	0.8368551600735852	0.7436079545454546	0.8392735532307236	1.0	7/67	10.91%	TREM2;NUPR1;MDM2;GABARAP;RNF19B;FBXO22;TRIB2	GO_Biological_Process_2023
prerank	Protein Destabilization (GO:0031648)	0.28790482987441446	0.837094686256044	0.6947791164658634	0.8398750724425821	1.0	2/26	1.24%	MDM2;SNCA	GO_Biological_Process_2023
prerank	Establishment Of Protein Localization To Membrane (GO:0090150)	0.26369293207202826	0.8383369920315975	0.7234513274336283	0.8386881435238596	1.0	14/39	29.94%	MICALL1;ZDHHC14;NPC1;NECTIN3;SDCBP;ZDHHC4;ZDHHC9;CHM;RFTN1;ZDHHC6;PRKCI;BRAF;ICMT;ZDHHC12	GO_Biological_Process_2023
prerank	Negative Regulation Of JNK Cascade (GO:0046329)	0.30915342519498024	0.8394752079345931	0.680637049455155	0.8376215141653567	1.0	4/19	19.81%	DUSP10;CYLD;PER1;HIPK3	GO_Biological_Process_2023
prerank	Cytosolic Transport (GO:0016482)	0.23219042463690295	0.840555615349997	0.7537517053206003	0.83667804045217	1.0	18/84	24.06%	RAB29;RAB9A;PIP4K2A;LAMP1;WASHC2A;HOOK2;WASHC2C;SORT1;SYS1;GCC2;CLN5;SNX2;ARL1;EEA1;RHOBTB3;MON2;AP4M1;VPS13C	GO_Biological_Process_2023
prerank	Membrane Assembly (GO:0071709)	0.30152926186858414	0.8416079336268791	0.7007358953393296	0.8358286501288481	1.0	8/23	23.37%	DMKN;CHMP4A;CHMP1B;PTEN;CHMP3;TLCD1;RFTN1;STX4	GO_Biological_Process_2023
prerank	Regulation Of Small GTPase Mediated Signal Transduction (GO:0051056)	0.26031357081692125	0.8442678696505403	0.712789827973074	0.8321210619444301	1.0	12/46	19.62%	RHOD;FGD4;ARHGAP26;SQSTM1;ARHGAP22;ARHGAP21;FLCN;ARHGEF28;VAV2;ARHGEF17;PLCE1;AKAP13	GO_Biological_Process_2023
prerank	Positive Regulation Of Epithelial Cell Migration (GO:0010634)	0.24878966532624489	0.8473338917108669	0.7282850779510023	0.8275517121626818	1.0	9/57	15.00%	KDR;ANGPT1;WNT5A;FOXC2;RRAS;THBS1;BMP4;PRKD1;FGF1	GO_Biological_Process_2023
prerank	Positive Regulation Of Protein-Containing Complex Assembly (GO:0031334)	0.24932189202800642	0.8483634283358312	0.7217828900071891	0.826635721501743	1.0	6/58	8.13%	CSF2;SNCA;BAX;FNIP2;SPIDR;LGALS3	GO_Biological_Process_2023
prerank	Actin Polymerization Or Depolymerization (GO:0008154)	0.279417563972124	0.8492590307633364	0.6789350039154268	0.8260063612282351	1.0	7/33	20.41%	PSTPIP2;WASF3;JAK2;SVIL;MSRB2;GSN;WASL	GO_Biological_Process_2023
prerank	Protein Modification Process (GO:0036211)	0.1974657505207996	0.8495566075174733	0.8570655116404982	0.8264913140930833	1.0	91/408	22.41%	CSF2;PHPT1;DAPK1;IP6K3;MANBA;PTPRU;CDK18;CCL2;ATG16L2;CDKL2;DUSP5;COL3A1;MAP3K5;ST3GAL6;FN1;FNIP2;WIPI1;PRKG1;PPM1D;MKNK2;SSH1;PTPRM;B3GNT5;PLAT;ACVR1;SGK1;TBCK;TGFBR2;APP;RABGGTB;STRADB;JAK2;CPE;CAMK2D;MEX3B;MINK1;FBXO22;THBS1;ING4;PRAG1;COQ8A;TNIK;HIPK2;NPC1;FBXL2;GPAA1;TRIB2;TMEM59;DYRK3;STK10;PTPRK;STK17A;CLK3;PPM1M;MAN2A1;SLC35A1;TAF10;UVRAG;FAM20C;PIGK;IKBKB;CDKL3;NEK6;GLRX;SERP1;TBK1;UBL4A;WNK4;AKT3;MAP4K3;DUSP11;CDK6;GAS6;DAD1;PLOD2;HIPK3;UBE2L6;FN3KRP;PTEN;CDK4;PIGH;CTDSP1;DSP;FER;PDP1;CHEK2;NTAQ1;MAP4K5;PTPN3;COPS8;WDR45	GO_Biological_Process_2023
prerank	G1/S Transition Of Mitotic Cell Cycle (GO:0000082)	0.26132072767313064	0.8497946392588385	0.7091049382716049	0.8270964977185893	1.0	4/46	5.77%	CDKN1A;CCND2;CDK18;PLK3	GO_Biological_Process_2023
prerank	Response To Gamma Radiation (GO:0010332)	0.3076102928817188	0.8498761948704685	0.6694630872483222	0.8279816562146893	1.0	2/20	2.09%	MDM2;CRYAB	GO_Biological_Process_2023
prerank	Neuron Projection Morphogenesis (GO:0048812)	0.2465005429257155	0.8522135323763739	0.7389758179231863	0.8248123500294274	1.0	24/62	32.01%	APLP1;SGK1;APP;MINK1;PLXNB1;TNIK;APLP2;NOL3;SDC2;PTEN;WASL;EIF2AK4;ALCAM;MAP1A;FARP1;NGF;MAP4K4;DICER1;RYK;CTTN;PAK1;S100A6;NBL1;PLXNA3	GO_Biological_Process_2023
prerank	Endosome Transport Via Multivesicular Body Sorting Pathway (GO:0032509)	0.31482823626699247	0.8536481576199744	0.6669361358124495	0.8231472713154728	1.0	7/20	22.30%	LYST;CHMP4A;SORT1;LEPROT;CHMP1B;TMEM50B;CHMP3	GO_Biological_Process_2023
prerank	Defense Response To Virus (GO:0051607)	0.23221906674630274	0.8538263067461622	0.7361477572559367	0.823859921954582	1.0	13/99	11.99%	IL6;CASP1;PYCARD;BCL2L1;TLR3;PML;LYST;DDIT4;APOBEC3C;STAT2;TRIM8;MARCHF2;NMB	GO_Biological_Process_2023
prerank	Negative Regulation Of Growth (GO:0045926)	0.23946264108701087	0.8548033596984053	0.7111888111888112	0.8231298483269951	1.0	15/72	17.24%	CDKN1A;FRZB;PML;BCL6;BTG1;MT1L;INHBA;DCBLD2;ING4;FLCN;EI24;VGLL4;RB1;CDA;ST20	GO_Biological_Process_2023
prerank	Positive Regulation Of Intracellular Transport (GO:0032388)	0.29503195881427485	0.8565434213833116	0.6810344827586207	0.8208487995926599	1.0	5/25	11.44%	RAB29;PLK3;PRR5L;B3GAT3;RUFY3	GO_Biological_Process_2023
prerank	Insulin Receptor Signaling Pathway (GO:0008286)	0.2932738093319569	0.8583545721632733	0.6840417000801925	0.8184094472567006	1.0	11/27	26.67%	FOXC2;IRS1;PIK3R1;AP3S1;IGF1R;NAMPT;CAV2;RHOQ;FER;SHC1;PTPN2	GO_Biological_Process_2023
prerank	Generation Of Neurons (GO:0048699)	0.2541148632749498	0.8586086981139998	0.7002967359050445	0.8189626862374468	1.0	14/59	18.81%	NR4A2;ASTN2;FZD8;WNT5A;DDIT4;RTN1;ERCC6;CEP85L;OPHN1;PLXNB2;WNT5B;RUNX2;CDK6;IRX3	GO_Biological_Process_2023
prerank	Protein Acylation (GO:0043543)	0.2993530218481595	0.859136012033249	0.6593317033414833	0.8190204821909098	1.0	8/26	24.16%	HHAT;ING4;ZDHHC14;KAT2B;ZDHHC9;PORCN;SELENOK;ZDHHC6	GO_Biological_Process_2023
prerank	Monocarboxylic Acid Biosynthetic Process (GO:0072330)	0.2960904085261068	0.8593692282681229	0.6534412955465587	0.8196214053526226	1.0	4/26	11.26%	GAMT;DSEL;OSBPL3;OSBPL1A	GO_Biological_Process_2023
prerank	Positive Regulation Of Protein Polymerization (GO:0032273)	0.27533130916230303	0.8599283008127421	0.6775417298937785	0.8196278499748352	1.0	6/36	10.30%	PYCARD;BAIAP2L1;FCHSD2;CARMIL1;CDC42EP3;ARL2	GO_Biological_Process_2023
prerank	Regulation Of Viral Entry Into Host Cell (GO:0046596)	0.3313745605875241	0.8617579210631188	0.6582174979558463	0.8172127317014967	1.0	7/16	26.17%	TRIM22;SMPD1;GSN;IFITM3;P4HB;SNX3;TRIM38	GO_Biological_Process_2023
prerank	Synaptic Vesicle Recycling (GO:0036465)	0.31520122006195345	0.8637436441582326	0.6674958540630183	0.8144791180918239	1.0	8/20	27.33%	SNCA;OPHN1;SNCG;AP3S1;AP3M2;VAMP2;FCHO2;AP3S2	GO_Biological_Process_2023
prerank	Positive Regulation Of Intracellular Protein Transport (GO:0090316)	0.23421587801355795	0.8637595546302356	0.7137069547602971	0.8154852371070677	1.0	13/91	13.04%	CEMIP;BBC3;IL1B;RAB29;PLK3;PRR5L;HTRA2;B3GAT3;RUFY3;HRAS;VPS11;PIK3R1;LEPROT	GO_Biological_Process_2023
prerank	Endothelial Cell Migration (GO:0043542)	0.3033375020981976	0.8672119276061644	0.66796875	0.8099724456269383	1.0	7/25	17.51%	NR4A1;PRKX;CDH13;PLXND1;TNFSF12;S100A2;CYP1B1	GO_Biological_Process_2023
prerank	Regulation Of Keratinocyte Differentiation (GO:0045616)	0.34158452687727925	0.8676206279683524	0.6500415627597672	0.8102714580131973	1.0	4/15	22.14%	ZFP36L1;ZFP36;FOXC1;NCOA3	GO_Biological_Process_2023
prerank	Regulation Of Protein Autophosphorylation (GO:0031952)	0.32135204716350685	0.8683945838144211	0.6669477234401349	0.8098614544912578	1.0	2/19	8.76%	GPNMB;PDGFA	GO_Biological_Process_2023
prerank	Cell Chemotaxis (GO:0060326)	0.3225254337281773	0.8689369501763256	0.6473509933774835	0.8098529592566398	1.0	4/19	16.13%	NR4A1;KIT;PDGFRB;EPHA2	GO_Biological_Process_2023
prerank	Cellular Component Assembly (GO:0022607)	0.22761411902176595	0.8697629987048842	0.7221147646679562	0.8093343764687901	1.0	17/125	12.06%	FAS;MDM2;CYFIP2;LIN7A;RHOD;PML;BAIAP2L1;PDE4DIP;WASF3;EPS8;WNT5A;PDGFA;RTN1;DMD;GPAA1;TSPAN4;OPHN1	GO_Biological_Process_2023
prerank	Liver Development (GO:0001889)	0.31951938291015836	0.8708277831562217	0.6353229762878169	0.808341109064302	1.0	4/20	9.52%	IL6;E2F7;CEBPB;CITED2	GO_Biological_Process_2023
prerank	Negative Regulation Of Macromolecule Biosynthetic Process (GO:0010558)	0.2461798563914628	0.8714502654443418	0.6870229007633588	0.8082040269447491	1.0	6/72	6.94%	CDKN1A;BTG2;DAPK1;TMEFF2;TOB1;ANKRD1	GO_Biological_Process_2023
prerank	Platelet Dense Granule Organization (GO:0060155)	0.3233079345088598	0.8719860767775907	0.6331738437001595	0.8081946009323294	1.0	9/19	28.46%	BLOC1S2;F2R;AP3S1;HPS3;HPS1;HPS5;AP1S2;AP3S2;AP1S1	GO_Biological_Process_2023
prerank	Nucleic Acid-Templated Transcription (GO:0097659)	0.3022139891495663	0.8739443327146577	0.6482213438735178	0.8053834417391926	1.0	4/26	12.44%	NR4A2;RRAGC;TCEA2;CREBL2	GO_Biological_Process_2023
prerank	Regulation Of Protein-Containing Complex Assembly (GO:0043254)	0.24636723297296376	0.874486474645448	0.7060439560439561	0.8053897547434264	1.0	7/76	8.13%	APOE;CRYAB;BAX;FNIP2;ANKRA2;SPIDR;LGALS3	GO_Biological_Process_2023
prerank	Peptidyl-Threonine Modification (GO:0018210)	0.2757838034866445	0.8773751581647987	0.6554621848739496	0.8007504277326595	1.0	9/40	19.81%	GALNT1;TGFBR2;CAMK2D;GALNT11;HIPK2;DYRK3;PRKD1;TBK1;HIPK3	GO_Biological_Process_2023
prerank	Negative Regulation Of Intracellular Steroid Hormone Receptor Signaling Pathway (GO:0033144)	0.31615884764106156	0.8777257904170239	0.642515923566879	0.8010758896539185	1.0	5/21	20.52%	TCF21;VPS11;PER1;CALR;DAB2	GO_Biological_Process_2023
prerank	Ras Protein Signal Transduction (GO:0007265)	0.2436633499302412	0.8779760349664171	0.6907073509015257	0.8016441628192819	1.0	15/80	15.41%	CDKN1A;COL1A2;RHOD;EPS8L2;EPS8;DOK5;CDH13;RRAS;MRAS;HRAS;RALGDS;RAP2B;RGL1;RB1;RIT1	GO_Biological_Process_2023
prerank	Protein Localization To Membrane (GO:0072657)	0.2358788775471373	0.8808108982821976	0.6750663129973474	0.7972241773311196	1.0	35/101	30.04%	LIN7A;PLEKHF1;RAB38;ANK1;RAB29;CPE;TNIK;NPC1;CAV1;PACS2;PTN;TSPAN5;RAB32;EPHA2;LRPAP1;IKBKB;TMEM147;GAS6;ITGA4;PDZD11;TTC7B;SLC9A3R1;RFTN1;AP4M1;FLOT1;FCHO2;PKP2;TM9SF4;WDR19;BRAF;MYO5A;RAB40B;RAB8B;TNFRSF1A;C2CD5	GO_Biological_Process_2023
prerank	Positive Regulation Of Protein Metabolic Process (GO:0051247)	0.22797446140410135	0.8808481723848445	0.7068965517241379	0.7981726629404344	1.0	13/139	7.33%	APOE;IL6;TNFAIP3;CYFIP2;CSF1;RPS27L;IL1B;IL18;PERP;INHBA;SOX4;APP;WNT5A	GO_Biological_Process_2023
prerank	Positive Regulation Of Transcription By RNA Polymerase II (GO:0045944)	0.20270127829417117	0.8808903582599817	0.8093716719914803	0.7991356064376045	1.0	101/481	20.52%	IL6;NR4A2;RGCC;TCF21;DCN;PPARG;DDIT3;JAG1;ATF3;HTATIP2;EPAS1;TRIAP1;PID1;CYTL1;NR4A1;TLR3;SQSTM1;GLI3;TWIST1;IL18;NR2F1;ACVR1;E2F7;CREBRF;CEBPB;INHBA;SOX4;APP;WNT5A;ELL2;LPIN2;CDH13;FOXC2;GREM1;AHR;RELB;CALCOCO1;HOXA10;ERCC6;DBP;MOSPD1;METTL23;STAT2;CITED2;TNIP1;APBB2;NFKBIA;MYBL1;HIPK2;MESP1;TLR4;BEX1;FSTL3;FLCN;HMGA2;KDM1B;HRAS;TOX2;PIK3R1;DVL3;PRDM5;CREBZF;BMP4;ZEB2;LITAF;MITF;PRKD1;KLF10;KLF4;HOXB4;KLF6;AKAP8L;FGF1;TAF10;IRF2;NR1D1;IKBKB;NAMPT;PER1;KAT2B;HOXB2;MAX;TBK1;IER5;JUNB;FOSL2;SLC9A1;RUNX2;HDAC5;HOXD8;PWWP2A;IRX3;FOXC1;GLMP;CREB3;ETS2;STAT3;MED29;WASL;RHOQ;DAB2	GO_Biological_Process_2023
prerank	Regulation Of Endoplasmic Reticulum Stress-Induced Intrinsic Apoptotic Signaling Pathway (GO:1902235)	0.3444947363120165	0.8811068624552668	0.6195840554592721	0.7997422193119305	1.0	1/15	1.75%	DDIT3	GO_Biological_Process_2023
prerank	Positive Regulation Of Establishment Of Protein Localization To Mitochondrion (GO:1903749)	0.30365087627443704	0.8831365457791008	0.6285942492012779	0.7966858333887634	1.0	5/25	16.16%	BBC3;HTRA2;VPS11;LEPROT;FBXW7	GO_Biological_Process_2023
prerank	Protein Palmitoylation (GO:0018345)	0.32857275348823434	0.8846228299096043	0.6394779771615008	0.7948344465903137	1.0	7/20	24.16%	HHAT;ZDHHC14;ZDHHC4;ZDHHC9;PORCN;SELENOK;ZDHHC6	GO_Biological_Process_2023
prerank	Cellular Response To Glucose Starvation (GO:0042149)	0.30911475477605177	0.8878271553403106	0.6036249014972419	0.789475917576172	1.0	2/24	1.63%	PLIN2;SESN1	GO_Biological_Process_2023
prerank	Regulation Of Axon Extension (GO:0030516)	0.33648831710091714	0.8904674939290222	0.599025974025974	0.785363332013741	1.0	1/17	0.08%	APOE	GO_Biological_Process_2023
prerank	Cellular Response To Ionizing Radiation (GO:0071479)	0.27166356976645034	0.8910014190917815	0.6438953488372093	0.7853733590359973	1.0	3/46	2.09%	CDKN1A;MDM2;CRYAB	GO_Biological_Process_2023
prerank	Negative Regulation Of Response To Biotic Stimulus (GO:0002832)	0.29578816570930877	0.8930536972706723	0.6201117318435754	0.7823544195054274	1.0	2/30	1.38%	CARD16;TNFAIP3	GO_Biological_Process_2023
prerank	Negative Regulation Of Binding (GO:0051100)	0.2643539175066293	0.8943260221583744	0.6469708302169035	0.7808073636329117	1.0	10/57	13.58%	CARD16;CDKN1A;DKK1;BAX;JAK2;NFKBIA;CAV1;HMGA2;HABP4;MITD1	GO_Biological_Process_2023
prerank	Phosphatidylinositol Metabolic Process (GO:0046488)	0.3009230854468268	0.8964277213202565	0.6201248049921997	0.777702311543799	1.0	8/31	22.25%	INPP5D;IP6K3;PDGFRB;PLCB1;PIP4P2;INPP4B;PTEN;PIP4P1	GO_Biological_Process_2023
prerank	Cellular Response To BMP Stimulus (GO:0071773)	0.3221405936133378	0.8983850836650822	0.615321923390383	0.774872260857855	1.0	7/22	19.04%	PPARG;INHBA;BMP4;ADAMTS7;ADAMTS12;RUNX2;GDF5	GO_Biological_Process_2023
prerank	Brain Development (GO:0007420)	0.25742873341716543	0.9003131826292354	0.6494773519163763	0.7720622578393007	1.0	10/69	12.33%	APOD;CTNS;AMIGO2;B3GNT5;TGFBR2;DDIT4;MINK1;RTN1;COL4A1;PLXNB2	GO_Biological_Process_2023
prerank	Tight Junction Assembly (GO:0120192)	0.33415937308320187	0.900786839385156	0.5859065716547902	0.7721207888574222	1.0	3/19	13.57%	CLDN1;ARL2;OCEL1	GO_Biological_Process_2023
prerank	Positive Regulation Of Cellular Biosynthetic Process (GO:0031328)	0.23925109871390549	0.901880744871198	0.6510067114093959	0.770974165929364	1.0	21/108	17.02%	IL6;RGCC;SNCA;RPS27L;CXCL8;IL1B;SOX4;STARD4;OPN3;THBS1;PDGFRB;TLR4;IRS1;PLXNB2;ZEB2;KLF4;PRR16;NR1D1;ASS1;KAT2B;EIF3E	GO_Biological_Process_2023
prerank	Response To Epidermal Growth Factor (GO:0070849)	0.33363915929038307	0.9019214348069898	0.6038525963149078	0.7719144181463762	1.0	3/19	10.11%	SNAI2;ZFP36L1;ZFP36	GO_Biological_Process_2023
prerank	Defense Response To Symbiont (GO:0140546)	0.25528865283605495	0.9027837969645294	0.6408163265306123	0.7712072100294826	1.0	9/76	9.48%	IL6;CASP1;PYCARD;BCL2L1;TLR3;LYST;DDIT4;APOBEC3C;STAT2	GO_Biological_Process_2023
prerank	Negative Regulation Of Microtubule Polymerization Or Depolymerization (GO:0031111)	0.3368916800518308	0.9031430314515929	0.5932621199671323	0.7714653128560065	1.0	2/19	4.51%	SNCA;EML2	GO_Biological_Process_2023
prerank	Carboxylic Acid Transmembrane Transport (GO:1905039)	0.34924003558032746	0.903298621565053	0.6	0.7721847922456062	1.0	2/17	1.18%	SLC16A12;SLC38A4	GO_Biological_Process_2023
prerank	Exocytosis (GO:0006887)	0.28324631402458195	0.9040135440396448	0.6181015452538632	0.7717955730989384	1.0	18/44	32.96%	STX3;ANK1;PRSS12;SYTL4;SYTL2;EXOC4;VAMP2;SNAP29;RAB11FIP1;STX4;TMEM167A;WASHC3;JAGN1;NSF;MIA3;STX17;SCRN1;RAB31	GO_Biological_Process_2023
prerank	Negative Regulation Of Transcription By RNA Polymerase II (GO:0000122)	0.21314803545414576	0.9048532037743958	0.7252625760088447	0.7711439485179454	1.0	82/368	21.55%	NR4A2;MDM2;TCF21;SNCA;PPARG;SNAI2;DKK1;DDIT3;MAFB;TLE6;TGIF1;ATF3;LINC-PINT;NFIL3;FNIP2;ID3;DNAJB4;BCL6;IRF2BP2;GLI3;TWIST1;PLK3;NR2F1;HDAC9;E2F7;CEBPB;ZNF846;SOX4;ZNF219;FOXC2;BHLHE40;AEBP1;MOSPD1;CITED2;FHL2;APBB2;ZFP36;ZFP90;CAV1;FLCN;IGBP1;HMGA2;KDM1B;ID2;MAGED4;JAZF1;PRDM5;BMP4;ZEB2;MITF;WWC3;KLF10;KLF4;RB1;MXI1;IRF2;GET1;NR1D1;ZNF217;ZBTB8A;PER1;SDCBP;MAX;CUX1;HCFC2;GZF1;HDAC5;IRX3;FOXC1;MAGEH1;CALR;ZNF487;DEAF1;URI1;ETS2;STAT3;DAB2;NSD1;RPL10;LIN37;IFI27;GADD45A	GO_Biological_Process_2023
prerank	Glycolipid Biosynthetic Process (GO:0009247)	0.3286139481425586	0.9060721172127593	0.5912052117263844	0.7697345864573888	1.0	3/20	6.60%	ST3GAL6;B3GNT5;PIGL	GO_Biological_Process_2023
prerank	Vesicle-Mediated Transport To The Plasma Membrane (GO:0098876)	0.26862534022822654	0.9061664004911323	0.6417151162790697	0.7705788503954518	1.0	16/55	28.75%	ARL4C;GOPC;MICALL1;WASHC2C;VPS26C;VPS35L;CCDC93;EXOC4;DENND1A;SNX7;ARFGEF2;STX12;SNX3;VPS50;ARF6;ANKRD50	GO_Biological_Process_2023
prerank	Autophagosome Organization (GO:1905037)	0.2817726795488736	0.9070084888137971	0.5998531571218796	0.7698554214018354	1.0	8/45	13.78%	ATG16L2;ELAPOR1;WIPI1;GABARAP;MAP1LC3A;PACS2;DNAJC16;RAB23	GO_Biological_Process_2023
prerank	Positive Regulation Of Pattern Recognition Receptor Signaling Pathway (GO:0062208)	0.3362529351072012	0.9073182473732806	0.5973377703826955	0.7702305599474065	1.0	3/19	10.51%	TLR3;NINJ1;CAV1	GO_Biological_Process_2023
prerank	Synaptic Vesicle Endocytosis (GO:0048488)	0.33411868223389124	0.9075019007188408	0.6008403361344538	0.7708906709495404	1.0	4/19	14.47%	SNCA;DNAJC6;OPHN1;SNCG	GO_Biological_Process_2023
prerank	Positive Regulation Of Developmental Growth (GO:0048639)	0.34563620470763945	0.908786077227794	0.5943637916310845	0.7693280062939931	1.0	8/17	28.55%	RUFY3;PLCB1;NEDD4L;L1CAM;GOLGA4;ITSN2;PPIB;NGF	GO_Biological_Process_2023
prerank	Regulation Of Transmembrane Receptor Protein Serine/Threonine Kinase Signaling Pathway (GO:0090092)	0.32350690193732734	0.9099679442966772	0.596694214876033	0.7680249614534123	1.0	4/23	11.07%	NREP;DKK3;FSTL3;ITGA3	GO_Biological_Process_2023
prerank	Epithelial To Mesenchymal Transition (GO:0001837)	0.3120024994748204	0.9106973877053401	0.5927099841521395	0.7675475834196797	1.0	5/27	11.54%	SNAI2;S100A4;WNT5A;SLC39A10;HMGA2	GO_Biological_Process_2023
prerank	Apical Junction Assembly (GO:0043297)	0.3268916115155649	0.9112619260505397	0.5944664031620553	0.7674264436894981	1.0	3/22	13.57%	CLDN1;ARL2;OCEL1	GO_Biological_Process_2023
prerank	Establishment Or Maintenance Of Epithelial Cell Apical/Basal Polarity (GO:0045197)	0.3157824439838684	0.9118746395201007	0.5880503144654088	0.7672689126000308	1.0	8/25	22.59%	PARD6G;LIN7A;PARD3B;OPHN1;MTCL1;SCRIB;PDZD11;SLC9A3R1	GO_Biological_Process_2023
prerank	Ephrin Receptor Signaling Pathway (GO:0048013)	0.3505561713934447	0.9120888420957836	0.5930232558139535	0.7678824463113991	1.0	3/16	16.13%	SIPA1L1;ARHGEF28;EPHA2	GO_Biological_Process_2023
prerank	Macroautophagy (GO:0016236)	0.2580949697803522	0.91209695939617	0.6106922549691569	0.7689092271931295	1.0	26/76	29.43%	ATG16L2;SQSTM1;GABARAP;MAP1LC3A;PIP4K2A;CHMP4A;ZFYVE1;EI24;LAMP2;UVRAG;EPG5;VPS41;CHMP1B;STAM;CALR;SNAP29;CHMP3;SPG11;VAMP8;VIPAS39;MAP1LC3B;TBC1D5;STK3;ARL8B;CHMP5;TOM1	GO_Biological_Process_2023
prerank	Interferon Alpha Response	0.2645604966816459	0.9138850974924123	0.6063977746870653	0.6617499261010937	1.0	10/64	9.96%	CSF1;C1S;CASP1;IFI30;SP110;TENT5A;IL4R;CD47;STAT2;TAP1	MSigDB_Hallmark_2020
prerank	Vesicle-Mediated Transport (GO:0016192)	0.22392197350037935	0.9200494597960481	0.6629930394431555	0.7537125397105452	1.0	75/238	29.43%	RAB27B;STX3;PLEKHF1;ANK1;SQSTM1;PRSS12;TBC1D2B;BLOC1S2;APP;MICALL1;PIP4K2A;VAMP1;CHMP4A;WASHC2A;HOOK2;OSBPL1A;LAMTOR1;WASHC2C;VPS11;SYTL4;M6PR;MYO1E;SORT1;MITD1;PRKD1;SYTL2;AP3S1;UVRAG;KIF13A;CAV2;EPG5;CSNK1G1;AP3M2;VPS41;CHMP1B;ARL1;SCRIB;GOLGA4;WASL;RHOQ;EEA1;EXOC4;VAMP2;ARFGAP3;SNAP29;CHM;DENND1A;CHMP3;TRAK1;ITSN2;VAMP8;STX4;AP4M1;VIPAS39;RAB4A;STX12;STXBP3;RAB1A;WASHC3;PRKCI;INPPL1;OCIAD1;GDI1;JAGN1;AP1S2;AP3S2;NSF;MYO5A;VPS18;ARF6;AP1S1;RHOBTB1;FNBP1L;CHMP5;TOM1	GO_Biological_Process_2023
prerank	Regulation Of Cell-Substrate Adhesion (GO:0010810)	0.33812870563033737	0.9219518147213542	0.5782426778242677	0.7508918256621199	1.0	4/21	12.16%	JAK2;MINK1;ARL2;WASHC2C	GO_Biological_Process_2023
prerank	Regulation Of Stress-Activated MAPK Cascade (GO:0032872)	0.31311141020623645	0.9245409819430872	0.5743670886075949	0.7464988303499375	1.0	5/28	16.53%	FAS;GREM1;IGBP1;IGF1R;PER1	GO_Biological_Process_2023
prerank	Erythrocyte Differentiation (GO:0030218)	0.31056684741071516	0.9261184641029974	0.5640828856485035	0.7442978476379797	1.0	9/30	14.75%	KIT;INHBA;SLC25A38;JAK2;SLC25A5;HIPK2;ID2;DYRK3;RPS19	GO_Biological_Process_2023
prerank	Protein Dephosphorylation (GO:0006470)	0.263443090036309	0.9282236614739666	0.59958071278826	0.7410502335797822	1.0	8/77	6.16%	DUSP10;PHPT1;PTPRU;DUSP5;PPM1D;SSH1;PTPRM;DUSP1	GO_Biological_Process_2023
prerank	Negative Regulation Of Amide Metabolic Process (GO:0034249)	0.26397513875269457	0.92944319778473	0.5728571428571428	0.7395251665880858	1.0	4/68	4.88%	APOE;BTG2;DAPK1;TOB1	GO_Biological_Process_2023
prerank	Secondary Alcohol Biosynthetic Process (GO:1902653)	0.3507178673744319	0.9333593193035318	0.5450081833060556	0.7326245797008095	1.0	7/18	20.62%	HSD17B7;INSIG1;MSMO1;PMVK;CYP51A1;INSIG2;HMGCS1	GO_Biological_Process_2023
prerank	Carboxylic Acid Transport (GO:0046942)	0.367388255587183	0.937829338078891	0.5508112724167379	0.7244567644662403	1.0	2/15	1.18%	SLC16A12;SLC38A4	GO_Biological_Process_2023
prerank	Negative Regulation Of Plasma Membrane Bounded Cell Projection Assembly (GO:0120033)	0.3528690931160373	0.9387034881320827	0.5454545454545454	0.7236414442540774	1.0	7/18	25.93%	ARHGAP24;CCP110;NRG1;SRGAP2C;TBC1D7;YAP1;PRKCD	GO_Biological_Process_2023
prerank	Negative Regulation Of Protein Binding (GO:0032091)	0.28584201646880536	0.9395173259956888	0.5414488424197162	0.7229365235117255	1.0	4/46	3.41%	CARD16;CDKN1A;DKK1;BAX	GO_Biological_Process_2023
prerank	Regulation Of Neuron Differentiation (GO:0045664)	0.30700271429474485	0.9395360491620471	0.5643642072213501	0.7238955945702104	1.0	10/34	24.10%	DKK1;NREP;MMD;BEND6;ID2;MOSMO;CALR;TRIM32;HES1;EIF2AK4	GO_Biological_Process_2023
prerank	Regulation Of G1/S Transition Of Mitotic Cell Cycle (GO:2000045)	0.261058593096187	0.9423813630773928	0.5702247191011236	0.719023179377913	1.0	9/82	6.99%	CDKN1A;RGCC;GPNMB;CCND2;CCL2;ADAMTS1;ACVR1;E2F7;INHBA	GO_Biological_Process_2023
prerank	Regulation Of Protein Kinase Activity (GO:0045859)	0.26788025445858943	0.9425511438121008	0.5625850340136055	0.7196542220449851	1.0	15/72	19.34%	CDKN1A;SNCA;CSF1;MAP3K5;MMD;TRIB2;TRAF4;RAP2B;HSPB1;RB1;UVRAG;CAMK2N1;MRNIP;GAS6;PLCE1	GO_Biological_Process_2023
prerank	Positive Regulation Of Cellular Component Biogenesis (GO:0044089)	0.2784998792020808	0.9444798123779198	0.5503931379556827	0.71669937157391	1.0	6/58	8.13%	RGCC;SDC1;BAX;FNIP2;SPIDR;LGALS3	GO_Biological_Process_2023
prerank	Organic Anion Transport (GO:0015711)	0.32241252836517653	0.9457783290635371	0.5384615384615384	0.715053110904387	1.0	9/27	27.47%	SLC39A8;SLC2A3;MGST1;CYB5R1;SLC35A1;ABCC5;SLC9A3R1;LRRC8A;SLC35B3	GO_Biological_Process_2023
prerank	Ventricular Septum Development (GO:0003281)	0.36687319586908385	0.9470215901001228	0.5471226021684737	0.7134741951189111	1.0	3/16	9.52%	SOX4;TGFBR2;CITED2	GO_Biological_Process_2023
prerank	Regulation Of Nitric Oxide Biosynthetic Process (GO:0045428)	0.3373155921896245	0.9476933382014664	0.5365053322395406	0.7130531703460083	1.0	7/22	15.79%	IL1B;JAK2;CD47;CAV1;TLR4;KLF4;ASS1	GO_Biological_Process_2023
prerank	Regulation Of Plasma Membrane Bounded Cell Projection Assembly (GO:0120032)	0.30490013531666194	0.9491951062996952	0.5499618611746758	0.7109703876595278	1.0	11/39	21.47%	DAAM2;TBC1D2B;CAV1;CYLD;TBC1D8;TBC1D1;EPHA2;MYO10;IFT20;INTU;FER	GO_Biological_Process_2023
prerank	Positive Regulation Of Organelle Assembly (GO:1902117)	0.2934759943245686	0.9514371431685389	0.5414814814814815	0.7073788498842739	1.0	5/46	8.37%	CSF2;SDC1;ELAPOR1;WIPI1;PIP4K2A	GO_Biological_Process_2023
prerank	Phosphorylation (GO:0016310)	0.23149399146858493	0.9515980300252673	0.5760613207547169	0.7080599609303055	1.0	45/238	18.44%	CSF2;DAPK1;IP6K3;CDK18;CCL2;CDKL2;DGKA;MAP3K5;DGKI;FNIP2;PRKG1;MKNK2;ACVR1;SGK1;GNPTAB;GNPTG;TBCK;TGFBR2;APP;STRADB;JAK2;CAMK2D;MEX3B;MINK1;PRAG1;COQ8A;TNIK;HIPK2;TRIB2;DYRK3;STK10;STK17A;CLK3;TAF10;UVRAG;FAM20C;IKBKB;CDKL3;NEK6;TBK1;WNK4;AKT3;MAP4K3;CDK6;GAS6	GO_Biological_Process_2023
prerank	Cell Morphogenesis Involved In Neuron Differentiation (GO:0048667)	0.32258706385559816	0.9517077142675097	0.5277777777777778	0.7088363678435846	1.0	7/27	17.04%	APLP1;APP;MINK1;OPHN1;APLP2;RB1;SDC2	GO_Biological_Process_2023
prerank	Regulation Of Actin Cytoskeleton Organization (GO:0032956)	0.2886249376754736	0.9518330260755489	0.5417590539541759	0.7095803833283277	1.0	9/47	11.81%	BAIAP2L1;DAAM2;MDK;EPS8;CARMIL1;PDGFA;LRP1;PDGFRB;HRAS	GO_Biological_Process_2023
prerank	Intracellular Calcium Ion Homeostasis (GO:0006874)	0.28889953340074326	0.9587489179733824	0.5251851851851852	0.696359682702532	1.0	12/50	16.48%	EDNRA;BAX;PML;CAMK2D;TPT1;CAV1;PACS2;ATP13A3;TMEM64;SLC30A1;TRPC1;CAV2	GO_Biological_Process_2023
prerank	Melanosome Assembly (GO:1903232)	0.36427850995179656	0.9592043511129634	0.5107260726072608	0.6964107144252965	1.0	9/17	28.46%	RAB38;RAB32;AP3S1;HPS3;HPS1;HPS5;AP1S2;AP3S2;AP1S1	GO_Biological_Process_2023
prerank	Cytosolic Pattern Recognition Receptor Signaling Pathway (GO:0002753)	0.3758030647580229	0.9596879239629874	0.515378221113882	0.6963911107099641	1.0	4/15	18.99%	TNFAIP3;CYLD;TBK1;RNF135	GO_Biological_Process_2023
prerank	Positive Regulation Of Actin Filament Bundle Assembly (GO:0032233)	0.3333964349436061	0.9610327081916538	0.5196850393700787	0.6945954043695598	1.0	3/24	8.72%	RGCC;CARMIL1;CD47	GO_Biological_Process_2023
prerank	Clathrin-Dependent Endocytosis (GO:0072583)	0.3632566720776456	0.9611861199481874	0.5293132328308208	0.6952467987191259	1.0	3/17	10.43%	DNAJC6;FCHSD2;CLTA	GO_Biological_Process_2023
prerank	Regulation Of Mitochondrial Membrane Potential (GO:0051881)	0.3286412174922985	0.9618629670473412	0.5185483870967742	0.6947825981095666	1.0	4/27	7.84%	BAX;BCL2L1;PID1;SPART	GO_Biological_Process_2023
prerank	Cellular Response To UV (GO:0034644)	0.28533011715659673	0.9645049514375115	0.5322349570200573	0.6902975448131623	1.0	9/54	13.88%	CDKN1A;MME;TRIAP1;DDB2;XPC;OPN3;PCNA;PTPRK;SMPD1	GO_Biological_Process_2023
prerank	Positive Regulation Of Cell Cycle (GO:0045787)	0.2963552864606564	0.9645579116116121	0.517162471395881	0.6911663160144381	1.0	4/45	1.77%	RGCC;NUPR1;MDM2;CCND2	GO_Biological_Process_2023
prerank	Regulation Of Cellular Component Biogenesis (GO:0044087)	0.34043714537486625	0.9651691701163988	0.5084202085004009	0.6909194856610629	1.0	2/23	5.14%	APOE;ANKRA2	GO_Biological_Process_2023
prerank	Protein Lipidation (GO:0006497)	0.30150288534478703	0.9654772907172023	0.5212845407020165	0.6912417455415754	1.0	12/43	24.16%	ATG16L2;WIPI1;HHAT;PIGL;ZDHHC14;PIGP;ZDHHC9;PIGH;WDR45;PORCN;SELENOK;ZDHHC6	GO_Biological_Process_2023
prerank	Endocytic Recycling (GO:0032456)	0.3033615616535796	0.9656826267627309	0.5247148288973384	0.6917996308724879	1.0	14/41	28.75%	ARL4C;MICALL1;WASHC2C;ATP6AP1;VPS26C;VPS35L;CCDC93;DENND1A;SNX7;STX12;SNX3;VPS50;ARF6;ANKRD50	GO_Biological_Process_2023
prerank	Protein K63-linked Ubiquitination (GO:0070534)	0.3124877968353187	0.9680049230843737	0.49581111957349583	0.6880014876501739	1.0	9/36	19.79%	TRIM22;RNF213;TRAF5;TRIM8;TRAF4;TRAF3IP2;STUB1;RNF135;UBE2B	GO_Biological_Process_2023
prerank	Cellular Response To Acid Chemical (GO:0071229)	0.36798501144327217	0.9681921752187203	0.4995787700084246	0.688602594059844	1.0	6/17	19.77%	RRAGC;LAMTOR1;RRAGB;CPEB4;LAMTOR3;LAMTOR4	GO_Biological_Process_2023
prerank	Vesicle Cytoskeletal Trafficking (GO:0099518)	0.34881930997983707	0.9696750016732653	0.5086705202312138	0.6864853680165665	1.0	10/21	32.31%	TRAK2;MYO1E;MYO1B;WASL;TANC2;TRAK1;RAB1A;MYO5A;FNBP1L;CLN3	GO_Biological_Process_2023
prerank	Positive Regulation Of Protein Modification Process (GO:0031401)	0.2548295674528211	0.9701657983121218	0.5181758096497026	0.6864207909597567	1.0	20/119	15.00%	FAS;TREM2;CDKN1A;GPNMB;KDR;CCND2;FAXDC2;IL1B;ANGPT1;LEPR;APP;ERP29;TNIK;FLCN;HRAS;DVL3;BMP4;SMPD1;VEGFB;FGF1	GO_Biological_Process_2023
prerank	Cellular Response To Reactive Oxygen Species (GO:0034614)	0.2970207660817559	0.9703039371127731	0.5075301204819277	0.6870943109858921	1.0	6/49	10.01%	IL6;TNFAIP3;MAP3K5;SQSTM1;MPV17;PLEKHA1	GO_Biological_Process_2023
prerank	Positive Regulation Of Stress Fiber Assembly (GO:0051496)	0.34395306705693407	0.977025629289257	0.507223113964687	0.6740277640116181	1.0	3/23	8.72%	RGCC;CARMIL1;CD47	GO_Biological_Process_2023
prerank	Endocytosis (GO:0006897)	0.26567386332367354	0.977094484159334	0.5093582887700535	0.6748488108528801	1.0	34/96	29.43%	APOE;TBC1D2B;SCARB2;IGF2R;APP;MICALL1;RNASEK;LRP1;HOOK2;CAV1;TLR4;M6PR;MYO1E;SORT1;CSNK1G1;AP3M2;GAS6;LDLRAP1;RHOQ;DAB2;EEA1;DENND1A;HSPG2;CD302;RAB1A;DNAJC13;INPPL1;OCIAD1;TM9SF4;TICAM2;AP1S1;RHOBTB1;JMJD6;TOM1	GO_Biological_Process_2023
prerank	Golgi To Plasma Membrane Protein Transport (GO:0043001)	0.3409459166683149	0.9771480453903723	0.4967845659163987	0.6757084199662222	1.0	8/25	21.33%	OPTN;VAMP5;SYS1;GCC2;KIF13A;BBS2;GOLGA4;VAMP2	GO_Biological_Process_2023
prerank	Reactive Oxygen Species Pathway	0.30877643080918704	0.977286367203419	0.502262443438914	0.5516978833561749	1.0	9/38	17.67%	MBP;FTL;SOD2;MGST1;GPX4;NDUFB4;PDLIM1;GLRX;JUNB	MSigDB_Hallmark_2020
prerank	Positive Regulation Of Nitrogen Compound Metabolic Process (GO:0051173)	0.375260770130023	0.9774060562626855	0.5047291487532244	0.6761256814128405	1.0	5/16	14.23%	CSF1;INHBA;APP;NFKBIA;KLF4	GO_Biological_Process_2023
prerank	Muscle Tissue Development (GO:0060537)	0.3825359399358208	0.9797380723643999	0.49569707401032703	0.6722186922991701	1.0	8/15	25.88%	CSRP2;DMD;CAV1;SVIL;POGLUT1;CFLAR;TAFAZZIN;MYL6B	GO_Biological_Process_2023
prerank	Cellular Response To Epidermal Growth Factor Stimulus (GO:0071364)	0.37827607861906526	0.9809708938493934	0.4794168096054888	0.6705994771759896	1.0	3/16	10.11%	SNAI2;ZFP36L1;ZFP36	GO_Biological_Process_2023
prerank	Positive Regulation Of Canonical Wnt Signaling Pathway (GO:0090263)	0.3037007961293267	0.981813368381985	0.4922623434045689	0.6698487749888555	1.0	11/44	19.79%	JRK;DAAM2;SOX4;CAV1;ATP6AP2;ZEB2;PTK7;COL1A1;RNF146;CSNK1G1;UBE2B	GO_Biological_Process_2023
prerank	Response To Organonitrogen Compound (GO:0010243)	0.35830043995366767	0.9827934070744736	0.5028067361668003	0.668741769698401	1.0	2/20	6.27%	IL6;RRAGC	GO_Biological_Process_2023
prerank	JNK Cascade (GO:0007254)	0.38739032632651405	0.9835406347661679	0.46792763157894735	0.6681287589121536	1.0	3/15	8.82%	MAP3K5;PTGER4;MINK1	GO_Biological_Process_2023
prerank	Regulation Of Protein Localization To Cell Surface (GO:2000008)	0.3765252162247349	0.9861888066587537	0.49750415973377704	0.6634982188916602	1.0	7/17	27.23%	STX3;GOPC;LEPROT;NEDD4L;STX4;MAP1A;TM9SF4	GO_Biological_Process_2023
prerank	Negative Regulation Of Nucleic Acid-Templated Transcription (GO:1903507)	0.23830198244351342	0.9867154255371166	0.5147727272727273	0.6633695230893026	1.0	43/263	14.50%	CSF2;TNFSF4;MDM2;PPARG;DDIT3;TCEAL7;CRYAB;KCTD1;EIF4A2;NFIL3;CDKN1C;DKK3;PML;ID3;BCL6;GLI3;TWIST1;FOXN3;TLE1;HDAC9;WNT5A;ZNF219;LBH;BHLHE40;L3MBTL3;AHR;ING4;CITED2;MESP1;WWP1;HMGA2;ID2;PLCB1;PRDM5;CREBZF;BMP4;PTPRK;NAB1;ZHX3;VGLL4;KLF10;KLF4;RB1	GO_Biological_Process_2023
prerank	Regulation Of TOR Signaling (GO:0032006)	0.3028956068669873	0.9878928152557774	0.4737609329446064	0.6619158408487984	1.0	11/43	19.77%	TREM2;RRAGC;TBCK;DDIT4;FLCN;LAMTOR1;RRAGB;DYRK3;LAMTOR3;GAS6;LAMTOR4	GO_Biological_Process_2023
prerank	Cellular Response To Insulin Stimulus (GO:0032869)	0.28735405873346337	0.9893152376343262	0.48970901348474094	0.6599246192229112	1.0	19/59	21.47%	PPARG;ZFP36L1;CPEB2;HDAC9;LPIN2;FOXC2;INSIG1;IRS1;PIK3R1;AP3S1;IGF1R;NAMPT;CAV2;KAT2B;HDAC5;INSIG2;RHOQ;VAMP2;FER	GO_Biological_Process_2023
prerank	Regulation Of Vesicle-Mediated Transport (GO:0060627)	0.2985222172294779	0.9910447295163187	0.4703196347031963	0.6572506111544671	1.0	16/50	29.92%	GAS1;CDH13;STXBP5;OPHN1;RUFY1;VAMP2;ARFGAP3;CHMP3;STX4;RAB4A;ABL2;DNAJC13;NSF;DENND10;RAB8B;RAB21	GO_Biological_Process_2023
prerank	Monocarboxylic Acid Metabolic Process (GO:0032787)	0.3167364744114542	0.9914382598578577	0.4836997725549659	0.6574237356583479	1.0	7/37	11.70%	KRT17;GGT5;GAMT;DSEL;ACSF2;NPC1;MSMO1	GO_Biological_Process_2023
prerank	Phosphatidylinositol 3-Kinase Signaling (GO:0014065)	0.3921422724900436	0.9917776794799208	0.4764705882352941	0.6577094620904491	1.0	7/15	20.34%	ZFP36L1;PLEKHA1;IRS1;PIK3R1;IGF1R;STAT3;PTEN	GO_Biological_Process_2023
prerank	Negative Regulation Of Cellular Component Organization (GO:0051129)	0.31219834059118867	0.9928160004714379	0.4695919938414165	0.6564918934119947	1.0	11/39	22.69%	MCTP1;CRYAB;TMEFF2;LGALS3;CARMIL1;WASHC2C;PRKD1;RIOK3;WASL;SPRY2;DNAJB2	GO_Biological_Process_2023
prerank	Regulation Of Cellular Senescence (GO:2000772)	0.3635106110589649	1.0000765647623602	0.45447154471544715	0.6425326621557711	1.0	8/21	22.22%	YPEL3;TWIST1;HMGA2;NEK6;AKT3;CDK6;PTEN;ING2	GO_Biological_Process_2023
prerank	Regulation Of Cell Death (GO:0010941)	0.33455184292344214	1.001010700617746	0.4722662440570523	0.6415357503483556	1.0	7/30	18.24%	SNCA;CRYAB;RAB29;CHMP4A;SNCG;TBK1;CHMP1B	GO_Biological_Process_2023
prerank	Regulation Of Protein Localization To Membrane (GO:1905475)	0.3673156439297498	1.0030260826263395	0.4538653366583541	0.6382722318658072	1.0	6/20	22.78%	GPC1;SLC5A3;MMP14;GSN;LDLRAP1;VAMP8	GO_Biological_Process_2023
prerank	Epithelial Cell Migration (GO:0010631)	0.3431169778385662	1.0040465579856725	0.44384198295894656	0.6370524020228532	1.0	9/27	17.51%	PRKX;DAAM2;KIT;CDH13;PLXND1;ZEB2;TNFSF12;S100A2;CYP1B1	GO_Biological_Process_2023
prerank	Bicellular Tight Junction Assembly (GO:0070830)	0.3893498525957256	1.0045406733551372	0.4638752052545156	0.6370027978332384	1.0	3/16	13.57%	CLDN1;ARL2;OCEL1	GO_Biological_Process_2023
prerank	Regulation Of Neuron Projection Development (GO:0010975)	0.2903420536003006	1.007050494687244	0.44849334267694463	0.6327525498603024	1.0	24/68	26.68%	APOE;RAB29;MDK;SCARB2;WNT5A;SIPA1L1;PRAG1;ARSB;RUFY3;PTN;PLXNB2;PTK7;PRKD1;NOL3;KIDINS220;PTEN;TANC2;TENM3;DDR2;ABL2;SNX3;PRKCI;LPAR1;TSKU	GO_Biological_Process_2023
prerank	Regulation Of Apoptotic Process (GO:0042981)	0.23577675859641634	1.0115607763944967	0.4423913043478261	0.6243483147738221	1.0	48/415	9.73%	IL6;GAS1;FAS;NUPR1;KDR;MDM2;SNCA;DAPK1;DKK1;BIRC3;TNFRSF10A;CCND2;CRYAB;FRZB;ANXA4;PYCARD;HTATIP2;PHLDA3;EVI2B;TRIAP1;CTSB;BAX;TSLP;PHLDA1;MAP3K5;BCL2L1;HS1BP3;PIDD1;HTRA1;ANGPT1;BCL6;SQSTM1;PLK3;SGK1;TNFAIP8;ANKRD1;SOX4;WNT5A;GREM1;OPN3;HTRA2;THBS1;TPT1;TNFRSF10B;ING4;CITED2;FHL2;ARHGAP21	GO_Biological_Process_2023
prerank	Protein O-linked Glycosylation (GO:0006493)	0.32749148997110655	1.0135333791036554	0.4421875	0.6212306359943965	1.0	17/35	31.42%	GALNT1;GALNT5;B3GNT5;GALNT11;GCNT1;POGLUT1;C1GALT1C1;POGLUT2;PLOD2;TRAK1;POFUT2;POMGNT1;ST3GAL3;GXYLT1;GALNT3;B3GNT2;DPM3	GO_Biological_Process_2023
prerank	Response To Insulin (GO:0032868)	0.306446211419552	1.0142321124677063	0.43997071742313326	0.620707945393177	1.0	16/48	21.47%	PPARG;ZFP36L1;CPEB2;HDAC9;LPIN2;INSIG1;IRS1;PIK3R1;SORT1;ZBTB7B;KAT2B;HDAC5;INSIG2;RHOQ;VAMP2;FER	GO_Biological_Process_2023
prerank	Positive Regulation Of Binding (GO:0051099)	0.294230257139584	1.015388431629711	0.4429671098670399	0.6192152953292794	1.0	7/64	10.51%	APOE;PPARG;CDT1;APP;LRP1;HIPK2;CAV1	GO_Biological_Process_2023
prerank	Regulation Of Cellular Metabolic Process (GO:0031323)	0.34189755253163345	1.0168822303600797	0.42694805194805197	0.6170848709381259	1.0	10/27	22.22%	PID1;NPC2;MPV17;ARL2;STK17A;NEK6;CYP1B1;STUB1;HIF1A;ING2	GO_Biological_Process_2023
prerank	Regulation Of Stress Fiber Assembly (GO:0051492)	0.3149835788344563	1.0171710530283313	0.44269662921348313	0.6174446685582473	1.0	6/43	12.22%	RGCC;TMEFF2;PTGER4;CARMIL1;CD47;PIK3R1	GO_Biological_Process_2023
prerank	Positive Regulation Of Protein Kinase B Signaling (GO:0051897)	0.32021717536619565	1.0190317878400328	0.4290171606864275	0.6144063615320997	1.0	5/39	9.06%	GDF15;ANGPT1;IL18;PDGFA;THBS1	GO_Biological_Process_2023
prerank	Cellular Response To Gamma Radiation (GO:0071480)	0.388165019343028	1.0194007284314002	0.4396984924623116	0.6145847799932163	1.0	2/16	2.09%	MDM2;CRYAB	GO_Biological_Process_2023
prerank	Blood Vessel Morphogenesis (GO:0048514)	0.35728997793289735	1.02138227684796	0.44435548438751	0.611408846756416	1.0	5/25	10.89%	KDR;TGFBR2;FLT1;CAV1;COL4A1	GO_Biological_Process_2023
prerank	Axonal Transport (GO:0098930)	0.33713720962263827	1.0218485685845276	0.42585551330798477	0.6113664840019345	1.0	3/31	6.29%	NEFL;MGARP;BLOC1S2	GO_Biological_Process_2023
prerank	Cellular Response To Oxidative Stress (GO:0034599)	0.2862429564586469	1.0221665939463176	0.43130311614730876	0.6116169173100039	1.0	13/75	14.17%	SNCA;DAPK1;SOD2;CPEB2;GPX1;SQSTM1;HMOX1;PRR5L;MPV17;HTRA2;ALDH3B1;PTPRK;PRKD1	GO_Biological_Process_2023
prerank	Ceramide Metabolic Process (GO:0006672)	0.35319133585121304	1.0237487862082828	0.40612409347300565	0.6092168769220445	1.0	12/26	26.23%	CERS6;ASAH1;PLA2G15;SMPD1;SGMS2;PLPP1;CLN8;CERS5;NSMAF;SGMS1;SPTLC1;DEGS1	GO_Biological_Process_2023
prerank	Regulation Of GTPase Activity (GO:0043087)	0.2804565210991879	1.026983060691571	0.4100334448160535	0.6035411753248728	1.0	17/93	13.37%	CCL2;FGD4;CPEB2;PRKG1;DOCK9;SIPA1L1;PLXNB1;ARL2;FLCN;F2R;HRAS;RALGDS;PLXNB2;DOCK11;DVL3;RGL1;PLXND1	GO_Biological_Process_2023
prerank	Regulation Of T Cell Receptor Signaling Pathway (GO:0050856)	0.3930442482737256	1.0288505172082207	0.4455611390284757	0.6006239471839052	1.0	3/16	8.13%	PHPT1;RAB29;LGALS3	GO_Biological_Process_2023
prerank	Actin Filament Bundle Assembly (GO:0051017)	0.40628846805219465	1.028937620728928	0.43333333333333335	0.6013493380058607	1.0	3/15	7.28%	RHOD;BAIAP2L1;EPS8	GO_Biological_Process_2023
prerank	Cell Surface Receptor Signaling Pathway Involved In Cell-Cell Signaling (GO:1905114)	0.3961379156788908	1.0291512151392124	0.43110735418427726	0.6018309748263861	1.0	6/16	24.95%	WNT5A;CPE;BMP4;NXN;PORCN;WLS	GO_Biological_Process_2023
prerank	Positive Regulation Of Cell Cycle G1/S Phase Transition (GO:1902808)	0.3505378697000313	1.030030928714733	0.4203137902559868	0.6008868567873416	1.0	3/26	4.73%	RGCC;CCND2;ADAMTS1	GO_Biological_Process_2023
prerank	Mitochondrion Disassembly (GO:0061726)	0.35502312810629294	1.0301432501366556	0.4308553157474021	0.6015467312130259	1.0	5/26	14.04%	WIPI1;SQSTM1;GABARAP;MAP1LC3A;CISD2	GO_Biological_Process_2023
prerank	Regulation Of TORC1 Signaling (GO:1903432)	0.36661206726229933	1.0315668221552663	0.4318181818181818	0.5995099629054218	1.0	6/24	13.12%	SESN1;RRAGC;NPC1;FLCN;RRAGB;DYRK3	GO_Biological_Process_2023
prerank	Muscle Organ Development (GO:0007517)	0.37152988675405385	1.034131674993899	0.4184168012924071	0.5951121295906476	1.0	6/24	15.44%	TCF21;COL6A3;VAMP5;DMD;ITGA11;EVC	GO_Biological_Process_2023
prerank	Vesicle Fusion (GO:0006906)	0.3069320467144438	1.035774333298584	0.4	0.5926568725593462	1.0	28/55	32.31%	SNCA;PIP4K2A;VAMP1;CHMP4A;VPS11;UVRAG;CAV2;VPS8;SEC22B;VPS41;CHMP1B;EEA1;VAMP2;CHMP3;VAMP8;STX4;VIPAS39;STX12;BET1;VPS18;ARL8B;RAB8B;CHMP5;TOM1;YIPF4;STX17;STX8;CLN3	GO_Biological_Process_2023
prerank	Negative Regulation Of Cell-Cell Adhesion (GO:0022408)	0.3982885764868961	1.0367239241929407	0.41457068516912404	0.5916174166945971	1.0	2/17	2.02%	RGCC;JAG1	GO_Biological_Process_2023
prerank	Transforming Growth Factor Beta Receptor Signaling Pathway (GO:0007179)	0.3220426431488221	1.0369439527284225	0.39330855018587363	0.5920581467973614	1.0	5/46	7.21%	GDF15;COL3A1;COL1A2;LTBP2;TGFBR2	GO_Biological_Process_2023
prerank	Protein Maturation (GO:0051604)	0.3033140168531676	1.0399241479856722	0.3868665239114918	0.5866594675788741	1.0	13/60	19.92%	MME;CASP1;SRGN;CPE;MMP14;AEBP1;CASP4;TSPAN5;CIAO2A;BMP1;STUB1;BACE1;APH1B	GO_Biological_Process_2023
prerank	Negative Regulation Of Cellular Biosynthetic Process (GO:0031327)	0.2873524597251076	1.040318516028351	0.40356897735072067	0.5867247453516368	1.0	11/82	10.67%	CDKN1A;BTG2;SNAI2;DAPK1;TOB1;ANKRD1;APOC1;OPN3;PDGFA;CAV1;TYMS	GO_Biological_Process_2023
prerank	Regulation Of Glucose Import (GO:0046324)	0.38818536638845624	1.0439260241354846	0.39600665557404324	0.5801696098757497	1.0	8/18	26.46%	PID1;IRS1;PIK3R1;CREBL2;APLP2;RHOQ;PRKCI;ARPP19	GO_Biological_Process_2023
prerank	Mismatch Repair (GO:0006298)	0.37477573414646426	1.0443297141814534	0.4169944925255704	0.5802445013953306	1.0	8/22	25.56%	XPC;PCNA;RNASEH2A;MLH3;MCM8;MLH1;TREX1;RPA1	GO_Biological_Process_2023
prerank	Organophosphate Biosynthetic Process (GO:0090407)	0.4014239480460215	1.0445977707677365	0.40542832909245125	0.5805761131390947	1.0	9/16	29.51%	IP6K3;FADS1;PNPO;PCYT2;DDR2;IP6K2;AGPAT5;MOCS2;FGF2	GO_Biological_Process_2023
prerank	Sensory Organ Development (GO:0007423)	0.4051355282321541	1.0457743305825784	0.4312080536912752	0.5790214278746112	1.0	7/16	26.88%	MAFB;HIPK2;MAB21L1;FOXC1;PBX3;SMCHD1;SCO2	GO_Biological_Process_2023
prerank	Receptor Internalization (GO:0031623)	0.3555472735002023	1.0475316033057387	0.39371980676328505	0.5762977792952009	1.0	5/27	12.00%	SNCA;CXCL8;LRP1;CAV1;ADM	GO_Biological_Process_2023
prerank	Regulation Of Cell Communication (GO:0010646)	0.36464528524714757	1.0526498697644846	0.38609112709832133	0.5667960848498373	1.0	5/25	13.25%	LURAP1L;SCG5;CAMK2D;IGFBP7;LTBP1	GO_Biological_Process_2023
prerank	Secondary Alcohol Metabolic Process (GO:1902652)	0.38496797012028566	1.0534173682874064	0.3972267536704731	0.5660908410472623	1.0	6/21	18.56%	APOE;LCAT;SQLE;OSBPL1A;CLN8;LDLRAP1	GO_Biological_Process_2023
prerank	Negative Regulation Of Immune Response (GO:0050777)	0.3460082685397748	1.0558791821202307	0.3719844357976654	0.5619409754962214	1.0	4/32	8.13%	TREM2;TNFAIP3;COL3A1;LGALS3	GO_Biological_Process_2023
prerank	Phosphatidylinositol-Mediated Signaling (GO:0048015)	0.3631081120652631	1.0560551916339234	0.4020537124802528	0.5624668143725552	1.0	11/27	20.34%	ZFP36L1;PLEKHA1;PDGFRB;PLCB4;IRS1;PIK3R1;PLCB1;IGF1R;PLCE1;STAT3;PTEN	GO_Biological_Process_2023
prerank	Negative Regulation Of Apoptotic Signaling Pathway (GO:2001234)	0.3059673292560944	1.0576050371320656	0.36777456647398843	0.5601111095242877	1.0	12/62	16.08%	NR4A2;TRIAP1;BCL2L1;GPX1;ACVR1;LGALS3;THBS1;SLC25A5;TMBIM1;BMP4;RB1;NOL3	GO_Biological_Process_2023
prerank	Negative Regulation Of Oxidative Stress-Induced Cell Death (GO:1903202)	0.4066107749777669	1.060626893038629	0.3794266441821248	0.5548156831138445	1.0	4/16	16.08%	SOD2;HTRA2;HSPB1;NOL3	GO_Biological_Process_2023
prerank	Regulation Of Focal Adhesion Assembly (GO:0051893)	0.33508968836010294	1.061610763679617	0.36878347360367253	0.5537168735263391	1.0	2/40	0.84%	APOD;KDR	GO_Biological_Process_2023
prerank	Golgi To Plasma Membrane Transport (GO:0006893)	0.33639998226194084	1.0616193385068518	0.372803666921314	0.5545710972713668	1.0	12/39	21.33%	OPTN;GOPC;VAMP5;SYS1;GCC2;KIF13A;VPS35L;CCDC93;BBS2;GOLGA4;EXOC4;VAMP2	GO_Biological_Process_2023
prerank	Negative Regulation Of Protein Kinase B Signaling (GO:0051898)	0.3864110814240847	1.0639283925567524	0.3887550200803213	0.5507930908848655	1.0	7/21	22.59%	DDIT3;PHLDA3;PLEKHA1;FLCN;EPHA2;PTEN;SLC9A3R1	GO_Biological_Process_2023
prerank	Protein Phosphorylation (GO:0006468)	0.255450752195506	1.065135753468626	0.32508630609896433	0.5492241152294454	1.0	57/276	18.44%	CSF2;KDR;DAPK1;IP6K3;CDK18;CCL2;CDKL2;HTATIP2;MAP3K5;FNIP2;TLR3;CLK4;PRKG1;MKNK2;PRKX;MAST4;KIT;ACVR1;SGK1;EFEMP1;TBCK;TGFBR2;APP;STRADB;JAK2;CAMK2D;MEX3B;MINK1;PRAG1;COQ8A;FLT1;PDGFRB;TNIK;HIPK2;TLR4;TRIB2;STK32C;DYRK3;BMP4;STK10;PRKD1;STK17A;CLK3;TAF10;UVRAG;FAM20C;IGF1R;IKBKB;CDKL3;NEK6;CSNK1G1;TBK1;WNK4;AKT3;MAP4K3;CDK6;GAS6	GO_Biological_Process_2023
prerank	Regulation Of Erythrocyte Differentiation (GO:0045646)	0.39275658258356905	1.0662879469071216	0.3823051948051948	0.5477974743812659	1.0	5/19	10.11%	MAFB;ZFP36L1;FAM210B;INHBA;ZFP36	GO_Biological_Process_2023
prerank	Protein Autophosphorylation (GO:0046777)	0.29491065634138647	1.0666243028884494	0.3514615907545887	0.5479698220976174	1.0	18/88	16.96%	KDR;DAPK1;HTATIP2;MKNK2;PRKX;KIT;JAK2;CAMK2D;MEX3B;MINK1;FLT1;PDGFRB;TNIK;STK10;PRKD1;FAM20C;IGF1R;NEK6	GO_Biological_Process_2023
prerank	Establishment Of Protein Localization To Plasma Membrane (GO:0061951)	0.35242016038830903	1.0678971397492856	0.3874709976798144	0.5462419741085373	1.0	11/32	21.33%	OPTN;VAMP5;ATP6AP1;NECTIN3;SYS1;RILPL1;GCC2;KIF13A;BBS2;GOLGA4;VAMP2	GO_Biological_Process_2023
prerank	Regulation Of Endopeptidase Activity (GO:0052548)	0.346978354911625	1.0679750416465683	0.38632872503840243	0.5469521717676447	1.0	8/33	14.70%	BIRC3;SERPINE2;SERPINE1;TIMP2;SERPING1;SERPINB2;TIMP3;SERPINB7	GO_Biological_Process_2023
prerank	Negative Regulation Of Ras Protein Signal Transduction (GO:0046580)	0.4073507538709967	1.0698297307282212	0.3791348600508906	0.5441513506652172	1.0	5/18	21.59%	ARHGAP24;ITGA3;FLCN;HEG1;SPRY2	GO_Biological_Process_2023
prerank	Small GTPase Mediated Signal Transduction (GO:0007264)	0.31221661956558844	1.0723613989359986	0.3548387096774194	0.5399356377995636	1.0	13/60	16.82%	CDKN1A;RRAD;RAB38;RRAGC;DOK5;RRAS;MRAS;HRAS;RALGDS;RGL1;RB1;RIT1;NUCB1	GO_Biological_Process_2023
prerank	Regulation Of G Protein-Coupled Receptor Signaling Pathway (GO:0008277)	0.3577548694834409	1.0725505062385488	0.3565351894818252	0.540389597018434	1.0	12/32	22.66%	CXCL8;RGS20;RGS2;KCTD12;RGS3;PLCB1;RGS5;LRPAP1;RGS4;PLCE1;MGLL;RGS9	GO_Biological_Process_2023
prerank	Adenylate Cyclase-Modulating G Protein-Coupled Receptor Signaling Pathway (GO:0007188)	0.3953898542098203	1.0750236808959501	0.37165991902834006	0.5362740656833888	1.0	10/20	27.78%	PTGER2;ADORA2B;PTGER4;ADM;GNAI1;PSAP;GNAQ;ADGRG6;LPAR1;PRKACB	GO_Biological_Process_2023
prerank	Negative Regulation Of Cell Projection Organization (GO:0031345)	0.39187019387776484	1.0768744535192138	0.36846473029045645	0.5334507112616532	1.0	3/21	9.66%	APOE;RAB29;PRAG1	GO_Biological_Process_2023
prerank	Regulation Of Nervous System Development (GO:0051960)	0.39613761527263525	1.080759028937853	0.33388293487221765	0.5264089904792557	1.0	4/19	11.79%	HES2;IL1B;BHLHE40;PTN	GO_Biological_Process_2023
prerank	Regulation Of Transport (GO:0051049)	0.39130103596192267	1.0813547217895438	0.36348684210526316	0.5261045762693614	1.0	2/20	5.44%	SNCA;LEPR	GO_Biological_Process_2023
prerank	Cellular Response To Organic Cyclic Compound (GO:0071407)	0.3140707974427527	1.081532774588583	0.33473095737246683	0.5266098966349593	1.0	12/65	10.18%	SPP1;CCL2;ZFP36L1;MGARP;IL1B;FAM210B;SSH1;IL18;SPIDR;TFPI;AHR;INSIG1	GO_Biological_Process_2023
prerank	Positive Regulation Of Macromolecule Biosynthetic Process (GO:0010557)	0.30037927578173723	1.0815861986798772	0.30995792426367463	0.5273563981835762	1.0	17/82	17.02%	IL6;RGCC;KDR;RPS27L;CCL2;IL1B;SOX4;JAK2;THBS1;PDGFRB;TLR4;IRS1;PLXNB2;KLF4;PRR16;NAMPT;EIF3E	GO_Biological_Process_2023
prerank	Positive Regulation Of Signaling Receptor Activity (GO:2000273)	0.40732653919528455	1.0818138758006732	0.36587436332767403	0.5277313611863154	1.0	8/18	22.14%	AREG;CCL2;JAK2;GREM1;NOL3;FBXW7;HIF1A;NCOA3	GO_Biological_Process_2023
prerank	Modulation Of Chemical Synaptic Transmission (GO:0050804)	0.34777179144005127	1.0830394181568908	0.3405238828967643	0.526150554926007	1.0	10/35	20.69%	MCTP1;DGKI;IL1B;APP;OPHN1;TPRG1L;CASK;NOL3;PTEN;MYOF	GO_Biological_Process_2023
prerank	Positive Regulation Of Axonogenesis (GO:0050772)	0.4065129074218713	1.0831334025416652	0.3566775244299674	0.5268327142032774	1.0	7/18	20.38%	PLXNB1;RUFY3;METRN;PLXNB2;PLXND1;L1CAM;GOLGA4	GO_Biological_Process_2023
prerank	Positive Regulation Of Myeloid Cell Differentiation (GO:0045639)	0.41292651827476684	1.0834829793586755	0.36023294509151416	0.5270168587947629	1.0	4/16	7.55%	FAXDC2;FAM210B;INHBA;MTURN	GO_Biological_Process_2023
prerank	Protein Glycosylation (GO:0006486)	0.3133519111455698	1.0844356675235514	0.31263383297644537	0.5259478527759918	1.0	31/67	31.48%	GALNT1;ST3GAL6;GALNT5;B3GNT5;OSTC;SLC39A8;GALNT11;NPC1;TMEM59;POGLUT1;SERP1;C1GALT1C1;DAD1;TUSC3;PLOD2;TRAK1;STT3B;TMEM258;POMGNT1;STT3A;PMM1;ST3GAL3;FUT8;RPN2;OST4;DPAGT1;GALNT3;MGAT4B;B3GNT2;DPM3;MAGT1	GO_Biological_Process_2023
prerank	Positive Regulation Of Ras Protein Signal Transduction (GO:0046579)	0.4246827737806941	1.0858510851348904	0.36324786324786323	0.5239525924667294	1.0	7/15	29.85%	COL3A1;PRAG1;F2R;AKAP13;LPAR1;NGF;MAP4K4	GO_Biological_Process_2023
prerank	Cholesterol Biosynthetic Process (GO:0006695)	0.4035157474876599	1.0863286824445404	0.3684210526315789	0.5238576387670102	1.0	8/19	20.62%	SC5D;HSD17B7;INSIG1;MSMO1;PMVK;CYP51A1;INSIG2;HMGCS1	GO_Biological_Process_2023
prerank	Positive Regulation Of Cell Junction Assembly (GO:1901890)	0.37971487704715534	1.0874755863108287	0.3446327683615819	0.5223764488614395	1.0	8/25	20.97%	KDR;SRPX2;CAV1;EPHA2;COL16A1;IRX3;IL1RAP;NRG1	GO_Biological_Process_2023
prerank	Negative Regulation Of Gene Expression (GO:0010629)	0.26972550505505866	1.0875377374464044	0.28197320341047505	0.5230867490760731	1.0	29/198	14.50%	APOE;RGCC;GPNMB;BTG2;KRT17;KDR;PPARG;DAPK1;CXCL8;PPM1D;TOB1;HDAC9;PTGER4;SRGN;APP;CD46;LRP1;TCEAL1;ERP29;CITED2;ZFP36;TYMS;FLCN;HRAS;ID2;CREBZF;BMP4;KLF4;RB1	GO_Biological_Process_2023
prerank	Positive Regulation Of TOR Signaling (GO:0032008)	0.36891854443499167	1.0882974312230358	0.3419811320754717	0.5224658318975991	1.0	11/28	25.77%	TREM2;FLCN;LAMTOR1;RRAGB;LAMTOR3;GAS6;LAMTOR4;GPR137;PIP4P1;STAMBPL1;FNIP1	GO_Biological_Process_2023
prerank	Negative Regulation Of Cell-Substrate Adhesion (GO:0010812)	0.4068243637163343	1.091906437975006	0.35515548281505727	0.5159932982885941	1.0	3/19	9.06%	FBLN1;JAG1;THBS1	GO_Biological_Process_2023
prerank	Vacuolar Transport (GO:0007034)	0.3547797170923536	1.0921007937236438	0.3341194968553459	0.5164206525385174	1.0	13/34	24.06%	IGF2R;LRP1;ARSB;NPC1;M6PR;VPS8;PSAP;VPS41;CHMP1B;GRN;CHMP3;VIPAS39;VPS13C	GO_Biological_Process_2023
prerank	B Cell Activation (GO:0042113)	0.3749727824930983	1.0922177405431486	0.3396078431372549	0.5170003372393296	1.0	9/27	18.73%	DNAJB9;CD70;KIT;HDAC9;SLC25A5;PIK3R1;KLF6;HDAC5;ITGA4	GO_Biological_Process_2023
prerank	Positive Regulation Of Neurogenesis (GO:0050769)	0.3627359829414753	1.0956108446608386	0.3454968944099379	0.51110756655281	1.0	9/32	17.92%	MME;VCAN;PLXNB1;METRN;HAPLN3;PLXNB2;PLXND1;CDKL3;CUX1	GO_Biological_Process_2023
prerank	Regulation Of Innate Immune Response (GO:0045088)	0.32985180616029425	1.0963300721955975	0.32324723247232473	0.5104682163664876	1.0	4/50	1.60%	TREM2;CFH;TNFAIP3;BIRC3	GO_Biological_Process_2023
prerank	Positive Regulation Of GTPase Activity (GO:0043547)	0.30367702105071853	1.102322350515416	0.30173564753004006	0.4993396146511909	1.0	20/94	13.72%	CCL2;ARHGAP24;ARHGAP42;DOCK9;TBC1D2B;AGAP1;TBCK;ARHGAP22;SIPA1L1;PLXNB1;FLCN;F2R;TBC1D9;HRAS;TBC1D8;RALGDS;DOCK11;DVL3;RGL1;TBC1D1	GO_Biological_Process_2023
prerank	Positive Regulation Of Ossification (GO:0045778)	0.40806111615123464	1.1041202017675618	0.34786117836965297	0.49661734587985823	1.0	6/18	15.03%	FBN2;TENT5A;WNT5A;PTN;BMP4;ATRAID	GO_Biological_Process_2023
prerank	Protein Targeting To Vacuole (GO:0006623)	0.38326416766966215	1.1076487048894483	0.3205928237129485	0.49039322354502896	1.0	8/24	24.06%	SQSTM1;SCARB2;M6PR;GCC2;VPS8;VPS41;AP4M1;VPS13C	GO_Biological_Process_2023
prerank	Regulation Of Receptor Internalization (GO:0002090)	0.40325393819666216	1.1079203454449364	0.3258145363408521	0.4907077343085123	1.0	6/21	18.51%	DKK1;ANGPT1;GREM1;LRPAP1;SDCBP;ANKRD13D	GO_Biological_Process_2023
prerank	Positive Regulation Of Cellular Process (GO:0048522)	0.2661119820003049	1.1105888458021986	0.22158766419189035	0.48632070200736055	1.0	45/292	12.72%	SAA1;IL6;CSF2;NUPR1;KDR;TNFSF4;MDM2;PHPT1;AREG;CSF1;LAMA1;CCND2;STX3;KITLG;IL12A;ZFP36L1;TSLP;RHOD;FN1;IL1B;TWIST1;MDK;SOX4;TGFBR2;GREM1;MMP14;CD47;PDGFA;THBS1;SLC25A5;CITED2;ZFP36;PDGFRB;NID1;CAV1;TLR4;FLCN;TSC22D1;F2R;PTN;HRAS;TBC1D8;IRS1;CLEC11A;IL6ST	GO_Biological_Process_2023
prerank	Amyloid Fibril Formation (GO:1990000)	0.4341082989534756	1.1123495092412734	0.333616298811545	0.4836545045723628	1.0	2/16	1.24%	MDM2;SNCA	GO_Biological_Process_2023
prerank	Response To Peptide Hormone (GO:0043434)	0.36933735559541675	1.1129768936618765	0.3085271317829457	0.48323615725056696	1.0	9/29	22.49%	ZFP36L1;STAT2;CAV1;IRS1;SORT1;GNAI1;ZBTB7B;STAT3;TGFBR3	GO_Biological_Process_2023
prerank	Neuron Differentiation (GO:0030182)	0.3313567222101967	1.1129976135740083	0.2995689655172414	0.48401086189047043	1.0	20/55	22.70%	NR4A2;INHBA;FZD8;SOX4;WNT5A;DDIT4;RTN1;ERCC6;DMD;OPHN1;ID2;WNT5B;RUNX2;IRX3;MANF;PBX3;TENM3;CFLAR;PITX2;RUNX1	GO_Biological_Process_2023
prerank	Dephosphorylation (GO:0016311)	0.3107868822213162	1.1150408997663757	0.2770083102493075	0.48081943297890034	1.0	10/83	5.91%	ALPL;DUSP10;PHPT1;PTPRU;DUSP23;DUSP5;PPM1D;SSH1;PTPRM;PLPP4	GO_Biological_Process_2023
prerank	Positive Regulation Of Intrinsic Apoptotic Signaling Pathway (GO:2001244)	0.37866289944997883	1.1160248726149689	0.3110761979575805	0.47966173018332875	1.0	5/28	6.33%	NUPR1;DDIT3;BBC3;PLEKHF1;GSDME	GO_Biological_Process_2023
prerank	Regulation Of Proteolysis (GO:0030162)	0.36332826237947025	1.1161219161453093	0.30045523520485584	0.4802833712891152	1.0	8/34	10.51%	CYFIP2;CST3;SERPINE2;PLAT;PERP;DNAJC1;CSTB;CAV1	GO_Biological_Process_2023
prerank	Actin Filament Polymerization (GO:0030041)	0.419426570215363	1.1185648706210993	0.31679073614557485	0.47634440632447583	1.0	6/18	20.41%	PSTPIP2;WASF3;JAK2;MSRB2;GSN;WASL	GO_Biological_Process_2023
prerank	Positive Regulation Of Cytokine-Mediated Signaling Pathway (GO:0001961)	0.38848619978036236	1.119829441483173	0.29991850040749796	0.47478243779163665	1.0	5/24	10.09%	CSF1;CASP1;TSLP;WNT5A;CASP4	GO_Biological_Process_2023
prerank	Calcium-Mediated Signaling (GO:0019722)	0.3812100892871263	1.1213293602265186	0.308835027365129	0.47264499267049753	1.0	5/28	9.57%	KDR;MCTP1;CXCL8;RCAN1;NUDT4	GO_Biological_Process_2023
prerank	Regulation Of calcineurin-NFAT Signaling Cascade (GO:0070884)	0.419332432720782	1.1219453044752759	0.32039636663914123	0.4722473783075137	1.0	3/18	9.70%	LMCD1;RCAN1;FHL2	GO_Biological_Process_2023
prerank	Epidermal Cell Differentiation (GO:0009913)	0.3962793319151018	1.1222407428263996	0.3056664006384677	0.47243202374526494	1.0	8/23	22.39%	JAG1;ASAH1;WNT5A;OPN3;EPHA2;DSP;CFLAR;PITX2	GO_Biological_Process_2023
prerank	Secretory Granule Organization (GO:0033363)	0.40726152887248485	1.122378317096927	0.31378763866877973	0.47295673373030317	1.0	11/21	28.46%	BLOC1S2;LYST;SRGN;F2R;AP3S1;HPS3;HPS1;HPS5;AP1S2;AP3S2;AP1S1	GO_Biological_Process_2023
prerank	Lysosomal Transport (GO:0007041)	0.31593576071214485	1.1229016616302603	0.26522043386983907	0.4727227057258336	1.0	23/70	23.66%	PLEKHF1;SCARB2;IGF2R;LRP1;LAMP1;CHMP4A;ARSB;HOOK2;NPC1;VPS11;M6PR;SORT1;GCC2;KIF13A;EPG5;PSAP;VPS41;CHMP1B;GRN;CHMP3;TRAK1;AP4M1;VIPAS39	GO_Biological_Process_2023
prerank	Positive Regulation Of Cell Population Proliferation (GO:0008284)	0.2746053641245039	1.1234124323325736	0.2153755868544601	0.4725076275395688	1.0	40/228	12.72%	IL6;CSF2;CDKN1A;KDR;TNFSF4;MDM2;AREG;CSF1;CCND2;STX3;KITLG;TSLP;PID1;FN1;IL1B;IL18;MDK;HMOX1;SOX4;TGFBR2;WNT5A;JAK2;CDH13;GREM1;CD47;PDGFA;THBS1;SLC25A5;SIX2;PDGFRB;TSC22D1;F2R;HMGA2;PTN;HRAS;TBC1D8;IRS1;ID2;CLEC11A;IL6ST	GO_Biological_Process_2023
prerank	Proteolysis Involved In Protein Catabolic Process (GO:0051603)	0.34216131225078233	1.1234989168458167	0.27839643652561247	0.4731463947784165	1.0	12/50	18.75%	MDM2;TNFAIP3;CTSB;CTSL;CTSC;CTSF;CHMP4A;ADAMTS7;NR1D1;OMA1;USP28;STUB1	GO_Biological_Process_2023
prerank	Positive Regulation Of Cell-Matrix Adhesion (GO:0001954)	0.380884386667942	1.124814779341504	0.30702446724546173	0.47137443199527645	1.0	8/28	20.97%	KDR;CSF1;CDH13;RRAS;COL16A1;CDK6;EFEMP2;NRG1	GO_Biological_Process_2023
prerank	Positive Regulation Of Gene Expression (GO:0010628)	0.2736323079433903	1.1275070427360765	0.21500295333727112	0.4669478660201794	1.0	48/239	17.02%	SAA1;IL6;CSF2;TREM2;RGCC;PPARG;DKK1;CSF1;RPS27L;CXCL8;PID1;FN1;IL1B;TLR3;ANGPT1;TWIST1;TLE1;INHBA;PTGER4;SOX4;APP;WNT5A;CD46;ACTA2;THBS1;IFNGR1;CALCOCO1;ERP29;CITED2;TLR4;HMGA2;ID2;PIK3R1;HABP4;PLXNB2;BTN3A1;BMP4;MITF;KLF4;PRR16;FGF1;PHF1;IL15;ZBTB7B;SLC38A2;KAT2B;GSN;EIF3E	GO_Biological_Process_2023
prerank	Organic Substance Transport (GO:0071702)	0.33221868695332896	1.128032940128885	0.26600284495021337	0.4667661745350183	1.0	21/59	24.46%	PLTP;RAB38;TRPM7;ARRDC2;TPT1;TAP1;CAV1;RUFY1;GM2A;TNPO1;NME4;CLN8;TRPC1;CHMP1B;NRG1;VAMP2;CHMP3;SNX7;SCAMP1;SELENOK;HSP90B1	GO_Biological_Process_2023
prerank	Positive Regulation Of Cell-Substrate Adhesion (GO:0010811)	0.36070952251596217	1.128770116316802	0.29235382308845576	0.46619471733993734	1.0	7/36	10.30%	CSF1;FN1;MDK;JAK2;CDH13;CARMIL1;ARL2	GO_Biological_Process_2023
prerank	Positive Regulation Of Release Of Cytochrome C From Mitochondria (GO:0090200)	0.43118640086452786	1.1291891695078144	0.3149078726968174	0.4661947956163744	1.0	3/17	3.41%	PYCARD;BBC3;BAX	GO_Biological_Process_2023
prerank	Negative Regulation Of Protein Metabolic Process (GO:0051248)	0.30239690229252586	1.1298288080724939	0.23968565815324164	0.46577358790325313	1.0	11/102	8.14%	APOE;TREM2;BTG2;DAPK1;CST3;CRYAB;SERPINE2;TOB1;PLAT;DNAJC1;CSTB	GO_Biological_Process_2023
prerank	Response To Endoplasmic Reticulum Stress (GO:0034976)	0.31401004272486255	1.132095323923946	0.25221540558963873	0.4622709145041859	1.0	11/79	10.09%	DDIT3;DNAJB9;ATF3;BBC3;CXCL8;BAX;MAP3K5;CEBPB;THBS1;TNFRSF10B;CASP4	GO_Biological_Process_2023
prerank	Positive Regulation Of Bone Mineralization (GO:0030501)	0.44177436588992447	1.1329069336363569	0.3149671052631579	0.4615415615875168	1.0	5/15	15.03%	FBN2;TENT5A;PTN;BMP4;ATRAID	GO_Biological_Process_2023
prerank	Positive Regulation Of Notch Signaling Pathway (GO:0045747)	0.4198325765609974	1.1329847717916537	0.31202046035805625	0.4621855454083003	1.0	9/19	25.80%	JAG1;TM2D3;MESP1;IL6ST;TSPAN5;POGLUT1;STAT3;YAP1;PRKCI	GO_Biological_Process_2023
prerank	Regulation Of Notch Signaling Pathway (GO:0008593)	0.36426695185384533	1.1337744890052228	0.27626459143968873	0.4614878931590113	1.0	13/38	17.08%	JAG1;BEND6;CD46;MMP14;PRAG1;GALNT11;TM2D3;MESP1;IL6ST;TSPAN5;FBXW7;POGLUT1;RFNG	GO_Biological_Process_2023
prerank	Hexose Metabolic Process (GO:0019318)	0.4089548957621783	1.1344350562534693	0.2964196502914238	0.4609482237944696	1.0	5/21	16.46%	APOD;FUCA1;GAA;PGM1;OMA1	GO_Biological_Process_2023
prerank	Lipid Transport (GO:0006869)	0.3579727788383802	1.1368034094258672	0.2796352583586626	0.4570980275616047	1.0	4/41	5.55%	APOE;PLTP;TRIAP1;NPC2	GO_Biological_Process_2023
prerank	Regulation Of Small Molecule Metabolic Process (GO:0062012)	0.42251825781652524	1.1415601554652732	0.2874493927125506	0.4488893888714363	1.0	1/18	0.08%	APOE	GO_Biological_Process_2023
prerank	Negative Regulation Of Intrinsic Apoptotic Signaling Pathway (GO:2001243)	0.34598115738595675	1.1422178050106693	0.2651403249630724	0.4484617083664895	1.0	13/47	21.65%	MDM2;SNAI2;SOD2;BCL2L1;HTRA2;TPT1;YBX3;HSPB1;NOL3;ARMC10;CREB3;URI1;TRIM32	GO_Biological_Process_2023
prerank	Wnt-beta Catenin Signaling	0.40167628819021817	1.145129521494368	0.28809523809523807	0.2650439698492463	0.998	7/24	18.54%	DKK1;CCND2;JAG1;FZD8;WNT5B;GNAI1;HDAC5	MSigDB_Hallmark_2020
prerank	Regulation Of Interleukin-2 Production (GO:0032663)	0.4174414974747802	1.1454682936135872	0.2941653160453809	0.44305329644983366	1.0	4/19	10.11%	TNFAIP3;IL1B;HDAC9;ZFP36	GO_Biological_Process_2023
prerank	Regulation Of Cell Motility (GO:2000145)	0.3399345641070658	1.1456000516588907	0.2567185289957567	0.44359659670525714	1.0	14/56	15.00%	PHPT1;FBLN1;SERPINE2;PRKX;TWIST1;SGK1;BEX4;MINK1;PRAG1;PLXNB1;NEXN;PLXNB2;PLXND1;FGF1	GO_Biological_Process_2023
prerank	Positive Regulation By Host Of Viral Process (GO:0044794)	0.4460494110251431	1.1460878566998212	0.2990115321252059	0.44346035746638274	1.0	5/16	19.06%	KRT17;IGF2R;ZFYVE1;CAV2;ZDHHC9	GO_Biological_Process_2023
prerank	Response To Steroid Hormone (GO:0048545)	0.43463287833764946	1.1463750946191844	0.2837951301427372	0.44371554070733493	1.0	9/16	25.47%	MGARP;TFPI;THBS1;CAV1;ATP1A1;ABHD2;URI1;WBP2;YAP1	GO_Biological_Process_2023
prerank	Dendrite Morphogenesis (GO:0048813)	0.43613042693444726	1.1476999542292972	0.29239766081871343	0.4419252174209582	1.0	6/16	20.41%	MINK1;PTN;NOL3;SDC2;PTEN;WASL	GO_Biological_Process_2023
prerank	Regulation Of Programmed Cell Death (GO:0043067)	0.302865084722965	1.1480706062268127	0.20567375886524822	0.4419977386652089	1.0	14/115	5.84%	GAS1;FAS;DAPK1;BIRC3;CRYAB;HTATIP2;CTSB;BAX;HS1BP3;TIGAR;TM7SF3;ASAH1;AMIGO2;SGK1	GO_Biological_Process_2023
prerank	Steroid Metabolic Process (GO:0008202)	0.4361653962567489	1.1485872916373967	0.29431438127090304	0.4418252433623063	1.0	6/18	18.38%	FDXR;HSD17B14;NPC1;MSMO1;CYP1B1;CYP51A1	GO_Biological_Process_2023
prerank	Positive Regulation Of Immune Response (GO:0050778)	0.3871305114529981	1.149523909485102	0.2786377708978328	0.4408105751188592	1.0	12/28	24.10%	TNFSF4;PYCARD;GSDME;CD46;IL6ST;IL15;RIOK3;NRG1;SLC15A4;STX4;POLR3D;EIF2AK4	GO_Biological_Process_2023
prerank	Regulation Of Cell-Matrix Adhesion (GO:0001952)	0.36042012996102907	1.1498177708449084	0.2606060606060606	0.44104788935035727	1.0	9/43	18.39%	CSF1;JAG1;CDH13;PLAU;MINK1;THBS1;CASK;SLC9A1;CDK6	GO_Biological_Process_2023
prerank	Adipogenesis	0.29600318165315465	1.1501047012268315	0.20683229813664597	0.26641270870481437	0.998	27/144	15.94%	APOE;CMBL;PPARG;PLIN2;DNAJB9;STOM;HSPB8;CAVIN2;ANGPT1;BCL6;TOB1;MYLK;DHRS7;PHYH;TKT;IFNGR1;GBE1;COL4A1;RETSAT;APLP2;GPX4;PGM1;VEGFB;SNCG;CHCHD10;DDT;HADH	MSigDB_Hallmark_2020
prerank	Positive Regulation Of Protein Binding (GO:0032092)	0.35632117210644904	1.1509726387797208	0.25169555388093445	0.43955227378272954	1.0	6/44	13.34%	APOE;APP;LRP1;HIPK2;CAV1;BMP4	GO_Biological_Process_2023
prerank	B Cell Differentiation (GO:0030183)	0.4180724714167148	1.1516171828805646	0.28594122319301035	0.43906350407036976	1.0	9/22	18.73%	DNAJB9;IRF2BP2;KIT;HDAC9;SLC25A5;PIK3R1;KLF6;HDAC5;ITGA4	GO_Biological_Process_2023
prerank	Transport Across Blood-Brain Barrier (GO:0150104)	0.3941189902124538	1.1541912445594222	0.2749800159872102	0.43499309582669127	1.0	7/26	10.83%	SLC16A12;SLC1A3;LEPR;SLC5A3;LRP1;SLC44A1;SLC2A3	GO_Biological_Process_2023
prerank	Modulation By Host Of Viral Process (GO:0044788)	0.4324658404516705	1.1551712171581774	0.28885272579332794	0.4339632519120063	1.0	7/18	21.34%	KRT17;RAB29;IGF2R;CAV2;ZDHHC9;EEA1;IFI27	GO_Biological_Process_2023
prerank	Vesicle Organization (GO:0016050)	0.3347559357663035	1.1558257854790062	0.251249107780157	0.4335189925408148	1.0	20/65	25.63%	SRPX;PLEKHF1;SQSTM1;SRGN;VAMP1;CHMP4A;HOOK2;CAV1;LAMTOR1;VPS11;SORT1;CAV2;WASL;EEA1;VAMP2;VAMP8;STX4;ARFGEF2;STX12;DNAJC13	GO_Biological_Process_2023
prerank	Protein Localization To Golgi Apparatus (GO:0034067)	0.4195306869354528	1.1567026561708609	0.27051177904142976	0.4327186069387896	1.0	6/20	24.06%	OPTN;SYS1;GCC2;IFT20;ARL1;VPS13C	GO_Biological_Process_2023
prerank	SMAD Protein Signal Transduction (GO:0060395)	0.438928727115893	1.1567915645804723	0.28583473861720066	0.4333343042777313	1.0	6/18	19.04%	GDF15;INHBA;HIPK2;BMP4;RUNX2;GDF5	GO_Biological_Process_2023
prerank	Positive Regulation Of Vacuole Organization (GO:0044090)	0.4498029716221481	1.1604629996670028	0.27449324324324326	0.427226624689058	1.0	7/16	23.42%	ELAPOR1;WIPI1;PIP4K2A;MCOLN1;GRN;WDR45;SNX7	GO_Biological_Process_2023
prerank	Regulation Of Insulin Receptor Signaling Pathway (GO:0046626)	0.4232051176493988	1.1605768127854097	0.26461038961038963	0.42779805546198835	1.0	5/20	15.67%	PID1;IL1B;PIP4K2A;IRS1;ZBTB7B	GO_Biological_Process_2023
prerank	Regulation Of Protein Kinase B Signaling (GO:0051896)	0.33769239013718283	1.1605892288097557	0.2366136034732272	0.42854703563149255	1.0	10/61	11.22%	GDF15;DDIT3;PHLDA3;ANGPT1;IL18;RRAS;PDGFA;THBS1;PLEKHA1;FLCN	GO_Biological_Process_2023
prerank	Long-Chain Fatty Acid Metabolic Process (GO:0001676)	0.39959601518378624	1.161328794702345	0.2669902912621359	0.4279534903565963	1.0	11/26	23.95%	GPX1;FADS1;AIG1;ABHD12;GPX4;CYP1B1;PNPLA8;ABHD6;GSTM2;MGLL;ACSL1	GO_Biological_Process_2023
prerank	Epithelial Tube Morphogenesis (GO:0060562)	0.45878376753549116	1.161698559246178	0.27936241610738255	0.42803513439009166	1.0	11/15	36.74%	PRKX;MESP1;COL4A1;BMP4;SCRIB;HES1;PKD2;PAK1;CSNK2B;RHOB;MET	GO_Biological_Process_2023
prerank	Positive Regulation Of Protein Catabolic Process (GO:0045732)	0.33916438662195564	1.1625800581154884	0.23392226148409895	0.4271593611212902	1.0	7/63	7.33%	APOE;TREM2;NUPR1;TNFAIP3;IL1B;PLK3;WNT5A	GO_Biological_Process_2023
prerank	Positive Regulation Of Synaptic Transmission (GO:0050806)	0.4095745933393307	1.1626031381881938	0.2654575432811212	0.4278906337861669	1.0	8/23	25.36%	CCL2;SQSTM1;APP;NOL3;VAMP2;STX4;EIF2AK4;FLOT1	GO_Biological_Process_2023
prerank	Interferon-Mediated Signaling Pathway (GO:0140888)	0.428902235598365	1.1640928731543578	0.28082736674622116	0.4258528683789925	1.0	8/20	24.60%	JAK2;IFNGR1;STAT2;IL10RB;TBK1;IFITM3;IFI27;SP100	GO_Biological_Process_2023
prerank	Organophosphate Ester Transport (GO:0015748)	0.44075714221720846	1.1648573318356752	0.26779935275080907	0.425169573532838	1.0	3/17	5.55%	PLTP;TRIAP1;NPC2	GO_Biological_Process_2023
prerank	Regulation Of BMP Signaling Pathway (GO:0030510)	0.37628428656700724	1.1673809809007927	0.24980842911877393	0.42112810148182916	1.0	9/36	13.34%	PPARG;SULF1;SPART;GREM1;BMPER;HIPK2;FSTL3;ITGA3;BMP4	GO_Biological_Process_2023
prerank	Regulation Of Filopodium Assembly (GO:0051489)	0.41882217458080667	1.168151395389248	0.26484751203852325	0.42044075753705396	1.0	11/22	29.22%	DAAM2;PIK3R1;DOCK11;MYO10;MIEN1;WASL;RHOQ;SRGAP2C;PRKCD;ARF6;FNBP1L	GO_Biological_Process_2023
prerank	Regulation Of Intracellular Transport (GO:0032386)	0.41773255825536887	1.1709212662514847	0.26294498381877024	0.4159675812925997	1.0	3/22	9.10%	GAS1;CRYAB;LAMP1	GO_Biological_Process_2023
prerank	Regulation Of Protein Modification Process (GO:0031399)	0.4126789087867911	1.1726816228487267	0.2504118616144975	0.4134251305986492	1.0	6/25	13.69%	FN1;FNIP2;STAT2;FLCN;PLXNB2;HSPB1	GO_Biological_Process_2023
prerank	Positive Regulation Of Lipid Biosynthetic Process (GO:0046889)	0.4486148320906659	1.1751231299855436	0.25728987993138935	0.40974298384330327	1.0	1/17	0.08%	APOE	GO_Biological_Process_2023
prerank	Focal Adhesion Assembly (GO:0048041)	0.46609645065133976	1.1797725266996935	0.2718035563082134	0.4019994382084113	1.0	4/15	13.66%	RHOD;THSD1;TRIP6;PTPRK	GO_Biological_Process_2023
prerank	Negative Regulation Of Cellular Metabolic Process (GO:0031324)	0.4202195784617993	1.1830219450856747	0.24242424242424243	0.3967583081089621	1.0	8/23	20.34%	NUPR1;TIGAR;TWIST1;FLCN;HMGA2;AKT3;CDK6;PTEN	GO_Biological_Process_2023
prerank	Protein Targeting To Lysosome (GO:0006622)	0.42794247271729635	1.1835580965077752	0.25485436893203883	0.3965028577526826	1.0	6/21	14.95%	GNPTAB;GNPTG;SCARB2;M6PR;LAMP2;GCC2	GO_Biological_Process_2023
prerank	Positive Regulation Of Protein Transport (GO:0051222)	0.3635239416206986	1.1851622775977975	0.21365638766519823	0.39440332927736615	1.0	9/43	14.78%	TREM2;RAB29;PLK3;ANKRD1;PRR5L;B3GAT3;RUFY3;SYTL4;FRMD4A	GO_Biological_Process_2023
prerank	Positive Regulation Of Proteolysis (GO:0045862)	0.3888524215719462	1.1863339513878903	0.22826908541194255	0.39304757660137296	1.0	7/34	9.79%	APOE;CYFIP2;IL1B;PERP;CTSL;CTSC;TNIP1	GO_Biological_Process_2023
prerank	Regulation Of Monoatomic Ion Transmembrane Transporter Activity (GO:0032412)	0.440459297543109	1.1871037277048706	0.2562396006655574	0.39237039529779927	1.0	5/19	16.62%	DAPK1;APP;MINK1;CNIH3;NEDD4L	GO_Biological_Process_2023
prerank	Transmembrane Receptor Protein Serine/Threonine Kinase Signaling Pathway (GO:0007178)	0.3461173068013253	1.1876880016711822	0.20802919708029197	0.39202817115576094	1.0	12/64	13.66%	GDF15;PPARG;COL3A1;COL1A2;LTBP2;ACVR1;INHBA;TGFBR2;HIPK2;APLP2;BMP4;PTPRK	GO_Biological_Process_2023
prerank	Axonogenesis (GO:0007409)	0.34406199280027183	1.1883444699172923	0.19312362838332114	0.39163494816421546	1.0	15/63	20.34%	DRAXIN;FEZ1;SEMA3B;CYFIP2;APLP1;APP;WNT5A;NEXN;OPHN1;APLP2;PALLD;SEMA3C;L1CAM;EMB;PTEN	GO_Biological_Process_2023
prerank	Regulation Of Insulin Secretion (GO:0050796)	0.41288176084346995	1.188659530714283	0.2358490566037736	0.3917999927455803	1.0	6/24	15.55%	IL6;IL1B;TM7SF3;SOX4;IRS1;NR1D1	GO_Biological_Process_2023
prerank	Positive Regulation Of mRNA Catabolic Process (GO:0061014)	0.3855511401265675	1.189799040143735	0.21698841698841698	0.39053646845386064	1.0	5/35	10.11%	BTG2;ZFP36L1;TOB1;PRR5L;ZFP36	GO_Biological_Process_2023
prerank	Axon Development (GO:0061564)	0.3971549123236766	1.1916787341585147	0.22133119486768243	0.3879108826337668	1.0	4/29	7.24%	APLP1;NREP;MGARP;APP	GO_Biological_Process_2023
prerank	Positive Regulation Of Peptidyl-Serine Phosphorylation (GO:0033138)	0.3661148183290185	1.193737603823929	0.21860816944024206	0.3849702975764024	1.0	10/44	18.44%	IL6;SNCA;FNIP2;APP;CAV1;CREBL2;PRKD1;TBK1;CD44;GAS6	GO_Biological_Process_2023
prerank	Positive Regulation Of Receptor-Mediated Endocytosis (GO:0048260)	0.42655166883530105	1.196869610150042	0.24056603773584906	0.3801369649609851	1.0	7/22	20.52%	SGIP1;ANGPT1;SERPINE1;GREM1;LDLRAP1;WASL;DAB2	GO_Biological_Process_2023
prerank	Negative Regulation Of Macromolecule Metabolic Process (GO:0010605)	0.3257450915152937	1.1969506817007047	0.17825793382849425	0.3807097500496535	1.0	18/97	14.50%	APOE;KRT17;KDR;PPARG;CXCL8;OPTN;APP;CD46;LRP1;TCEAL1;ERP29;CITED2;FLCN;HRAS;ID2;BMP4;KLF4;RB1	GO_Biological_Process_2023
prerank	Negative Regulation Of Protein-Containing Complex Assembly (GO:0031333)	0.3925616266266373	1.1970490649050491	0.20637450199203186	0.38126271674748197	1.0	6/33	10.50%	TREM2;DKK1;CRYAB;PMEPA1;PTGER4;FBXL2	GO_Biological_Process_2023
prerank	Regulation Of Cellular Response To Transforming Growth Factor Beta Stimulus (GO:1903844)	0.4480149078436423	1.1976074590014383	0.236318407960199	0.3809817242340382	1.0	3/18	3.73%	PPARG;NREP;DKK3	GO_Biological_Process_2023
prerank	Positive Regulation Of Metabolic Process (GO:0009893)	0.365113622237513	1.1986771888760819	0.19954988747186797	0.3797673193583756	1.0	13/43	16.46%	ALPL;EPAS1;LEPR;G0S2;IL18;CEBPB;IL4R;JAK2;CAV1;APLP2;ZBTB7B;IGF1R;OMA1	GO_Biological_Process_2023
prerank	Positive Regulation Of Cold-Induced Thermogenesis (GO:0120162)	0.365113622237513	1.1986771888760819	0.19954988747186797	0.3797673193583756	1.0	13/43	16.46%	ALPL;EPAS1;LEPR;G0S2;IL18;CEBPB;IL4R;JAK2;CAV1;APLP2;ZBTB7B;IGF1R;OMA1	GO_Biological_Process_2023
prerank	Cellular Response To Chemical Stress (GO:0062197)	0.35039649900061703	1.2000587012246835	0.18243243243243243	0.3787893937739108	1.0	10/58	14.17%	FAS;SNCA;SOD2;CPEB2;GPX1;PRR5L;HTRA2;CAV1;ALDH3B1;PRKD1	GO_Biological_Process_2023
prerank	Ceramide Biosynthetic Process (GO:0046513)	0.4676716184640714	1.2001235551870089	0.22016806722689075	0.37939668210757155	1.0	9/15	26.23%	CERS6;ASAH1;SMPD1;SGMS2;CLN8;CERS5;SGMS1;SPTLC1;DEGS1	GO_Biological_Process_2023
prerank	Positive Regulation Of Biomineral Tissue Development (GO:0070169)	0.45431880653675316	1.2007165650886285	0.24398073836276082	0.3790677425430686	1.0	6/17	15.03%	FBN2;TENT5A;CEBPB;PTN;BMP4;ATRAID	GO_Biological_Process_2023
prerank	Negative Regulation Of Transforming Growth Factor Beta Receptor Signaling Pathway (GO:0030512)	0.36562261649347616	1.2012225529917777	0.18956649522409993	0.37888421100315883	1.0	15/46	28.63%	PPARG;FBN2;CD109;PMEPA1;CAV1;LTBP1;STUB1;SPRY2;ING2;EMILIN1;SUDS3;FBN1;FKBP1A;SAP30L;BAMBI	GO_Biological_Process_2023
prerank	Positive Regulation Of Supramolecular Fiber Organization (GO:1902905)	0.3639730828993339	1.2022970033985887	0.205607476635514	0.377763402196927	1.0	13/47	18.41%	APOE;PYCARD;BAIAP2L1;GPX1;APP;FCHSD2;CARMIL1;CDC42EP3;ARL2;RB1;CDC42EP5;GSN;EFEMP2	GO_Biological_Process_2023
prerank	Regulation Of Transforming Growth Factor Beta Receptor Signaling Pathway (GO:0017015)	0.33913357661131965	1.2028414988294438	0.17857142857142858	0.37756547420914854	1.0	12/72	11.22%	PPARG;NREP;CD109;CDKN1C;DKK3;PMEPA1;THBS1;CITED2;HIPK2;CAV1;ITGA3;FLCN	GO_Biological_Process_2023
prerank	Integrated Stress Response Signaling (GO:0140467)	0.425688525048294	1.2031889964509908	0.22491909385113268	0.3776580811541946	1.0	8/23	19.39%	DDIT3;MAFB;CEBPD;CEBPB;CREBZF;OMA1;JUNB;CREB3	GO_Biological_Process_2023
prerank	Positive Regulation Of T Cell Differentiation (GO:0045582)	0.41047311196401565	1.2037784580972195	0.22275258552108193	0.3773637698701269	1.0	7/28	8.45%	DUSP10;TNFSF4;BCL6;GLI3;MDK;SOX4;CD46	GO_Biological_Process_2023
prerank	Positive Regulation Of Organelle Organization (GO:0010638)	0.42321631822648975	1.205128570282722	0.21549636803874092	0.3757233546282448	1.0	4/24	8.84%	TREM2;MGARP;ELAPOR1;HTRA2	GO_Biological_Process_2023
prerank	Regulation Of Axonogenesis (GO:0050770)	0.44387896119289355	1.2054011497915085	0.2275693311582382	0.3759782071031741	1.0	6/20	13.37%	SIPA1L1;PLXNB1;RUFY3;METRN;PLXNB2;PLXND1	GO_Biological_Process_2023
prerank	Cellular Response To Hormone Stimulus (GO:0032870)	0.4023383816381008	1.2058605703606444	0.2338957055214724	0.3758755671691903	1.0	12/29	24.04%	ZFP36L1;MGARP;CTSB;CTSL;TFPI;CAV1;SFR1;ATP1A1;URI1;STAT3;NCOA3;WBP2	GO_Biological_Process_2023
prerank	Positive Regulation Of G1/S Transition Of Mitotic Cell Cycle (GO:1900087)	0.4206607043490462	1.2064973701908202	0.22194922194922195	0.37554061664392757	1.0	3/23	4.73%	RGCC;CCND2;ADAMTS1	GO_Biological_Process_2023
prerank	Autophagy Of Mitochondrion (GO:0000422)	0.3878074251961533	1.2066367705059764	0.19644238205723125	0.37605163614112114	1.0	5/36	8.23%	SPATA18;WIPI1;SQSTM1;GABARAP;MAP1LC3A	GO_Biological_Process_2023
prerank	Vascular Transport (GO:0010232)	0.4137561639174972	1.2081516129376095	0.21406003159557663	0.3740651802360819	1.0	7/25	10.83%	SLC16A12;SLC1A3;LEPR;SLC5A3;LRP1;SLC44A1;SLC2A3	GO_Biological_Process_2023
prerank	Positive Regulation Of JUN Kinase Activity (GO:0043507)	0.4705547679115961	1.2104932508086392	0.23972602739726026	0.3706096760811142	1.0	4/16	12.67%	DKK1;MAP3K5;WNT5A;DVL3	GO_Biological_Process_2023
prerank	Regulation Of Cytokine-Mediated Signaling Pathway (GO:0001959)	0.41661759433929657	1.21076242588903	0.2180016515276631	0.37085559975485033	1.0	8/24	18.44%	TNFAIP3;PYCARD;TSLP;CYLD;MIB2;IKBKB;TBK1;GAS6	GO_Biological_Process_2023
prerank	Negative Regulation Of Cysteine-Type Endopeptidase Activity Involved In Apoptotic Process (GO:0043154)	0.39002138857734897	1.2122346753352278	0.19435736677115986	0.36893766650043924	1.0	10/34	18.44%	CARD16;SNCA;TRIAP1;GPX1;THBS1;IGBP1;KLF4;NOL3;CD44;GAS6	GO_Biological_Process_2023
prerank	Positive Regulation Of Neuron Projection Development (GO:0010976)	0.3950053033053327	1.2219383610365568	0.199851411589896	0.3528177455165194	1.0	9/35	14.17%	APOE;MDK;SCARB2;WNT5A;ARSB;PTN;PLXNB2;PTK7;PRKD1	GO_Biological_Process_2023
prerank	Regulation Of Defense Response To Virus By Host (GO:0050691)	0.45153592425895533	1.222063212249795	0.20954692556634305	0.3532833040840628	1.0	2/19	1.38%	TRIM22;TNFAIP3	GO_Biological_Process_2023
prerank	Regulation Of Cellular Localization (GO:0060341)	0.40560136099043076	1.2232335666149146	0.19968304278922344	0.3519982338444844	1.0	8/32	16.77%	TRIM22;PARD6G;MMD;RAB9A;CAMK2D;DVL3;FBXW7;GSN	GO_Biological_Process_2023
prerank	Negative Regulation Of Programmed Cell Death (GO:0043069)	0.2975991962216398	1.226008890946056	0.09487776484284051	0.3479666981082691	1.0	40/237	13.77%	IL6;FAS;TREM2;NUPR1;KDR;MDM2;SNCA;DKK1;BIRC3;CCND2;CRYAB;ANXA4;HTATIP2;EVI2B;TRIAP1;TSLP;BCL2L1;PIDD1;ANGPT1;TIGAR;TM7SF3;AMIGO2;PLK3;TNFAIP8;WNT5A;GREM1;OPN3;THBS1;TPT1;CITED2;FHL2;ARHGAP21;TSC22D1;HMGA2;PIK3R1;TNFRSF10D;IL6ST;BMP4;HSPB1;GPX4	GO_Biological_Process_2023
prerank	Negative Regulation Of Stress-Activated MAPK Cascade (GO:0032873)	0.4307891112584008	1.2266048101824285	0.1962540716612378	0.34763414303976026	1.0	5/24	11.56%	TREM2;DUSP10;DUSP1;IGBP1;CYLD	GO_Biological_Process_2023
prerank	Regulation Of Intracellular Signal Transduction (GO:1902531)	0.31668761755144914	1.2273462434555809	0.1319796954314721	0.34705172271548146	1.0	36/147	15.17%	TREM2;KDR;PYCARD;RHOD;PIDD1;FGD4;IL1B;ARHGAP26;OPTN;SQSTM1;PLK3;SGK1;RRAGC;TBCK;ARHGAP22;WNT5A;LBH;RRAS;MINK1;ARHGAP21;TNIK;TRAF5;NFKBIA;HIPK2;FBXL2;TRAF4;FLCN;ARHGEF28;CYLD;ATP6AP2;SETD9;RRAGB;HSPB1;WWC3;FGF1;GNAI1	GO_Biological_Process_2023
prerank	Gland Development (GO:0048732)	0.40394953790150717	1.227431080838941	0.188982402448355	0.3475992364940633	1.0	13/32	23.32%	TCF21;DKK3;MDK;CITED2;CAV1;PHF1;PRKCSH;NRG1;TGFBR3;SLC9A3R1;TBX3;HES1;FOXE1	GO_Biological_Process_2023
prerank	Embryonic Organ Morphogenesis (GO:0048562)	0.45377805009152516	1.2291345391400859	0.2036888532477947	0.34549496514231515	1.0	11/20	23.32%	TCF21;FBN2;EFEMP1;SIX2;MESP1;ID2;HOXB4;RBPMS2;PPP1R35;HES1;FOXE1	GO_Biological_Process_2023
prerank	Positive Regulation Of I-kappaB kinase/NF-kappaB Signaling (GO:0043123)	0.3303753705473759	1.2292683524173371	0.12808539026017346	0.345942704719946	1.0	29/98	23.21%	CARD16;TRIM22;EDA2R;BIRC3;CASP1;S100A4;HMOX1;TNFRSF10B;LTBR;TRAF5;TRIM8;F2R;TRAF3IP2;IRAK4;TSPAN6;MIB2;LITAF;SLC20A1;PRKD1;IKBKB;NEK6;TBK1;AKAP13;GOLT1B;TMED4;TRIM32;CFLAR;SHARPIN;EEF1D	GO_Biological_Process_2023
prerank	Stress-Activated MAPK Cascade (GO:0051403)	0.4485356343094453	1.2295005778628758	0.19776714513556617	0.3462019097041501	1.0	7/21	17.96%	ZFP36L1;MAP3K5;PTGER4;MINK1;ZFP36;IKBKB;MAP4K3	GO_Biological_Process_2023
prerank	Sterol Biosynthetic Process (GO:0016126)	0.44791810138226795	1.2299106736908714	0.2106537530266344	0.34615760135783497	1.0	9/21	20.62%	FAXDC2;HSD17B7;INSIG1;SQLE;MSMO1;PMVK;CYP51A1;INSIG2;HMGCS1	GO_Biological_Process_2023
prerank	Apoptotic Mitochondrial Changes (GO:0008637)	0.4351423262201794	1.2306268650183592	0.20097640358014646	0.3456587764703752	1.0	4/23	3.61%	SOD2;BBC3;BAX;BCL2L1	GO_Biological_Process_2023
prerank	Regulation Of Actin Filament Polymerization (GO:0030833)	0.3998742022702915	1.2323146430093082	0.19390148553557468	0.34350495697715605	1.0	7/33	8.98%	PYCARD;BAIAP2L1;SSH1;DAAM2;FCHSD2;CARMIL1;CDC42EP3	GO_Biological_Process_2023
prerank	Purine Nucleotide Metabolic Process (GO:0006163)	0.44238077555134797	1.2323265754027788	0.2097165991902834	0.34417541244795496	1.0	4/23	4.97%	TP53I3;KRT17;QPRT;NMRK1	GO_Biological_Process_2023
prerank	Organelle Membrane Fusion (GO:0090174)	0.4670504159519828	1.2328914167943434	0.2093220338983051	0.34393831114193396	1.0	8/17	24.48%	STX3;VAMP1;CAV2;EEA1;VAMP2;VAMP8;STX4;STX12	GO_Biological_Process_2023
prerank	Negative Regulation Of Endocytosis (GO:0045806)	0.4834654785091038	1.2335260040514282	0.22045264040234702	0.3435764044160282	1.0	6/16	15.70%	MCTP1;APOC1;LGALS3;CAV1;PRKD1;PIP4P2	GO_Biological_Process_2023
prerank	Regulation Of Kinase Activity (GO:0043549)	0.3978133054630723	1.2348855325352779	0.18065003779289493	0.34200162038585574	1.0	13/36	23.20%	TREM2;KDR;CDKN1C;FLT1;PDGFRB;RB1;IGF1R;EPHA2;RAD50;PLCE1;RBL2;SLC9A3R1;DDR2	GO_Biological_Process_2023
prerank	Androgen Response	0.3527459884479347	1.2375181208659503	0.1394196744515216	0.16492462311557787	0.9865	22/67	20.62%	DNAJB9;HSD17B14;SAT1;ADAMTS1;PMEPA1;SGK1;FADS1;TNFAIP8;ELL2;HERC3;INSIG1;FKBP5;ANKH;TSC22D1;IDI1;PLPP1;SLC38A2;CDK6;CCND3;ABHD2;INPP4B;HMGCS1	MSigDB_Hallmark_2020
prerank	Regulation Of SMAD Protein Signal Transduction (GO:0060390)	0.48646618213839593	1.2393626794257309	0.18846466287571081	0.3352984683067409	1.0	6/15	20.52%	PPARG;JAK2;LRP1;BMP4;GDF5;DAB2	GO_Biological_Process_2023
prerank	Negative Regulation Of Catabolic Process (GO:0009895)	0.39284629936613397	1.2396755419844856	0.14859742228961334	0.3354556656119101	1.0	8/42	11.22%	NUPR1;CST3;IL1B;PML;TIGAR;APOC1;HIPK2;FLCN	GO_Biological_Process_2023
prerank	Regulation Of Cell Development (GO:0060284)	0.4299497916190873	1.24015960205231	0.19391025641025642	0.33530433716758806	1.0	7/25	14.75%	HES2;IL1B;HDAC9;BHLHE40;FBXO22;PTN;RPS19	GO_Biological_Process_2023
prerank	Heart Morphogenesis (GO:0003007)	0.4398287977480725	1.2403131425975993	0.20048504446240906	0.3357273099626873	1.0	11/23	27.27%	FLRT2;ADAMTS5;ACVR1;ANKRD1;MESP1;TGFBR3;SMAD2;TBX3;HES1;TAFAZZIN;FKBP1A	GO_Biological_Process_2023
prerank	Sphingolipid Metabolic Process (GO:0006665)	0.3769524796823432	1.2410171338403675	0.16044776119402984	0.3351769249327645	1.0	19/48	26.70%	HACD4;CERS6;KDSR;PLA2G15;ALDH3B1;GM2A;SMPD1;PRKD1;SGMS2;PLPP1;CLN8;TEX2;CERS5;HACD1;NSMAF;SGMS1;SPTLC1;DEGS1;SUMF1	GO_Biological_Process_2023
prerank	Regulation Of Intracellular Protein Transport (GO:0033157)	0.4148965701968783	1.2421141501073845	0.18999218139171228	0.33405596095286916	1.0	10/28	21.34%	RAB29;PLK3;PRR5L;B3GAT3;RUFY3;BMP4;GCC2;ZFAND1;VAMP2;IFI27	GO_Biological_Process_2023
prerank	Response To Amino Acid (GO:0043200)	0.4745652732066854	1.243142044652352	0.18211920529801323	0.33303228242142685	1.0	6/16	19.77%	RRAGC;LAMTOR1;RRAGB;CPEB4;LAMTOR3;LAMTOR4	GO_Biological_Process_2023
prerank	Cell-Cell Junction Assembly (GO:0007043)	0.41099761937104756	1.2457637642190311	0.1689497716894977	0.32942337792447873	1.0	5/33	11.22%	CDH8;CDH10;CDH13;TLN2;FLCN	GO_Biological_Process_2023
prerank	Positive Regulation Of Phosphate Metabolic Process (GO:0045937)	0.4873194395922102	1.248388945400145	0.20238095238095238	0.3257894973746346	1.0	5/15	20.73%	SNCA;APP;THBS1;SDCBP;BTBD10	GO_Biological_Process_2023
prerank	Negative Regulation Of Protein Localization To Membrane (GO:1905476)	0.4669666088165142	1.2488003641627792	0.1926605504587156	0.32580692701992825	1.0	7/18	20.52%	BCL2L1;PID1;TMBIM1;TMEM59;LRPAP1;RHOQ;DAB2	GO_Biological_Process_2023
prerank	Regulation Of Receptor-Mediated Endocytosis (GO:0048259)	0.44723755995271475	1.2508908286021223	0.1886178861788618	0.3230631283259381	1.0	4/22	7.34%	DKK1;SGIP1;SERPINE1;APOC1	GO_Biological_Process_2023
prerank	Cell-Substrate Junction Assembly (GO:0007044)	0.4672652881588232	1.2526679023655722	0.18984179850124897	0.3207964976133376	1.0	11/19	32.48%	RHOD;FN1;THSD1;TRIP6;PTPRK;DST;LAMC1;CTTN;WHAMM;ITGA6;PEAK1	GO_Biological_Process_2023
prerank	Supramolecular Fiber Organization (GO:0097435)	0.32223840266610393	1.253016446110036	0.09532710280373832	0.320885553246249	1.0	25/143	11.44%	KRT17;MDM2;NEFL;SNCA;COL27A1;LUM;TLE6;CST3;COL3A1;COL1A2;BAX;COL11A1;LTBP2;NCKAP5;PLK3;APP;CARMIL1;FAT1;GREM1;COL5A3;CRTAP;CLIP2;HOOK2;COL5A2;RUFY3	GO_Biological_Process_2023
prerank	Positive Regulation Of Cellular Component Organization (GO:0051130)	0.36023396284188075	1.2532933897816145	0.13513513513513514	0.32107838185348136	1.0	9/62	8.77%	APOE;TREM2;SNCA;BAX;FNIP2;GPX1;SPIDR;LGALS3;LRP1	GO_Biological_Process_2023
prerank	Regulation Of Peptidase Activity (GO:0052547)	0.4700787462980828	1.255088690593221	0.1965881397238018	0.3188989835449904	1.0	5/17	10.51%	CST3;CTSB;CTSL;CSTB;CAV1	GO_Biological_Process_2023
prerank	Synapse Organization (GO:0050808)	0.40587430002849867	1.2556629529444305	0.1602760736196319	0.31864256999258095	1.0	11/36	14.85%	SNCA;DKK1;PPFIBP1;RAB29;APP;APBB2;F2R;PLXND1;PTK7;SNCG;CHCHD10	GO_Biological_Process_2023
prerank	O-glycan Processing (GO:0016266)	0.47602165682931163	1.256939603502825	0.1885665529010239	0.31733128097991564	1.0	12/17	31.38%	GALNT1;GALNT5;B3GNT5;C1GALT1;GALNT11;GCNT1;C1GALT1C1;POMGNT1;ST3GAL3;GXYLT1;GALNT3;B3GNT2	GO_Biological_Process_2023
prerank	Cellular Response To Nutrient Levels (GO:0031669)	0.3932567408897008	1.257240274840878	0.14660493827160495	0.3175458400269384	1.0	11/42	14.22%	ELAPOR1;WIPI1;FADS1;RRAGC;MAP1LC3A;ZFYVE1;CD68;FLCN;LAMP2;RRAGB;KLF10	GO_Biological_Process_2023
prerank	Regulation Of Cell Population Proliferation (GO:0042127)	0.2962326114499874	1.2595445699861627	0.0361247947454844	0.3144431291474836	1.0	64/384	12.72%	IL6;CSF2;CDKN1A;RGCC;NUPR1;GPNMB;BTG2;CXCL1;KDR;TNFSF4;MDM2;AREG;FTH1;CSF1;CCND2;PTPRU;JAG1;FRZB;STX3;KITLG;SOD2;CXCL8;ZFP36L1;TSLP;FN1;IL1B;PML;BCL6;ADAMTS1;PPM1D;NPR3;TOB1;BTG1;KIT;SGK1;GSDME;E2F7;BEX4;INHBA;SOX4;TGFBR2;APP;ITGA1;JAK2;CDH13;GREM1;CD47;PDGFA;THBS1;IGFBP7;SLC25A5;ING4;STAT2;PDGFRB;SQLE;TSC22D1;F2R;PTN;HRAS;TBC1D8;IRS1;ID2;CLEC11A;IL6ST	GO_Biological_Process_2023
prerank	Neuron Migration (GO:0001764)	0.4502438868244966	1.2611339193776525	0.19011725293132328	0.3126156734796296	1.0	4/23	11.11%	NR4A2;ASTN2;DDIT4;CEP85L	GO_Biological_Process_2023
prerank	Peptidyl-Tyrosine Dephosphorylation (GO:0035335)	0.4816101217271176	1.2615399899081359	0.19224283305227655	0.3126189146198798	1.0	3/16	6.16%	DUSP10;DUSP5;DUSP1	GO_Biological_Process_2023
prerank	Regulation Of Mitochondrion Organization (GO:0010821)	0.4079137482249205	1.2648681780655944	0.16369278510473234	0.3079260376697969	1.0	9/35	16.46%	TREM2;MGARP;PID1;SQSTM1;HTRA2;STAT2;FLCN;FBXW7;OMA1	GO_Biological_Process_2023
prerank	Lytic Vacuole Organization (GO:0080171)	0.4630372027621592	1.2648823099496849	0.16545601291364004	0.30855883319473004	1.0	10/21	22.63%	TPP1;GNPTAB;ARSB;HOOK2;LAMTOR1;GAA;CLN5;HPS1;GRN;SPG11	GO_Biological_Process_2023
prerank	Glycoprotein Metabolic Process (GO:0009100)	0.45650148695847376	1.2659524532879736	0.16003316749585406	0.3075480630932266	1.0	8/21	23.19%	GAL3ST4;MANBA;TNIP1;GCNT1;MAN2A1;PRKCSH;HIF1A;STT3B	GO_Biological_Process_2023
prerank	Heart Development (GO:0007507)	0.36094731089665566	1.2669399921390854	0.12196861626248216	0.3066533266204884	1.0	22/70	20.34%	CDKN1A;FLRT2;COL3A1;FN1;HDAC9;FOXL1;SOX4;TGFBR2;FOXC2;CITED2;MESP1;SMYD4;ID2;PDLIM3;BMP4;HEG1;PDLIM1;KAT2B;FOXC1;PLCE1;AKAP13;PTEN	GO_Biological_Process_2023
prerank	Multivesicular Body Sorting Pathway (GO:0071985)	0.46943767594503694	1.2692603514103542	0.16653386454183267	0.30367716255331717	1.0	8/19	22.30%	RAB27B;CHMP4A;SYTL4;SORT1;MITD1;UVRAG;CHMP1B;CHMP3	GO_Biological_Process_2023
prerank	Cholesterol Metabolic Process (GO:0008203)	0.4153140035784992	1.2696312913053398	0.16397228637413394	0.30377376644863757	1.0	14/34	22.25%	APOE;LCAT;HSD17B7;INSIG1;SQLE;OSBPL1A;MSMO1;PMVK;CLN8;CYP51A1;LDLRAP1;INSIG2;HMGCS1;PIP4P1	GO_Biological_Process_2023
prerank	Negative Regulation Of Organelle Assembly (GO:1902116)	0.43319363998604543	1.2697887648536903	0.1576	0.3041496190150901	1.0	10/27	25.47%	NUPR1;FEZ1;KAT2B;MDM1;SEC22B;CCP110;TBC1D7;NBDY;FEZ2;YAP1	GO_Biological_Process_2023
prerank	Regulation Of Dendrite Morphogenesis (GO:0048814)	0.48040776931867424	1.2701795184607718	0.1771523178807947	0.30417963350359806	1.0	6/17	17.92%	HECW2;TNIK;NEDD4L;CDKL3;SDC2;CUX1	GO_Biological_Process_2023
prerank	Regulation Of Oxidative Stress-Induced Intrinsic Apoptotic Signaling Pathway (GO:1902175)	0.5028470496147042	1.2712400992077164	0.17773788150807898	0.303222822793762	1.0	5/15	16.08%	TREM2;SOD2;HTRA2;HSPB1;NOL3	GO_Biological_Process_2023
prerank	Positive Regulation Of Endothelial Cell Proliferation (GO:0001938)	0.39953279370884737	1.2734450952294765	0.1340282948622487	0.3004802268703297	1.0	14/40	18.77%	KDR;NR4A1;JCAD;MDK;HMOX1;WNT5A;CDH13;BMP4;PRKD1;VEGFB;TNFSF12;AKT3;ITGA4;VEGFC	GO_Biological_Process_2023
prerank	Positive Regulation Of Ion Transmembrane Transporter Activity (GO:0032414)	0.5013907154528225	1.274920753750535	0.17770034843205576	0.29884441385098204	1.0	7/15	17.12%	CCL2;EDNRA;DMD;STAC;COA8;NOL3;GLRX	GO_Biological_Process_2023
prerank	Positive Regulation Of Blood Vessel Endothelial Cell Migration (GO:0043536)	0.4283843744073886	1.2773345032472965	0.143879173290938	0.29571400360763006	1.0	10/31	14.17%	KDR;SRPX2;ANGPT1;JCAD;HDAC9;HMOX1;FOXC2;THBS1;HSPB1;PRKD1	GO_Biological_Process_2023
prerank	Negative Regulation Of Cell Migration (GO:0030336)	0.34988646818395175	1.2773382545271221	0.10156782549420586	0.2963533193911993	1.0	26/90	22.96%	DUSP10;SULF1;DNAI3;MCTP1;PTPRU;JAG1;COL3A1;TMEFF2;SERPINE1;HMOX1;LRP1;CITED2;FLCN;RAP2B;PTPRK;MITF;ADARB1;CYP1B1;SRGAP1;CALR;PTEN;ADIPOR1;RECK;MACIR;ING2;EMILIN1	GO_Biological_Process_2023
prerank	Regulation Of Blood Vessel Endothelial Cell Migration (GO:0043535)	0.41038675547332637	1.278092805476279	0.15916149068322982	0.2958290901649938	1.0	5/36	4.22%	APOE;RGCC;KDR;PPARG;ANGPT1	GO_Biological_Process_2023
prerank	Negative Regulation Of Neuron Projection Development (GO:0010977)	0.47180054449883785	1.2781833159980416	0.17087542087542087	0.29633650745355833	1.0	5/20	11.44%	APOE;MGARP;RAB29;PRAG1;RUFY3	GO_Biological_Process_2023
prerank	Regulation Of Receptor Signaling Pathway Via JAK-STAT (GO:0046425)	0.4547862712003197	1.2807530851274198	0.16505636070853463	0.2929728504211907	1.0	7/25	13.04%	IL6;KIT;JAK2;CAV1;F2R;IL10RB;LEPROT	GO_Biological_Process_2023
prerank	Signal Transduction By P53 Class Mediator (GO:0072331)	0.460963334775846	1.282017771554562	0.17558528428093645	0.2916265493385585	1.0	4/21	8.43%	PYCARD;TRIAP1;E2F7;GREM1	GO_Biological_Process_2023
prerank	Negative Regulation Of Protein Modification Process (GO:0031400)	0.3825047661821343	1.2833121067219477	0.1309786607799853	0.29027109529890266	1.0	7/48	9.86%	CDKN1A;FBLN1;PID1;BEX4;PRR5L;DMD;CRTAP	GO_Biological_Process_2023
prerank	Positive Regulation Of Actin Filament Polymerization (GO:0030838)	0.466593874697359	1.2895358124811866	0.16680361544782252	0.281384989084174	1.0	7/20	14.88%	PYCARD;BAIAP2L1;FCHSD2;CARMIL1;CDC42EP3;WASHC2C;CDC42EP5	GO_Biological_Process_2023
prerank	Bile Acid Metabolism	0.40222977944813737	1.2896125396312506	0.13406593406593406	0.11975394212441517	0.9525	22/41	33.43%	FDXR;OPTN;FADS1;PHYH;FADS2;NPC1;GSTK1;RETSAT;IDI1;HSD17B4;PRDX5;PNPLA8;ACSL1;HSD17B11;CROT;LONP2;DHCR24;ABCA5;NUDT12;SCP2;ISOC1;PEX13	MSigDB_Hallmark_2020
prerank	Branching Morphogenesis Of An Epithelial Tube (GO:0048754)	0.4825861366157486	1.2897118335411668	0.15625	0.28172095859861745	1.0	6/19	16.13%	KDR;TCF21;TGFBR2;COL4A1;BMP4;EPHA2	GO_Biological_Process_2023
prerank	Notch Signaling	0.4865037628178204	1.2943153004814607	0.16390728476821192	0.11995692749461592	0.9495	3/18	7.33%	JAG1;ST3GAL6;WNT5A	MSigDB_Hallmark_2020
prerank	Positive Regulation Of Transport (GO:0051050)	0.4431298726438874	1.2948214599945957	0.1622464898595944	0.2745358583908527	1.0	7/26	14.85%	APOE;SNCA;SGK1;CEBPB;LRP1;SMPD1;CHCHD10	GO_Biological_Process_2023
prerank	Regulation Of Fibroblast Proliferation (GO:0048145)	0.429985477130844	1.2969516024999446	0.14251592356687898	0.27209315039389614	1.0	5/28	8.76%	CDKN1A;FTH1;FN1;WNT5A;PDGFA	GO_Biological_Process_2023
prerank	Regulation Of Cell-Cell Adhesion (GO:0022407)	0.5037216551901502	1.3015030636491067	0.16362126245847175	0.266030196124731	1.0	5/16	11.03%	JAG1;CD47;MINK1;CITED2;FSTL3	GO_Biological_Process_2023
prerank	Cellular Response To Peptide Hormone Stimulus (GO:0071375)	0.3936706322405405	1.3034511860187563	0.10641399416909621	0.26382203434897905	1.0	12/49	12.22%	NR4A2;PPARG;ZFP36L1;MGARP;NR4A1;CPEB2;HDAC9;LPIN2;INSIG1;CAV1;IRS1;PIK3R1	GO_Biological_Process_2023
prerank	Regulation Of Proteasomal Protein Catabolic Process (GO:0061136)	0.39800934051245224	1.3035106239215883	0.11578171091445427	0.26433642470774477	1.0	4/45	4.65%	APOE;TREM2;NUPR1;GPX1	GO_Biological_Process_2023
prerank	Estrogen Response Late	0.348578450048866	1.3037325773470767	0.07392197125256673	0.11643402196166015	0.938	31/99	16.34%	AREG;SEMA3B;CLIC3;HSPA4L;HSPB8;TOB1;PERP;SGK1;MDK;DYNLT3;DNAJC1;JAK2;CPE;PLAAT3;AFF1;OPN3;PLXNB1;ZFP36;FKBP5;CAV1;CHPT1;BLVRB;ID2;PDLIM3;IL6ST;ALDH3B1;RNASEH2A;KLF4;BTG3;ASS1;GALE	MSigDB_Hallmark_2020
prerank	Amide Biosynthetic Process (GO:0043604)	0.46548351453539577	1.30550662791587	0.1403225806451613	0.2620894875804318	1.0	12/22	26.23%	CERS6;ASAH1;DMD;SMPD1;SGMS2;ASS1;CLN8;PAM;CERS5;SGMS1;SPTLC1;DEGS1	GO_Biological_Process_2023
prerank	Positive Regulation Of Receptor Signaling Pathway Via JAK-STAT (GO:0046427)	0.5178033168117869	1.3060901598185266	0.15677966101694915	0.2618121504981556	1.0	5/15	12.03%	IL6;KIT;JAK2;F2R;IL10RB	GO_Biological_Process_2023
prerank	Positive Regulation Of Epithelial Cell Proliferation (GO:0050679)	0.38945552464586713	1.3063324132344412	0.10754985754985755	0.26205968896198323	1.0	17/55	21.03%	KDR;AREG;CLDN1;NR4A1;MDK;WNT5A;CDH13;PTN;HRAS;BMP4;PRKD1;VEGFB;TNFSF12;AKT3;VEGFC;HIF1A;GRN	GO_Biological_Process_2023
prerank	Neuron Projection Guidance (GO:0097485)	0.40859644904573705	1.3079512169910206	0.10904872389791183	0.2602681422386365	1.0	11/41	19.36%	DRAXIN;FEZ1;SEMA3B;CYFIP2;WNT5A;NEXN;OPHN1;PALLD;SEMA3C;L1CAM;EMB	GO_Biological_Process_2023
prerank	Lysosome Organization (GO:0007040)	0.46500310529749844	1.3092581578411455	0.13651050080775445	0.2589530330423248	1.0	11/25	22.63%	TPP1;SRPX;GNPTAB;ARSB;HOOK2;LAMTOR1;GAA;CLN5;HPS1;GRN;SPG11	GO_Biological_Process_2023
prerank	Positive Regulation Of T Cell Activation (GO:0050870)	0.4012087304685145	1.309877324378077	0.12213175425610659	0.2586506285117668	1.0	10/47	8.72%	IL6;CCL2;PYCARD;CD70;IL1B;HLA-DMA;MDK;JAK2;CD46;CD47	GO_Biological_Process_2023
prerank	Sphingolipid Biosynthetic Process (GO:0030148)	0.4154662298047144	1.3099585364329311	0.12112036336109008	0.2591228084849565	1.0	15/38	26.23%	HACD4;CERS6;ASAH1;KDSR;ALDH3B1;SMPD1;PRKD1;SGMS2;PLPP1;CLN8;CERS5;HACD1;SGMS1;SPTLC1;DEGS1	GO_Biological_Process_2023
prerank	Chordate Embryonic Development (GO:0043009)	0.4759456939786681	1.3102829215635912	0.13814756671899528	0.2592342758429569	1.0	8/21	20.19%	SULF2;SULF1;WNT5A;FLCN;KIAA1217;COL1A1;DEAF1;INTU	GO_Biological_Process_2023
prerank	Negative Regulation Of Phosphorylation (GO:0042326)	0.39733391652914696	1.3122541427055312	0.1048265460030166	0.25698997138587504	1.0	6/47	8.06%	CDKN1A;FBLN1;CDKN1C;PID1;INHBA;PRR5L	GO_Biological_Process_2023
prerank	Cellular Response To Hydrogen Peroxide (GO:0070301)	0.45857678875510877	1.3129752329145878	0.1280827366746221	0.2565013576004732	1.0	3/25	3.58%	IL6;TNFAIP3;MAP3K5	GO_Biological_Process_2023
prerank	Activation Of Protein Kinase Activity (GO:0032147)	0.41442107051488936	1.316887555048845	0.10788690476190477	0.2515291300541761	1.0	10/40	9.21%	TNFRSF10A;TLR3;ANGPT1;IL18;CAB39L;TGFBR2;WNT5A;STRADB;JAK2;TNFRSF10B	GO_Biological_Process_2023
prerank	Positive Regulation Of Macromolecule Metabolic Process (GO:0010604)	0.3331426978005844	1.3171645061477348	0.05315822388993121	0.251751409188505	1.0	33/159	14.23%	IL6;CSF2;TREM2;RGCC;SNCA;PPARG;DKK1;CSF1;CXCL8;PID1;FN1;IL1B;TLR3;ANGPT1;RAB29;TWIST1;TLE1;INHBA;APP;WNT5A;CD46;ACTA2;IFNGR1;CALCOCO1;ERP29;CITED2;NFKBIA;TLR4;HMGA2;ID2;BMP4;MITF;KLF4	GO_Biological_Process_2023
prerank	Phosphatidylcholine Metabolic Process (GO:0046470)	0.499349890233678	1.3204911855661212	0.14613423959218352	0.2475789613785409	1.0	6/18	12.69%	PLAAT3;LCAT;SLC44A1;CHPT1;ABHD4;PLA2G15	GO_Biological_Process_2023
prerank	Positive Regulation Of Fibroblast Proliferation (GO:0048146)	0.5104585693164596	1.3207351954401947	0.1346153846153846	0.2478234108274327	1.0	8/15	23.20%	CDKN1A;FN1;WNT5A;PDGFA;CDK6;GAS6;CDK4;DDR2	GO_Biological_Process_2023
prerank	Positive Regulation Of Phosphorylation (GO:0042327)	0.35033805784677363	1.3223539954963928	0.06056616194865043	0.2462060712047655	1.0	29/109	18.77%	FAS;TREM2;CDKN1A;GPNMB;KDR;CCND2;FAXDC2;IL1B;ANGPT1;LEPR;APP;THBS1;ERP29;FLT1;PDGFRB;TNIK;FLCN;HRAS;DVL3;BMP4;VEGFB;FGF1;IGF1R;EPHA2;SDCBP;RAD50;GAS6;CCND3;VEGFC	GO_Biological_Process_2023
prerank	Negative Regulation Of Cell Differentiation (GO:0045596)	0.3589026783170397	1.3234031814807927	0.06590450571620712	0.24536327033759067	1.0	39/98	28.63%	IL6;PPARG;SNAI2;JAG1;HOPX;TWIST1;EFEMP1;HDAC9;SOX4;WNT5A;GREM1;NFKBIA;CAV1;TRIB2;COL5A2;ID2;BMP4;ADAMTS7;TMEM64;RB1;COL5A1;ADAMTS12;CDK6;GDF5;CALR;PTEN;ADIPOR1;SPRY2;TBX3;HES1;EIF2AK4;ITGAV;YAP1;TSKU;PKP2;BCL7A;PEX2;NPHP3;BAMBI	GO_Biological_Process_2023
prerank	Non-Canonical Wnt Signaling Pathway (GO:0035567)	0.5017280766502825	1.3239992497828486	0.1427357689039932	0.245074521338191	1.0	5/17	12.67%	FRZB;PRICKLE2;FZD8;WNT5A;DVL3	GO_Biological_Process_2023
prerank	Negative Regulation Of Mitochondrion Organization (GO:0010823)	0.4577846099069784	1.3259350862495698	0.12009419152276295	0.24297410676794945	1.0	8/25	16.46%	PPARG;TRIAP1;BCL2L1;GPX1;SLC25A5;FLCN;NOL3;OMA1	GO_Biological_Process_2023
prerank	Receptor Signaling Pathway Via JAK-STAT (GO:0007259)	0.5080474776218584	1.3261548113388855	0.14957264957264957	0.2432197128732294	1.0	6/17	21.47%	CSF2;JAK2;STAT2;IL15;STAT3;FER	GO_Biological_Process_2023
prerank	Lymphocyte Differentiation (GO:0030098)	0.45303346240689896	1.326286785315848	0.13131313131313133	0.2435847689963053	1.0	12/28	18.73%	DNAJB9;NFIL3;LEPR;KIT;HDAC9;SOX4;RELB;SLC25A5;PIK3R1;KLF6;HDAC5;ITGA4	GO_Biological_Process_2023
prerank	Central Nervous System Development (GO:0007417)	0.3554984791365504	1.3287077058334622	0.055666003976143144	0.24078763523296598	1.0	20/105	13.19%	NR4A2;APOD;TPP1;APLP1;CTNS;AMIGO2;B3GNT5;ADAM23;NPAS2;SOX4;TGFBR2;APP;DDIT4;MINK1;RTN1;COL4A1;WWP1;PLXNB2;ATP6AP2;APLP2	GO_Biological_Process_2023
prerank	Regulation Of Biomineral Tissue Development (GO:0070167)	0.5185695023730927	1.3287622637033256	0.1483924154987634	0.24126638939264775	1.0	6/15	23.20%	TWIST1;CEBPB;ANKH;SGMS2;GAS6;DDR2	GO_Biological_Process_2023
prerank	Monoatomic Ion Transport (GO:0006811)	0.44826630622078323	1.3323187434869803	0.11215686274509803	0.23687085309208614	1.0	12/29	21.89%	PIEZO2;SLC1A3;CTNS;ATP10D;SLC12A4;GLRB;SLC12A6;SLC20A1;SLC17A5;SLC9A1;MCOLN1;SLC15A4	GO_Biological_Process_2023
prerank	Plasma Membrane Organization (GO:0007009)	0.41398337435943255	1.334912199709782	0.07796101949025487	0.23391620999823562	1.0	21/44	29.25%	PLSCR4;DMKN;CAVIN2;MICALL1;CHMP4A;SYTL4;SMPD1;COL5A1;SERP1;CHMP1B;MYOF;CHMP3;SLC9A3R1;TLCD1;STX4;FLOT1;DEGS1;NSF;ARL8B;FNBP1L;CHMP5	GO_Biological_Process_2023
prerank	Nervous System Development (GO:0007399)	0.33757028778251597	1.3351378217555951	0.042001235330450894	0.23414955613235025	1.0	44/156	20.34%	SCN2A;CXCL1;TPP1;FEZ1;MAMDC2;JAG1;APLP1;FN1;ARHGAP26;RAB29;DPYSL4;B3GNT5;MDK;ADAM23;NPAS2;INHBA;TRAK2;SOX4;APP;NINJ1;ERCC6;GLRB;MESP1;WWP1;PTN;PMP22;OPHN1;APLP2;PLXND1;ZEB2;NAV2;SMPD1;CLN8;GSN;ITM2B;HOXB2;CLN5;L1CAM;TMEM223;APAF1;STAT3;INTU;MSI2;PTEN	GO_Biological_Process_2023
prerank	Second-Messenger-Mediated Signaling (GO:0019932)	0.4895216610285662	1.335430836801467	0.11661341853035144	0.2343032530292845	1.0	5/21	9.57%	APOE;MCTP1;CXCL8;RCAN1;NUDT4	GO_Biological_Process_2023
prerank	Cardiac Ventricle Morphogenesis (GO:0003208)	0.5194109628523385	1.3358525990238246	0.12878787878787878	0.2342899948850456	1.0	6/16	13.34%	JAG1;SOX4;TGFBR2;CPE;MESP1;BMP4	GO_Biological_Process_2023
prerank	heme Metabolism	0.35153908352781427	1.3371055593743395	0.04746423927178153	0.09445303440278315	0.891	39/117	21.28%	BTG2;SNCA;HTATIP2;CTSB;ANK1;OPTN;CTNS;YPEL5;GYPC;P4HA2;TRAK2;ELL2;LPIN2;SLC25A38;PGLS;HTRA2;MOSPD1;NUDT4;HEBP1;BLVRB;MARCHF2;LAMP2;NNT;SLC30A1;MXI1;TSPAN5;KLF3;KAT2B;SDCBP;SEC14L1;RBM38;CCND3;EPOR;RIOK3;DCAF10;MGST3;ATP6V0A1;ADIPOR1;CPOX	MSigDB_Hallmark_2020
prerank	Glucose Homeostasis (GO:0042593)	0.423623724853785	1.3375460011326408	0.09772727272727273	0.23256911230726882	1.0	11/37	21.06%	IL6;PPARG;LEPR;SOX4;IRS1;PIK3R1;APLP2;NR1D1;STAT3;HIF1A;ADIPOR1	GO_Biological_Process_2023
prerank	Cellular Response To Interleukin-1 (GO:0071347)	0.4322746164219914	1.3382977079684537	0.11068702290076336	0.23214376284675667	1.0	13/33	16.24%	CCL2;PYCARD;CXCL8;IL1R1;IL1B;ANKRD1;CD47;IRAK4;PLCB1;ADAMTS7;NR1D1;ADAMTS12;IKBKB	GO_Biological_Process_2023
prerank	Regulation Of Peptidyl-Serine Phosphorylation (GO:0033135)	0.4005531505458541	1.3394409495140087	0.087527352297593	0.2312259819134549	1.0	15/52	21.59%	IL6;SNCA;DKK1;FNIP2;APP;DMD;CAV1;CREBL2;PRKD1;TBK1;CD44;GAS6;PTEN;NSD1;SPRY2	GO_Biological_Process_2023
prerank	Positive Regulation Of Wnt Signaling Pathway (GO:0030177)	0.39345915357551775	1.3424644934316379	0.08410548823948681	0.227667291133519	1.0	15/58	17.07%	SULF2;TNFAIP3;SULF1;JRK;DAAM2;SOX4;ATP6V0C;CAV1;ATP6AP2;ZEB2;PTK7;COL1A1;WNT5B;RNF146;CSNK1G1	GO_Biological_Process_2023
prerank	Negative Regulation Of DNA-binding Transcription Factor Activity (GO:0043433)	0.3729303840408631	1.343473434561499	0.059846903270702856	0.22689695500150384	1.0	16/82	14.61%	NUPR1;TNFSF4;TNFAIP3;DDIT3;TCEAL7;ANXA4;PYCARD;ID3;MTURN;BHLHE40;NFKBIA;CYLD;ID2;KLF4;RB1;NFKBIL1	GO_Biological_Process_2023
prerank	Positive Regulation Of Programmed Cell Death (GO:0043068)	0.34418196492581793	1.344289498952359	0.043478260869565216	0.2263739692162439	1.0	22/143	9.31%	IL6;FAS;SNCA;DAPK1;TNFRSF10A;FRZB;PYCARD;HTATIP2;PHLDA3;BAX;PHLDA1;MAP3K5;PIDD1;HTRA1;BCL6;SQSTM1;TNFAIP8;ANKRD1;SOX4;HTRA2;TNFRSF10B;ING4	GO_Biological_Process_2023
prerank	Regulation Of Extrinsic Apoptotic Signaling Pathway (GO:2001236)	0.41416810448868774	1.344635145575884	0.09585889570552147	0.22642474467277382	1.0	12/43	16.08%	PYCARD;PML;G0S2;LGALS3;THBS1;LTBR;CAV1;TLR4;CYLD;BMP4;TNFSF12;NOL3	GO_Biological_Process_2023
prerank	Negative Regulation Of Cysteine-Type Endopeptidase Activity (GO:2000117)	0.4436864944141109	1.3448737481753554	0.10746513535684987	0.2266962372341429	1.0	10/31	18.44%	CARD16;SNCA;CST3;TRIAP1;GPX1;THBS1;IGBP1;KLF4;CD44;GAS6	GO_Biological_Process_2023
prerank	Sulfur Compound Biosynthetic Process (GO:0044272)	0.4472304247110509	1.3454444662458835	0.11742424242424243	0.2265246749220001	1.0	11/30	19.80%	GGT5;CHST2;ST3GAL6;ANGPT1;DSEL;B3GAT3;CSGALNACT2;CHST3;MPST;DSE;SLC35D2	GO_Biological_Process_2023
prerank	Cell Junction Organization (GO:0034330)	0.47283718102140404	1.3499213439435251	0.1029641185647426	0.22119506005887135	1.0	7/25	14.47%	CLDN1;SNCA;APP;APBB2;OPHN1;PTK7;SNCG	GO_Biological_Process_2023
prerank	Peptide Metabolic Process (GO:0006518)	0.4421834111770481	1.3503245309355096	0.10339506172839506	0.22122176337842553	1.0	12/33	22.62%	MME;TPP1;CPQ;CPE;AEBP1;DMD;ERAP2;CLN5;SEC11A;BACE1;LNPEP;LTA4H	GO_Biological_Process_2023
prerank	Regulation Of Exocytosis (GO:0017157)	0.46617505110901736	1.3504329973822078	0.10849453322119428	0.22162958068420704	1.0	13/26	33.38%	RAB27B;SNCA;RAB9A;STXBP5;SYTL4;VAMP2;CHMP3;STX4;NSF;RAB8B;RAB21;CLASP1;CLASP2	GO_Biological_Process_2023
prerank	Visual Perception (GO:0007601)	0.4790411205843986	1.3504331611022122	0.11128775834658187	0.2221754663509169	1.0	6/23	7.25%	LUM;COL11A1;EML2;EFEMP1;NXNL2;RABGGTB	GO_Biological_Process_2023
prerank	Glycerophospholipid Metabolic Process (GO:0006650)	0.48860879070916874	1.351323357396937	0.11578947368421053	0.22159459847035512	1.0	7/20	12.69%	IP6K3;PIGL;LCAT;PDGFRB;PLCB1;ABHD12;PLA2G15	GO_Biological_Process_2023
prerank	Eye Development (GO:0001654)	0.4816863454968448	1.351474218660148	0.10556003223207092	0.22195119402875277	1.0	12/23	26.88%	FBN2;EFEMP1;HIPK2;COL5A2;MAB21L1;COL5A1;FOXC1;PBX3;PITX2;FBN1;TSKU;SCO2	GO_Biological_Process_2023
prerank	Positive Regulation Of Cell Death (GO:0010942)	0.48967562332577946	1.35324313427064	0.11229508196721312	0.22014526048353422	1.0	5/20	13.34%	SNCA;HTATIP2;MAP3K5;WNT5A;BMP4	GO_Biological_Process_2023
prerank	Extrinsic Apoptotic Signaling Pathway Via Death Domain Receptors (GO:0008625)	0.4935602571120755	1.3533761873772276	0.10526315789473684	0.22052774855338994	1.0	6/21	12.91%	TNFRSF10A;BAX;BLOC1S2;GABARAP;TNFRSF10B;SORT1	GO_Biological_Process_2023
prerank	Regulation Of Macroautophagy (GO:0016241)	0.38686797342532125	1.3541793819802683	0.07016300496102056	0.22000102187188295	1.0	16/66	21.17%	KDR;DCN;SESN1;ATP6V0E1;ATP6V0B;ATP6V1C1;ATP6V0C;ATP6V1G1;ATP6V1A;ATP6V0E2;ATP6V1E1;TBK1;ATP6V1B2;ATP6V0A1;SCOC;EXOC4	GO_Biological_Process_2023
prerank	Sensory Perception Of Light Stimulus (GO:0050953)	0.4848762886071323	1.354308733853795	0.11093247588424437	0.2203899074101137	1.0	6/22	7.25%	LUM;COL11A1;EML2;EFEMP1;NXNL2;RABGGTB	GO_Biological_Process_2023
prerank	Keratinocyte Differentiation (GO:0030216)	0.5175173638620825	1.356098291236882	0.1161236424394319	0.2185935317672588	1.0	7/16	22.36%	JAG1;ASAH1;WNT5A;OPN3;EPHA2;DSP;CFLAR	GO_Biological_Process_2023
prerank	MAPK Cascade (GO:0000165)	0.3991709044423755	1.356445698315586	0.06657223796033994	0.2186545468102676	1.0	12/56	11.81%	KDR;CCL2;DUSP5;ZFP36L1;MAP3K5;IL1B;IL18;PTGER4;MINK1;ZFP36;TNIK;HRAS	GO_Biological_Process_2023
prerank	Negative Regulation Of Intrinsic Apoptotic Signaling Pathway In Response To DNA Damage (GO:1902230)	0.5081066504003906	1.3588468192371506	0.12111017661900757	0.21607335609498837	1.0	8/17	22.22%	SNAI2;TRIAP1;BCL2L1;TPT1;ZNF385A;CD44;TRIM32;ING2	GO_Biological_Process_2023
prerank	Transition Metal Ion Transport (GO:0000041)	0.5372007769256653	1.3602024314600936	0.12414383561643835	0.21496952570635292	1.0	4/15	14.06%	FTH1;SLC31A2;SLC39A8;SLC30A1	GO_Biological_Process_2023
prerank	Receptor Signaling Pathway Via STAT (GO:0097696)	0.5336971808661657	1.3602209846125286	0.13730569948186527	0.21549412450741265	1.0	3/15	9.48%	CSF2;JAK2;STAT2	GO_Biological_Process_2023
prerank	Regulation Of Epithelial To Mesenchymal Transition (GO:0010717)	0.4244295277598157	1.3602477116139398	0.08558558558558559	0.21600662799917356	1.0	15/42	22.99%	IL6;RGCC;IL1B;TWIST1;MDK;TGFBR2;GREM1;COL1A1;SDCBP;FOXC1;PTEN;DAB2;ADIPOR1;SPRY2;SMAD2	GO_Biological_Process_2023
prerank	Positive Regulation Of Transmembrane Receptor Protein Serine/Threonine Kinase Signaling Pathway (GO:0090100)	0.4219388666460337	1.3611233460375909	0.07727272727272727	0.21542191850541373	1.0	13/44	13.56%	GDF15;PPARG;SULF1;CDKN1C;INHBA;TGFBR2;JAK2;THBS1;CITED2;HIPK2;FLCN;BMP4;ZEB2	GO_Biological_Process_2023
prerank	Negative Regulation Of Protein Phosphorylation (GO:0001933)	0.3742054346103844	1.3613362174501338	0.0546448087431694	0.21569580751289366	1.0	13/88	10.91%	CDKN1A;FBLN1;SNCA;PPARG;DKK1;PID1;PMEPA1;PRR5L;GREM1;LRP1;DMD;CAV1;TRIB2	GO_Biological_Process_2023
prerank	Regulation Of Intrinsic Apoptotic Signaling Pathway (GO:2001242)	0.4275615578721182	1.3635448982285803	0.09545454545454546	0.2134454241258345	1.0	9/40	11.56%	NUPR1;DDIT3;PYCARD;BBC3;BCL2L1;PLEKHF1;GSDME;CAV1;CYLD	GO_Biological_Process_2023
prerank	Cellular Response To Amino Acid Stimulus (GO:0071230)	0.4916237262270613	1.364340223304499	0.10475423045930701	0.21287946890534917	1.0	8/21	23.70%	SESN1;RRAGC;LAMTOR1;RRAGB;CPEB4;LAMTOR3;LAMTOR4;STAMBPL1	GO_Biological_Process_2023
prerank	Positive Regulation Of Fat Cell Differentiation (GO:0045600)	0.4929122298950934	1.364359286943962	0.09565916398713827	0.21340678630796503	1.0	11/23	17.30%	PPARG;FRZB;ZFP36L1;CEBPB;ZFP36;ID2;CREBL2;TMEM64;ZBTB7B;MEDAG;ZNF385A	GO_Biological_Process_2023
prerank	Regulation Of Endothelial Cell Migration (GO:0010594)	0.39571384587716213	1.3644546369742707	0.06588579795021962	0.21381068573841902	1.0	15/58	16.13%	APOE;KDR;DCN;ANGPT1;PTPRM;WNT5A;FOXC2;RRAS;THBS1;BMPER;PTN;BMP4;PRKD1;FGF1;EPHA2	GO_Biological_Process_2023
prerank	Enzyme-Linked Receptor Protein Signaling Pathway (GO:0007167)	0.4426887101853532	1.3663002230049799	0.08040593286494926	0.21194786844928887	1.0	10/38	12.72%	KDR;CSF1;PTPRU;DOK5;JAK2;LRP1;FLT1;PDGFRB;PTN;IL6ST	GO_Biological_Process_2023
prerank	Cellular Response To Starvation (GO:0009267)	0.3845224885233645	1.3663547719922327	0.06329113924050633	0.21243293369079025	1.0	19/75	14.22%	FAS;CDKN1A;PLIN2;SESN1;MAP3K5;ELAPOR1;WIPI1;FADS1;RRAGC;GABARAP;MAP1LC3A;ZFYVE1;FLCN;LAMP2;RRAGB;XPR1;CPEB4;PRKD1;KLF10	GO_Biological_Process_2023
prerank	Organic Hydroxy Compound Biosynthetic Process (GO:1901617)	0.5005228980066995	1.3678136541727446	0.11031175059952038	0.21123650689344284	1.0	7/20	11.73%	FAXDC2;OSBPL3;SQLE;PNPO;OSBPL1A;MSMO1;PMVK	GO_Biological_Process_2023
prerank	Negative Regulation Of Cell-Matrix Adhesion (GO:0001953)	0.5031230333555436	1.3689339829382037	0.11912751677852348	0.2103404858853879	1.0	4/20	9.06%	APOD;JAG1;SERPINE1;THBS1	GO_Biological_Process_2023
prerank	Positive Regulation Of Cellular Response To Transforming Growth Factor Beta Stimulus (GO:1903846)	0.508764983283782	1.3704991181457682	0.11325503355704698	0.20891726817725026	1.0	9/18	22.22%	CDKN1C;THBS1;CITED2;HIPK2;FLCN;ZEB2;SDCBP;DAB2;ING2	GO_Biological_Process_2023
prerank	Positive Regulation Of Transforming Growth Factor Beta Receptor Signaling Pathway (GO:0030511)	0.508764983283782	1.3704991181457682	0.11325503355704698	0.20891726817725026	1.0	9/18	22.22%	CDKN1C;THBS1;CITED2;HIPK2;FLCN;ZEB2;SDCBP;DAB2;ING2	GO_Biological_Process_2023
prerank	Regulation Of JUN Kinase Activity (GO:0043506)	0.49232097052889706	1.3736214659441217	0.10239471511147812	0.20602807080418603	1.0	5/22	12.67%	DUSP10;DKK1;MAP3K5;WNT5A;DVL3	GO_Biological_Process_2023
prerank	Activation Of GTPase Activity (GO:0090630)	0.4498796319630859	1.3751355763179327	0.08421052631578947	0.20464730208821727	1.0	13/35	19.69%	ARHGAP24;ARHGAP42;TBC1D2B;AGAP1;TBCK;ARHGAP22;SIPA1L1;TBC1D9;TBC1D8;TBC1D1;EPHA2;AGAP3;SCRIB	GO_Biological_Process_2023
prerank	Epithelium Development (GO:0060429)	0.41335782290401457	1.3758014426008687	0.07703488372093023	0.20429485540789866	1.0	10/52	8.13%	KRT17;KDR;TPP1;TCF21;PPARG;SNAI2;ANXA4;CTSB;JAK2;LGALS3	GO_Biological_Process_2023
prerank	Calcium Ion Homeostasis (GO:0055074)	0.4688604688818729	1.3761380340338343	0.10146103896103896	0.2044186968295258	1.0	7/26	14.06%	ALPL;SNCA;EDNRA;TPT1;CAV1;ATP13A3;SLC30A1	GO_Biological_Process_2023
prerank	Unsaturated Fatty Acid Metabolic Process (GO:0033559)	0.49523767123305856	1.3770605563342602	0.1055694098088113	0.20382856201134728	1.0	10/21	22.26%	GPX1;FADS1;ABHD12;GPX4;FADS3;CYP1B1;PNPLA8;ABHD6;GSTM2;MGLL	GO_Biological_Process_2023
prerank	Phospholipid Metabolic Process (GO:0006644)	0.4801009870524138	1.3799359771798065	0.09645507007419621	0.20070035639642242	1.0	10/24	16.30%	FADS1;PLAAT3;LCAT;ABHD12;PLA2G15;PCYT2;GPX4;SMPD1;PLPP1;CLN8	GO_Biological_Process_2023
prerank	Regulation Of Glycolytic Process (GO:0006110)	0.5023041910496334	1.3809136973432086	0.09527687296416938	0.2000041226266054	1.0	5/20	11.22%	NUPR1;TIGAR;APP;ARL2;FLCN	GO_Biological_Process_2023
prerank	Cellular Response To Fibroblast Growth Factor Stimulus (GO:0044344)	0.4870774792364111	1.3822866428533318	0.09098228663446055	0.1987755520937462	1.0	7/22	17.76%	FLRT2;CXCL8;ZFP36L1;NR4A1;ZFP36;FGF1;CD44	GO_Biological_Process_2023
prerank	TGF-beta Signaling	0.4207482511702968	1.3823110555798448	0.06290672451193059	0.06874371859296483	0.778	13/48	15.37%	TGIF1;CDKN1C;ID3;PMEPA1;LTBP2;ACVR1;SERPINE1;THBS1;HIPK2;ID2;SLC20A1;KLF10;PPP1R15A	MSigDB_Hallmark_2020
prerank	Anterograde Axonal Transport (GO:0008089)	0.46625838709860884	1.3857534970580256	0.0863914373088685	0.19497078403269316	1.0	8/29	17.82%	NEFL;RAB27B;MGARP;BLOC1S2;TRAK2;HSPB1;AP3S1;AP3M2	GO_Biological_Process_2023
prerank	Negative Regulation Of Protein Localization To Plasma Membrane (GO:1903077)	0.5311662489244777	1.3860856546531248	0.1052195526097763	0.1951210565039521	1.0	7/16	20.52%	BCL2L1;PID1;TMBIM1;TMEM59;LRPAP1;RHOQ;DAB2	GO_Biological_Process_2023
prerank	Negative Regulation Of Protein Serine/Threonine Kinase Activity (GO:0071901)	0.4243531495683331	1.3877870348584995	0.07307979120059657	0.1935206612990285	1.0	7/47	6.16%	APOE;CDKN1A;PPARG;PYCARD;IL1B;RGS2;DUSP1	GO_Biological_Process_2023
prerank	Cellular Response To Alcohol (GO:0097306)	0.5180268803506393	1.3881268216321423	0.08950366151342555	0.19359710687734857	1.0	5/19	8.88%	TNFSF4;PTGER2;SPIDR;PTGER4;AHR	GO_Biological_Process_2023
prerank	Lamellipodium Assembly (GO:0030032)	0.5453747024775103	1.3889806877429867	0.08695652173913043	0.19310536098664793	1.0	5/15	8.17%	RHOD;ABLIM3;KIT;CDH13;CARMIL1	GO_Biological_Process_2023
prerank	Regulation Of Epithelial Cell Migration (GO:0010632)	0.4714886338868962	1.390908838887485	0.07704654895666131	0.1911480379768551	1.0	4/27	11.79%	DUSP10;BMPER;ARSB;PTN	GO_Biological_Process_2023
prerank	Regulation Of Protein Phosphorylation (GO:0001932)	0.35748407632741763	1.3918952424563915	0.026515151515151516	0.19040135699786503	1.0	28/137	14.18%	FAS;TREM2;CDKN1A;GPNMB;KDR;FBLN1;CCND2;FAXDC2;PID1;FN1;FNIP2;IL1B;ANGPT1;LEPR;APP;PRR5L;PDGFA;ERP29;BMPER;STAT2;TNIK;FLCN;HRAS;PLXNB2;DVL3;BMP4;HSPB1;VEGFB	GO_Biological_Process_2023
prerank	Response To Reactive Oxygen Species (GO:0000302)	0.4310035829337764	1.392318115565053	0.06561085972850679	0.1903972985952026	1.0	7/43	8.29%	APOE;APOD;GPX1;SQSTM1;PLK3;HMOX1;MPV17	GO_Biological_Process_2023
prerank	Positive Regulation Of Interleukin-1 Beta Production (GO:0032731)	0.5275892842071103	1.3923863478122827	0.0989492119089317	0.19083131551721128	1.0	8/17	13.69%	IL6;CASP1;PYCARD;APP;WNT5A;JAK2;TLR4;HSPB1	GO_Biological_Process_2023
prerank	Potassium Ion Transmembrane Transport (GO:0071805)	0.5422829845955428	1.3931583466714437	0.10411418975650713	0.19039443975527878	1.0	8/15	18.17%	SLC12A8;KCNK2;SLC1A3;SLC12A4;SLC12A6;KCNE4;ATP1A1;SLC9A1	GO_Biological_Process_2023
prerank	Apoptotic Process (GO:0006915)	0.3599486952402248	1.3947083251795107	0.02860858257477243	0.1890594506072452	1.0	24/130	10.81%	FAS;SCN2A;MDM2;DAPK1;CYFIP2;TNFRSF10A;PYCARD;BBC3;BAX;BCL2L1;PIDD1;IL1B;PLK3;RRAGC;TGFBR2;APP;JAK2;DDIT4;AHR;TNFRSF10B;CASP4;NFKBIA;IFI27L1;RFK	GO_Biological_Process_2023
prerank	Positive Regulation Of Protein Secretion (GO:0050714)	0.45368357183070507	1.3947847243155185	0.07393292682926829	0.18949336864190042	1.0	8/32	14.78%	TREM2;PPARG;TM7SF3;ANKRD1;SOX4;TLR4;SYTL4;FRMD4A	GO_Biological_Process_2023
prerank	Negative Regulation Of Blood Vessel Endothelial Cell Migration (GO:0043537)	0.508767901839975	1.3955508324770456	0.09294605809128631	0.18906123661386895	1.0	3/20	1.31%	APOE;RGCC;PPARG	GO_Biological_Process_2023
prerank	Wound Healing (GO:0042060)	0.4333541033190761	1.399659716713044	0.06536438767843726	0.18480000646083272	1.0	24/43	30.70%	CLDN1;COL3A1;HMOX1;WNT5A;DCBLD2;PDGFA;CHMP4A;SYTL4;SMPD1;FGF1;CHMP1B;MYOF;NRG1;DSP;CHMP3;CFLAR;DST;TSKU;ARL8B;CHMP5;FGF2;TGFBR1;MIA3;PAK1	GO_Biological_Process_2023
prerank	Negative Regulation Of Cell Motility (GO:2000146)	0.39759013509293967	1.4007757056865195	0.04302567661346287	0.18398930917719472	1.0	15/70	15.08%	DUSP10;FBLN1;SULF1;DNAI3;MCTP1;PTPRU;JAG1;TMEFF2;SERPINE1;CITED2;FLCN;RAP2B;PTPRK;MITF;ADARB1	GO_Biological_Process_2023
prerank	Positive Regulation Of Cellular Metabolic Process (GO:0031325)	0.46865889058683585	1.4016942589632897	0.07142857142857142	0.1833906470843679	1.0	8/29	12.03%	CDKN1A;YPEL3;CXCL8;PID1;TGFBR2;THBS1;PDGFRB;IL10RB	GO_Biological_Process_2023
prerank	Regulation Of Hydrolase Activity (GO:0051336)	0.4605442708213838	1.4032464584739692	0.07455803228285934	0.18204753562212705	1.0	9/33	16.63%	FGD4;PRKG1;SCARB2;SIPA1L1;PLXNB1;CAV1;PLXNB2;PLXND1;VAV2	GO_Biological_Process_2023
prerank	Axon Guidance (GO:0007411)	0.41923790640559866	1.403939077311881	0.05657604702424688	0.18169322611070365	1.0	15/50	19.36%	DRAXIN;FEZ1;SEMA3B;CYFIP2;PTPRM;WNT5A;PLXNB1;NEXN;OPHN1;PLXNB2;PLXND1;PALLD;SEMA3C;L1CAM;EMB	GO_Biological_Process_2023
prerank	Negative Regulation Of Endopeptidase Activity (GO:0010951)	0.5090504531453749	1.40537644332925	0.07890365448504984	0.18059437971249986	1.0	11/20	22.98%	CST3;SERPINE2;SERPINE1;TIMP2;SERPING1;SERPINB2;TIMP3;SERPINB7;NRG1;RECK;SERPINB1	GO_Biological_Process_2023
prerank	Positive Regulation Of Apoptotic Process (GO:0043065)	0.3566498905885996	1.405682712497354	0.014276846679081317	0.18071578830672186	1.0	25/160	9.31%	IL6;FAS;NUPR1;SNCA;DAPK1;TNFRSF10A;DDIT3;FRZB;PYCARD;PHLDA3;BAX;PHLDA1;MAP3K5;PIDD1;HTRA1;BCL6;SQSTM1;BTG1;CTSL;TNFAIP8;ANKRD1;SOX4;HTRA2;TNFRSF10B;ING4	GO_Biological_Process_2023
prerank	Negative Regulation Of Cell Junction Assembly (GO:1901889)	0.5558740267484487	1.406856679671214	0.09115044247787611	0.17987287795188447	1.0	5/15	20.34%	APOD;IL1B;THBS1;IKBKB;PTEN	GO_Biological_Process_2023
prerank	Regulation Of Interleukin-12 Production (GO:0032655)	0.546782912102764	1.4074936797462512	0.08614864864864864	0.17968732191630535	1.0	7/15	12.28%	TNFSF4;TLR3;MDK;CD47;THBS1;TLR4;PLCB1	GO_Biological_Process_2023
prerank	Protein Processing (GO:0016485)	0.4093324547555376	1.4081623958641167	0.0383250532292406	0.17938888647626616	1.0	19/58	19.92%	C1R;MME;CASP1;PIDD1;PRSS12;CTSL;SRGN;CPE;MMP14;HTRA2;AEBP1;CASP4;OMA1;CLN5;BMP1;SEC11A;FAM111A;BACE1;APH1B	GO_Biological_Process_2023
prerank	Muscle Contraction (GO:0006936)	0.4849971636751504	1.4090136401704383	0.0774703557312253	0.17894891481084377	1.0	6/26	10.07%	CRYAB;EDNRA;GAMT;MYLK;DTNA;APBB2	GO_Biological_Process_2023
prerank	Positive Regulation Of Proteolysis Involved In Protein Catabolic Process (GO:1903052)	0.502944106732371	1.410074728595292	0.080553295362083	0.17828704970330794	1.0	4/22	8.69%	TREM2;NUPR1;CTSC;L3MBTL3	GO_Biological_Process_2023
prerank	Regulation Of Neurogenesis (GO:0050767)	0.4763280762000345	1.4105223590798515	0.07692307692307693	0.17830088214767414	1.0	4/28	4.01%	IL6;HES2;MME;IL1B	GO_Biological_Process_2023
prerank	Peptidyl-Tyrosine Phosphorylation (GO:0018108)	0.49050353516718	1.4115009873014857	0.08009708737864078	0.17771293144095807	1.0	12/25	24.56%	KDR;CLK4;EFEMP1;JAK2;FLT1;PDGFRB;IL15;IGF1R;FER;DDR2;CLK1;ABL2	GO_Biological_Process_2023
prerank	Regulation Of Phosphorylation (GO:0042325)	0.42062662654737837	1.4117625479132674	0.05752212389380531	0.17794505825566423	1.0	15/52	17.37%	CDKN1A;SRPX2;CDKN1C;FN1;FNIP2;INHBA;APP;THBS1;STAT2;FLCN;PLXNB2;BMP4;HSPB1;IKBKB;SDCBP	GO_Biological_Process_2023
prerank	Regulation Of Reactive Oxygen Species Metabolic Process (GO:2000377)	0.4570033014607704	1.4130818515023569	0.06359300476947535	0.1769116457045194	1.0	7/32	10.16%	CDKN1A;SNCA;PID1;TGFBR2;MPV17;THBS1;PDGFRB	GO_Biological_Process_2023
prerank	Negative Regulation Of Protein Kinase Activity (GO:0006469)	0.4178748795757718	1.4136147472544855	0.03754512635379061	0.1767906398274278	1.0	11/57	16.02%	CDKN1A;DUSP10;SNCA;PYCARD;CDKN1C;CAV1;TRIB2;HSPB1;RB1;ADARB1;CAMK2N1	GO_Biological_Process_2023
prerank	UV Response Up	0.38543316806350525	1.4140274043417926	0.02766798418972332	0.05458542713567839	0.6945	21/98	13.18%	IGFBP2;IL6;CXCL2;BTG2;RRAD;ATF3;SOD2;CDKN1C;ICAM1;NR4A1;SQSTM1;BTG1;HMOX1;ATP6V1C1;MMP14;TAP1;NFKBIA;CYB5R1;PDLIM3;IL6ST;CREG1	MSigDB_Hallmark_2020
prerank	Positive Regulation Of Pathway-Restricted SMAD Protein Phosphorylation (GO:0010862)	0.5292467404529337	1.4164209542031252	0.08151735270379339	0.17402431929021	1.0	8/18	20.52%	GDF15;PPARG;INHBA;TGFBR2;BMP4;SDCBP;GDF5;DAB2	GO_Biological_Process_2023
prerank	Negative Regulation Of Protein Localization To Cell Periphery (GO:1904376)	0.5408487980140254	1.4172434655353725	0.0957886044591247	0.17360370919808032	1.0	7/16	20.52%	BCL2L1;PID1;TMBIM1;TMEM59;LRPAP1;RHOQ;DAB2	GO_Biological_Process_2023
prerank	Negative Regulation Of Angiogenesis (GO:0016525)	0.4403177861288677	1.4178968211360445	0.05311077389984825	0.17339520382910034	1.0	9/42	9.34%	RGCC;DCN;PPARG;SULF1;PML;PTPRM;SERPINE1;THBS1;THBS2	GO_Biological_Process_2023
prerank	Negative Regulation Of Signaling (GO:0023057)	0.5450578297590709	1.4198124344450183	0.08151260504201681	0.17175886308165253	1.0	3/16	4.72%	INPP5D;IL1B;OPTN	GO_Biological_Process_2023
prerank	Integrin-Mediated Signaling Pathway (GO:0007229)	0.43633297657600817	1.4217444277295375	0.0654275092936803	0.17008713942655385	1.0	13/47	14.17%	ITGA10;FBLN1;COL3A1;FN1;ADAMTS1;ITGA2;ITGBL1;ITGA1;CD47;ITGA3;PTN;ITGA11;PRKD1	GO_Biological_Process_2023
prerank	Release Of Cytochrome C From Mitochondria (GO:0001836)	0.5591737636741995	1.422866130232296	0.08340425531914894	0.16924132247038393	1.0	4/15	3.61%	SOD2;BBC3;BAX;BCL2L1	GO_Biological_Process_2023
prerank	Intrinsic Apoptotic Signaling Pathway By P53 Class Mediator (GO:0072332)	0.5001214919388557	1.426156591582257	0.06923682140047208	0.16596192206843494	1.0	7/24	10.35%	RPS27L;PYCARD;PHLDA3;PML;CDIP1;DDIT4;HIPK2	GO_Biological_Process_2023
prerank	Tumor Necrosis Factor-Mediated Signaling Pathway (GO:0033209)	0.5095444055666943	1.426584439852279	0.07113316790736146	0.16600302120845262	1.0	8/22	16.31%	BIRC3;PYCARD;JAK2;TRAF5;NFKBIA;TRAF4;IKBKB;COMMD7	GO_Biological_Process_2023
prerank	Metal Ion Transport (GO:0030001)	0.48732925132448124	1.4266274422996106	0.0794912559618442	0.16644937314195096	1.0	10/27	24.64%	SCN2A;SGK1;TRPM7;TPT1;CAV1;TRPC1;TUSC3;SELENOK;NIPA1;NIPAL3	GO_Biological_Process_2023
prerank	Regulation Of Release Of Cytochrome C From Mitochondria (GO:0090199)	0.4796864568171153	1.4295001672096848	0.06786271450858035	0.16381402724163055	1.0	6/29	4.65%	PYCARD;BBC3;TRIAP1;BAX;BCL2L1;GPX1	GO_Biological_Process_2023
prerank	Canonical Wnt Signaling Pathway (GO:0060070)	0.4900640577894675	1.4307406001685365	0.0636292223095051	0.1629745058616674	1.0	8/26	14.62%	NR4A2;FRZB;FZD8;WNT5A;NID1;CAV1;DVL3;WNT5B	GO_Biological_Process_2023
prerank	Regulation Of Cysteine-Type Endopeptidase Activity Involved In Apoptotic Process (GO:0043281)	0.42794269687629966	1.4331091072190907	0.046357615894039736	0.16091122335793795	1.0	12/52	11.34%	CARD16;SNCA;DAPK1;CASP1;PYCARD;TRIAP1;MAP3K5;GPX1;HTRA2;THBS1;IGBP1;F2R	GO_Biological_Process_2023
prerank	Cellular Response To Amino Acid Starvation (GO:0034198)	0.48589090552358255	1.434802708450768	0.06810897435897435	0.1596274626772002	1.0	8/29	14.17%	FAS;CDKN1A;SESN1;MAP3K5;RRAGC;FLCN;RRAGB;PRKD1	GO_Biological_Process_2023
prerank	Positive Regulation Of Immunoglobulin Production (GO:0002639)	0.5392239734402615	1.4351150297233801	0.0933786078098472	0.1597631783157672	1.0	3/18	2.24%	IL6;TNFSF4;DNAJB9	GO_Biological_Process_2023
prerank	Regulation Of Neuron Death (GO:1901214)	0.47561323278583434	1.4360470822589997	0.057738572574178026	0.1593046939520878	1.0	8/31	8.84%	GPNMB;SNCA;DKK1;CSF1;MAP3K5;RAB29;WNT5A;HTRA2	GO_Biological_Process_2023
prerank	Cytoskeleton Organization (GO:0007010)	0.414351080689294	1.4370100156371957	0.04413892908827786	0.15874295588200477	1.0	17/63	19.34%	APOE;TNFAIP3;CCL2;FGD4;ANK1;MAST4;MDK;WASF3;ARHGAP21;TNIK;FMNL2;SH3D19;NOL3;STRIP2;PALLD;KISS1;PLCE1	GO_Biological_Process_2023
prerank	Intracellular Monoatomic Cation Homeostasis (GO:0030003)	0.40030237421577985	1.439239595904704	0.027777777777777776	0.15683375107410638	1.0	24/76	19.25%	FTH1;FTL;EDNRA;ISCU;SLC40A1;LETMD1;CYBRD1;HMOX1;SLC39A8;APP;FBXL5;TPT1;CAV1;SLC39A10;ATP6AP1;ATP13A3;SLC30A1;ATP6V1G1;ATP6V1A;ATP1A1;SLC39A4;SLC9A1;MT2A;CALR	GO_Biological_Process_2023
prerank	Positive Regulation Of Smooth Muscle Cell Proliferation (GO:0048661)	0.5206007440671427	1.4407727520968767	0.07902973395931143	0.15566643201870928	1.0	10/21	18.56%	IL6;IL18;HMOX1;CDH13;THBS1;PDGFRB;ID2;BMP4;RBPMS2;LDLRAP1	GO_Biological_Process_2023
prerank	Zymogen Activation (GO:0031638)	0.5288691752823569	1.44132565967989	0.07622950819672131	0.15558480416872808	1.0	8/20	8.50%	C1R;CYFIP2;PRSS12;PLAT;PERP;CTSL;MMP14;PLAU	GO_Biological_Process_2023
prerank	Wnt Signaling Pathway (GO:0016055)	0.4745502366369974	1.441902874778551	0.07086614173228346	0.1554428499177611	1.0	9/33	14.62%	NR4A2;FRZB;FZD8;WNT5A;CPE;NID1;DVL3;NXN;WNT5B	GO_Biological_Process_2023
prerank	Positive Regulation Of Osteoblast Differentiation (GO:0045669)	0.5106175344283468	1.4422834022065398	0.06451612903225806	0.15551754473039625	1.0	13/24	23.20%	IL6;FBN2;DNAI3;TENT5A;IL6ST;BMP4;ZHX3;PRKD1;ATRAID;RUNX2;SUCO;CTNNBIP1;DDR2	GO_Biological_Process_2023
prerank	Regulation Of Macromolecule Metabolic Process (GO:0060255)	0.40639950102475747	1.4430178591596998	0.038088642659279776	0.155243577741642	1.0	17/77	13.26%	APOE;TREM2;MDM2;STX3;ZFP36L1;TOB1;SSH1;ANKRA2;APP;TCF19;AFF1;AHR;NPC1;YBX3;LAMTOR1;SORT1;TRIM4	GO_Biological_Process_2023
prerank	Regulation Of Nitric-Oxide Synthase Activity (GO:0050999)	0.5653990789441545	1.443230285479992	0.07449605609114812	0.15549171429829584	1.0	3/15	4.85%	APOE;IL1B;NPR3	GO_Biological_Process_2023
prerank	Phosphate-Containing Compound Metabolic Process (GO:0006796)	0.39561752892529634	1.4434650073994844	0.02127659574468085	0.15573231616238842	1.0	18/88	13.81%	INPP5D;ALPL;DUSP10;IP6K3;DUSP23;DUSP5;NUDT14;TIGAR;ACYP1;ACYP2;HNMT;INPP1;PLAAT3;LCAT;COQ8A;PLA2G15;GPX4;SLC20A1	GO_Biological_Process_2023
prerank	Regulation Of Release Of Sequestered Calcium Ion Into Cytosol (GO:0051279)	0.5446554395520977	1.4434670322502234	0.07317073170731707	0.1562144292230168	1.0	7/17	16.47%	CEMIP;SNCA;CAMK2D;DMD;F2R;GSTO1;TRPC1	GO_Biological_Process_2023
prerank	Negative Regulation Of Cell Cycle (GO:0045786)	0.4340015530324295	1.443638494485546	0.04230488694383661	0.156513673121859	1.0	18/50	20.34%	GAS1;CDKN1A;NUPR1;BTG2;CDKN1C;NR4A1;BTG1;CDT1;DUSP1;HTRA2;BMP4;PTPRK;RB1;BTG3;CDK6;FOXC1;SCRIB;PTEN	GO_Biological_Process_2023
prerank	Positive Regulation Of Small Molecule Metabolic Process (GO:0062013)	0.5554595353042181	1.4449312109277732	0.07582139848357203	0.1556760067950258	1.0	5/16	12.09%	APOE;APP;STARD4;ADM;IRS1	GO_Biological_Process_2023
prerank	Negative Regulation Of Blood Vessel Morphogenesis (GO:2000181)	0.4667226143444754	1.445531440477376	0.04821150855365474	0.15551387970104685	1.0	15/35	22.96%	RGCC;DCN;PPARG;SULF1;PML;PTPRM;THBS1;THBS2;KLF4;COL4A2;FOXC1;NRG1;SPRY2;HSPG2;EMILIN1	GO_Biological_Process_2023
prerank	Negative Regulation Of Transmembrane Receptor Protein Serine/Threonine Kinase Signaling Pathway (GO:0090101)	0.42174359660609934	1.44657456385205	0.04193319118692253	0.15491077128498273	1.0	11/59	11.03%	PPARG;DKK1;CD109;PMEPA1;SPART;GREM1;LRP1;BMPER;HIPK2;CAV1;FSTL3	GO_Biological_Process_2023
prerank	Regulation Of NIK/NF-kappaB Signaling (GO:1901222)	0.45863245263832636	1.447657225281121	0.05069124423963134	0.15421740263216913	1.0	10/39	12.76%	PYCARD;IL1B;TLR3;HDAC9;APP;NFKBIA;TLR4;CYLD;TRIP6;TSPAN6	GO_Biological_Process_2023
prerank	Membrane Lipid Biosynthetic Process (GO:0046467)	0.4707611679125971	1.4482388214006914	0.06117824773413897	0.15404441715860154	1.0	14/33	26.23%	HACD4;ST3GAL6;CERS6;B3GNT5;KDSR;ALDH3B1;PRKD1;SGMS2;PLPP1;CERS5;HACD1;SGMS1;SPTLC1;DEGS1	GO_Biological_Process_2023
prerank	Response To Amino Acid Starvation (GO:1990928)	0.4938242588512936	1.449737629018132	0.06454248366013073	0.15296642745413727	1.0	8/29	14.17%	FAS;CDKN1A;SESN1;MAP3K5;RRAGC;FLCN;RRAGB;PRKD1	GO_Biological_Process_2023
prerank	Positive Regulation Of Protein Localization To Cell Periphery (GO:1904377)	0.4789421367446518	1.450885935742466	0.052187260168841135	0.15225232805512845	1.0	11/32	16.13%	TREM2;STX3;SQSTM1;LGALS3;LRP1;ITGA3;STAC;CNPY4;PIK3R1;GNAI1;EPHA2	GO_Biological_Process_2023
prerank	Response To Hydrogen Peroxide (GO:0042542)	0.4758683646982831	1.4517041201439322	0.05382215288611544	0.15186187354919695	1.0	6/33	10.01%	IL6;TNFAIP3;MAP3K5;GPX1;HMOX1;PLEKHA1	GO_Biological_Process_2023
prerank	Bone Development (GO:0060348)	0.5561979205893904	1.4518238045311413	0.07866108786610879	0.15223101918680637	1.0	4/17	12.68%	SULF2;SULF1;PTGER4;VKORC1	GO_Biological_Process_2023
prerank	Glycoprotein Biosynthetic Process (GO:0009101)	0.48186578741732444	1.454215101386414	0.0624512099921936	0.15011996591700963	1.0	11/31	19.21%	GAL3ST4;ST3GAL6;B3GNT5;FOXL1;TNIP1;NPC1;TMEM59;CSGALNACT2;GCNT1;SERP1;DAD1	GO_Biological_Process_2023
prerank	Positive Regulation Of Protein Phosphorylation (GO:0001934)	0.3628675846021829	1.4545802942358248	0.002430133657351154	0.1502206747178811	1.0	48/182	19.04%	GDF15;IL6;FAS;TREM2;CDKN1A;CEMIP;GPNMB;KDR;SNCA;PPARG;CSF1;CCND2;TNFRSF14;FAXDC2;MAP3K5;FNIP2;IL1B;ANGPT1;MMD;LEPR;ACVR1;INHBA;TGFBR2;APP;JAK2;PDGFA;ERP29;TNIK;CAV1;TRAF4;FLCN;HRAS;CREBL2;DVL3;BMP4;PRKD1;VEGFB;FGF1;IL15;SDCBP;TBK1;MRNIP;CD44;RAD50;GAS6;CCND3;VEGFC;GDF5	GO_Biological_Process_2023
prerank	Apical Junction	0.38982936634405047	1.456053781306609	0.018506278916060808	0.03902119292112738	0.5625	32/103	18.56%	NECTIN4;CDH8;ITGA10;PARD6G;VCAN;ADAMTS5;GAMT;ICAM1;ITGA2;AMIGO2;MDK;ADAM23;DSC3;RRAS;INSIG1;ITGA3;TSPAN4;NEXN;HRAS;IRS1;NECTIN3;LAYN;SKAP2;GNAI1;HADH;VAV2;COL16A1;TNFRSF11B;WNK4;BMP1;AKT3;LDLRAP1	MSigDB_Hallmark_2020
prerank	Estrogen Response Early	0.38814502059129274	1.456244185622963	0.013486176668914362	0.04079488350845134	0.5625	53/100	28.73%	AREG;SEMA3B;CLIC3;RHOD;HSPB8;MLPH;TOB1;MAST4;ABLIM1;DYNLT3;JAK2;PLAAT3;AFF1;OPN3;BHLHE40;FHL2;FKBP5;MYBL1;CHPT1;SVIL;BLVRB;LRIG1;PDLIM3;IL6ST;ALDH3B1;NAV2;KLF10;KLF4;IGF1R;CD44;NADSYN1;FOXC1;ABHD2;KAZN;MYOF;RHOBTB3;MICB;THSD4;IGFBP4;BAG1;SLC9A3R1;HES1;ELF1;ADD3;INPP5F;KRT19;SLC26A2;TSKU;PRSS23;PPIF;FARP1;RBBP8;SH3BP5	MSigDB_Hallmark_2020
prerank	Positive Regulation Of Kinase Activity (GO:0033674)	0.45323166159873907	1.456819626696046	0.045689019896831246	0.14850097369454757	1.0	15/44	18.44%	TREM2;CDKN1A;KDR;CSF1;MAP3K5;MMD;TIGAR;FLT1;PDGFRB;TRAF4;IGF1R;EPHA2;MRNIP;RAD50;GAS6	GO_Biological_Process_2023
prerank	Regulation Of Lysosomal Lumen pH (GO:0035751)	0.5332195244314774	1.4570609913753245	0.06629392971246006	0.14874955272855317	1.0	13/20	29.57%	ATP6V0B;RNASEK;ATP6V0C;ATP6AP2;ATP6V1A;CLN5;ATP6V0A1;ATP6V1F;TMEM199;GRN;ATP6V1D;TMEM175;CCDC115	GO_Biological_Process_2023
prerank	Notch Signaling Pathway (GO:0007219)	0.5626380845278403	1.4571632355605795	0.05761316872427984	0.1491320654529315	1.0	4/16	9.84%	SNAI2;JAG1;SORBS2;GALNT11	GO_Biological_Process_2023
prerank	Positive Regulation Of Cysteine-Type Endopeptidase Activity (GO:2001056)	0.4699193100771725	1.458958823502516	0.05169753086419753	0.14775956460262352	1.0	8/35	11.34%	DAPK1;CYFIP2;CASP1;PYCARD;MAP3K5;PERP;HTRA2;F2R	GO_Biological_Process_2023
prerank	Proteolysis (GO:0006508)	0.3795576130576096	1.459023540700521	0.010018785222291797	0.14815577302045288	1.0	25/129	10.50%	PAPPA;MME;TPP1;MDM2;CFH;GGT5;CASP1;ADAMTS5;CPQ;CTSB;HTRA1;ADAMTS1;PLAT;CTSL;ADAM23;CTSC;CTSF;SRGN;CPE;MMP14;PLAU;HTRA2;AEBP1;CASP4;FBXL2	GO_Biological_Process_2023
prerank	Negative Regulation Of Neurogenesis (GO:0050768)	0.5705908928118918	1.4597994326944934	0.06947890818858561	0.1478478933946857	1.0	4/15	11.79%	IL6;IL1B;RUFY3;PTN	GO_Biological_Process_2023
prerank	Embryonic Organ Development (GO:0048568)	0.4884224563536937	1.4600239324243263	0.04072398190045249	0.1480935928537037	1.0	8/31	8.76%	KDR;COL27A1;KITLG;CXCL8;GLI3;KIT;TGFBR2;PDGFA	GO_Biological_Process_2023
prerank	Intracellular Iron Ion Homeostasis (GO:0006879)	0.48595484957891477	1.460212868700724	0.04746835443037975	0.14839927775524844	1.0	10/31	16.18%	FTH1;FTL;ISCU;SLC40A1;CYBRD1;HMOX1;FBXL5;ATP6AP1;ATP6V1G1;ATP6V1A	GO_Biological_Process_2023
prerank	Cellular Response To Transforming Growth Factor Beta Stimulus (GO:0071560)	0.439220406067581	1.4619316654588197	0.03355215171407731	0.14718178073248972	1.0	9/55	7.33%	GDF15;CLEC3B;COL3A1;COL1A2;ZFP36L1;LTBP2;ANKRD1;TGFBR2;WNT5A	GO_Biological_Process_2023
prerank	Positive Regulation Of T Cell Mediated Immunity (GO:0002711)	0.5239508958859965	1.4632520626028933	0.06096528365791702	0.146295441947763	1.0	3/21	4.01%	TNFSF4;IL12A;IL1B	GO_Biological_Process_2023
prerank	Negative Regulation Of ERK1 And ERK2 Cascade (GO:0070373)	0.5016988488071485	1.4641788541848628	0.05598755832037325	0.14584020281859442	1.0	12/26	24.29%	DUSP10;FBLN1;TNIP1;TLR4;FLCN;TIMP3;DUSP4;PTEN;SPRY2;SLC9A3R1;EMILIN1;CNKSR3	GO_Biological_Process_2023
prerank	Fat Cell Differentiation (GO:0045444)	0.4790091753074965	1.4642266585773185	0.03863298662704309	0.14628694143421989	1.0	9/34	14.62%	NR4A2;PPARG;MAFB;PID1;NR4A1;TMEM120A;HMGA2;KLF4;WNT5B	GO_Biological_Process_2023
prerank	Regulation Of Cell Migration Involved In Sprouting Angiogenesis (GO:0090049)	0.5276790530375418	1.4643446107669014	0.0636215334420881	0.14665760685041657	1.0	7/21	9.06%	KDR;SRPX2;JCAD;HDAC9;HMOX1;FOXC2;THBS1	GO_Biological_Process_2023
prerank	Negative Regulation Of Defense Response (GO:0031348)	0.4315001299460142	1.465480852549449	0.03674351585014409	0.14594425792387716	1.0	11/54	15.55%	SAA1;APOE;PPARG;TNFAIP3;SLC39A8;PTGER4;AHR;CYLD;KLF4;RB1;NR1D1	GO_Biological_Process_2023
prerank	Negative Regulation Of Fat Cell Differentiation (GO:0045599)	0.5578808969579448	1.4715220292289004	0.06120760959470637	0.14013811726318703	1.0	4/18	11.22%	IL6;WNT5A;TRIB2;FLCN	GO_Biological_Process_2023
prerank	Positive Regulation Of DNA-binding Transcription Factor Activity (GO:0051091)	0.386270447737934	1.4718010722553783	0.012987012987012988	0.14031829703232893	1.0	20/116	10.98%	IL6;CARD16;RGCC;TRIM22;PPARG;EDA2R;DDIT3;PYCARD;PIDD1;IL1B;KIT;IL18;APP;WNT5A;TRAF5;HIPK2;CAV1;TLR4;BEX1;TRIM8	GO_Biological_Process_2023
prerank	Antimicrobial Humoral Response (GO:0019730)	0.539439223243275	1.4726051892482492	0.06078268109908409	0.14001849877512054	1.0	5/20	3.44%	CXCL2;CXCL1;CXCL3;CXCL8;TSLP	GO_Biological_Process_2023
prerank	Regulation Of DNA Damage Response, Signal Transduction By P53 Class Mediator (GO:0043516)	0.5409397015945926	1.4729447746809632	0.06013179571663921	0.140199511558277	1.0	5/19	7.14%	MDM2;SNAI2;TWIST1;ANKRD1;SOX4	GO_Biological_Process_2023
prerank	Regulation Of Autophagosome Assembly (GO:2000785)	0.5006043607877119	1.4738227700292643	0.046825396825396826	0.13973065057509101	1.0	5/28	8.37%	NUPR1;FEZ1;ELAPOR1;WIPI1;PIP4K2A	GO_Biological_Process_2023
prerank	Positive Regulation Of NIK/NF-kappaB Signaling (GO:1901224)	0.5106014849900677	1.476635263562805	0.05546492659053834	0.1373979375085896	1.0	6/25	11.86%	PYCARD;IL1B;TLR3;APP;TLR4;TRIP6	GO_Biological_Process_2023
prerank	Negative Regulation Of Transport (GO:0051051)	0.5326994994265339	1.476750205656774	0.049193548387096775	0.13777669341830795	1.0	9/21	25.34%	SNCA;MCTP1;CRYAB;LGALS3;PRKD1;PTEN;NRG1;ITGAV;SNX3	GO_Biological_Process_2023
prerank	Endodermal Cell Differentiation (GO:0035987)	0.5381752037943537	1.4778574973201501	0.0579950289975145	0.1371634790661328	1.0	9/20	18.73%	COL11A1;FN1;COL6A1;INHBA;MMP14;HMGA2;COL8A1;COL4A2;ITGA4	GO_Biological_Process_2023
prerank	Myelination (GO:0042552)	0.5423645691921278	1.4820074310577283	0.057356608478802994	0.1334764820163414	1.0	5/19	11.84%	SCN2A;CMTM8;GPC1;MARVELD1;PMP22	GO_Biological_Process_2023
prerank	Anterograde Trans-Synaptic Signaling (GO:0098916)	0.4933255982312633	1.4824458550236652	0.03885003885003885	0.13350294930817913	1.0	15/30	22.63%	SNCA;SLC1A3;DTNA;GABARAP;MINK1;SLC12A4;GLRB;PMP22;SLC12A6;SNCG;SYPL1;SDCBP;APBA3;EXOC4;SPG11	GO_Biological_Process_2023
prerank	Response To Cytokine (GO:0034097)	0.4280900017167515	1.4840403971431628	0.027259684361549498	0.13252783157532025	1.0	16/64	14.01%	MME;SNCA;COL3A1;IL1R1;BCL2L1;PID1;IL1B;PML;APP;JAK2;RELB;TIMP2;IGBP1;IL6ST;SMPD1;TIMP3	GO_Biological_Process_2023
prerank	Regulation Of Phagocytosis (GO:0050764)	0.5395579644922697	1.4846842814405241	0.04653061224489796	0.13235797605266778	1.0	9/20	19.25%	TREM2;PYCARD;IL1B;LETMD1;CD47;IL15;PIP4P2;GAS6;CALR	GO_Biological_Process_2023
prerank	Negative Regulation Of Autophagy (GO:0010507)	0.4862150744396518	1.4870145914072366	0.03503184713375796	0.13058785117317956	1.0	5/33	6.27%	TREM2;NUPR1;SNCA;LEPR;RRAGC	GO_Biological_Process_2023
prerank	Positive Regulation Of Protein Serine/Threonine Kinase Activity (GO:0071902)	0.43560973906341577	1.4872222824541128	0.0262582056892779	0.13088222968796312	1.0	15/57	11.81%	RGCC;CEMIP;SNCA;CCND2;IL1B;KIT;WNT5A;PDGFA;THBS1;ERP29;FLT1;PDGFRB;TLR4;HMGA2;HRAS	GO_Biological_Process_2023
prerank	Carbohydrate Derivative Biosynthetic Process (GO:1901137)	0.5765183235256006	1.4873640364961689	0.05998286203941731	0.1312118436116812	1.0	7/16	16.43%	GAL3ST4;ST3GAL6;RRM2B;B3GNT5;TNIP1;GCNT1;RRM2	GO_Biological_Process_2023
prerank	Regulation Of Autophagy (GO:0010506)	0.37780398771689794	1.4877602118291078	0.007001909611712286	0.13131467611366218	1.0	36/150	18.02%	DRAM1;TREM2;NUPR1;TRIM22;DCN;DAPK1;DDIT3;PLEKHF1;ATP6V0E1;OPTN;SQSTM1;LEPR;ATP6V0B;RRAGC;ATP6V1C1;PIP4K2A;HTRA2;ATP6V0C;FBXL2;TRIM8;FLCN;TMEM59;RRAGB;HSPB1;CISD2;PRKD1;ATP6V1G1;UVRAG;FBXW7;ATP6V1A;ATP6V0E2;ATP6V1E1;TBK1;DHRSX;PSAP;ATP6V1B2	GO_Biological_Process_2023
prerank	Proton Transmembrane Transport (GO:1902600)	0.5051459646227512	1.48836658405718	0.044	0.13123742068842914	1.0	16/27	20.80%	ATP6V0E1;ATP6V0B;ATP6V1C1;RNASEK;ATP6V0C;ATP6AP1;ATP6AP2;NNT;ATP6V1A;ATP6V0E2;ATP6V1E1;ATP1A1;ATP6V1B2;SLC9A1;ATP6V0A1;ATP6V1F	GO_Biological_Process_2023
prerank	Activation Of Cysteine-Type Endopeptidase Activity Involved In Apoptotic Process (GO:0006919)	0.4719726021412675	1.4885448124204932	0.03843197540353574	0.1315402051887759	1.0	10/38	11.34%	SNCA;PPARG;RPS27L;PYCARD;BBC3;BAX;PIDD1;JAK2;BEX3;F2R	GO_Biological_Process_2023
prerank	Regulation Of Protein Localization To Plasma Membrane (GO:1903076)	0.4385842885039872	1.4918046278504473	0.027220630372492838	0.12882994801904118	1.0	19/56	20.52%	TREM2;STX3;BCL2L1;PID1;SQSTM1;LGALS3;MMP14;LRP1;ITGA3;TMBIM1;STAC;TMEM59;CNPY4;PIK3R1;EPHA2;LRPAP1;LDLRAP1;RHOQ;DAB2	GO_Biological_Process_2023
prerank	Negative Regulation Of Cellular Process (GO:0048523)	0.3575370997780831	1.4922650931957049	0.0	0.12885278921604185	1.0	62/281	15.84%	IL6;TREM2;CDKN1A;RGCC;NUPR1;GPNMB;BTG2;CXCL1;FBLN1;FTH1;PTPRU;CRYAB;FRZB;HOPX;SOD2;CXCL8;IL1B;NR4A1;ANGPT1;PML;BCL6;ADAMTS1;PPM1D;TOB1;BTG1;MDK;CDT1;DUSP1;GSDME;E2F7;INHBA;SOX4;APP;ITGA1;JAK2;CDH13;DCBLD2;HTRA2;APOBEC3C;THBS1;IGFBP7;ING4;CHMP4A;PLXNB1;MYBL1;FLCN;F2R;HRAS;EI24;PLXNB2;TMEM98;APLP2;BMP4;PLXND1;PTPRK;VGLL4;KLF10;RB1;ADARB1;GET1;BTG3;PLPP1	GO_Biological_Process_2023
prerank	Protein Kinase B Signaling (GO:0043491)	0.586789839789331	1.4935965734936496	0.057432432432432436	0.1279868400347582	1.0	9/15	20.73%	KDR;CCL2;ZFP36L1;IL1B;PLK3;EPHA2;GAS6;PTEN;BTBD10	GO_Biological_Process_2023
prerank	Regulation Of Rho Protein Signal Transduction (GO:0035023)	0.4872814360751115	1.4938021199199645	0.035003977724741446	0.12825885422302521	1.0	10/34	12.06%	APOE;COL3A1;EPS8L2;EPS8;PRAG1;ITGA3;FLCN;F2R;ARHGEF28;OPHN1	GO_Biological_Process_2023
prerank	Positive Regulation Of Autophagy (GO:0010508)	0.43555173752874116	1.4957343902639784	0.023454157782515993	0.1269284432008196	1.0	12/63	11.55%	TRIM22;KDR;DCN;DAPK1;SESN1;PLEKHF1;OPTN;SQSTM1;PLK3;TRIM8;FLCN;TMEM59	GO_Biological_Process_2023
prerank	Positive Regulation Of Cellular Catabolic Process (GO:0031331)	0.4141196297484445	1.4961574291678732	0.020435967302452316	0.12696977411658078	1.0	19/82	15.33%	APOE;TRIM22;DCN;SNCA;DAPK1;PLEKHF1;IL1B;OPTN;SQSTM1;TWIST1;APP;PRR5L;TRIM8;FLCN;TMEM59;IRS1;ZSWIM8;PRKD1;SH3D19	GO_Biological_Process_2023
prerank	T Cell Activation (GO:0042110)	0.5133385520044051	1.4968976979152404	0.0426731078904992	0.12671669824722018	1.0	15/26	28.24%	TNFSF4;RAB29;LEPR;KIT;MDK;SOX4;PIK3R1;CD44;SCRIB;MICB;EIF2AK4;CD276;PTPN2;FKBP1A;MICA	GO_Biological_Process_2023
prerank	Xenobiotic Metabolism	0.4071403448208992	1.4980879032244219	0.009986684420772303	0.028906436946637953	0.4325	24/94	12.90%	APOE;FAS;FBLN1;CYFIP2;SLC46A3;IL1R1;TMEM97;AOX1;CYB5A;RBP4;SERPINE1;HMOX1;NINJ1;LPIN2;DHRS7;LCAT;SLC12A4;SSR3;NPC1;BLVRB;ID2;RETSAT;GSTO1;TPST1	MSigDB_Hallmark_2020
prerank	Negative Regulation Of Apoptotic Process (GO:0043066)	0.3581266359101859	1.499810854007335	0.001707455890722823	0.12437828960394111	1.0	52/265	14.50%	APOE;IL6;NR4A2;CARD16;FAS;TREM2;NUPR1;KDR;MDM2;SNCA;SNAI2;DKK1;BIRC3;CCND2;CRYAB;CCL2;ANXA4;SOD2;HTATIP2;EVI2B;TRIAP1;TSLP;BCL2L1;PIDD1;ANGPT1;GPX1;PLK3;MDK;TLE1;TNFAIP8;WNT5A;GREM1;OPN3;THBS1;TPT1;CITED2;FHL2;ARHGAP21;CAV1;TMBIM1;TSC22D1;IGBP1;F2R;HMGA2;PIK3R1;TNFRSF10D;IL6ST;BMP4;HSPB1;CPEB4;KLF4;RB1	GO_Biological_Process_2023
prerank	Negative Regulation Of Cellular Catabolic Process (GO:0031330)	0.4816781372361092	1.5007585304539537	0.03637833468067906	0.12391500717856808	1.0	8/35	14.01%	TREM2;NUPR1;LEPR;RRAGC;APOC1;TIMP2;RRAGB;TIMP3	GO_Biological_Process_2023
prerank	Phosphatidylinositol Phosphate Biosynthetic Process (GO:0046854)	0.5346009551281836	1.5046789727923076	0.0393574297188755	0.1207401641440443	1.0	6/22	23.73%	IP6K3;PIP4K2A;PIK3R1;UVRAG;TTC7B;IP6K2	GO_Biological_Process_2023
prerank	Regulation Of p38MAPK Cascade (GO:1900744)	0.5459637145214491	1.506281126589527	0.046153846153846156	0.11968142011341139	1.0	8/21	16.53%	TREM2;DUSP10;IL1B;DUSP1;MINK1;CYLD;BMP4;PER1	GO_Biological_Process_2023
prerank	Negative Regulation Of Neuron Apoptotic Process (GO:0043524)	0.5147374220763521	1.5063438004893255	0.03536977491961415	0.12007015460662786	1.0	7/28	13.84%	APOE;CCL2;SOD2;MDK;F2R;IL6ST;CPEB4	GO_Biological_Process_2023
prerank	Cartilage Development (GO:0051216)	0.5739805907163955	1.5063711321342084	0.04269854824935952	0.12049884603914257	1.0	7/17	19.04%	SULF2;SULF1;HMGA2;BMP4;WNT5B;CD44;GDF5	GO_Biological_Process_2023
prerank	Positive Regulation Of Multicellular Organismal Process (GO:0051240)	0.37826860439778454	1.5077022560489775	0.0030864197530864196	0.11978161112268956	1.0	44/174	16.46%	SAA1;APOE;IL6;TREM2;SPP1;RGCC;ALPL;PPARG;TLE6;EPAS1;IL1B;LEPR;G0S2;TWIST1;IL18;ACVR1;MDK;SERPINE1;CEBPB;INHBA;PTGER4;TGFBR2;WNT5A;IL4R;JAK2;LRP1;CAV1;MESP1;F2R;PTN;NMB;PLCB1;BTN3A1;APLP2;BMP4;TMEM64;COL1A1;RPS19;IL15;ZBTB7B;IGF1R;LRPAP1;UTP25;OMA1	GO_Biological_Process_2023
prerank	Renal System Development (GO:0072001)	0.5178624161082085	1.5100209659304462	0.0405727923627685	0.11812514443688578	1.0	6/27	9.41%	SULF2;MME;TCF21;SULF1;C1GALT1;SIX2	GO_Biological_Process_2023
prerank	Steroid Biosynthetic Process (GO:0006694)	0.5443781878723167	1.5112179100189918	0.04	0.11749423462144071	1.0	7/22	11.73%	FDXR;FAXDC2;OSBPL3;SQLE;OSBPL1A;MSMO1;PMVK	GO_Biological_Process_2023
prerank	Interferon Gamma Response	0.39831182966006384	1.5125403319856237	0.008370895041854474	0.026733668341708542	0.3925	25/117	11.12%	IL6;FAS;C1R;CDKN1A;CFH;TNFAIP3;C1S;CASP1;CCL2;IFI30;SOD2;SP110;ICAM1;HLA-DMA;PML;BTG1;IL4R;JAK2;VAMP5;RNF213;STAT2;TAP1;CASP4;NFKBIA;SERPING1	MSigDB_Hallmark_2020
prerank	Calcium Ion Transmembrane Import Into Cytosol (GO:0097553)	0.589442922017685	1.5141639939022078	0.04465037910699242	0.11531271736221443	1.0	5/15	12.28%	SCN2A;ITPR2;PLCB4;F2R;PLCB1	GO_Biological_Process_2023
prerank	Circulatory System Development (GO:0072359)	0.4449063521818488	1.5145546688953924	0.015217391304347827	0.11537865720228692	1.0	22/59	20.34%	CDKN1A;TCF21;COL3A1;FN1;HDAC9;FOXL1;SOX4;TGFBR2;FOXC2;CITED2;SMYD4;ID2;PDLIM3;NXN;HEG1;FBXW7;PDLIM1;KAT2B;FOXC1;PLCE1;AKAP13;PTEN	GO_Biological_Process_2023
prerank	Positive Regulation Of Receptor Signaling Pathway Via STAT (GO:1904894)	0.5843719891029112	1.5146048621640182	0.06170752324598478	0.11578960581805679	1.0	6/16	12.03%	IL6;TSLP;KIT;JAK2;F2R;IL10RB	GO_Biological_Process_2023
prerank	Regulation Of Bone Mineralization (GO:0030500)	0.5200974155721382	1.516612691106367	0.03824701195219123	0.11442514831185409	1.0	10/27	15.29%	FBN2;TWIST1;TENT5A;SRGN;GREM1;ANKH;PTN;BMP4;ATRAID;SGMS2	GO_Biological_Process_2023
prerank	Receptor-Mediated Endocytosis (GO:0006898)	0.4434598738001172	1.5166960102251261	0.017780938833570414	0.1147878856164191	1.0	15/61	12.57%	APOE;SNCA;CXCL8;DNAJC6;CTSL;SCARB2;IGF2R;FCHSD2;MICALL1;RNASEK;LRP1;CLTA;CAV1;ADM;M6PR	GO_Biological_Process_2023
prerank	Positive Regulation Of Protein Localization To Plasma Membrane (GO:1903078)	0.4981938023804669	1.516892924041505	0.035932721712538224	0.11506730341154649	1.0	9/32	12.22%	TREM2;STX3;SQSTM1;LGALS3;LRP1;ITGA3;STAC;CNPY4;PIK3R1	GO_Biological_Process_2023
prerank	Melanosome Organization (GO:0032438)	0.5124947014357193	1.5170497456560215	0.027068832173240527	0.1153893190128463	1.0	10/29	19.63%	APOE;RAB38;RAB29;BLOC1S2;LYST;RAB32;AP3S1;KIF13A;HPS3;HPS1	GO_Biological_Process_2023
prerank	Lamellipodium Organization (GO:0097581)	0.5497843616239994	1.5176358956552132	0.04589371980676329	0.1153355170441358	1.0	6/21	8.17%	PHPT1;RHOD;ABLIM3;KIT;CDH13;CARMIL1	GO_Biological_Process_2023
prerank	Myeloid Cell Differentiation (GO:0030099)	0.5032727233835244	1.5182331642399816	0.03049257232212666	0.11521344591590765	1.0	12/31	14.75%	CSF2;EVI2B;PRKX;KIT;CEBPB;INHBA;SLC25A38;JAK2;SLC25A5;HIPK2;DYRK3;RPS19	GO_Biological_Process_2023
prerank	Negative Regulation Of Intracellular Signal Transduction (GO:1902532)	0.4014524305790112	1.519978995597969	0.012148337595907928	0.11414656782716949	1.0	35/116	20.34%	TREM2;MDM2;PPARG;TNFAIP3;DDIT3;PYCARD;DUSP5;PHLDA3;BCL2L1;TWIST1;DUSP1;TLE1;HDAC9;SLC39A8;DDIT4;LRP1;THBS1;TNIP1;PLEKHA1;CAV1;FLCN;CYLD;TSPAN6;WWC3;VGLL4;NR1D1;NOL3;IGF1R;EPHA2;PER1;DUSP4;RIOK3;UBE2B;URI1;PTEN	GO_Biological_Process_2023
prerank	Positive Regulation Of Signal Transduction (GO:0009967)	0.39460554220760535	1.5210825758088802	0.0051513200257566	0.11367092730962738	1.0	30/130	16.87%	SULF2;IL6;FAS;TREM2;TNFAIP3;SULF1;LAMA1;JAG1;LY96;BAX;TSLP;IL1B;JCAD;CTSL;JAK2;ATP6V0C;CITED2;TM2D3;NID1;MESP1;IRS1;PIK3R1;ATP6AP2;IL6ST;FGF1;TSPAN5;EVC;ZBTB7B;CAV2;POGLUT1	GO_Biological_Process_2023
prerank	Negative Regulation Of Response To Stimulus (GO:0048585)	0.5164071358348145	1.5238732627568758	0.024671052631578948	0.11173578629408758	1.0	6/28	15.96%	INPP5D;MCTP1;COL3A1;APLP2;KLF4;CASK	GO_Biological_Process_2023
prerank	Neuron Development (GO:0048666)	0.4412718306047396	1.526679329656289	0.020523708421797595	0.10970218224943609	1.0	11/66	9.81%	APOE;IL6;BTG2;STX3;PTPRM;BLOC1S2;APP;WNT5A;MICALL1;ERCC6;DMD	GO_Biological_Process_2023
prerank	Cellular Response To Ketone (GO:1901655)	0.5422614659786282	1.527464376972762	0.032467532467532464	0.10949331468628593	1.0	6/22	8.88%	SPP1;TNFSF4;PTGER2;POSTN;PTGER4;AHR	GO_Biological_Process_2023
prerank	Positive Regulation Of Exocytosis (GO:0045921)	0.5431113334362876	1.5279624966492105	0.03839869281045752	0.10953693179188927	1.0	8/23	19.23%	RAB27B;SNCA;SDC1;RAB9A;STXBP5;SYTL4;SDCBP;STAM	GO_Biological_Process_2023
prerank	NIK/NF-kappaB Signaling (GO:0038061)	0.5567019534957698	1.5298418503695663	0.04091653027823241	0.10834856386342302	1.0	6/21	10.28%	BIRC3;TNFRSF10A;TLR3;RELB;TNFRSF10B;NFKBIA	GO_Biological_Process_2023
prerank	Neuron Projection Development (GO:0031175)	0.4216590041309266	1.5305345833612025	0.010891763104152484	0.1081935856186389	1.0	14/88	10.20%	APOE;IL6;BTG2;STX3;MGARP;PTPRM;SGK1;BLOC1S2;APP;MICALL1;MINK1;ERCC6;PLXNB1;TNIK	GO_Biological_Process_2023
prerank	Regulation Of Response To Biotic Stimulus (GO:0002831)	0.5565587733739409	1.5312103616194266	0.04804560260586319	0.10802123618657906	1.0	3/20	1.60%	TREM2;DAPK1;BIRC3	GO_Biological_Process_2023
prerank	Regulation Of Cold-Induced Thermogenesis (GO:0120161)	0.43512973877893657	1.5315814162850045	0.0175561797752809	0.10816039709508654	1.0	22/64	16.46%	ALPL;DDIT3;ADAMTS5;EPAS1;NPR3;LEPR;G0S2;IL18;CEBPB;IL4R;JAK2;FOXC2;CAV1;TLR4;FLCN;APLP2;RB1;IL15;NR1D1;ZBTB7B;IGF1R;OMA1	GO_Biological_Process_2023
prerank	Regulation Of Wnt Signaling Pathway (GO:0030111)	0.4588158185991418	1.5317877312602433	0.021994134897360705	0.1084446720460898	1.0	15/52	14.15%	SULF2;TNFAIP3;SULF1;DKK1;FRZB;DAAM2;TLE1;FOXL1;APP;LRP1;ATP6V0C;ITGA3;ATP6AP2;NXN;VGLL4	GO_Biological_Process_2023
prerank	Positive Regulation Of Phagocytosis (GO:0050766)	0.5714148766921605	1.5332402436916068	0.03926482873851295	0.10766448406947766	1.0	9/18	19.25%	TREM2;CCL2;PYCARD;IL1B;CD47;APLP2;IL15;GAS6;CALR	GO_Biological_Process_2023
prerank	Response To Type II Interferon (GO:0034341)	0.5247543282631003	1.5336142092284661	0.030816640986132512	0.10780799035992349	1.0	7/26	10.84%	SNCA;DAPK1;CASP1;CCL2;WNT5A;CD47;TLR4	GO_Biological_Process_2023
prerank	Negative Regulation Of Cell Death (GO:0060548)	0.4862628152853743	1.5336181682494636	0.028838659392049885	0.10826275064765416	1.0	8/38	9.36%	GPNMB;SNCA;CSF1;TIGAR;TM7SF3;AMIGO2;HTRA2;CHMP4A	GO_Biological_Process_2023
prerank	Positive Regulation Of B Cell Activation (GO:0050871)	0.5603840630340108	1.5351729408016561	0.03280067283431455	0.10747801459460878	1.0	3/20	0.88%	IL6;INPP5D;TNFSF4	GO_Biological_Process_2023
prerank	Positive Regulation Of Mitochondrion Organization (GO:0010822)	0.4853096752771685	1.5373564958951902	0.02564102564102564	0.10611089463245611	1.0	7/40	3.41%	TREM2;KDR;DCN;PYCARD;BBC3;MGARP;BAX	GO_Biological_Process_2023
prerank	Regulation Of Protein Transport (GO:0051223)	0.5779961450625916	1.5375564633811987	0.03731343283582089	0.10641864982684658	1.0	3/18	9.14%	SAA1;DNAJC1;STXBP5	GO_Biological_Process_2023
prerank	Skeletal Muscle Tissue Development (GO:0007519)	0.5866419570671096	1.5410172066498766	0.037783375314861464	0.10405561005299209	1.0	9/16	25.88%	TCF21;DMD;CAV1;SVIL;CAV2;LEMD2;CFLAR;TAFAZZIN;MYL6B	GO_Biological_Process_2023
prerank	Regulation Of Cellular Catabolic Process (GO:0031329)	0.48177329384873363	1.5446342485402451	0.024480712166172106	0.10151898093369102	1.0	11/41	20.12%	DRAM1;NUPR1;DAPK1;DDIT3;PIP4K2A;FBXL2;HSPB1;CISD2;UVRAG;PSAP;GPR137	GO_Biological_Process_2023
prerank	Positive Regulation Of Protein Localization To Membrane (GO:1905477)	0.47490394495491717	1.547972612928758	0.01636904761904762	0.09920257539761711	1.0	13/46	12.22%	TREM2;CEMIP;STX3;BBC3;SQSTM1;SLC5A3;LGALS3;LRP1;ITGA3;STAC;HRAS;CNPY4;PIK3R1	GO_Biological_Process_2023
prerank	Positive Regulation Of Interleukin-1 Production (GO:0032732)	0.5563425937103055	1.5548983047740548	0.02689075630252101	0.0942611515481154	1.0	8/21	10.84%	SAA1;IL6;CASP1;PYCARD;APP;WNT5A;JAK2;TLR4	GO_Biological_Process_2023
prerank	Negative Regulation Of Supramolecular Fiber Organization (GO:1902904)	0.47951112688892744	1.5573243999942223	0.015613382899628252	0.09292122666115256	1.0	6/45	5.02%	APOE;TREM2;SNCA;CRYAB;EML2;SSH1	GO_Biological_Process_2023
prerank	Regulation Of Arp2/3 Complex-Mediated Actin Nucleation (GO:0034315)	0.5766232502032247	1.5582627027874232	0.03153526970954357	0.0925834485432723	1.0	6/19	12.16%	DNAI3;WASF3;FCHSD2;CARMIL1;WASHC2A;WASHC2C	GO_Biological_Process_2023
prerank	Negative Regulation Of NF-kappaB Transcription Factor Activity (GO:0032088)	0.4797370829948569	1.5594207770713266	0.02122820318423048	0.09211832450214458	1.0	12/45	17.51%	TNFAIP3;DDIT3;TCEAL7;ANXA4;PYCARD;MTURN;NFKBIA;CYLD;KLF4;NFKBIL1;COMMD7;CYP1B1	GO_Biological_Process_2023
prerank	Inorganic Anion Transmembrane Transport (GO:0098661)	0.5714914542466366	1.5622190260747713	0.026490066225165563	0.09036766753170039	1.0	8/20	13.81%	SLC12A8;SLC1A3;SLC12A4;ANO4;GLRB;SLC12A6;XPR1;SLC20A1	GO_Biological_Process_2023
prerank	Apical Surface	0.5836779701205488	1.5633520249640391	0.03233629749393695	0.01631843427664639	0.257	5/18	8.75%	SULF2;GAS1;SRPX;APP;DCBLD2	MSigDB_Hallmark_2020
prerank	Sterol Metabolic Process (GO:0016125)	0.5572935355182976	1.564297076226931	0.020766773162939296	0.08928495887372302	1.0	11/24	18.56%	APOE;FAXDC2;LCAT;SQLE;OSBPL1A;MSMO1;PMVK;CLN8;CYP1B1;CYP51A1;LDLRAP1	GO_Biological_Process_2023
prerank	Positive Regulation Of Wound Healing (GO:0090303)	0.6002990477737357	1.565752335047696	0.032067510548523206	0.08860322280216194	1.0	7/16	11.81%	CLDN1;MYLK;SERPINE1;FOXC2;THBS1;F2R;HRAS	GO_Biological_Process_2023
prerank	Intrinsic Apoptotic Signaling Pathway In Response To Endoplasmic Reticulum Stress (GO:0070059)	0.585865302126566	1.5657542704979084	0.03511705685618729	0.08900233641838791	1.0	7/18	10.09%	DDIT3;BBC3;BAX;MAP3K5;CEBPB;TNFRSF10B;CASP4	GO_Biological_Process_2023
prerank	Glycosaminoglycan Biosynthetic Process (GO:0006024)	0.5405282286142392	1.5662756741958062	0.02694136291600634	0.08900820307891047	1.0	10/26	14.33%	CEMIP;CHST2;ST3GAL6;GALNT5;IL1B;ANGPT1;DSEL;B3GAT3;CSGALNACT2;CHST3	GO_Biological_Process_2023
prerank	Cell Junction Assembly (GO:0034329)	0.5177128179652621	1.5684381360468125	0.02686108979278588	0.08776967858475879	1.0	9/32	13.37%	CDH8;CDH10;FN1;RAB29;CDH13;TLN2;FLCN;OPHN1;PLXND1	GO_Biological_Process_2023
prerank	Dendritic Spine Organization (GO:0097061)	0.61463850362757	1.5711759096769282	0.023156089193825044	0.08610387194165914	1.0	6/15	20.41%	TREM2;ITGA3;NOL3;IGF1R;PTEN;WASL	GO_Biological_Process_2023
prerank	Negative Regulation Of Response To External Stimulus (GO:0032102)	0.4449988759188655	1.5718096438415141	0.011111111111111112	0.08605651388340235	1.0	16/67	15.96%	SAA1;APOE;CARD16;PPARG;TNFAIP3;CD109;SERPINE1;SLC39A8;PTGER4;AHR;CYLD;KLF4;RB1;NFKBIL1;NR1D1;CASK	GO_Biological_Process_2023
prerank	Regulation Of Vasculature Development (GO:1901342)	0.5805544806516165	1.5718804033405143	0.0325542570951586	0.08639502950571007	1.0	7/18	16.13%	IL6;GPNMB;HTATIP2;HMOX1;BMPER;PLXND1;EPHA2	GO_Biological_Process_2023
prerank	Hedgehog Signaling	0.5986017979721074	1.5748209948197252	0.030226700251889168	0.015354550530429927	0.2345	9/17	20.11%	SCG2;PML;NRP2;TLE1;RTN1;OPHN1;CDK6;L1CAM;ETS2	MSigDB_Hallmark_2020
prerank	Chemical Synaptic Transmission (GO:0007268)	0.4746952946947301	1.5750453807321994	0.008088235294117648	0.08457633858455461	1.0	20/49	21.17%	APOE;CDH8;SNCA;LIN7A;SLC1A3;DTNA;GABARAP;FCHSD2;MINK1;SLC12A4;GLRB;PMP22;SLC12A6;SNCG;SYPL1;SDCBP;PTEN;PDZD11;APBA3;EXOC4	GO_Biological_Process_2023
prerank	Positive Regulation Of Cell Migration (GO:0030335)	0.40488520202150197	1.5752772216902569	0.0018796992481203006	0.08479166837339736	1.0	47/138	21.80%	CEMIP;GPNMB;KDR;CLDN1;SEMA3B;SNAI2;CSF1;SOD2;RHOD;FN1;IL1B;MYLK;DAAM2;KIT;TWIST1;ACVR1;MDK;CDH13;CARMIL1;MMP14;PLAU;PDGFA;THBS1;FLT1;PDGFRB;CAV1;F2R;RUFY3;HRAS;TRIP6;COL1A1;WNT5B;FGF1;IGF1R;EPHA2;SEMA3C;SDCBP;SYNE2;MIEN1;STAT3;DAB2;HIF1A;GRN;FER;SPRY2;TRIM32;SRGAP2C	GO_Biological_Process_2023
prerank	Regulation Of Peptidyl-Tyrosine Phosphorylation (GO:0050730)	0.5219570899750393	1.5756295621163514	0.019334880123743233	0.08492070247912675	1.0	8/32	8.76%	IL6;TREM2;TNFRSF14;ANGPT1;ACVR1;APP;JAK2;PDGFA	GO_Biological_Process_2023
prerank	Regulation Of Epithelial Cell Proliferation (GO:0050678)	0.5023938888876844	1.5761527748680846	0.015255530129672006	0.08496677535179743	1.0	18/39	22.49%	NUPR1;DUSP10;ZFP36L1;CDKN1C;NR4A1;ANGPT1;GPX1;ZFP36;HRAS;BMP4;PRKD1;NR1D1;CDK6;TINF2;GDF5;DEAF1;GRN;TGFBR3	GO_Biological_Process_2023
prerank	Lysosomal Lumen Acidification (GO:0007042)	0.5983689982583906	1.576238007031205	0.03194103194103194	0.08529670619723019	1.0	10/17	21.03%	ATP6V0B;RNASEK;ATP6V0C;ATP6AP2;ATP6V1A;CLN5;ATP6V0A1;ATP6V1F;TMEM199;GRN	GO_Biological_Process_2023
prerank	Positive Regulation Of Cell Differentiation (GO:0045597)	0.40530016346256204	1.576264741201481	0.0037105751391465678	0.08568258395340718	1.0	48/144	19.18%	IL6;CSF2;RGCC;KDR;PPARG;FBN2;DNAI3;CSF1;LAMA1;FRZB;KITLG;ZFP36L1;IL1B;MMD;GPC1;BTG1;TWIST1;IL18;ACVR1;MDK;TENT5A;CEBPB;SOX4;TGFBR2;BEND6;RRAS;ZFP36;NID1;PTN;ID2;PLCB1;CREBL2;IL6ST;BMP4;TMEM64;ZHX3;PRKD1;HOXB4;COL1A1;ATRAID;MEDAG;ZNF385A;SDCBP;RUNX2;LAMB2;GDF5;FOXC1;SUCO	GO_Biological_Process_2023
prerank	Regulation Of Fat Cell Differentiation (GO:0045598)	0.49881758508290747	1.5795421585849028	0.01970802919708029	0.08380392295610788	1.0	14/38	17.30%	IL6;PPARG;FRZB;ZFP36L1;CEBPB;WNT5A;ZFP36;TRIB2;ID2;CREBL2;TMEM64;NR1D1;MEDAG;ZNF385A	GO_Biological_Process_2023
prerank	Positive Regulation Of Secretion By Cell (GO:1903532)	0.5027309543145081	1.5796301384351232	0.019908116385911178	0.08413070728328763	1.0	11/36	14.78%	TREM2;RGCC;RAB27B;SNCA;IL1B;ANKRD1;RAB9A;STXBP5;NMB;SYTL4;FRMD4A	GO_Biological_Process_2023
prerank	Regulation Of Signal Transduction (GO:0009966)	0.42812296604698197	1.5797244881290782	0.0033222591362126247	0.08444665600432047	1.0	22/104	14.43%	IGFBP2;GAS1;INPP5D;TREM2;SULF1;LURAP1L;RGS20;RGS2;KCTD12;ACVR1;FOXL1;APP;DOK5;CD46;IGFBP7;PRAG1;GALNT11;RGS3;ITGA3;PLCB1;PRKD1;RGS5	GO_Biological_Process_2023
prerank	Negative Regulation Of Secretion By Cell (GO:1903531)	0.6054906507126705	1.5803241084754678	0.03690987124463519	0.0844402748515831	1.0	5/17	14.06%	APOE;SNCA;IL12A;ERP29;SLC30A1	GO_Biological_Process_2023
prerank	Cellular Response To Type II Interferon (GO:0071346)	0.5627035586760214	1.5825566279902201	0.01728201099764336	0.08318243744339024	1.0	8/23	10.84%	DAPK1;CASP1;CCL2;WNT5A;JAK2;CD47;IFNGR1;TLR4	GO_Biological_Process_2023
prerank	Intrinsic Apoptotic Signaling Pathway (GO:0097193)	0.4561946662950517	1.585138921561817	0.005706134094151213	0.081765777854434	1.0	15/65	10.35%	CDKN1A;SCN2A;DDIT3;PYCARD;BBC3;BAX;MAP3K5;BCL2L1;FNIP2;PML;CEBPB;HTRA2;TNFRSF10B;CASP4;HIPK2	GO_Biological_Process_2023
prerank	Regulation Of Response To External Stimulus (GO:0032101)	0.45754785133961634	1.58698328443613	0.006405693950177936	0.08086967333070497	1.0	17/62	13.19%	CARD16;TREM2;TNFSF4;BIRC3;CASP1;LACC1;IL1R1;BCL6;LETMD1;WNT5A;JAK2;CASP4;FBXL2;CAV1;F2R;CYLD;APLP2	GO_Biological_Process_2023
prerank	Sensory Perception Of Sound (GO:0007605)	0.5570298886545982	1.591711131682579	0.019123505976095617	0.07781165972374689	1.0	8/25	6.81%	CEMIP;SNAI2;COL11A1;EPS8L2;EML2;KIT;GSDME;ZNF354A	GO_Biological_Process_2023
prerank	Homophilic Cell Adhesion Via Plasma Membrane Adhesion Molecules (GO:0007156)	0.5735063172490681	1.5931005404107126	0.026442307692307692	0.07727091988169883	1.0	12/21	19.36%	NECTIN4;PTPRM;DSG2;AMIGO2;CDH13;NEXN;PLXNB2;NECTIN3;PTK7;PALLD;L1CAM;EMB	GO_Biological_Process_2023
prerank	Inorganic Cation Import Across Plasma Membrane (GO:0098659)	0.6214098268283991	1.5938699989169423	0.021220159151193633	0.07711775317676552	1.0	7/15	18.17%	SCN2A;SLC12A8;SLC39A8;SLC12A4;SLC12A6;ATP1A1;SLC9A1	GO_Biological_Process_2023
prerank	Negative Regulation Of Cell Cycle G1/S Phase Transition (GO:1902807)	0.5613756550548931	1.5942565527476993	0.017427385892116183	0.07722956415529995	1.0	12/24	24.27%	CDKN1A;GPNMB;CCL2;E2F7;INHBA;KLF4;RB1;PTEN;RBL2;PRMT2;WEE1;CDK2AP2	GO_Biological_Process_2023
prerank	Calcium Ion Transport (GO:0006816)	0.5343799119458812	1.5970795205956916	0.01661392405063291	0.0757768020839842	1.0	13/29	27.27%	ORAI3;TRPM7;TPT1;CAV1;TRPC1;GAS6;MCOLN1;TRPV2;SELENOK;ATP2A2;ITGAV;MCUR1;FKBP1A	GO_Biological_Process_2023
prerank	Cholesterol Transport (GO:0030301)	0.5810949746381949	1.5984747864707614	0.021541010770505385	0.07522954485670866	1.0	7/21	10.51%	APOE;NPC2;APOC1;STARD4;LCAT;NPC1;CAV1	GO_Biological_Process_2023
prerank	Sprouting Angiogenesis (GO:0002040)	0.5224562981654122	1.603905034260653	0.01848998459167951	0.07227851652002681	1.0	11/32	14.18%	KDR;NR4A1;ANGPT1;E2F7;CDH13;RNF213;GREM1;THBS1;BMPER;BMP4;VEGFB	GO_Biological_Process_2023
prerank	Regulation Of Vascular Associated Smooth Muscle Cell Proliferation (GO:1904705)	0.6055353595864774	1.605345299557699	0.02691337258200168	0.07171029889702157	1.0	8/17	20.34%	CDKN1A;PPARG;SOD2;PRKG1;BMP4;EFEMP2;LDLRAP1;PTEN	GO_Biological_Process_2023
prerank	Organonitrogen Compound Catabolic Process (GO:1901565)	0.5165515309371719	1.607102467251766	0.0155096011816839	0.07095236816144225	1.0	16/37	22.62%	TPP1;GNPDA1;CPQ;SQSTM1;HTRA2;PLA2G15;ERAP2;NAGK;CLN8;UTP25;MPST;CLN5;PNPLA8;CHEK2;LNPEP;LTA4H	GO_Biological_Process_2023
prerank	Negative Regulation Of Cytokine-Mediated Signaling Pathway (GO:0001960)	0.5337964263278219	1.6074676863800215	0.01327088212334114	0.07109080725789714	1.0	4/31	1.31%	IL6;CARD16;TREM2;PPARG	GO_Biological_Process_2023
prerank	Regulation Of Apoptotic Signaling Pathway (GO:2001233)	0.5569448182918829	1.6081443763275711	0.014492753623188406	0.07107501840592095	1.0	7/25	14.50%	NR4A2;FAS;PYCARD;CTSL;TMBIM1;CYLD;RB1	GO_Biological_Process_2023
prerank	Cholesterol Homeostasis	0.4771216669226582	1.608417808513598	0.010256410256410256	0.011173514631983447	0.1695	21/56	18.38%	SEMA3B;PPARG;JAG1;ATF3;NFIL3;TMEM97;CPEB2;PNRC1;SC5D;LGALS3;STARD4;HSD17B7;FADS2;SQLE;ANTXR2;PMVK;PCYT2;GNAI1;IDI1;ECH1;CYP51A1	MSigDB_Hallmark_2020
prerank	I-kappaB kinase/NF-kappaB Signaling (GO:0007249)	0.5444195515738726	1.6086905682369754	0.020618556701030927	0.07108430271462655	1.0	9/29	17.58%	BIRC3;TLR3;RELB;NFKBIA;TLR4;TRIM8;NFKBIL1;IKBKB;TBK1	GO_Biological_Process_2023
prerank	Positive Regulation Of Stress-Activated MAPK Cascade (GO:0032874)	0.4883514675398313	1.6097765111026285	0.00757002271006813	0.07074104454848876	1.0	16/48	13.34%	EDA2R;PYCARD;MAP3K5;IL1B;TLR3;APP;MTURN;MINK1;LTBR;TNIK;TRAF5;HIPK2;TRAF4;HRAS;PLCB1;BMP4	GO_Biological_Process_2023
prerank	Positive Regulation Of Cell-Cell Adhesion (GO:0022409)	0.624728227812003	1.610482500610045	0.02948609941027801	0.07064410535237892	1.0	6/15	11.03%	PTPRU;IL1B;MDK;CD47;CITED2;FSTL3	GO_Biological_Process_2023
prerank	Intrinsic Apoptotic Signaling Pathway In Response To DNA Damage By P53 Class Mediator (GO:0042771)	0.6170157340652518	1.6151072433355909	0.024271844660194174	0.06806948779441015	1.0	7/16	10.35%	RPS27L;PYCARD;PHLDA3;PML;CDIP1;DDIT4;HIPK2	GO_Biological_Process_2023
prerank	Positive Regulation Of MAP Kinase Activity (GO:0043406)	0.5175744115520265	1.615379621231483	0.012364760432766615	0.0682949541649084	1.0	14/37	15.00%	DKK1;MAP3K5;IL1B;KIT;WNT5A;PDGFA;THBS1;ERP29;FLT1;PDGFRB;TLR4;HRAS;DVL3;FGF1	GO_Biological_Process_2023
prerank	Sensory Perception Of Mechanical Stimulus (GO:0050954)	0.5723224003630771	1.6172864698927605	0.013535031847133758	0.06750188216791819	1.0	8/24	6.81%	CEMIP;SNAI2;PIEZO2;COL11A1;EPS8L2;EML2;GSDME;ZNF354A	GO_Biological_Process_2023
prerank	Protein Catabolic Process (GO:0030163)	0.4715143835271958	1.6193808982485627	0.007077140835102618	0.06658826001189647	1.0	18/62	17.60%	APOE;SPATA18;TPP1;MDM2;MANBA;CTSB;SQSTM1;CTSL;CTSC;CTSF;HTRA2;LAMP2;ADAMTS7;NR1D1;CTSD;CLN8;UTP25;CLN5	GO_Biological_Process_2023
prerank	Positive Regulation Of Cell Projection Organization (GO:0031346)	0.4925589647767978	1.6220736551577901	0.010822510822510822	0.06540807372101184	0.9995	17/51	17.92%	APOE;MDK;SCARB2;WNT5A;CARMIL1;PLXNB1;ARSB;METRN;PTN;PLXNB2;DVL3;PLXND1;PTK7;PRKD1;CDKL3;KIDINS220;CUX1	GO_Biological_Process_2023
prerank	Negative Regulation Of Cold-Induced Thermogenesis (GO:0120163)	0.5937598520029291	1.6222030294827394	0.01462225832656377	0.06565294573509127	0.9995	9/21	15.55%	DDIT3;ADAMTS5;NPR3;FOXC2;TLR4;FLCN;RB1;IL15;NR1D1	GO_Biological_Process_2023
prerank	Pattern Recognition Receptor Signaling Pathway (GO:0002221)	0.5818646238311154	1.6231011464732326	0.015372168284789644	0.06548212854732059	0.9995	7/22	12.25%	CASP1;PYCARD;LACC1;LY96;TLR3;TLR4;IRAK4	GO_Biological_Process_2023
prerank	Organonitrogen Compound Biosynthetic Process (GO:1901566)	0.4730545122555794	1.6235110929108478	0.007890961262553802	0.06558898951037656	0.9995	26/60	26.52%	APOE;GAL3ST4;HACD4;CERS6;INHBA;LCAT;SLC44A1;TNIP1;DMD;KDSR;CHPT1;ALDH3B1;PRKD1;GCNT1;SGMS2;ASS1;PLPP1;AKR1A1;PAM;CERS5;HACD1;GCH1;SGMS1;SPTLC1;DEGS1;MOCS2	GO_Biological_Process_2023
prerank	Positive Regulation Of Biosynthetic Process (GO:0009891)	0.5826012243918149	1.62605195057026	0.023274478330658106	0.06441735803257054	0.9995	8/22	13.34%	APOE;RGCC;CXCL8;SLC5A3;TLR4;F2R;CREBL2;BMP4	GO_Biological_Process_2023
prerank	Regulation Of Cell Adhesion (GO:0030155)	0.4618631076763431	1.626207029883466	0.005649717514124294	0.06466755169819913	0.9995	20/70	13.37%	SAA1;FBLN1;LAMA1;STX3;IL12A;CXCL8;RHOD;ANGPT1;PRKX;IL18;MDK;DUSP1;CDH13;PLAU;MINK1;PLXNB1;NID1;FLCN;PLXNB2;PLXND1	GO_Biological_Process_2023
prerank	Regulation Of Anatomical Structure Morphogenesis (GO:0022603)	0.4658055519794786	1.6318968629463915	0.005722460658082976	0.06177494544235817	0.9985	21/65	17.04%	IL6;GPNMB;TNFAIP3;HTATIP2;PID1;BCL6;HECW2;HMOX1;SIPA1L1;BMPER;STAT2;TNIK;RUFY3;FMNL2;PLXND1;SH3D19;NOL3;EPHA2;NEDD4L;POGLUT1;SDC2	GO_Biological_Process_2023
prerank	Positive Regulation Of Reactive Oxygen Species Metabolic Process (GO:2000379)	0.5752423681386509	1.6365141231934688	0.016220600162206	0.05948412480234009	0.9985	7/23	10.84%	CDKN1A;PID1;SLC5A3;TGFBR2;THBS1;PDGFRB;TLR4	GO_Biological_Process_2023
prerank	Cellular Response To Oxygen-Containing Compound (GO:1901701)	0.4130536539657636	1.6393705318275569	0.0	0.05822962388801912	0.998	44/167	15.55%	IL6;CXCL2;CARD16;CXCL1;TNFSF4;CXCL3;TNFAIP3;DAPK1;CASP1;CCL2;PYCARD;CXCL8;ZFP36L1;LY96;PID1;IL1B;FAM210B;SQSTM1;SSH1;RRAGC;SERPINE1;ANKRD1;WNT5A;CAMK2D;MPV17;HTRA2;AHR;TNIP1;ZFP36;INSIG1;CD68;TLR4;LAMTOR1;IRS1;RRAGB;PTPRK;CPEB4;SMPD1;PTK7;PRKD1;NFKBIL1;WNT5B;LAMTOR3;NR1D1	GO_Biological_Process_2023
prerank	Positive Regulation Of Tumor Necrosis Factor Production (GO:0032760)	0.5404041084552577	1.6394816162494599	0.009811937857726901	0.05847237175911275	0.998	13/31	15.56%	IL6;PYCARD;LY96;TLR3;TWIST1;APP;WNT5A;JAK2;THBS1;IFNGR1;TLR4;HSPB1;DDT	GO_Biological_Process_2023
prerank	Aortic Valve Development (GO:0003176)	0.6301685345805937	1.6406488501283374	0.020618556701030927	0.05816687715649522	0.998	6/16	14.50%	SNAI2;JAG1;TWIST1;TGFBR2;BMP4;RB1	GO_Biological_Process_2023
prerank	Cell-Matrix Adhesion (GO:0007160)	0.49326176872215644	1.6418074356998957	0.0064794816414686825	0.057944201214307677	0.998	18/53	18.73%	NID2;ITGA10;COL3A1;RHOD;FN1;ITGA2;ITGBL1;THSD1;ITGA1;ITGA3;TRIP6;ITGA11;PTPRK;ADAMTS12;COL13A1;CD44;L1CAM;ITGA4	GO_Biological_Process_2023
prerank	Positive Regulation Of Leukocyte Chemotaxis (GO:0002690)	0.5670613042473381	1.643673697375831	0.018563357546408393	0.05717276786920643	0.998	13/25	19.39%	IL6;CSF1;IL12A;MDK;SERPINE1;THBS1;PTN;MOSPD2;VEGFB;GAS6;VEGFC;CALR;CREB3	GO_Biological_Process_2023
prerank	Cellular Response To Cytokine Stimulus (GO:0071345)	0.42753064903301413	1.6438656671883778	0.001299545159194282	0.0573981131864201	0.998	31/120	13.39%	IL6;CSF2;MME;EBI3;DAPK1;CASP1;CCL2;PYCARD;CXCL8;ZFP36L1;PID1;ST3GAL6;IL1B;ASAH1;LEPR;KIT;DUSP1;GSDME;ANKRD1;WNT5A;IL4R;JAK2;CD47;HTRA2;ZFP36;NFKBIA;TLR4;YBX3;IRAK4;IL6ST;ADAMTS7	GO_Biological_Process_2023
prerank	Regulation Of DNA Biosynthetic Process (GO:2000278)	0.5726098333406411	1.6440666932151586	0.014913007456503728	0.05762892781994906	0.998	6/23	10.16%	CDKN1A;RGCC;ANKRD1;PDGFA;ING4;PDGFRB	GO_Biological_Process_2023
prerank	Positive Regulation Of Tumor Necrosis Factor Superfamily Cytokine Production (GO:1903557)	0.5385703024562947	1.6461571108656765	0.008071025020177562	0.05671090949613016	0.998	13/32	15.56%	IL6;PYCARD;LY96;TLR3;TWIST1;APP;WNT5A;JAK2;THBS1;IFNGR1;TLR4;HSPB1;DDT	GO_Biological_Process_2023
prerank	KRAS Signaling Dn	0.5872521291370514	1.6461876901294026	0.012588512981904013	0.007569095477386935	0.111	8/23	9.69%	IGFBP2;NR4A2;BTG2;CHST2;GAMT;SGK1;RIBC2;COQ8A	MSigDB_Hallmark_2020
prerank	Peptidyl-Tyrosine Modification (GO:0018212)	0.5936059712412765	1.646797464456254	0.012987012987012988	0.056682338357961236	0.998	12/21	24.56%	KDR;CLK4;EFEMP1;JAK2;TPST2;FLT1;PDGFRB;TPST1;FER;DDR2;CLK1;ABL2	GO_Biological_Process_2023
prerank	Regulation Of I-kappaB kinase/NF-kappaB Signaling (GO:0043122)	0.42645854752735735	1.6501739844579346	0.0012594458438287153	0.05523723562503172	0.9975	37/130	17.58%	CARD16;TREM2;TRIM22;TNFAIP3;EDA2R;BIRC3;CASP1;PYCARD;PIDD1;IL1B;OPTN;SQSTM1;S100A4;TLE1;HMOX1;SLC39A8;WNT5A;TNFRSF10B;TNIP1;LTBR;TRAF5;TRIM8;TRAF4;F2R;TRAF3IP2;IRAK4;TSPAN6;MIB2;HSPB1;LITAF;SLC20A1;PRKD1;NR1D1;IKBKB;PER1;NEK6;TBK1	GO_Biological_Process_2023
prerank	Positive Regulation Of Cysteine-Type Endopeptidase Activity Involved In Apoptotic Process (GO:0043280)	0.48084881876151603	1.6502550579907938	0.0035739814152966403	0.055524473941155957	0.9975	15/61	11.34%	FAS;SNCA;PPARG;DAPK1;CASP1;RPS27L;PYCARD;BBC3;BAX;MAP3K5;PIDD1;JAK2;HTRA2;BEX3;F2R	GO_Biological_Process_2023
prerank	Regulation Of Ossification (GO:0030278)	0.61462314504267	1.6510025797627097	0.014370245139475908	0.055447372541864895	0.9975	9/19	15.29%	DKK1;TWIST1;MDK;TENT5A;WNT5A;ANKH;PTN;BMP4;SGMS2	GO_Biological_Process_2023
prerank	Negative Regulation Of G1/S Transition Of Mitotic Cell Cycle (GO:2000134)	0.5785307162855925	1.6517087143040745	0.011560693641618497	0.05539870400170275	0.9975	13/24	24.27%	CDKN1A;GPNMB;CCL2;PLK3;E2F7;INHBA;KLF4;RB1;PTEN;RBL2;PRMT2;WEE1;CDK2AP2	GO_Biological_Process_2023
prerank	Epithelial Cell Differentiation (GO:0030855)	0.4938000129777998	1.6558636379487517	0.005139500734214391	0.05354119668204347	0.9965	15/51	13.34%	KRT17;KDR;TPP1;TCF21;PPARG;JAG1;ANXA4;CTSB;E2F7;PLAAT3;LGALS3;MESP1;GSTK1;PCNA;BMP4	GO_Biological_Process_2023
prerank	Defense Response To Gram-positive Bacterium (GO:0050830)	0.6279704932207192	1.6615042106221694	0.01462225832656377	0.05109012490782861	0.9965	6/17	10.09%	IL6;TNFRSF14;IL12A;IL1B;IL18;CASP4	GO_Biological_Process_2023
prerank	Monoatomic Cation Transmembrane Transport (GO:0098655)	0.473381742127698	1.6627756533816491	0.004297994269340974	0.05073249263883826	0.9965	35/68	25.38%	SCN2A;KCNK2;SLC40A1;ATP6V0E1;SLC1A3;ATP6V0B;TRPM7;ATP6V1C1;SLC39A8;RNASEK;SLC12A4;ATP6V0C;SLC39A10;ATP6AP1;ATP6AP2;SLC12A6;NNT;SLC30A1;ATP6V1A;ATP6V0E2;TRPC1;ATP6V1E1;ATP1A1;SLC39A4;ATP6V1B2;SLC9A1;GAS6;MCOLN1;ATP6V0A1;ATP6V1F;TRPV2;ATP2A2;ITGAV;SLC39A7;ATP6V1D	GO_Biological_Process_2023
prerank	Inorganic Cation Transmembrane Transport (GO:0098662)	0.473381742127698	1.6627756533816491	0.004297994269340974	0.05073249263883826	0.9965	35/68	25.38%	SCN2A;KCNK2;SLC40A1;ATP6V0E1;SLC1A3;ATP6V0B;TRPM7;ATP6V1C1;SLC39A8;RNASEK;SLC12A4;ATP6V0C;SLC39A10;ATP6AP1;ATP6AP2;SLC12A6;NNT;SLC30A1;ATP6V1A;ATP6V0E2;TRPC1;ATP6V1E1;ATP1A1;SLC39A4;ATP6V1B2;SLC9A1;GAS6;MCOLN1;ATP6V0A1;ATP6V1F;TRPV2;ATP2A2;ITGAV;SLC39A7;ATP6V1D	GO_Biological_Process_2023
prerank	Myeloid Leukocyte Differentiation (GO:0002573)	0.5754144387533701	1.6646525925720985	0.010164190774042221	0.05036118170169105	0.9965	10/26	16.13%	CSF2;TREM2;PPARG;CSF1;KIT;TGFBR2;OSTM1;BMP4;IL15;EPHA2	GO_Biological_Process_2023
prerank	Negative Regulation Of Hydrolase Activity (GO:0051346)	0.5822022878904735	1.6648508694888076	0.007993605115907274	0.05056820643945336	0.9965	7/24	11.81%	CST3;CTSB;CPEB2;GCHFR;CSTB;ARL2;HRAS	GO_Biological_Process_2023
prerank	Anterior/Posterior Pattern Specification (GO:0009952)	0.6134644139610624	1.6650847583768442	0.014516129032258065	0.05076251748859604	0.996	7/19	14.36%	HES2;DDIT3;BHLHE40;SIX2;HES4;ATP6AP2;HOXB4	GO_Biological_Process_2023
prerank	Kidney Development (GO:0001822)	0.5539273939871578	1.6662942891020027	0.00949367088607595	0.05047474138224216	0.996	8/31	9.41%	SULF2;MME;TCF21;SULF1;PRKX;C1GALT1;SOX4;SIX2	GO_Biological_Process_2023
prerank	Regulation Of Interleukin-1 Beta Production (GO:0032651)	0.5863756237733464	1.6678639097669883	0.007506255212677231	0.0500403920376508	0.995	11/24	13.69%	IL6;CARD16;TNFAIP3;CASP1;PYCARD;APP;WNT5A;JAK2;TLR4;F2R;HSPB1	GO_Biological_Process_2023
prerank	Positive Regulation Of Intracellular Signal Transduction (GO:1902533)	0.4016662821378794	1.667886850479429	0.0	0.050344476020262006	0.995	65/261	16.48%	GDF15;IL6;CARD16;TREM2;NUPR1;TRIM22;KDR;DCN;PPARG;EDA2R;BIRC3;DDIT3;CASP1;PYCARD;BBC3;BAX;FN1;PLEKHF1;IL1B;TLR3;ANGPT1;KIT;S100A4;JCAD;IL18;GSDME;HMOX1;FRMD6;APP;WNT5A;DOK5;AVPI1;JAK2;CDH13;PDGFA;THBS1;TNFRSF10B;PLXNB1;FLT1;LTBR;PDGFRB;TRAF5;CAV1;TLR4;TRIM8;FLCN;F2R;LAMTOR1;TRAF3IP2;HRAS;TRIP6;IRAK4;TSPAN6;RRAGB;BMP4;MIB2;LITAF;SLC20A1;PRKD1;FGF1;LAMTOR3;GET1;IGF1R;IKBKB;CAV2	GO_Biological_Process_2023
prerank	Response To Lipid (GO:0033993)	0.5131834373830068	1.6693334097625896	0.003787878787878788	0.049865881782703174	0.9945	11/44	11.34%	TREM2;SPP1;ALPL;SNCA;PPARG;IL12A;LY96;IL1B;JAK2;TLR4;F2R	GO_Biological_Process_2023
prerank	Regulation Of Osteoblast Differentiation (GO:0045667)	0.5212534585415834	1.669691533367048	0.008233532934131737	0.04999861101144879	0.9945	18/42	19.18%	IL6;PPARG;SNAI2;FBN2;DNAI3;TWIST1;TENT5A;HDAC9;GREM1;IL6ST;BMP4;TMEM64;ZHX3;PRKD1;ATRAID;RUNX2;CDK6;SUCO	GO_Biological_Process_2023
prerank	Phospholipid Transport (GO:0015914)	0.5836244253935592	1.6697626462084383	0.012	0.050308421776439155	0.9945	7/25	7.40%	APOE;PLTP;TRIAP1;NPC2;SCARB2;APOC1;ATP10D	GO_Biological_Process_2023
prerank	Regulation Of Mitochondrial Fission (GO:0090140)	0.6147435602977249	1.6698525029151028	0.02030456852791878	0.05059024576643034	0.9945	3/19	1.31%	KDR;DCN;PPARG	GO_Biological_Process_2023
prerank	Negative Regulation Of Cell Adhesion (GO:0007162)	0.5562412932324191	1.6728333338041785	0.007097791798107256	0.04938014463035576	0.9945	11/30	13.37%	FBLN1;SNAI2;JAG1;ANGPT1;MDK;DUSP1;SERPINE1;CDH13;PLXNB1;PLXNB2;PLXND1	GO_Biological_Process_2023
prerank	Regulation Of Neuron Apoptotic Process (GO:0043523)	0.5169811731351724	1.674569742169401	0.0073964497041420114	0.04883023670548159	0.9945	9/46	5.90%	APOE;TREM2;NUPR1;DKK1;DDIT3;CCL2;SOD2;BAX;MDK	GO_Biological_Process_2023
prerank	Negative Regulation Of Mitotic Cell Cycle Phase Transition (GO:1901991)	0.5605135752260993	1.6757540747516826	0.007142857142857143	0.04852500103211179	0.9945	7/30	6.99%	CDKN1A;RGCC;GPNMB;CCL2;ZFP36L1;E2F7;INHBA	GO_Biological_Process_2023
prerank	Regulation Of Wound Healing (GO:0061041)	0.6003934416527984	1.6757871099415829	0.0074503311258278145	0.048838621363776306	0.9945	9/21	11.81%	CLDN1;TNFAIP3;CD109;MYLK;SERPINE1;PLAU;CAV1;F2R;HRAS	GO_Biological_Process_2023
prerank	Negative Regulation Of I-kappaB kinase/NF-kappaB Signaling (GO:0043124)	0.5916192628549224	1.6762773403102273	0.009724473257698542	0.048920894478480886	0.994	9/23	18.98%	TREM2;TNFAIP3;PYCARD;TLE1;SLC39A8;TNIP1;NR1D1;PER1;RIOK3	GO_Biological_Process_2023
prerank	Positive Regulation Of NF-kappaB Transcription Factor Activity (GO:0051092)	0.4718661043378942	1.676946505993456	0.006351446718419196	0.04894749162412445	0.994	14/71	10.98%	IL6;CARD16;TRIM22;EDA2R;PYCARD;PIDD1;IL1B;IL18;APP;WNT5A;TRAF5;CAV1;TLR4;TRIM8	GO_Biological_Process_2023
prerank	Skeletal System Development (GO:0001501)	0.5070604855331547	1.6778832101567895	0.0021961932650073207	0.048873507663009116	0.9935	22/51	20.11%	SULF2;ALPL;COL27A1;SULF1;FRZB;COL1A2;NPR3;PTGER4;WNT5A;MMP14;ANKH;KIAA1217;MATN3;VKORC1;COL1A1;EVC;COL13A1;CD44;BMP1;AKAP13;DEAF1;ETS2	GO_Biological_Process_2023
prerank	Negative Regulation Of Epithelial Cell Apoptotic Process (GO:1904036)	0.6034216088282038	1.6799748862133015	0.009852216748768473	0.04822582424105949	0.993	6/20	6.58%	NUPR1;KDR;TNFAIP3;ICAM1;MDK;SERPINE1	GO_Biological_Process_2023
prerank	Negative Regulation Of Endothelial Cell Migration (GO:0010596)	0.6038062763516386	1.6808722367277795	0.008176614881439084	0.04811159197106986	0.993	6/22	9.06%	APOE;RGCC;DCN;PPARG;PTPRM;THBS1	GO_Biological_Process_2023
prerank	Regulation Of Endothelial Cell Proliferation (GO:0001936)	0.5079682998875731	1.684766641432807	0.0021474588403722263	0.04665202363984006	0.9925	18/50	18.77%	APOE;RGCC;KDR;SULF1;NR4A1;ANGPT1;PTPRM;WNT5A;CDH13;THBS1;CAV1;BMP4;PRKD1;VEGFB;TNFSF12;CAV2;AKT3;VEGFC	GO_Biological_Process_2023
prerank	Positive Regulation Of Epithelial To Mesenchymal Transition (GO:0010718)	0.5672904442862092	1.6866413265869618	0.00933852140077821	0.04607842835628724	0.9925	7/29	7.21%	IL6;RGCC;JAG1;IL1B;TWIST1;MDK;TGFBR2	GO_Biological_Process_2023
prerank	Positive Regulation Of Angiogenesis (GO:0045766)	0.4871989436815586	1.6884247182355405	0.0021474588403722263	0.045524468389833546	0.991	30/63	23.10%	KDR;CXCL8;IL1B;BTG1;TWIST1;MDK;SERPINE1;HMOX1;WNT5A;NINJ1;FOXC2;RRAS;THBS1;BMPER;FLT1;HIPK2;HMGA2;HSPB1;PRKD1;VEGFB;KLF4;FGF1;TNFSF12;CYP1B1;VEGFC;HIF1A;GRN;RUNX1;EMILIN1;AGGF1	GO_Biological_Process_2023
prerank	Positive Regulation Of Macroautophagy (GO:0016239)	0.5282571672062245	1.6894066095141818	0.004583651642475172	0.04539788396357775	0.991	9/44	9.18%	KDR;DCN;SESN1;ELAPOR1;HSPB8;WIPI1;OPTN;PIP4K2A;SLC25A5	GO_Biological_Process_2023
prerank	IL-2/STAT5 Signaling	0.4597074825284261	1.6948321874663044	0.0013468013468013469	0.00492462311557789	0.0695	40/95	22.46%	CSF2;SPP1;PLIN2;CSF1;CCND2;PTGER2;HOPX;ANXA4;APLP1;NFIL3;CDKN1C;PHLDA1;BCL2L1;COL6A1;IGF2R;SLC39A8;IL4R;BHLHE40;AHR;IFNGR1;HIPK2;SLC2A3;LRIG1;MYO1E;GSTO1;GPX4;KLF6;NT5E;PLPP1;IGF1R;COCH;CD44;CCND3;EEF1AKMT1;IFITM3;MAP3K8;CTSZ;NCOA3;P4HA1;NFKBIZ	MSigDB_Hallmark_2020
prerank	Regulation Of Cell Migration (GO:0030334)	0.417681532066969	1.6957309819209423	0.0	0.04266979170057416	0.9885	65/211	17.84%	CEMIP;GPNMB;KDR;DUSP10;CLDN1;SEMA3B;SULF1;SNAI2;DNAI3;CSF1;MCTP1;PTPRU;JAG1;SERPINE2;SOD2;TMEFF2;RHOD;IL1B;MYLK;PRKX;DAAM2;KIT;TWIST1;ACVR1;SGK1;MDK;BEX4;SERPINE1;CDH13;PRR5L;CARMIL1;MMP14;PLAU;PDGFA;MINK1;THBS1;CITED2;PLXNB1;FLT1;PDGFRB;ARSB;CAV1;FLCN;F2R;RUFY3;NEXN;HRAS;TRIP6;PLXNB2;RAP2B;APLP2;PLXND1;PTPRK;MITF;COL1A1;WNT5B;FGF1;ADARB1;IGF1R;EPHA2;SEMA3C;SDCBP;SYNE2;CYP1B1;SRGAP1	GO_Biological_Process_2023
prerank	Negative Regulation Of BMP Signaling Pathway (GO:0030514)	0.6335491905954612	1.7011131702598672	0.011263073209975865	0.040692557383098515	0.9865	7/18	17.13%	PPARG;SPART;GREM1;BMPER;HIPK2;FSTL3;RBPMS2	GO_Biological_Process_2023
prerank	Plasma Membrane Bounded Cell Projection Organization (GO:0120036)	0.49050193454759505	1.7050686311212098	0.004228329809725159	0.03919930797302654	0.979	12/67	10.01%	APOE;IL6;BTG2;PHPT1;STX3;PTPRM;BLOC1S2;APP;MICALL1;CARMIL1;ERCC6;PLEKHA1	GO_Biological_Process_2023
prerank	Negative Regulation Of Proteolysis (GO:0045861)	0.6045188963563948	1.7054350050449993	0.00975609756097561	0.039350810750706296	0.979	10/23	16.30%	GAS1;CST3;SERPINE2;CTSB;PLAT;DNAJC1;CSTB;TIMP2;TIMP3;CLN8	GO_Biological_Process_2023
prerank	Cellular Response To Growth Factor Stimulus (GO:0071363)	0.47836275870180167	1.7060439418031605	0.0006944444444444445	0.03938800531018919	0.979	27/80	19.95%	GAS1;CLEC3B;KDR;SNAI2;CCL2;CXCL8;ZFP36L1;NR4A1;ACVR1;ANKRD1;TGFBR2;WNT5A;HTRA2;FLT1;ZFP36;APLP2;BMP4;ADAMTS7;HSPB1;PRKD1;KLF4;ADAMTS12;KIDINS220;CD44;RUNX2;FOXC1;URI1	GO_Biological_Process_2023
prerank	Regulation Of Endocytosis (GO:0030100)	0.5492933895272243	1.7098535501564636	0.0015479876160990713	0.03809688759871124	0.9765	18/36	25.36%	APOE;SNCA;MCTP1;LETMD1;CDH13;LGALS3;LRP1;OPHN1;RUFY1;SMPD1;PRKD1;LRPAP1;DAB2;ARFGAP3;RAB4A;ABL2;ITGAV;FLOT1	GO_Biological_Process_2023
prerank	Regulation Of MAPK Cascade (GO:0043408)	0.46919624334858157	1.7111655864374984	0.0	0.03779957047792114	0.974	26/90	13.34%	GDF15;IL6;FAS;KDR;DUSP5;FN1;IL1B;KIT;JCAD;DUSP1;GSDME;DOK5;AVPI1;GREM1;LBH;RRAS;PDGFA;MINK1;FLT1;TNIK;CAV1;F2R;LAMTOR1;HRAS;ATP6AP2;BMP4	GO_Biological_Process_2023
prerank	Positive Regulation Of Endocytosis (GO:0045807)	0.5440812934517598	1.712472061574315	0.0030211480362537764	0.03749395184407668	0.9735	16/37	20.52%	APOE;TREM2;SNCA;SGIP1;PYCARD;IL1B;SERPINE1;CD47;LRP1;SMPD1;IL15;NEDD4L;GAS6;LDLRAP1;CALR;DAB2	GO_Biological_Process_2023
prerank	Negative Regulation Of MAPK Cascade (GO:0043409)	0.5115795745627932	1.7193898949368382	0.001443001443001443	0.03489225309307002	0.966	16/54	14.01%	APOE;DUSP10;FBLN1;PPARG;DUSP5;IL1B;RGS2;DUSP1;TNIP1;CAV1;TLR4;FLCN;IGBP1;BMP4;SMPD1;TIMP3	GO_Biological_Process_2023
prerank	Vacuolar Acidification (GO:0007035)	0.6022976219151055	1.7222514818876007	0.004792332268370607	0.03412758231408569	0.9635	13/24	21.03%	ATP6V0E1;ATP6V0B;RNASEK;ATP6V0C;ATP6AP2;ATP6V1A;ATP6V0E2;CLN5;ATP6V1B2;ATP6V0A1;ATP6V1F;TMEM199;GRN	GO_Biological_Process_2023
prerank	Positive Regulation Of Lymphocyte Proliferation (GO:0050671)	0.6129841541653781	1.7226177210819964	0.007334963325183374	0.0342513162432639	0.9635	9/22	15.39%	IL6;IL12A;CD70;IL1B;IL18;JAK2;CD46;IL6ST;IL15	GO_Biological_Process_2023
prerank	Regulation Of JNK Cascade (GO:0046328)	0.5136380045952054	1.7267832523212003	0.0	0.033004087245854685	0.959	20/52	17.37%	DUSP10;EDA2R;PYCARD;MAP3K5;IL1B;TLR3;APP;MTURN;MINK1;LTBR;TNIK;TRAF5;HIPK2;TRAF4;CYLD;HRAS;PLCB1;IGF1R;PER1;SDCBP	GO_Biological_Process_2023
prerank	Regulation Of Pathway-Restricted SMAD Protein Phosphorylation (GO:0060393)	0.5935016612150749	1.7278474115345468	0.005573248407643312	0.03282619898441863	0.9585	9/27	9.27%	GDF15;PPARG;DKK1;PMEPA1;INHBA;TGFBR2;GREM1;LRP1;BMPER	GO_Biological_Process_2023
prerank	Negative Regulation Of Multicellular Organismal Process (GO:0051241)	0.4621858614661735	1.7289683966709815	0.0	0.0326884269365912	0.957	41/106	23.05%	GDF15;TREM2;RGCC;GPNMB;DUSP10;DKK1;DDIT3;ADAMTS5;IL1B;RGS2;NPR3;MDK;HDAC9;PTGER4;SRGN;FOXC2;IFNGR1;TLR4;FLCN;F2R;ADM;BMP4;WWC3;RB1;RPS19;IL15;NR1D1;LRPAP1;CYP51A1;GAS6;BBS2;CALR;PTEN;GRN;ADIPOR1;SPRY2;LNPEP;ING2;EMILIN1;ATP2B1;RAB11FIP1	GO_Biological_Process_2023
prerank	Memory (GO:0007613)	0.6004971729574763	1.7313160622787447	0.006530612244897959	0.03213476381623005	0.9535	8/24	16.08%	APOE;TREM2;SCN2A;SGK1;PTN;PLCB1;CAMK2N1;NOL3	GO_Biological_Process_2023
prerank	Response To Unfolded Protein (GO:0006986)	0.568767932092726	1.7323203231587458	0.00392156862745098	0.032052614883352835	0.953	9/33	8.52%	DDIT3;HSPA4L;BAX;HSPB8;DNAJB4;OPTN;TM7SF3;DNAJC4;TRAM1	GO_Biological_Process_2023
prerank	Negative Regulation Of Peptidase Activity (GO:0010466)	0.6188822359020808	1.735997832170808	0.0033003300330033004	0.0309639413703711	0.9495	11/22	14.70%	CST3;SERPINE2;CTSB;SERPINE1;CSTB;LRP1;TIMP2;SERPING1;SERPINB2;TIMP3;SERPINB7	GO_Biological_Process_2023
prerank	Regulation Of Cytokine Production (GO:0001817)	0.5102184135237301	1.7363762651637449	0.000723589001447178	0.03111698568310231	0.9485	11/56	8.72%	SAA1;IL6;TREM2;RGCC;GPNMB;SNAI2;BCL6;HDAC9;PTGER4;SRGN;CD47	GO_Biological_Process_2023
prerank	Transmembrane Receptor Protein Tyrosine Kinase Signaling Pathway (GO:0007169)	0.4576323199372538	1.7400303081775454	0.0	0.030209822329814295	0.9435	39/119	21.47%	GDF15;SULF2;FLRT2;KDR;SULF1;CSF1;ANGPT1;COL4A6;KIT;PLAT;DOK5;SIPA1L1;JAK2;FOXC2;DDIT4;PDGFA;FLT1;PDGFRB;ARHGEF28;IRS1;PIK3R1;PLCB1;SORT1;PRKD1;VEGFB;FGF1;AP3S1;IGF1R;EPHA2;NAMPT;CAV2;VAV2;COL4A2;VEGFC;FOXC1;STAT3;RHOQ;NRG1;FER	GO_Biological_Process_2023
prerank	Regulation Of Secretion By Cell (GO:1903530)	0.5994824382945243	1.741904324648206	0.004962779156327543	0.02975541993600751	0.9405	5/26	9.14%	SAA1;MCTP1;SCG5;DNAJC1;STXBP5	GO_Biological_Process_2023
prerank	Regulation Of Tyrosine Phosphorylation Of STAT Protein (GO:0042509)	0.6271957420034705	1.7434710824103707	0.0015860428231562252	0.02948376171454881	0.938	7/21	7.86%	IL6;CSF2;IL12A;TSLP;KIT;IL18;JAK2	GO_Biological_Process_2023
prerank	Positive Regulation Of Vasculature Development (GO:1904018)	0.5186314689127107	1.7435867814285542	0.0014503263234227702	0.029704513973778674	0.938	26/53	23.10%	KDR;CXCL8;IL1B;BTG1;TWIST1;SERPINE1;HMOX1;WNT5A;NINJ1;RRAS;THBS1;FLT1;HIPK2;HMGA2;HSPB1;PRKD1;VEGFB;FGF1;TNFSF12;CYP1B1;VEGFC;HIF1A;GRN;RUNX1;EMILIN1;AGGF1	GO_Biological_Process_2023
prerank	Regulation Of Tumor Necrosis Factor-Mediated Signaling Pathway (GO:0010803)	0.5928141656015355	1.744368107017903	0.0040453074433656954	0.029625727169734575	0.9375	11/26	18.44%	CARD16;TNFAIP3;CASP1;PYCARD;CASP4;CYLD;MIB2;IKBKB;H2BC11;TBK1;GAS6	GO_Biological_Process_2023
prerank	Regulation Of Amyloid-Beta Formation (GO:1902003)	0.6448241836580345	1.744684056833114	0.008340283569641367	0.029770837177380383	0.9375	3/18	9.09%	APOE;IFNGR1;RTN1	GO_Biological_Process_2023
prerank	Regulation Of Extrinsic Apoptotic Signaling Pathway Via Death Domain Receptors (GO:1902041)	0.63710971256442	1.7451311010220016	0.005770816158285243	0.029909939177099828	0.9365	9/21	11.13%	TNFAIP3;BCL2L1;ICAM1;GPX1;SERPINE1;HMOX1;LGALS3;THBS1;TMBIM1	GO_Biological_Process_2023
prerank	Endosome Organization (GO:0007032)	0.5612812404800485	1.7472092272793631	0.004702194357366771	0.029510718829174044	0.9345	18/37	25.63%	PLEKHF1;SQSTM1;ATP6V0B;RNASEK;ATP6V0C;HOOK2;LAMTOR1;VPS11;ATP6AP1;ATP6AP2;ATP6V1A;ATP6V0A1;EEA1;ATP6V1F;ARFGEF2;SNX3;ATP6V1D;DNAJC13	GO_Biological_Process_2023
prerank	Regulation Of Defense Response (GO:0031347)	0.5192111694951957	1.7473170740415072	0.002172338884866039	0.029741657740753227	0.934	16/52	13.19%	APOE;CARD16;TREM2;TNFSF4;BIRC3;CASP1;LACC1;IL1R1;BCL6;LETMD1;WNT5A;JAK2;CASP4;FBXL2;CYLD;APLP2	GO_Biological_Process_2023
prerank	Regulation Of Canonical Wnt Signaling Pathway (GO:0060828)	0.4661814144987986	1.748379130714508	0.0	0.02960676603017209	0.932	27/110	14.46%	IGFBP2;APOE;DRAXIN;SNAI2;DKK1;DDIT3;TLE6;PTPRU;FRZB;DKK3;JRK;DAAM2;GLI3;MDK;TLE1;SOX4;WNT5A;GREM1;CAV1;BICC1;CYLD;MLLT3;ATP6AP2;ZEB2;PTK7;TMEM64;COL1A1	GO_Biological_Process_2023
prerank	Response To Transforming Growth Factor Beta (GO:0071559)	0.6701010745218398	1.7495197345115623	0.005789909015715467	0.02949162687790532	0.928	4/17	7.33%	CLEC3B;ZFP36L1;ANKRD1;WNT5A	GO_Biological_Process_2023
prerank	Intracellular pH Reduction (GO:0051452)	0.6244001792715084	1.7498839374196877	0.0033195020746887966	0.029612150057455263	0.9265	11/22	20.80%	RAB38;ATP6V0E1;ATP6V0B;RNASEK;ATP6V0C;ATP6AP2;ATP6V1A;ATP6V0E2;ATP6V1B2;ATP6V0A1;ATP6V1F	GO_Biological_Process_2023
prerank	Aortic Valve Morphogenesis (GO:0003180)	0.68149219266222	1.7500243253980925	0.007550335570469799	0.02987078463909557	0.9265	8/15	22.99%	SNAI2;JAG1;TWIST1;TGFBR2;BMP4;RB1;EMILIN1;SMAD2	GO_Biological_Process_2023
prerank	Regulation Of Interleukin-8 Production (GO:0032677)	0.585640085092878	1.750394561212024	0.003993610223642172	0.03001087283267143	0.925	10/29	14.23%	IL6;DDIT3;ANXA4;PYCARD;IL1B;TLR3;SERPINE1;TLR4;F2R;KLF4	GO_Biological_Process_2023
prerank	Regulation Of Primary Metabolic Process (GO:0080090)	0.6342372275921028	1.7516272500759797	0.004889975550122249	0.02988135142161395	0.923	10/22	18.00%	APOE;TREM2;PPARG;SSH1;RNF213;ID2;NR1D1;PLPP1;LACTB;PSAP	GO_Biological_Process_2023
prerank	UV Response Dn	0.46473646851320516	1.7521249963984604	0.0	0.002907394113424264	0.0395	51/109	26.02%	PPARG;SNAI2;ADORA2B;ANXA4;COL3A1;COL1A2;COL11A1;PTPRM;KIT;EFEMP1;DUSP1;SERPINE1;TGFBR2;SIPA1L1;CELF2;RND3;TFPI;BHLHE40;DBP;CITED2;FHL2;APBB2;PDGFRB;INSIG1;CAV1;PLCB4;COL5A2;PMP22;IRS1;LTBP1;COL1A1;GCNT1;IGF1R;VAV2;SDC2;AKT3;RGS4;INPP4B;PTEN;DAB2;MGLL;TGFBR3;RUNX1;ATP2B1;AGGF1;WDR37;LAMC1;ADD3;NFKB1;PTPN21;LPAR1	MSigDB_Hallmark_2020
prerank	Positive Regulation Of Interleukin-8 Production (GO:0032757)	0.6107088780522175	1.7534901115162658	0.004889975550122249	0.029535013512725177	0.917	8/24	11.34%	IL6;DDIT3;PYCARD;IL1B;TLR3;SERPINE1;TLR4;F2R	GO_Biological_Process_2023
prerank	Response To Organic Cyclic Compound (GO:0014070)	0.6056674768644467	1.7537956976901388	0.00487012987012987	0.029741784889127796	0.914	7/24	9.20%	SPP1;ALPL;CCL2;IL1B;TLR3;IL18;ADA	GO_Biological_Process_2023
prerank	Myogenesis	0.48132830608688915	1.7556628993692796	0.0	0.003015075376884422	0.0385	31/88	15.41%	SOD3;APOD;CDKN1A;PPP1R3C;CRYAB;COL3A1;EIF4A2;HSPB8;MYLK;PDE4DIP;DTNA;COL6A2;ABLIM1;APP;CDH13;COL6A3;BHLHE40;MRAS;IGFBP7;AEBP1;DMD;SVIL;IFRD1;PLXNB2;ATP6AP1;GAA;OCEL1;NAV2;COL1A1;RB1;RIT1	MSigDB_Hallmark_2020
prerank	Vascular Endothelial Growth Factor Receptor Signaling Pathway (GO:0048010)	0.637803281935458	1.7585401516691241	0.002471169686985173	0.02844666650439178	0.9	8/20	18.77%	KDR;SULF1;FLT1;HSPB1;PRKD1;VEGFB;VAV2;VEGFC	GO_Biological_Process_2023
prerank	Positive Regulation Of Chemokine Production (GO:0032722)	0.6456771109715005	1.758679697849562	0.005892255892255892	0.028675542538986337	0.8995	11/19	7.33%	IL6;TNFSF4;PYCARD;TSLP;IL1B;TLR3;TWIST1;IL18;HMOX1;APP;WNT5A	GO_Biological_Process_2023
prerank	Cytokine-Mediated Signaling Pathway (GO:0019221)	0.48142253823885256	1.759265835911489	0.0	0.028753936108517376	0.8985	26/88	13.19%	IL6;CXCL2;CSF2;CXCL1;CXCL3;EBI3;BIRC3;CCL2;IL12A;PYCARD;CXCL8;IL1R1;IL1B;LEPR;KIT;IL18;IL4R;JAK2;TRAF5;NFKBIA;TRAF4;TRAF3IP2;IRAK4;PLCB1;IL6ST;APLP2	GO_Biological_Process_2023
prerank	Regulation Of Osteoclast Differentiation (GO:0045670)	0.6804949629800102	1.759731844892943	0.007698887938408896	0.02889264822961296	0.898	12/17	26.62%	CSF1;MAFB;TLR3;CEBPB;TLR4;FSTL3;TCTA;TMEM64;GPR137;LRRC17;CAMK4;FBN1	GO_Biological_Process_2023
prerank	Cellular Response To Virus (GO:0098586)	0.5929882622651018	1.7617069154463332	0.00482315112540193	0.02852490618057764	0.8945	8/26	12.03%	IL6;VWCE;IL12A;BAX;GSDME;JAK2;IFNGR1;IL10RB	GO_Biological_Process_2023
prerank	Skin Development (GO:0043588)	0.593016224294901	1.7638458042113232	0.003927729772191673	0.028099626928934817	0.8875	13/29	16.13%	JAG1;COL3A1;COL1A2;ASAH1;WNT5A;OPN3;PDGFA;COL5A3;ITGA3;COL5A2;COL1A1;COL5A1;EPHA2	GO_Biological_Process_2023
prerank	Negative Regulation Of Extrinsic Apoptotic Signaling Pathway (GO:2001237)	0.5417948640799788	1.7744171318182576	0.0007651109410864575	0.025252770466610574	0.8615	13/45	13.34%	CSF2;TNFAIP3;SNAI2;BCL2L1;ICAM1;IL1B;GPX1;SERPINE1;HMOX1;LGALS3;THBS1;TMBIM1;BMP4	GO_Biological_Process_2023
prerank	Negative Regulation Of Metabolic Process (GO:0009892)	0.6204680777971976	1.774766565018571	0.0023942537909018356	0.02538597201002093	0.8605	11/25	15.55%	DDIT3;ADAMTS5;IL1B;NPR3;APOC1;FOXC2;TLR4;FLCN;RB1;IL15;NR1D1	GO_Biological_Process_2023
prerank	Regulation Of Tumor Necrosis Factor Production (GO:0032680)	0.5411093501733676	1.7763125028248434	0.0007564296520423601	0.02506321977203341	0.855	17/44	15.56%	IL6;TNFAIP3;PYCARD;LY96;TLR3;TWIST1;APP;WNT5A;JAK2;CD47;THBS1;IFNGR1;ZFP36;TLR4;HSPB1;NFKBIL1;DDT	GO_Biological_Process_2023
prerank	Cellular Response To Mechanical Stimulus (GO:0071260)	0.5951591701205156	1.7769728640365166	0.003167062549485352	0.02508262000761108	0.852	11/30	12.31%	FAS;TNFRSF10A;CASP1;PIEZO2;IL1B;TLR3;PTGER4;TNFRSF10B;LTBR;TLR4;HABP4	GO_Biological_Process_2023
prerank	Antimicrobial Humoral Immune Response Mediated By Antimicrobial Peptide (GO:0061844)	0.6856707192091901	1.7792059550339294	0.00587248322147651	0.024696884280131805	0.8475	5/16	3.44%	CXCL2;CXCL1;CXCL3;CXCL8;TSLP	GO_Biological_Process_2023
prerank	Hypoxia	0.46186630504367127	1.77969558029211	0.0	0.0023450586264656616	0.028	46/126	17.12%	IL6;CDKN1A;DCN;TNFAIP3;PLIN2;SRPX;CHST2;DDIT3;PPP1R3C;ADORA2B;ATF3;NFIL3;CDKN1C;TMEM45A;DPYSL4;PNRC1;GPC1;BTG1;S100A4;DTNA;DUSP1;P4HA2;SERPINE1;HMOX1;TPST2;BHLHE40;DDIT4;CSRP2;CITED2;ZFP36;CAV1;GBE1;SLC2A3;ADM;WSB1;GAA;PGM1;CHST3;KLF6;MXI1;PPP1R15A;NAGK;COL5A1;NEDD4L;SDC2;GLRX	MSigDB_Hallmark_2020
prerank	Regulation Of Cytokine Production Involved In Inflammatory Response (GO:1900015)	0.6565992358765358	1.787409145873575	0.00336417157275021	0.022827684029306624	0.8145	10/18	21.60%	IL6;APOD;TREM2;PYCARD;TLR4;APLP2;PER1;STAT3;HIF1A;MACIR	GO_Biological_Process_2023
prerank	Regulation Of MAP Kinase Activity (GO:0043405)	0.5460033505297746	1.7879868856622838	0.0014847809948032665	0.022914420117187202	0.814	17/47	15.00%	APOE;PPARG;IL1B;RGS2;KIT;DUSP1;PDGFA;THBS1;ERP29;FLT1;PDGFRB;TLR4;TRIB2;HRAS;BMP4;SMPD1;FGF1	GO_Biological_Process_2023
prerank	Extrinsic Apoptotic Signaling Pathway (GO:0097191)	0.5484236604260162	1.7904232616737699	0.0	0.022485875743322007	0.807	13/46	9.21%	FAS;TNFRSF10A;IL12A;CD70;BAX;BCL2L1;TLR3;G0S2;BLOC1S2;GABARAP;INHBA;JAK2;TNFRSF10B	GO_Biological_Process_2023
prerank	Negative Regulation Of Extrinsic Apoptotic Signaling Pathway Via Death Domain Receptors (GO:1902042)	0.7071132549122433	1.7933535340985203	0.0034812880765883376	0.021799804105313812	0.7945	7/15	11.13%	TNFAIP3;BCL2L1;ICAM1;GPX1;SERPINE1;HMOX1;TMBIM1	GO_Biological_Process_2023
prerank	Negative Regulation Of Neuron Death (GO:1901215)	0.5824190001983429	1.799187839946251	0.0023847376788553257	0.020591119516441145	0.771	11/36	13.84%	APOE;GPNMB;SNCA;CSF1;CCL2;SOD2;MDK;HTRA2;F2R;IL6ST;CPEB4	GO_Biological_Process_2023
prerank	Sterol Homeostasis (GO:0055092)	0.6262885327338382	1.8019398901131878	0.0007686395080707148	0.020143148585594566	0.763	10/24	11.40%	APOE;TMEM97;NPC2;IL18;HDAC9;LCAT;INSIG1;NPC1;CAV1;LAMTOR1	GO_Biological_Process_2023
prerank	Cholesterol Homeostasis (GO:0042632)	0.6262885327338382	1.8019398901131878	0.0007686395080707148	0.020143148585594566	0.763	10/24	11.40%	APOE;TMEM97;NPC2;IL18;HDAC9;LCAT;INSIG1;NPC1;CAV1;LAMTOR1	GO_Biological_Process_2023
prerank	Positive Regulation Of Peptidyl-Tyrosine Phosphorylation (GO:0050731)	0.5635738967555245	1.8041798055976586	0.0015174506828528073	0.02004011869472719	0.7555	12/41	8.43%	IL6;CSF2;TREM2;TNFRSF14;IL12A;TSLP;ANGPT1;KIT;IL18;ACVR1;JAK2;GREM1	GO_Biological_Process_2023
prerank	Cellular Response To Vascular Endothelial Growth Factor Stimulus (GO:0035924)	0.6687456211929375	1.8042667452395	0.003336113427856547	0.020258213500423394	0.755	10/19	21.59%	GAS1;KDR;NR4A1;FLT1;HSPB1;PRKD1;VEGFB;VEGFC;FOXC1;SPRY2	GO_Biological_Process_2023
prerank	Regulation Of Smooth Muscle Cell Proliferation (GO:0048660)	0.6105070545139774	1.8055563622989144	0.001563721657544957	0.020162525586792376	0.7485	13/28	13.34%	APOE;IL6;APOD;PPARG;TNFAIP3;IL12A;IL18;HMOX1;CDH13;THBS1;PDGFRB;ID2;BMP4	GO_Biological_Process_2023
prerank	Endoderm Formation (GO:0001706)	0.6771054438122148	1.8095753624819413	0.004152823920265781	0.019520090027773034	0.7345	11/18	18.73%	DUSP5;FN1;COL6A1;DUSP1;INHBA;MMP14;HMGA2;COL8A1;COL4A2;DUSP4;ITGA4	GO_Biological_Process_2023
prerank	Cell-Cell Junction Organization (GO:0045216)	0.6228279695995731	1.8102075922286691	0.002354788069073783	0.019558152109538804	0.73	8/26	11.34%	CDH8;CDH10;CLDN1;DSG2;CDH13;TLN2;FLCN;F2R	GO_Biological_Process_2023
prerank	Complement	0.49058385106190927	1.8131153857855837	0.0	0.0016445865692096848	0.018	33/99	15.57%	IL6;C1R;CXCL1;CFH;TNFAIP3;C1S;CASP1;DUSP5;CPQ;CTSB;FN1;DOCK9;PLAT;CTSL;SERPINE1;CEBPB;CTSC;APOC1;JAK2;CDH13;LGALS3;CD46;MMP14;LRP1;CASP4;TIMP2;SERPING1;ERAP2;LAMP2;SERPINB2;LIPA;IRF2;CTSD	MSigDB_Hallmark_2020
prerank	Cellular Response To Topologically Incorrect Protein (GO:0035967)	0.6952099649369823	1.8141718771589836	0.0017079419299743809	0.018934737975748666	0.712	5/17	4.99%	BAX;HSPB8;OPTN;TM7SF3;DNAJC18	GO_Biological_Process_2023
prerank	Defense Response To Bacterium (GO:0042742)	0.5521607266994192	1.8189299351771258	0.0014566642388929353	0.018096544010636473	0.6895	19/47	14.75%	IL6;TREM2;CASP1;TNFRSF14;IL12A;PYCARD;IL1B;TLR3;OPTN;IL18;SERPINE1;LYST;CEBPB;RNF213;CASP4;TLR4;MARCHF2;SLC30A1;RPS19	GO_Biological_Process_2023
prerank	Positive Regulation Of Leukocyte Cell-Cell Adhesion (GO:1903039)	0.7120225073974032	1.8215739951150252	0.0036003600360036	0.017733727266993633	0.6785	6/15	8.72%	IL6;CCL2;PYCARD;HLA-DMA;MDK;CD47	GO_Biological_Process_2023
prerank	Regulation Of Immune Response (GO:0050776)	0.615455404726999	1.8233674667381177	0.0015772870662460567	0.017654650516312025	0.6735	7/27	8.88%	INPP5D;TREM2;TNFSF4;BIRC3;COL3A1;BCL6;AHR	GO_Biological_Process_2023
prerank	Cellular Response To Tumor Necrosis Factor (GO:0071356)	0.5454072704858471	1.8238143885776885	0.0	0.01777375086721297	0.672	20/51	16.31%	BIRC3;CCL2;PYCARD;CXCL8;ZFP36L1;PID1;ASAH1;GSDME;ANKRD1;JAK2;ZFP36;TRAF5;NFKBIA;TRAF4;YBX3;ADAMTS7;NR1D1;ADAMTS12;IKBKB;COMMD7	GO_Biological_Process_2023
prerank	Regulation Of T Cell Proliferation (GO:0042129)	0.6643966840187686	1.834335474678122	0.0008163265306122449	0.01566315396650852	0.617	10/22	15.39%	IL6;GPNMB;CD70;IL1B;CEBPB;JAK2;LGALS3;CD46;IL6ST;IL15	GO_Biological_Process_2023
prerank	Positive Regulation Of Cell Motility (GO:2000147)	0.48852218951750076	1.8365059887909259	0.0	0.015472809366260373	0.6105	45/105	21.65%	CEMIP;GPNMB;KDR;PHPT1;CLDN1;SEMA3B;SNAI2;CSF1;SOD2;RHOD;IL1B;MYLK;DAAM2;KIT;TWIST1;ACVR1;MDK;CDH13;CARMIL1;MMP14;PLAU;PDGFA;THBS1;FLT1;PDGFRB;CAV1;F2R;RUFY3;HRAS;TRIP6;COL1A1;WNT5B;FGF1;IGF1R;EPHA2;SEMA3C;SDCBP;SYNE2;MIEN1;STAT3;DAB2;GRN;FER;SPRY2;TRIM32	GO_Biological_Process_2023
prerank	Intrinsic Apoptotic Signaling Pathway In Response To DNA Damage (GO:0008630)	0.6070863397954179	1.8368783690740238	0.0015048908954100827	0.015613679121203683	0.6085	12/32	10.35%	RPS27L;PYCARD;PHLDA3;BAX;BCL2L1;FNIP2;PML;AEN;CDIP1;DDIT4;HTRA2;HIPK2	GO_Biological_Process_2023
prerank	Negative Regulation Of Mitotic Cell Cycle (GO:0045930)	0.6448657141586247	1.8411127165512142	0.0008090614886731392	0.014980487180154385	0.5925	15/24	22.59%	GAS1;RGCC;BTG2;ZFP36L1;CDKN1C;BCL6;BTG1;BMP4;CHFR;BTG3;NABP1;FOXC1;SCRIB;PTPN3;SLC9A3R1	GO_Biological_Process_2023
prerank	Coagulation	0.5525155424786381	1.8434491190122428	0.0	0.0010552763819095476	0.0105	23/53	17.80%	C1R;CFH;C1S;CPQ;CTSB;FN1;ISCU;HTRA1;ITGA2;PLAT;SERPINE1;APOC1;MMP14;PLAU;LRP1;THBS1;SERPING1;LAMP2;SERPINB2;TIMP3;MSRB2;GSN;BMP1	MSigDB_Hallmark_2020
prerank	Response To Interleukin-1 (GO:0070555)	0.6028636827823252	1.8467993779972076	0.0	0.01399001032194945	0.569	14/33	16.21%	SNCA;CCL2;PYCARD;CXCL8;IL1R1;IL1B;ANKRD1;APP;CD47;IGBP1;ADAMTS7;SMPD1;NR1D1;ADAMTS12	GO_Biological_Process_2023
prerank	Mitotic G1 DNA Damage Checkpoint Signaling (GO:0031571)	0.6740090616142873	1.8479816122017088	0.001644736842105263	0.01398910741054171	0.564	7/20	5.77%	CDKN1A;MDM2;RPS27L;TRIAP1;PIDD1;PML;PLK3	GO_Biological_Process_2023
prerank	Positive Regulation Of JNK Cascade (GO:0046330)	0.6062436987099534	1.8503050708684443	0.0	0.013838533655192596	0.556	15/33	12.28%	EDA2R;PYCARD;MAP3K5;IL1B;TLR3;APP;MTURN;MINK1;LTBR;TNIK;TRAF5;HIPK2;TRAF4;HRAS;PLCB1	GO_Biological_Process_2023
prerank	Hemopoiesis (GO:0030097)	0.5508727153652555	1.8511122374447264	0.0	0.013864272047253072	0.552	16/53	13.34%	CSF2;KDR;JAG1;KITLG;EVI2B;MKNK2;PRKX;KIT;CEBPB;INHBA;TGFBR2;WNT5A;RRAS;FSTL3;FLCN;BMP4	GO_Biological_Process_2023
prerank	Regulation Of Interleukin-17 Production (GO:0032660)	0.7246587538332592	1.8542267829816679	0.0008445945945945946	0.013545723187439246	0.54	9/15	15.67%	IL6;TNFSF4;DDIT3;IL12A;IL18;JAK2;TLR4;IL15;ZBTB7B	GO_Biological_Process_2023
prerank	Response To Tumor Necrosis Factor (GO:0034612)	0.5604800055076437	1.8567545631376343	0.0007451564828614009	0.013232282438261479	0.5265	19/47	17.96%	CCL2;PYCARD;CXCL8;ZFP36L1;PID1;ASAH1;GSDME;ANKRD1;JAK2;ZFP36;NFKBIA;YBX3;IGBP1;ADAMTS7;SMPD1;NR1D1;ADAMTS12;IKBKB;MAP4K3	GO_Biological_Process_2023
prerank	Regulation Of Endothelial Cell Apoptotic Process (GO:2000351)	0.6594710667731494	1.8605794453877142	0.0	0.012795477340167458	0.5055	8/23	9.06%	RGCC;KDR;TNFAIP3;CCL2;ICAM1;ANGPT1;SERPINE1;THBS1	GO_Biological_Process_2023
prerank	Cellular Response To Peptide (GO:1901653)	0.6289469840934008	1.8645858045850603	0.0	0.012306348075825563	0.4875	9/30	10.84%	TREM2;MDM2;ZFP36L1;ICAM1;APP;LRP1;CASP4;CAV1;TLR4	GO_Biological_Process_2023
prerank	Negative Regulation Of Epithelial Cell Migration (GO:0010633)	0.701753878860213	1.8649345286300896	0.0	0.012426682326163778	0.485	5/18	9.06%	APOE;DUSP10;DCN;PTPRM;THBS1	GO_Biological_Process_2023
prerank	Cell-Cell Adhesion Via Plasma-Membrane Adhesion Molecules (GO:0098742)	0.5936086553668757	1.8651248568540812	0.0	0.01259068019581518	0.484	16/38	13.95%	NECTIN4;CDH8;CDH10;PSG5;PSG9;CLDN1;ICAM1;PTPRM;DSG2;AMIGO2;TGFBR2;CDH13;NEXN;PLXNB2;NECTIN3;PTK7	GO_Biological_Process_2023
prerank	Positive Regulation Of Interleukin-6 Production (GO:0032755)	0.63951658226145	1.8715732395869877	0.001635322976287817	0.011548738522407554	0.4505	11/26	11.34%	IL6;TNFSF4;PYCARD;TSLP;IL1B;TLR3;TWIST1;APP;WNT5A;TLR4;F2R	GO_Biological_Process_2023
prerank	Allograft Rejection	0.526526394912666	1.8784366286196947	0.0	0.0006141820212171971	0.0055	26/76	16.24%	IL6;FAS;CSF1;CCND2;CCL2;IL12A;GALNT1;ICAM1;IL1B;TLR3;HLA-DMA;IL18;HDAC9;INHBA;SRGN;IL4R;JAK2;CD47;IFNGR1;TAP1;F2R;DYRK3;GCNT1;RPS19;IL15;IKBKB	MSigDB_Hallmark_2020
prerank	Collagen Fibril Organization (GO:0030199)	0.6590956029828153	1.8819578073863246	0.0	0.010142959873300933	0.413	15/25	19.14%	COL27A1;LUM;COL3A1;COL1A2;COL11A1;GREM1;COL5A3;CRTAP;COL5A2;COL1A1;COL5A1;CYP1B1;BMP1;PXDN;ADAMTS2	GO_Biological_Process_2023
prerank	Regulation Of Type II Interferon Production (GO:0032649)	0.6098340715827888	1.8822964840644216	0.0007861635220125787	0.0102844203914278	0.4115	14/32	13.02%	TNFSF4;EBI3;DDIT3;IL12A;PYCARD;IL1R1;IL1B;TLR3;IL18;INHBA;JAK2;CD47;TLR4;BTN3A1	GO_Biological_Process_2023
prerank	Cellular Response To Amyloid-Beta (GO:1904646)	0.7291400784971496	1.8860286298293127	0.0	0.009810264449656471	0.392	8/15	18.73%	TREM2;ICAM1;APP;LRP1;CASP4;TLR4;IGF1R;ITGA4	GO_Biological_Process_2023
prerank	Response To Amyloid-Beta (GO:1904645)	0.7291400784971496	1.8860286298293127	0.0	0.009810264449656471	0.392	8/15	18.73%	TREM2;ICAM1;APP;LRP1;CASP4;TLR4;IGF1R;ITGA4	GO_Biological_Process_2023
prerank	DNA Damage Response, Signal Transduction By P53 Class Mediator (GO:0030330)	0.6500470773870652	1.8882638349015934	0.0008038585209003215	0.009814592280199883	0.381	9/25	10.35%	CDKN1A;MDM2;RPS27L;TRIAP1;PIDD1;PML;PLK3;E2F7;HIPK2	GO_Biological_Process_2023
prerank	Positive Regulation Of Lymphocyte Activation (GO:0051251)	0.7212608327428331	1.8896267979587342	0.0008748906386701663	0.00975406276134966	0.3735	7/15	8.72%	IL6;TNFSF4;CCL2;IL12A;PYCARD;HLA-DMA;CD47	GO_Biological_Process_2023
prerank	Negative Regulation Of Cell Population Proliferation (GO:0008285)	0.4670563671916737	1.8896645203633193	0.0	0.009928958993535771	0.3735	55/200	15.84%	APOE;IL6;APOD;TREM2;CDKN1A;RGCC;NUPR1;GPNMB;BTG2;CXCL1;DUSP10;FBLN1;PPARG;TNFAIP3;FTH1;PTPRU;FRZB;IL12A;SOD2;CXCL8;CDKN1C;IL1B;PML;ADAMTS1;PPM1D;TOB1;BTG1;GSDME;E2F7;HMOX1;INHBA;SOX4;APP;WNT5A;ITGA1;JAK2;CDH13;GREM1;THBS1;IGFBP7;ING4;PLXNB1;FLCN;F2R;HRAS;APLP2;BMP4;PTPRK;VGLL4;KLF10;ATRAID;ADARB1;GET1;BTG3;PLPP1	GO_Biological_Process_2023
prerank	Negative Regulation Of Epithelial Cell Proliferation (GO:0050680)	0.6071506116547803	1.8903904065469284	0.0	0.009989441390011481	0.37	17/36	19.04%	APOE;RGCC;NUPR1;DUSP10;SULF1;SNAI2;CDKN1C;PTPRM;THBS1;CAV1;PTPRK;CASK;FBXW7;CAV2;CDK6;TINF2;GDF5	GO_Biological_Process_2023
prerank	Regulation Of ERK1 And ERK2 Cascade (GO:0070372)	0.5184089203853637	1.8957715261815076	0.0	0.009311200125018019	0.341	38/85	23.20%	APOE;TREM2;GPNMB;KDR;DUSP10;FBLN1;CCL2;PYCARD;ICAM1;FN1;IL1B;ANGPT1;APP;MTURN;RRAS;PDGFA;BMPER;TNIP1;PDGFRB;TLR4;FLCN;F2R;HRAS;TIMP3;FGF1;DDT;EPHA2;FBXW7;CD44;DUSP4;GAS6;PTEN;NRG1;SPRY2;TGFBR3;SLC9A3R1;EMILIN1;DDR2	GO_Biological_Process_2023
prerank	Positive Regulation Of Extrinsic Apoptotic Signaling Pathway (GO:2001238)	0.6956130943479478	1.8973488158776124	0.000847457627118644	0.009284216647104701	0.3345	11/20	15.40%	PYCARD;PML;G0S2;INHBA;HTRA2;THBS1;LTBR;CAV1;TLR4;CYLD;TNFSF12	GO_Biological_Process_2023
prerank	Cellular Response To Decreased Oxygen Levels (GO:0036294)	0.5736373486498587	1.9027680624992318	0.0	0.008573788753184543	0.3115	11/49	6.80%	RGCC;SCN2A;MDM2;PPARG;EPAS1;ZFP36L1;MGARP;CPEB2;TIGAR;TWIST1;HMOX1	GO_Biological_Process_2023
prerank	Regulation Of Chemokine Production (GO:0032642)	0.7066555850816247	1.9050066563900612	0.0008488964346349745	0.008479842970998554	0.3055	11/18	7.33%	IL6;TREM2;TNFSF4;SNAI2;PYCARD;TSLP;TLR3;IL18;HMOX1;APP;WNT5A	GO_Biological_Process_2023
prerank	Cellular Response To Organic Substance (GO:0071310)	0.6457016011513568	1.9080026815036983	0.0	0.008289110940647824	0.2945	8/27	5.73%	CLEC3B;TREM2;MME;CASP1;CCL2;PID1;IL1B;IL18	GO_Biological_Process_2023
prerank	Negative Regulation Of MAP Kinase Activity (GO:0043407)	0.6594526412681149	1.9087013413410001	0.0	0.008395571239609746	0.2935	6/25	6.16%	APOE;DUSP10;PPARG;IL1B;RGS2;DUSP1	GO_Biological_Process_2023
prerank	Negative Regulation Of Cytokine Production (GO:0001818)	0.5424888771268295	1.918744380722299	0.0007183908045977011	0.0073653493233816	0.259	24/69	14.23%	IL6;APOD;TREM2;RGCC;GPNMB;TNFSF4;TNFAIP3;DDIT3;IL12A;ANXA4;PYCARD;FN1;HDAC9;INHBA;PTGER4;SRGN;THBS1;ZFP36;TLR4;TRIB2;CYLD;NMB;APLP2;KLF4	GO_Biological_Process_2023
prerank	Response To Molecule Of Bacterial Origin (GO:0002237)	0.6434409259965821	1.9237633710290107	0.0016155088852988692	0.006982104472224783	0.2415	12/31	11.34%	IL6;CXCL2;SNCA;TNFAIP3;IL12A;CXCL8;LY96;IL1B;JAK2;AHR;TLR4;F2R	GO_Biological_Process_2023
prerank	Regulation Of Protein Secretion (GO:0050708)	0.6037612108616784	1.9260912642680963	0.001467351430667645	0.006840218848366939	0.234	10/40	9.26%	SAA1;APOE;IL6;TREM2;IL12A;IL1B;ANKRD1;DNAJC1;STXBP5;ERP29	GO_Biological_Process_2023
prerank	Negative Regulation Of Cellular Response To Growth Factor Stimulus (GO:0090288)	0.610986141747206	1.929433946608283	0.0015313935681470138	0.00669157676623015	0.2235	10/36	11.03%	SULF2;PPARG;SULF1;GPC1;SPART;GREM1;THBS1;BMPER;HIPK2;FSTL3	GO_Biological_Process_2023
prerank	Regulation Of Lipid Metabolic Process (GO:0019216)	0.6793767406696758	1.9328843368382032	0.0	0.006429316482541063	0.2115	12/23	18.00%	TREM2;PPARG;IL1B;NPC2;APOC1;RNF213;CAV1;ID2;NR1D1;PLPP1;LACTB;PSAP	GO_Biological_Process_2023
prerank	Cellular Response To Osmotic Stress (GO:0071470)	0.738317842509177	1.946507063402405	0.0008547008547008547	0.005245388580631962	0.174	6/17	11.18%	SCN2A;CASP1;PYCARD;ZFP36L1;MYLK;YBX3	GO_Biological_Process_2023
prerank	Regulation Of T Cell Activation (GO:0050863)	0.7468443821150152	1.9501441680376115	0.0	0.004994720695005741	0.162	6/15	8.72%	GPNMB;CCL2;PYCARD;HLA-DMA;LGALS3;CD47	GO_Biological_Process_2023
prerank	Chloride Transport (GO:0006821)	0.7386582147639786	1.9513666683831465	0.0017316017316017316	0.004973140990510429	0.1575	9/17	14.44%	CLIC3;SLC12A8;SLC1A3;OSTM1;SLC12A4;ANO4;GLRB;SLC12A6;CLCN7	GO_Biological_Process_2023
prerank	Positive Regulation Of Cell Adhesion (GO:0045785)	0.6169101418475491	1.9541173039896742	0.001514004542013626	0.004871817120017701	0.151	14/39	11.22%	SAA1;LAMA1;STX3;IL12A;RHOD;MDK;JAK2;FOXC2;CD47;CITED2;NID1;ARL2;FSTL3;FLCN	GO_Biological_Process_2023
prerank	Negative Regulation Of Wnt Signaling Pathway (GO:0030178)	0.5579249775249258	1.9549516818561334	0.0	0.004872544691272184	0.1475	24/69	14.15%	IGFBP2;APOE;DRAXIN;SNAI2;DKK1;DDIT3;TLE6;PTPRU;FRZB;DKK3;GLI3;MDK;TLE1;WNT5A;RNF213;GREM1;LRP1;CAV1;BICC1;CYLD;MLLT3;NXN;TMEM64;VGLL4	GO_Biological_Process_2023
prerank	Positive Regulation Of Neuron Death (GO:1901216)	0.7228657445698804	1.9571932318660383	0.0	0.004873313838026924	0.1435	6/19	7.33%	NUPR1;SNCA;DDIT3;BAX;MAP3K5;WNT5A	GO_Biological_Process_2023
prerank	Negative Regulation Of Inflammatory Response (GO:0050728)	0.6162221880009471	1.9633362937457497	0.0007535795026375283	0.004574839653261404	0.1305	14/41	15.55%	SAA1;APOE;TREM2;PPARG;TNFAIP3;MDK;SLC39A8;PTGER4;AHR;CYLD;KLF4;RB1;RPS19;NR1D1	GO_Biological_Process_2023
prerank	Regulation Of Angiogenesis (GO:0045765)	0.5235623998071098	1.9636847136999067	0.0	0.004684103736361105	0.1295	48/101	23.10%	IL6;RGCC;GPNMB;KDR;DCN;PPARG;TNFAIP3;SULF1;HTATIP2;CXCL8;IL1B;PML;ADAMTS1;PTPRM;BTG1;TWIST1;SERPINE1;HMOX1;WNT5A;NINJ1;RRAS;THBS1;BMPER;THBS2;FLT1;HIPK2;HMGA2;PLXND1;HSPB1;PRKD1;VEGFB;KLF4;FGF1;TNFSF12;EPHA2;COL4A2;CYP1B1;VEGFC;FOXC1;HIF1A;NRG1;GRN;SPRY2;RUNX1;CEMIP2;HSPG2;EMILIN1;AGGF1	GO_Biological_Process_2023
prerank	Negative Regulation Of Endothelial Cell Proliferation (GO:0001937)	0.7093298091600131	1.9659079633346241	0.0	0.004648771057315278	0.1255	10/21	10.51%	APOE;RGCC;PPARG;SULF1;CCL2;IL12A;PTPRM;THBS1;FLT1;CAV1	GO_Biological_Process_2023
prerank	Positive Regulation Of Type II Interferon Production (GO:0032729)	0.6883506019090854	1.9707369285122782	0.0	0.004392324193272983	0.1175	10/23	10.84%	TNFSF4;EBI3;IL12A;PYCARD;IL1R1;IL1B;TLR3;IL18;JAK2;TLR4	GO_Biological_Process_2023
prerank	Positive Regulation Of MAPK Cascade (GO:0043410)	0.5312637596408256	1.9751511604164442	0.0	0.004183389199025953	0.1095	34/100	16.48%	APOE;GDF15;IL6;TREM2;GPNMB;KDR;CCL2;PYCARD;ICAM1;IL1B;ANGPT1;KIT;JCAD;GSDME;APP;MTURN;DOK5;AVPI1;PDGFA;THBS1;ERP29;BMPER;FLT1;PDGFRB;TLR4;F2R;LAMTOR1;HRAS;BMP4;FGF1;DDT;IGF1R;FBXW7;CAV2	GO_Biological_Process_2023
prerank	Neutrophil Migration (GO:1990266)	0.7805594469279211	1.9952760501552746	0.0	0.0030076290340487477	0.082	6/15	3.09%	SAA1;CXCL2;CXCL1;CXCL3;CCL2;CXCL8	GO_Biological_Process_2023
prerank	Granulocyte Chemotaxis (GO:0071621)	0.7755527294383409	1.9957283582702856	0.0	0.0030977385547117163	0.0815	6/16	3.09%	SAA1;CXCL2;CXCL1;CXCL3;CCL2;CXCL8	GO_Biological_Process_2023
prerank	Cellular Response To Hypoxia (GO:0071456)	0.6046592521767471	1.9994759244913038	0.0	0.0030330020361878426	0.0765	12/48	6.80%	RGCC;SCN2A;MDM2;PPARG;EPAS1;ZFP36L1;MGARP;CPEB2;TIGAR;TWIST1;PLK3;HMOX1	GO_Biological_Process_2023
prerank	Positive Regulation Of Chemotaxis (GO:0050921)	0.734998067418268	2.0109259951590506	0.0	0.0022364421022413763	0.0535	11/20	14.17%	IL6;TREM2;KDR;STX3;MDK;CDH13;THBS1;PDGFRB;PTN;HSPB1;PRKD1	GO_Biological_Process_2023
prerank	Positive Regulation Of Apoptotic Signaling Pathway (GO:2001235)	0.631914759245176	2.0113037532706985	0.0	0.002287134789892181	0.0525	15/41	11.56%	FAS;NUPR1;DDIT3;PYCARD;BBC3;BAX;PLEKHF1;PML;G0S2;CTSL;GSDME;LTBR;CAV1;TLR4;CYLD	GO_Biological_Process_2023
prerank	Positive Regulation Of ERK1 And ERK2 Cascade (GO:0070374)	0.6056870658466998	2.011699829883376	0.0	0.0023824320728043553	0.0525	20/47	18.44%	APOE;TREM2;GPNMB;KDR;CCL2;PYCARD;ICAM1;ANGPT1;APP;MTURN;PDGFA;BMPER;PDGFRB;F2R;HRAS;FGF1;DDT;FBXW7;CD44;GAS6	GO_Biological_Process_2023
prerank	Regulation Of Phosphatidylinositol 3-Kinase Signaling (GO:0014066)	0.6426479683076145	2.011812989171975	0.0	0.002486016075969762	0.0525	14/37	11.34%	TREM2;KDR;DCN;FN1;KIT;TWIST1;IL18;JAK2;PDGFA;PLXNB1;FLT1;PDGFRB;FBXL2;F2R	GO_Biological_Process_2023
prerank	Regulation Of Interleukin-6 Production (GO:0032675)	0.6502091003385302	2.014326356014328	0.0	0.002422812277428158	0.049	15/34	11.99%	IL6;TREM2;TNFSF4;TNFAIP3;PYCARD;TSLP;IL1B;TLR3;TWIST1;APP;WNT5A;CD47;TLR4;F2R;NMB	GO_Biological_Process_2023
prerank	Positive Regulation Of T Cell Proliferation (GO:0042102)	0.7125474522558074	2.0253778838407577	0.0	0.0020997706404377366	0.042	10/24	8.45%	IGFBP2;IL6;TNFSF4;EBI3;PYCARD;CD70;IL1B;IL18;JAK2;CD46	GO_Biological_Process_2023
prerank	Monoatomic Cation Homeostasis (GO:0055080)	0.6809486537257945	2.025856248569549	0.0	0.002180531049685342	0.0415	12/29	12.83%	ALPL;SNCA;SLC12A8;SLC40A1;LETMD1;CYBRD1;HMOX1;SLC39A8;SLC12A4;CAV1;SLC39A10;SLC12A6	GO_Biological_Process_2023
prerank	Negative Regulation Of Canonical Wnt Signaling Pathway (GO:0090090)	0.5984962607564212	2.02948012953621	0.0	0.0021932826932507536	0.0395	20/58	12.29%	IGFBP2;APOE;DRAXIN;SNAI2;DKK1;DDIT3;TLE6;PTPRU;FRZB;DKK3;GLI3;MDK;TLE1;WNT5A;GREM1;CAV1;MESP1;BICC1;CYLD;MLLT3	GO_Biological_Process_2023
prerank	Positive Regulation Of Defense Response (GO:0031349)	0.6012110762569368	2.035267047030908	0.0	0.0021536109132694733	0.037	25/54	16.02%	TNFSF4;SNCA;CASP1;PYCARD;TSLP;IL1B;TLR3;OPTN;IL18;MDK;SERPINE1;NPAS2;PTGER4;APP;WNT5A;NINJ1;CD47;TNIP1;CASP4;NFKBIA;TLR4;MGST2;IL15;DDT;CAMK2N1	GO_Biological_Process_2023
prerank	Positive Regulation Of Phosphatidylinositol 3-Kinase Signaling (GO:0014068)	0.688240097780843	2.037967708400322	0.0	0.002109271865055102	0.0345	12/27	11.34%	TREM2;KDR;DCN;FN1;KIT;IL18;JAK2;PDGFA;PLXNB1;FLT1;PDGFRB;F2R	GO_Biological_Process_2023
prerank	Cellular Response To Lipid (GO:0071396)	0.5529698654883832	2.0537685426558157	0.0	0.0016051131337961545	0.0245	36/97	15.55%	IL6;CXCL2;CARD16;TREM2;SPP1;CXCL1;TNFSF4;CXCL3;TNFAIP3;CASP1;CCL2;PYCARD;CXCL8;LY96;MGARP;PID1;IL1B;FAM210B;SERPINE1;ANKRD1;WNT5A;TFPI;HTRA2;AHR;TNIP1;ZFP36;INSIG1;CD68;TLR4;MGST1;IRS1;PTK7;NFKBIL1;WNT5B;GNAI1;NR1D1	GO_Biological_Process_2023
prerank	Positive Regulation Of Cytokine Production (GO:0001819)	0.5369249540546616	2.0656431739009187	0.0	0.0010660374020683896	0.016	29/123	8.45%	SAA1;SULF2;IL6;CSF2;RGCC;TNFSF4;EBI3;SULF1;DDIT3;CASP1;TNFRSF14;IL12A;PYCARD;LACC1;IL1R1;TSLP;IL1B;TLR3;TWIST1;IL18;MDK;SERPINE1;CEBPB;HMOX1;PTGER4;APP;WNT5A;JAK2;CD46	GO_Biological_Process_2023
prerank	Positive Regulation Of Cholesterol Transport (GO:0032376)	0.8265625926445118	2.075311431210826	0.0	0.0009691249109712631	0.0135	7/15	10.51%	APOE;TREM2;PLTP;PPARG;LRP1;NFKBIA;CAV1	GO_Biological_Process_2023
prerank	Angiogenesis	0.7581624334725182	2.075455706351507	0.0	0.0	0.0	13/20	16.63%	SPP1;LUM;CCND2;JAG1;VCAN;COL3A1;POSTN;S100A4;APP;PDGFA;COL5A2;LRPAP1;VAV2	MSigDB_Hallmark_2020
prerank	Inflammatory Response	0.5773957123712391	2.075856410293476	0.0	0.0	0.0	26/79	8.88%	IL6;CDKN1A;BTG2;CD82;EBI3;CSF1;CHST2;PTGER2;CCL2;ADORA2B;CD70;CXCL8;SLC31A2;IL1R1;ICAM1;IL1B;TLR3;IL18;PCDH7;SERPINE1;INHBA;PTGER4;IL4R;MMP14;DCBLD2;AHR	MSigDB_Hallmark_2020
prerank	Negative Regulation Of Smooth Muscle Cell Proliferation (GO:0048662)	0.7674277193962963	2.084780376525783	0.0	0.0008945768408965505	0.0115	9/19	6.80%	APOE;APOD;CDKN1A;PPARG;TNFAIP3;IL12A;SOD2;PRKG1;HMOX1	GO_Biological_Process_2023
prerank	Inflammatory Response (GO:0006954)	0.6063560627807656	2.088409324325135	0.0	0.000888364501723658	0.011	31/63	18.92%	IL6;CXCL2;CXCL1;TNFSF4;CXCL3;GGT5;PTGER2;CCL2;CXCL8;IL1B;TLR3;KIT;IL18;HDAC9;CEBPB;PTGER4;WNT5A;RELB;THBS1;TLR4;F2R;TRAF3IP2;ADM;IL10RB;TPST1;TUSC2;IKBKB;TBK1;CD44;HDAC5;PRDX5	GO_Biological_Process_2023
prerank	IL-6/JAK/STAT3 Signaling	0.64712697069255	2.0962596087168333	0.0	0.0	0.0	17/46	12.72%	IL6;CSF2;FAS;CXCL1;CXCL3;EBI3;CSF1;IL1R1;IL1B;LEPR;HMOX1;IL4R;IFNGR1;STAT2;LTBR;IL10RB;IL6ST	MSigDB_Hallmark_2020
prerank	Regulation Of Cholesterol Efflux (GO:0010874)	0.8296115502209458	2.105073354433163	0.0	0.0007929203817037607	0.009	8/15	11.40%	APOE;TREM2;PLTP;PPARG;LRP1;NFKBIA;CAV1;LAMTOR1	GO_Biological_Process_2023
prerank	Apoptosis	0.5601060261154363	2.118367285858615	0.0	0.0	0.0	41/115	14.01%	IL6;FAS;CDKN1A;BTG2;FEZ1;DCN;FDXR;BIRC3;LUM;DDIT3;CCND2;CASP1;ATF3;SOD2;BAX;BCL2L1;IL1B;SAT1;GPX1;SQSTM1;PLAT;IL18;SC5D;IGF2R;HMOX1;APP;LGALS3;IFNGR1;TAP1;CASP4;TIMP2;PDGFRB;CAV1;ANKH;F2R;CYLD;RETSAT;HSPB1;GPX4;SLC20A1;TIMP3	MSigDB_Hallmark_2020
prerank	Negative Regulation Of Signal Transduction (GO:0009968)	0.5503593948230785	2.121128961519868	0.0	0.00043610620993706845	0.0045	47/127	16.21%	GDF15;SULF2;NR4A2;APOD;CARD16;INPP5D;TREM2;DCN;SNCA;PPARG;TNFAIP3;SULF1;SNAI2;DKK1;FRZB;IL12A;CXCL8;PID1;DKK3;IL1B;RGS2;GPC1;GLI3;TWIST1;ACVR1;TLE1;BEND6;PIP4K2A;MMP14;CD47;LRP1;THBS1;FSTL3;TMBIM1;IRS1;TSPAN6;LEPROT;NXN;SMPD1;VGLL4;RB1;NFKBIL1;MOSMO;NR1D1;FBXW7;LRPAP1;ADAMTS12	GO_Biological_Process_2023
prerank	Response To Lipopolysaccharide (GO:0032496)	0.5970613453175134	2.127709727895858	0.0	0.00043072218265389464	0.004	24/77	11.34%	IL6;CXCL2;CARD16;CXCL1;TNFSF4;CXCL3;SNCA;TNFAIP3;CASP1;CCL2;IL12A;PYCARD;CXCL8;LY96;IL1B;SERPINE1;ANKRD1;WNT5A;JAK2;TNIP1;ZFP36;CD68;TLR4;F2R	GO_Biological_Process_2023
prerank	Extracellular Structure Organization (GO:0043062)	0.6806209035369047	2.1299154302926	0.0	0.0004845624554856315	0.004	30/38	22.18%	ADAMTS5;APLP1;COL3A1;COL1A2;COL4A5;POSTN;COL11A1;ADAMTS1;COL4A6;SLC39A8;APP;MMP14;COL5A3;COL4A1;COL5A2;MATN3;ADAMTS7;COL8A1;MMP23B;COL1A1;COL5A1;ADAMTS12;COL13A1;COL16A1;COL4A2;PXDN;ADAMTS2;MMP19;RECK;THSD4	GO_Biological_Process_2023
prerank	Extracellular Matrix Organization (GO:0030198)	0.6153880321479206	2.1382695624282206	0.0	0.0005537856634121503	0.004	38/67	19.14%	NID2;FLRT2;COL27A1;LUM;ADAMTS5;APLP1;COL3A1;COL1A2;COL4A5;POSTN;COL11A1;ADAMTS1;COL4A6;SLC39A8;APP;GREM1;MMP14;COL5A3;CRTAP;NID1;COL4A1;COL5A2;MATN3;ADAMTS7;COL8A1;MMP23B;COL1A1;COL5A1;ADAMTS12;COL13A1;GSN;COL16A1;COL4A2;CYP1B1;BMP1;PXDN;GAS6;ADAMTS2	GO_Biological_Process_2023
prerank	External Encapsulating Structure Organization (GO:0045229)	0.6884201694466904	2.143972245651257	0.0	0.0005653228647332369	0.0035	30/37	22.18%	ADAMTS5;APLP1;COL3A1;COL1A2;COL4A5;POSTN;COL11A1;ADAMTS1;COL4A6;SLC39A8;APP;MMP14;COL5A3;COL4A1;COL5A2;MATN3;ADAMTS7;COL8A1;MMP23B;COL1A1;COL5A1;ADAMTS12;COL13A1;COL16A1;COL4A2;PXDN;ADAMTS2;MMP19;RECK;THSD4	GO_Biological_Process_2023
prerank	KRAS Signaling Up	0.5951020415951891	2.1579181991843845	0.0	0.0	0.0	32/84	12.74%	APOD;CSF2;SPP1;GPNMB;CFH;SEMA3B;TNFAIP3;BIRC3;CCND2;MAFB;FUCA1;LY96;SCG5;RBP4;IL1B;MMD;ITGA2;G0S2;PLAT;CAB39L;GYPC;HDAC9;ITGBL1;INHBA;CPE;TFPI;PLAU;DCBLD2;ANKH;TRIB2;ID2;ZNF277	MSigDB_Hallmark_2020
prerank	Positive Regulation Of Response To External Stimulus (GO:0032103)	0.6279336871187877	2.1881028679453056	0.0	0.0004845624554856316	0.0025	32/66	16.02%	TREM2;TNFSF4;SNCA;CASP1;STX3;PYCARD;LY96;TSLP;IL1B;TLR3;OPTN;PLAT;IL18;MDK;SERPINE1;PTGER4;APP;WNT5A;NINJ1;PLAU;CD47;THBS1;TNIP1;CASP4;PDGFRB;NFKBIA;TLR4;PTN;MGST2;IL15;DDT;CAMK2N1	GO_Biological_Process_2023
prerank	Positive Regulation Of Inflammatory Response (GO:0050729)	0.6571541305349056	2.1886773156947363	0.0	0.0006057030693570394	0.0025	27/49	16.02%	IL6;NUPR1;TNFSF4;SNCA;CASP1;PYCARD;TSLP;IL1B;TLR3;IL18;MDK;SERPINE1;PTGER4;APP;WNT5A;NINJ1;CD47;TNIP1;CASP4;NFKBIA;TLR4;IL6ST;MGST2;RPS19;IL15;DDT;CAMK2N1	GO_Biological_Process_2023
prerank	Cellular Response To Lipopolysaccharide (GO:0071222)	0.6487833924517785	2.2222428308238653	0.0	0.000323041636990421	0.001	21/59	10.84%	IL6;CXCL2;CARD16;CXCL1;TNFSF4;CXCL3;TNFAIP3;CASP1;CCL2;PYCARD;CXCL8;LY96;IL1B;IL18;SERPINE1;ANKRD1;WNT5A;TNIP1;ZFP36;CD68;TLR4	GO_Biological_Process_2023
prerank	Cellular Response To Molecule Of Bacterial Origin (GO:0071219)	0.6580047635844797	2.2481807585735987	0.0	0.0004845624554856315	0.001	21/57	10.84%	IL6;CXCL2;CARD16;CXCL1;TNFSF4;CXCL3;TNFAIP3;CASP1;CCL2;PYCARD;CXCL8;LY96;IL1B;SERPINE1;ANKRD1;WNT5A;AHR;TNIP1;ZFP36;CD68;TLR4	GO_Biological_Process_2023
prerank	TNF-alpha Signaling via NF-kB	0.5883877817539425	2.2706967881805378	0.0	0.0	0.0	71/132	17.97%	IL6;CXCL2;NR4A2;CSF2;DRAM1;CDKN1A;BTG2;CXCL1;CXCL3;AREG;TNFAIP3;BIRC3;CSF1;JAG1;CCL2;TGIF1;ATF3;GEM;DUSP5;SOD2;NFIL3;PHLDA1;ICAM1;IL1B;NR4A1;SAT1;DNAJB4;BCL6;SQSTM1;PNRC1;RCAN1;PMEPA1;BTG1;CEBPD;G0S2;IL18;SGK1;DUSP1;SERPINE1;CEBPB;TNFAIP8;INHBA;PTGER4;NINJ1;RNF19B;PLAU;BHLHE40;RELB;PTX3;TNIP1;TAP1;ZFP36;NFKBIA;SLC2A3;TSC22D1;ID2;IL6ST;SERPINB2;LITAF;KLF10;KLF4;KLF6;PPP1R15A;BTG3;NAMPT;PER1;IER5;JUNB;CD44;FOSL2;DUSP4	MSigDB_Hallmark_2020
prerank	Regulation Of Inflammatory Response (GO:0050727)	0.6130379664441415	2.2991376027112103	0.0	0.000969124910971263	0.001	43/98	16.21%	SAA1;APOE;IL6;CARD16;TNFSF4;SNCA;PPARG;TNFAIP3;BIRC3;CASP1;PYCARD;LACC1;IL1R1;TSLP;IL1B;TLR3;BCL6;IL18;MDK;LETMD1;SERPINE1;SLC39A8;PTGER4;APP;WNT5A;NINJ1;JAK2;CD47;AHR;TNIP1;CASP4;NFKBIA;FBXL2;TLR4;CYLD;MGST2;KLF4;RB1;IL15;NR1D1;DDT;CAMK2N1;ADAMTS12	GO_Biological_Process_2023
prerank	Epithelial Mesenchymal Transition	0.6246121318614332	2.4521832220928554	0.0	0.0	0.0	63/155	12.20%	IGFBP2;IL6;GAS1;FAS;SPP1;ABI3BP;NID2;CTHRC1;CXCL1;DCN;AREG;FBLN1;TNFAIP3;SNAI2;FBN2;DKK1;LUM;LAMA1;SERPINE2;FUCA1;SCG2;VCAN;GEM;APLP1;COL3A1;COL1A2;SDC1;CXCL8;POSTN;COL11A1;FN1;HTRA1;SAT1;MYLK;GPC1;ITGA2;PMEPA1;IL32;COL6A2;SERPINE1;INHBA;FZD8;WNT5A;NTM;COL6A3;FOXC2;GREM1;MMP14;LRP1;ACTA2;SGCB;THBS1;PTX3;COL5A3;THBS2;PDGFRB;FAP;COL4A1;FSTL3;COL5A2;PMP22;MATN3;ID2	MSigDB_Hallmark_2020
prerank	p53 Pathway	0.6628070740272572	2.5866243114358234	0.0	0.0	0.0	80/145	16.16%	CLCA2;FAS;DRAM1;CDKN1A;NUPR1;BTG2;KRT17;MDM2;CD82;FDXR;ZMAT3;CYFIP2;SESN1;DDIT3;CCND2;CASP1;RPS27L;RPS12;HSPA4L;FUCA1;RRAD;STOM;ATF3;IFI30;PHLDA3;SDC1;ZFP36L1;TRIAP1;DGKA;BAX;CCNG1;PIDD1;EPS8L2;DDB2;ISCU;SAT1;PPM1D;MKNK2;TOB1;TM7SF3;ANKRA2;BTG1;S100A4;PERP;PLK3;AEN;HMOX1;CTSF;APP;NINJ1;XPC;RNF19B;CDH13;PVT1;DDIT4;PDGFA;ADA;COQ8A;BLCAP;TAP1;TRAF4;TSC22D1;WWP1;F2R;HRAS;RALGDS;EI24;PCNA;PLXNB2;RETSAT;RAP2B;ABHD4;GM2A;KLF4;RB1;PPP1R15A;CTSD;NUDT15;EPHA2;FBXW7	MSigDB_Hallmark_2020
