gene	n_clusters	distinct_exons	tandem
A4GALT	2	True	False
AACS	3	True	False
AADAT	2	True	False
AAGAB	2	True	False
AARS2	2	False	True
AARSD1	3	True	False
AASDH	2	True	False
AASDHPPT	4	True	True
AASS	3	False	True
AATF	2	True	False
ABAT	2	False	True
ABCA1	2	True	False
ABCA11P	3	True	False
ABCA5	2	True	False
ABCB10	4	True	True
ABCB7	3	True	False
ABCB8	3	True	False
ABCB9	2	True	False
ABCC1	3	True	True
ABCC10	2	True	False
ABCC3	2	True	False
ABCC5	3	True	False
ABCD1	2	True	False
ABCD3	3	True	False
ABCD4	2	True	False
ABCE1	3	True	True
ABCF1	4	True	False
ABCF2	2	False	True
ABCF3	2	True	False
ABCG2	3	True	True
ABHD10	2	False	True
ABHD11	3	False	True
ABHD13	4	False	True
ABHD14A-ACY1	2	True	False
ABHD17C	2	False	True
ABHD18	2	True	False
ABHD2	3	True	True
ABHD5	3	True	True
ABI1	2	False	True
ABI2	2	False	True
ABI3	2	False	True
ABITRAM	5	True	True
ABL1	2	True	False
ABL2	2	False	True
ABLIM1	4	True	True
ABLIM3	2	False	True
ABRAXAS1	5	True	False
ACAA2	2	True	False
ACACA	2	True	False
ACAD10	3	True	False
ACAD11	2	False	True
ACADM	3	True	False
ACADSB	2	True	False
ACADVL	2	True	False
ACAP3	2	True	False
ACAT1	2	True	False
ACAT2	2	False	True
ACBD3	3	True	True
ACBD5	2	True	False
ACBD6	3	True	False
ACCS	2	False	True
ACD	2	True	False
ACER3	2	False	True
ACO1	2	True	False
ACOT9	2	True	False
ACOX1	3	True	True
ACOX3	3	True	True
ACP1	2	False	True
ACSF3	2	True	False
ACSL3	2	True	False
ACSL4	3	True	False
ACSS1	2	True	False
ACSS2	2	True	False
ACTA2	2	True	False
ACTL6A	2	True	False
ACTR10	2	True	False
ACTR1A	2	False	True
ACTR2	4	True	True
ACTR3	2	False	True
ACTR3-AS1	2	True	False
ACTR3B	2	False	True
ACTR6	3	True	False
ACTR8	2	True	False
ACTRT3	2	False	True
ACVR2A	2	False	True
ACYP2	2	True	False
ADAL	4	True	False
ADAM12	4	True	True
ADAM17	4	True	True
ADAM19	2	True	False
ADAM1A	2	False	True
ADAM23	4	True	True
ADAM9	2	True	False
ADAMTS12	2	False	True
ADAMTS2	3	True	True
ADAMTS3	2	True	False
ADAMTS5	4	True	True
ADAMTS6	3	True	False
ADAMTS7	2	True	False
ADAMTSL1	4	True	False
ADAMTSL4	2	True	False
ADAMTSL5	2	False	True
ADAR	3	True	True
ADAT1	3	True	False
ADAT2	3	True	True
ADCY4	2	True	False
ADCY9	2	True	False
ADD1	2	True	False
ADD3	2	False	True
ADGRG6	3	True	False
ADGRL1-AS1	3	True	False
ADGRL2	3	True	True
ADGRL4	3	False	True
ADH5	3	False	True
ADH5P3	2	False	True
ADI1	3	False	True
ADIPOR2	3	True	False
ADIRF-AS1	2	False	True
ADK	3	False	True
ADM-DT	2	False	True
ADNP	3	False	True
ADNP-AS1	2	False	True
ADNP2	2	True	False
ADO	2	False	True
ADRA1B	2	True	False
ADRA2A	2	False	True
ADRB2	3	False	True
AEBP2	3	False	True
AFAP1	2	True	False
AFAP1L1	4	True	True
AFAP1L2	2	False	True
AFF3	3	True	True
AFF4	3	True	False
AFG1L	2	True	False
AFG3L1P	2	False	True
AFG3L2	2	True	False
AFMID	2	True	False
AFTPH	2	False	True
AGA	2	False	True
AGAP1	5	True	False
AGAP2-AS1	2	True	False
AGBL5	3	True	False
AGFG1	3	True	False
AGGF1	3	True	False
AGK	3	False	True
AGO1	3	True	False
AGO3	3	True	False
AGO4	2	True	False
AGPAT3	3	True	False
AGPAT4	2	True	False
AGPAT5	5	True	True
AGPS	2	False	True
AGTPBP1	3	True	True
AGTR1	2	True	False
AHCTF1	3	True	True
AHCYL1	2	True	False
AHDC1	2	False	True
AHI1	4	True	True
AHNAK2	2	True	False
AHR	2	True	False
AHRR	3	True	False
AHSA1	2	True	False
AHSA2P	4	False	True
AIDA	2	True	False
AIF1L	3	False	True
AIFM1	3	True	False
AIG1	4	True	True
AIMP1	3	True	True
AJUBA-DT	2	True	False
AK1	2	False	True
AK2	3	True	True
AK3	3	False	True
AK4	2	False	True
AK4P1	2	False	True
AK5	3	True	True
AK9	4	True	False
AKAP1	2	False	True
AKAP11	2	True	False
AKAP12	3	True	True
AKAP13	3	True	False
AKAP17A	2	True	False
AKAP7	2	True	False
AKAP8	3	True	True
AKAP8L	2	True	False
AKAP9	2	True	False
AKIP1	2	False	True
AKIRIN1	4	True	True
AKIRIN2	2	False	True
AKNA	2	True	False
AKNAD1	2	True	False
AKT3	3	True	False
ALDH16A1	2	False	True
ALDH1A3	2	True	False
ALDH1B1	2	False	True
ALDH1L2	3	True	False
ALDH3A2	3	False	True
ALDH4A1	2	True	False
ALDH5A1	2	True	False
ALDH6A1	2	True	False
ALDH7A1	2	True	False
ALDH9A1	2	False	True
ALG1	3	False	True
ALG10	2	True	False
ALG11	4	True	True
ALG13	2	False	True
ALG2	3	False	True
ALG6	2	True	False
ALKBH1	2	True	False
ALKBH4	3	False	True
ALKBH6	2	True	False
ALKBH7	2	False	True
ALKBH8	2	True	False
ALMS1	4	True	True
ALOX12-AS1	3	True	False
ALPK1	3	True	False
ALPK2	2	True	False
ALS2	4	True	False
AMACR	2	False	True
AMBRA1	2	True	False
AMD1	2	False	True
AMFR	2	False	True
AMIGO2	2	False	True
AMN1	2	False	True
AMOTL1	3	True	False
ANAPC1	3	True	True
ANAPC13	2	False	True
ANAPC16	2	False	True
ANAPC5	2	True	False
ANAPC7	2	True	False
ANGEL2	4	True	True
ANGPT1	3	True	False
ANGPTL2	2	True	False
ANK3	3	False	True
ANKAR	2	False	True
ANKDD1A	2	True	False
ANKFY1	3	True	False
ANKH	2	False	True
ANKHD1	3	True	False
ANKHD1-EIF4EBP3	2	True	False
ANKIB1	2	True	False
ANKLE2	4	True	True
ANKMY2	5	True	True
ANKRA2	2	True	False
ANKRD1	3	True	False
ANKRD10	2	True	False
ANKRD11	3	True	True
ANKRD12	2	True	False
ANKRD13A	5	True	False
ANKRD13C	2	False	True
ANKRD17	4	True	True
ANKRD18B	5	True	True
ANKRD26	3	True	False
ANKRD28	2	True	False
ANKRD29	2	False	True
ANKRD36	2	False	True
ANKRD36B	3	True	False
ANKRD40	2	True	False
ANKRD42	2	False	True
ANKRD42-DT	4	True	True
ANKRD44	3	True	True
ANKRD46	2	False	True
ANKRD49	2	True	False
ANKRD49P1	2	False	True
ANKRD50	3	True	True
ANKRD52	2	True	False
ANKS3	3	True	False
ANKS6	3	True	True
ANLN	3	True	True
ANO10	3	True	False
ANO6	2	True	False
ANOS1	2	True	False
ANP32A	4	False	True
ANP32B	4	True	True
ANP32E	4	True	False
ANTXR1	2	True	False
ANXA4	2	False	True
ANXA5	2	True	False
ANXA6	2	True	False
ANXA7	2	False	True
ANXA8L1	2	True	False
AOPEP	3	True	True
AP1AR	2	True	False
AP1B1	2	False	True
AP1G1	3	True	False
AP1S2	3	False	True
AP1S3	4	True	True
AP2A1	2	True	False
AP2A2	2	True	False
AP2B1	2	True	False
AP3B1	2	True	False
AP3D1	2	True	False
AP3M1	2	False	True
AP3M2	3	True	False
AP3S2	3	True	True
AP4S1	2	False	True
APBA2	2	False	True
APBB2	2	True	False
APC	2	True	False
APEX1	2	True	False
APH1B	2	True	False
API5	4	True	False
APLF	4	True	True
APOBEC3C	2	False	True
APOBEC3F	2	True	False
APOBEC3G	3	True	False
APOBEC3H	2	True	False
APOL2	2	False	True
APOL3	2	True	False
APOL6	3	True	False
APOLD1	3	True	False
APP	3	True	True
APPBP2	2	True	False
APPBP2-DT	2	False	True
APTX	3	True	True
AQP11	2	True	False
AQR	2	False	True
ARAF	2	True	False
ARAP2	2	True	False
ARAP3	2	False	True
ARCN1	4	True	False
AREG	2	True	False
ARF4	2	False	True
ARF4-AS1	3	True	True
ARF6	2	False	True
ARFGAP1	2	True	False
ARFGAP2	3	True	False
ARFGAP3	2	True	False
ARFGEF1	2	True	False
ARFGEF2	3	True	False
ARFIP1	2	True	False
ARFRP1	2	False	True
ARGLU1	2	True	False
ARHGAP1	2	True	False
ARHGAP10	3	True	False
ARHGAP11A	3	False	True
ARHGAP11B	2	False	True
ARHGAP11B_ENSG00000187951	2	True	False
ARHGAP12	2	True	False
ARHGAP18	2	False	True
ARHGAP19	2	True	False
ARHGAP21	4	True	False
ARHGAP24	3	True	True
ARHGAP26	3	True	False
ARHGAP28	2	True	False
ARHGAP29	3	True	True
ARHGAP31	3	True	True
ARHGAP35	3	True	True
ARHGAP42	2	True	False
ARHGAP5	2	True	False
ARHGAP5-AS1	3	False	True
ARHGAP6	2	True	False
ARHGEF1	3	True	False
ARHGEF10	4	True	False
ARHGEF11	2	True	False
ARHGEF17	2	True	False
ARHGEF18	3	True	False
ARHGEF19	2	False	True
ARHGEF2	2	True	False
ARHGEF26	2	True	False
ARHGEF28	2	False	True
ARHGEF3	2	True	False
ARHGEF33	4	True	False
ARHGEF39	2	True	False
ARHGEF40	3	True	False
ARHGEF7	2	True	False
ARHGEF9	2	True	False
ARID1A	4	True	True
ARID1B	2	True	False
ARID4A	3	True	True
ARID4B	3	True	False
ARID5A	2	True	False
ARID5B	2	True	False
ARIH1	4	True	True
ARIH2	3	True	True
ARL13B	2	True	False
ARL14EP	4	True	True
ARL16	2	False	True
ARL17A	3	True	True
ARL17B	3	True	True
ARL3	3	True	False
ARL4A	3	False	True
ARL4AP5	2	False	True
ARL4C	2	False	True
ARL4D	2	False	True
ARL5A	2	False	True
ARL6	2	True	False
ARL6IP1	3	True	True
ARL6IP4	2	False	True
ARL6IP5	3	False	True
ARL8A	2	True	False
ARL8B	3	False	True
ARMC1	2	False	True
ARMC10	2	False	True
ARMC2	3	True	False
ARMC6	2	True	False
ARMC7	2	True	False
ARMC8	5	True	True
ARMC9	3	True	False
ARMCX1	2	False	True
ARMCX3	4	True	True
ARMCX4	2	True	False
ARMCX5	2	True	False
ARMH3	2	True	False
ARMH4	2	True	False
ARMT1	2	False	True
ARNT	2	False	True
ARNT2	2	True	False
ARNTL	3	True	False
ARNTL2	2	False	True
ARPC2	2	False	True
ARPC4	2	False	True
ARPIN	5	True	True
ARPP19	2	False	True
ARRB1	2	False	True
ARRDC3-AS1	3	True	False
ARSA	2	True	False
ARSB	2	True	False
ARSG	2	True	False
ARSJ	2	False	True
ARSK	2	True	False
ARSL	4	True	True
ARV1	2	True	False
AS3MT	2	True	False
ASAH1	3	True	True
ASAH2B	2	True	False
ASAP2	3	True	False
ASB1	2	True	False
ASB13	2	True	False
ASB16-AS1	3	True	True
ASB3	2	False	True
ASB5	2	False	True
ASB7	3	True	True
ASCC1	2	True	False
ASCC3	2	True	False
ASF1A	2	False	True
ASMTL	2	True	False
ASMTL-AS1	3	True	True
ASNSD1	3	True	True
ASPH	3	True	False
ASPHD2	2	False	True
ASPM	3	True	False
ASPSCR1	2	True	False
ASRGL1	3	True	True
ASTE1	2	True	False
ASTN2	2	False	True
ASXL1	4	True	False
ASXL2	3	True	False
ATAD1	4	True	True
ATAD2	2	True	False
ATAD2B	3	True	True
ATAD5	4	True	True
ATAT1	2	True	False
ATE1	2	True	False
ATF1	3	False	True
ATF2	2	False	True
ATF3	2	False	True
ATF5	3	True	True
ATF6	3	True	False
ATF6B	2	True	False
ATF7	3	True	False
ATF7IP	3	True	False
ATG10	5	True	True
ATG12	3	False	True
ATG13	2	False	True
ATG14	2	True	False
ATG16L1	2	True	False
ATG16L2	2	True	False
ATG2B	2	True	False
ATG3	2	True	False
ATG4A	3	True	True
ATG4B	2	False	True
ATG4C	4	False	True
ATG4C_ENSG00000235545	2	False	True
ATG5	2	True	False
ATG7	3	True	True
ATL1	3	True	True
ATL2	3	True	False
ATL3	2	True	False
ATM	3	True	True
ATMIN	2	True	False
ATOH8	2	True	False
ATP10D	2	True	False
ATP11A	3	True	True
ATP11B	2	True	False
ATP11C	2	True	False
ATP13A3	4	True	False
ATP1A1	2	True	False
ATP1A1-AS1	3	True	False
ATP1B1	2	False	True
ATP1B3	2	False	True
ATP23	2	False	True
ATP2A2	2	True	False
ATP2B1	4	True	True
ATP2B1-AS1	2	False	True
ATP2B4	2	True	False
ATP2C1	3	True	True
ATP5F1A	2	True	False
ATP5MG	2	False	True
ATP5MJ	2	False	True
ATP6AP2	2	False	True
ATP6V0A1	2	True	False
ATP6V0A2	3	True	True
ATP6V0A4	2	True	False
ATP6V1C1	2	True	False
ATP6V1D	2	True	False
ATP6V1G1	2	False	True
ATP6V1G2	2	False	True
ATP6V1G2-DDX39B	3	True	True
ATP7A	4	True	True
ATP8B1	2	True	False
ATP8B2	3	True	False
ATP9B	2	True	False
ATPAF1	2	True	False
ATPAF2	2	False	True
ATPSCKMT	5	True	True
ATR	3	True	False
ATRIP	3	True	False
ATRN	3	True	False
ATRX	5	True	True
ATXN1	4	True	True
ATXN1L	3	True	True
ATXN2	2	False	True
ATXN3	3	True	True
ATXN7	3	True	True
ATXN7L1	3	True	False
ATXN7L3	2	True	False
AUNIP	3	False	True
AURKA	2	True	False
AURKAP1	2	False	True
AUTS2	4	True	False
AVEN	3	True	True
AXL	2	False	True
AZI2	4	True	True
AZIN1	3	False	True
B3GALNT1	2	False	True
B3GALNT2	3	True	True
B3GALT6	3	False	True
B3GALT9	3	True	True
B3GLCT	3	True	False
B3GNT2	2	False	True
B3GNT5	2	True	False
B3GNTL1	3	True	False
B4GALNT1	3	True	False
B4GALT2	2	True	False
B4GALT5	5	True	True
B9D1	3	True	False
B9D2	2	True	False
BAALC	2	False	True
BAALC-AS1	2	True	False
BABAM2	2	True	False
BACE1	2	False	True
BACE2	2	False	True
BACH1	3	False	True
BAG1	2	True	False
BAG2	5	True	True
BAG3	2	False	True
BAG4	2	True	False
BAG5	3	False	True
BAHCC1	2	True	False
BAIAP2	3	True	False
BAIAP2L1	3	True	False
BAMBI	2	False	True
BANF1P1	2	False	True
BANP	3	True	True
BASP1	2	False	True
BAZ1A	2	True	False
BAZ1B	3	True	False
BAZ2A	3	True	True
BAZ2B	2	True	False
BBOF1	4	True	False
BBS1	3	True	False
BBS10	3	False	True
BBS12	3	True	True
BBS4	2	False	True
BBS5	2	True	False
BBS9	2	False	True
BBX	5	True	True
BCAM	2	True	False
BCAP29	4	True	True
BCAS2	2	False	True
BCAS4	2	False	True
BCAT1	3	True	True
BCCIP	4	True	False
BCDIN3D	2	False	True
BCHE	2	False	True
BCKDHB	2	True	False
BCL10	3	True	True
BCL2	2	False	True
BCL2L1-AS1_TPX2	2	True	False
BCL2L13	2	True	False
BCL7A	2	True	False
BCL9L	2	True	False
BCLAF1	4	True	False
BCLAF3	2	True	False
BCOR	2	True	False
BCORL1	3	True	False
BDH1	2	True	False
BDNF	4	True	True
BECN1	4	True	True
BEND6	2	True	False
BEND7	2	True	False
BEST3	2	True	False
BET1	2	False	True
BET1L	2	True	False
BEX4	2	False	True
BFAR	2	True	False
BFSP1	2	True	False
BHLHE40	4	True	True
BICC1	3	True	False
BICD1	3	True	False
BICRA	2	True	False
BID	2	False	True
BIN3	2	True	False
BIRC2	3	True	True
BIRC3	4	True	True
BIRC5	2	True	False
BIRC6	4	True	False
BISPR	2	True	False
BIVM	2	False	True
BLM	3	True	True
BLMH	2	False	True
BLOC1S2	2	False	True
BLOC1S4	2	False	True
BLOC1S5	2	False	True
BLOC1S6	4	True	True
BMERB1	3	True	True
BMI1	2	True	False
BMP1	2	True	False
BMP2K	3	True	False
BMP4	2	False	True
BMPR1A	2	True	False
BMPR2	3	True	True
BMS1	3	True	False
BMS1P2	5	True	True
BMS1P4	2	True	False
BMT2	4	True	True
BNC2	2	True	False
BNIP2	2	True	False
BNIP3	4	True	True
BNIP3L	2	False	True
BOC	2	True	False
BOD1L1	3	True	False
BOK-AS1	2	True	False
BORA	2	True	False
BORCS7	4	False	True
BORCS8	2	True	False
BPGM	2	False	True
BPHL	2	False	True
BPNT1	2	False	True
BPNT2	3	False	True
BRAF	2	True	False
BRAP	2	True	False
BRAT1	2	False	True
BRCA1	3	True	False
BRCA2	2	True	False
BRCC3P1	2	False	True
BRD2	2	True	False
BRD3	3	True	False
BRD3OS	2	True	False
BRD4	2	True	False
BRD7	3	True	False
BRD8	3	True	False
BRD9	2	True	False
BRF1	3	True	False
BRF2	2	False	True
BRI3BP	3	True	True
BRIP1	2	True	False
BRK1	2	False	True
BRK1_VHL	2	True	False
BRMS1L	3	True	True
BROX	3	True	False
BRPF1	3	True	True
BRPF3	3	True	True
BRWD1	3	True	True
BRWD3	3	False	True
BSG-AS1	2	False	True
BST1	3	True	True
BTAF1	4	True	True
BTBD19	2	True	False
BTBD3	2	True	False
BTBD8	5	True	True
BTD	2	True	False
BTF3L4	3	False	True
BTG1	2	False	True
BTG2	2	False	True
BTG3	3	True	True
BTN2A1	4	True	False
BTN2A2	3	True	False
BTN3A1	2	True	False
BTN3A2	3	True	False
BTN3A3	2	True	False
BTRC	2	True	False
BUB1B	4	True	False
BUB3	2	False	True
BUD13	2	True	False
BUD23	2	False	True
BVES	2	True	False
BZW1	4	True	False
BZW1P2	3	False	True
BZW2	2	False	True
C10orf88	2	False	True
C10orf88B	3	True	True
C10orf90	2	True	False
C11orf49	2	True	False
C11orf52	2	False	True
C11orf54	3	True	True
C11orf58	3	False	True
C11orf80	4	True	False
C11orf87	2	False	True
C12orf29	3	True	True
C12orf4	3	False	True
C12orf43	2	False	True
C12orf73	3	False	True
C12orf75	3	True	True
C12orf76	3	True	False
C14orf119	2	False	True
C14orf132	2	True	False
C14orf28	4	True	True
C14orf93	2	False	True
C15orf39	3	True	True
C15orf40	2	False	True
C16orf72	2	True	False
C16orf87	2	False	True
C16orf95-DT	2	False	True
C17orf100	2	False	True
C17orf58	2	False	True
C17orf67	2	False	True
C17orf75	3	True	False
C17orf80	3	True	True
C17orf97	2	True	False
C18orf21	2	False	True
C18orf25	2	True	False
C18orf32	2	False	True
C18orf54	3	True	True
C19orf12	2	False	True
C19orf25	2	True	False
C19orf44	2	False	True
C19orf47	2	True	False
C19orf48_ENSG00000261341	2	False	True
C1D	2	False	True
C1GALT1	4	True	True
C1GALT1C1	2	False	True
C1QBP	2	True	False
C1R	2	False	True
C1RL	3	True	True
C1S	2	True	False
C1orf112	2	True	False
C1orf131	3	True	False
C1orf159	2	True	False
C1orf198	3	False	True
C1orf21	4	True	True
C1orf35	2	True	False
C1orf50	2	False	True
C1orf52	3	False	True
C1orf56	2	True	False
C2	3	True	False
C20orf96	2	True	False
C21orf91	3	True	True
C22orf39	2	False	True
C2CD2L	2	False	True
C2CD3	2	True	False
C2orf27A	4	True	True
C2orf27A_NBEAP2	2	True	False
C2orf49	3	True	False
C2orf49-DT	3	True	True
C2orf68	2	True	False
C2orf69	2	False	True
C2orf74	2	False	True
C2orf88	2	False	True
C3orf33	2	False	True
C3orf38	3	True	True
C3orf52	2	True	False
C4orf46	2	False	True
C5	2	True	False
C5orf22	2	True	False
C5orf24_DDX46	2	False	True
C5orf34	4	True	False
C5orf51	2	True	False
C5orf63	5	True	True
C6orf120	4	False	True
C6orf132	2	True	False
C6orf47	2	False	True
C6orf89	2	False	True
C7orf26	2	True	False
C7orf57	2	True	False
C8orf33	2	True	False
C8orf34	2	False	True
C8orf44	3	True	False
C8orf48	2	False	True
C8orf76	2	True	False
C8orf88	2	False	True
C9orf40	3	False	True
C9orf78	3	True	True
C9orf85	4	True	True
CA5BP1	2	True	False
CAAP1	4	True	True
CAB39	3	True	True
CABIN1	3	True	False
CABLES1	2	True	False
CABLES2	3	True	True
CABYR	2	True	False
CACFD1	2	False	True
CACNA2D1	5	True	True
CACNG8	3	True	True
CACYBP	2	True	False
CALCOCO1	2	True	False
CALCOCO2	3	True	False
CALD1	2	True	False
CALM1	3	False	True
CALM2	2	False	True
CALM3	2	False	True
CALR	2	False	True
CALU	2	False	True
CAMK1D	2	False	True
CAMK2D	2	False	True
CAMK2N1	3	False	True
CAMK4	3	False	True
CAMKK2	2	True	False
CAMKMT	3	True	False
CAMLG	2	False	True
CAMSAP1	2	False	True
CAMSAP2	4	True	False
CAND1	2	True	False
CAND2	2	True	False
CANT1	3	True	True
CANX	2	True	False
CAP1	2	True	False
CAP2	2	False	True
CAPN2	4	True	True
CAPN5	3	True	True
CAPN7	2	True	False
CAPRIN1	2	True	False
CAPRIN2	3	True	False
CAPZA1	2	False	True
CAPZA2	3	True	True
CAPZB	3	False	True
CARD10	2	True	False
CARD8	2	True	False
CARD8-AS1	2	False	True
CARHSP1	2	False	True
CARM1	2	False	True
CARMN	2	True	False
CARS1	2	True	False
CARS2	2	True	False
CASC3	2	True	False
CASC8	2	False	True
CASK	2	False	True
CASP10	3	True	False
CASP3	2	True	False
CASP6	2	False	True
CASP7	2	True	False
CASP8	3	True	False
CASP8AP2	3	True	True
CAST	2	True	False
CASTOR3	4	True	True
CATSPER2P1	3	True	True
CAV1	2	False	True
CAV2	2	False	True
CAVIN1	3	False	True
CAVIN2	3	False	True
CAVIN3	2	False	True
CBFA2T2	3	True	False
CBFB	2	False	True
CBL	3	True	False
CBLB	2	True	False
CBLL1	2	False	True
CBLN3	2	False	True
CBR4	2	True	False
CBWD1	3	True	True
CBWD2	3	True	True
CBWD3	3	False	True
CBWD5	2	False	True
CBWD6	2	False	True
CBX3	3	True	True
CBX5	2	True	False
CBX6	2	True	False
CC2D2A	3	True	True
CCAR1	4	True	False
CCAR2	2	False	True
CCDC102A	3	True	True
CCDC102B	2	True	False
CCDC112	4	True	True
CCDC113	2	True	False
CCDC117	2	True	False
CCDC121	2	False	True
CCDC122	3	True	True
CCDC125	3	True	False
CCDC126	3	True	False
CCDC127	2	False	True
CCDC134	3	True	True
CCDC136	3	True	False
CCDC137	2	True	False
CCDC138	2	True	False
CCDC14	3	True	False
CCDC149	2	True	False
CCDC15	3	True	True
CCDC150	2	True	False
CCDC152	4	True	True
CCDC154	2	True	False
CCDC157	3	True	True
CCDC171	2	True	False
CCDC173	5	True	True
CCDC174	3	True	False
CCDC18-AS1	3	True	False
CCDC186	4	True	True
CCDC189	2	True	False
CCDC190	2	False	True
CCDC191	2	True	False
CCDC25	2	True	False
CCDC28A	2	True	False
CCDC30_PPCS	2	True	False
CCDC32	2	True	False
CCDC34	4	True	False
CCDC43	2	False	True
CCDC47	4	True	True
CCDC57	2	True	False
CCDC59	2	False	True
CCDC6	3	True	True
CCDC61	2	True	False
CCDC66	3	True	False
CCDC68	3	True	False
CCDC71L	2	True	False
CCDC77	4	True	False
CCDC80	2	True	False
CCDC82	2	True	False
CCDC88A	2	False	True
CCDC9	2	True	False
CCDC90B	2	False	True
CCDC91	3	True	False
CCDC92	2	False	True
CCDC93	3	True	False
CCDC96	4	False	True
CCDC97	3	True	False
CCL5	3	False	True
CCM2	2	True	False
CCN2	2	False	True
CCN3	2	True	False
CCNA2	3	True	True
CCNB1	2	True	False
CCNC	2	False	True
CCND1	3	True	True
CCND2	3	False	True
CCNDBP1	2	True	False
CCNE1	2	True	False
CCNE2	3	True	False
CCNG1	2	True	False
CCNG2	2	True	False
CCNI	2	False	True
CCNJ	3	True	False
CCNK	2	True	False
CCNL1	3	True	False
CCNL2	4	True	True
CCNT2	4	True	True
CCNY	2	True	False
CCNYL1	3	True	True
CCPG1	3	False	True
CCS	2	False	True
CCSAP	3	True	True
CCSER2	3	True	False
CCT2	2	True	False
CCT3	2	True	False
CCT4	3	True	False
CCT5	2	True	False
CCT6A	3	True	True
CCT6B	2	True	False
CCT6P1	3	True	True
CCT6P3	3	True	False
CCT8	2	True	False
CCZ1B	2	True	False
CD109	2	False	True
CD164	2	False	True
CD24	2	False	True
CD27-AS1	2	True	False
CD274	2	True	False
CD2AP	3	True	False
CD2BP2	2	False	True
CD302	2	False	True
CD44	2	False	True
CD46	2	True	False
CD55	2	True	False
CD58	2	True	False
CD59	3	False	True
CD63-AS1	2	False	True
CD68	2	False	True
CD83	4	True	True
CD99	2	True	False
CD99L2	2	True	False
CDADC1	2	True	False
CDC123	2	True	False
CDC14B	2	True	False
CDC16	2	True	False
CDC23	3	True	True
CDC25A	2	False	True
CDC25C	2	True	False
CDC27	4	True	True
CDC37L1	2	True	False
CDC37L1-DT	2	True	False
CDC40	2	True	False
CDC42	2	False	True
CDC42BPA	3	True	False
CDC42BPB	2	True	False
CDC42EP2	2	False	True
CDC42EP3	2	False	True
CDC42P6	2	False	True
CDC42SE1	2	True	False
CDC42SE2	3	True	True
CDC5L	3	True	True
CDC6	3	True	True
CDC7	2	True	False
CDC73	4	True	True
CDCA2	4	True	False
CDCA4	2	False	True
CDCA5	4	True	True
CDCA7L	3	False	True
CDCA8	2	True	False
CDCP1	4	True	True
CDH13	2	False	True
CDH6	2	True	False
CDH8	2	False	True
CDHR3	4	True	True
CDIN1	2	True	False
CDIP1	2	False	True
CDK1	2	False	True
CDK11A	3	True	False
CDK11B	4	True	False
CDK12	3	False	True
CDK13-DT	2	True	False
CDK14	2	True	False
CDK15	3	False	True
CDK16	2	False	True
CDK17	3	True	False
CDK2	2	False	True
CDK5RAP2	2	False	True
CDK7	2	True	False
CDKAL1	2	True	False
CDKL1	2	True	False
CDKL2	2	True	False
CDKL3	3	True	False
CDKL5	3	True	False
CDKN1C	2	False	True
CDKN2A	2	False	True
CDKN2AIP	2	False	True
CDKN2AIPNL	2	False	True
CDKN2B-AS1	4	True	False
CDKN3	2	False	True
CDPF1	2	False	True
CDR2	3	True	True
CDR2L	2	True	False
CDS2	3	True	True
CDV3	2	True	False
CDYL	3	True	True
CEACAM16-AS1	3	True	True
CEBPG	2	True	False
CEBPZ	2	True	False
CEBPZOS	3	True	True
CELF1	3	True	True
CELF2	3	True	True
CELF4	2	False	True
CENATAC	2	True	False
CENPA	2	True	False
CENPBD1P1	3	True	True
CENPC	3	True	False
CENPE	2	True	False
CENPF	3	True	False
CENPH	3	True	True
CENPH_MRPS36	2	False	True
CENPI	3	True	False
CENPJ	2	True	False
CENPK	2	True	False
CENPL	2	False	True
CENPO	4	True	False
CENPP	2	True	False
CENPQ	2	True	False
CENPS	2	False	True
CENPS-CORT	3	True	True
CENPS_CORT	2	False	True
CENPT	2	True	False
CENPU	4	True	True
CEP104	2	True	False
CEP112	3	True	True
CEP120	2	True	False
CEP126	2	True	False
CEP128	2	True	False
CEP135	2	True	False
CEP152	2	True	False
CEP162	3	True	True
CEP170	2	True	False
CEP170B	2	True	False
CEP19	2	False	True
CEP250	4	True	False
CEP290	2	True	False
CEP350	2	True	False
CEP41	2	False	True
CEP43	3	True	True
CEP44	3	True	False
CEP55	2	True	False
CEP57	4	True	True
CEP57L1	4	True	False
CEP63	3	True	False
CEP68	4	True	True
CEP70	2	True	False
CEP76	4	True	True
CEP78	2	True	False
CEP83	3	True	False
CEP85	2	True	False
CEP85L	4	True	False
CEP89	4	True	False
CEP95	2	True	False
CEP97	2	True	False
CEPT1	2	False	True
CERK	5	True	True
CERS1	2	True	False
CERS6	3	True	True
CERT1	5	True	True
CETN3	3	True	False
CETN4P	2	False	True
CFAP251	3	True	True
CFAP298	4	True	True
CFAP300	3	True	False
CFAP36	2	True	False
CFAP410	2	True	False
CFAP46	2	False	True
CFAP69	3	True	False
CFD	2	False	True
CFDP1	3	True	False
CFH	2	True	False
CFL1P1	2	False	True
CFL2	2	False	True
CFLAR	3	True	False
CGGBP1	2	True	False
CGREF1	2	True	False
CGRRF1	3	True	True
CHAC2	3	False	True
CHAF1A	5	True	True
CHAMP1	3	True	False
CHCHD4	2	False	True
CHCHD7	2	False	True
CHD1	4	True	True
CHD1-DT	2	False	True
CHD1L	2	True	False
CHD2	4	True	False
CHD4	2	True	False
CHD6	2	True	False
CHD7	3	True	False
CHD8	2	False	True
CHD9	2	True	False
CHEK2	2	True	False
CHFR	4	True	True
CHIC2	2	True	False
CHKA	2	True	False
CHML	2	False	True
CHMP1B	3	False	True
CHMP2B	3	False	True
CHMP3	4	True	True
CHMP4A	2	False	True
CHMP4A_ENSG00000278784	2	False	True
CHMP4B	4	True	False
CHMP5	3	True	True
CHMP6	3	True	False
CHN2	2	True	False
CHORDC1	3	True	False
CHP1	3	True	False
CHRAC1	3	False	True
CHRNA1	2	False	True
CHRNA5	2	True	False
CHRNB1	2	False	True
CHROMR	3	True	False
CHST10	2	True	False
CHST7	2	False	True
CHST7_ZNF674-AS1	2	False	True
CHSY1	2	True	False
CHTF8	2	False	True
CHURC1	2	False	True
CIAO1	2	False	True
CIAPIN1	2	False	True
CIB2	2	False	True
CIBAR1	2	False	True
CIDECP1	2	True	False
CIP2A	2	False	True
CIPC	2	True	False
CIR1	4	True	True
CIRBP	2	True	False
CISD2	3	False	True
CISD2_UBE2D3-AS1	4	True	True
CIT	2	True	False
CITED2	3	False	True
CKAP2	3	True	True
CKAP2L	3	False	True
CKAP5	2	True	False
CKLF-CMTM1	2	True	False
CKMT2-AS1	2	True	False
CLASP1	4	True	True
CLASP1-AS1	2	False	True
CLASP2	2	False	True
CLCA2	3	True	False
CLCC1	2	False	True
CLCN3	3	True	True
CLCN4	2	False	True
CLCN5	2	True	False
CLCN6	3	True	False
CLCN7	2	False	True
CLDN15	2	True	False
CLDN4	2	False	True
CLDN7	2	False	True
CLEC16A	3	True	False
CLGN	2	False	True
CLHC1	3	True	True
CLIC4	3	False	True
CLINT1	2	True	False
CLIP1	2	True	False
CLIP4	3	True	True
CLK3	2	True	False
CLK4	3	True	True
CLMP	4	True	False
CLN5	3	True	True
CLN6	2	True	False
CLN8	4	True	True
CLOCK	3	True	False
CLP1	2	True	False
CLPB	3	True	False
CLPX	2	True	False
CLSPN	4	True	False
CLSTN1	2	True	False
CLTA	2	True	False
CLTB	2	True	False
CLTC	2	False	True
CLTCL1	2	True	False
CLU	2	True	False
CLUAP1	2	True	False
CLUAP1_NAA60	2	False	True
CLUHP3	2	True	False
CLYBL	2	True	False
CMAS	3	True	False
CMBL	2	False	True
CMIP	3	True	False
CMPK1	3	True	True
CMSS1	3	True	False
CMTM6	2	False	True
CMTR1	2	True	False
CMTR2	3	True	True
CNBP	2	False	True
CNDP2	2	True	False
CNIH1	2	False	True
CNIH3	2	True	False
CNIH3-AS2	2	True	False
CNN1	2	True	False
CNN2	2	False	True
CNN3	3	True	True
CNN3-DT	2	True	False
CNNM2	3	True	True
CNOT1	3	True	True
CNOT2	2	False	True
CNOT3	2	True	False
CNOT6	4	True	False
CNOT6L	2	True	False
CNOT7	2	False	True
CNOT8	2	False	True
CNOT9	2	True	False
CNPY2	2	True	False
CNPY3	2	True	False
CNPY4	2	False	True
CNST	3	True	True
CNTLN	4	True	False
CNTNAP1	2	False	True
CNTNAP3	2	False	True
CNTNAP3B	5	True	True
CNTNAP3P2	4	True	True
CNTRL	2	True	False
COA3	2	False	True
COA6-AS1	2	False	True
COA7	2	False	True
COA8	4	True	True
COBLL1	3	True	False
COCH	2	True	False
COG1	4	True	False
COG2	2	True	False
COG3	3	True	False
COG4	2	True	False
COG5	2	False	True
COG6	3	True	True
COG7	2	False	True
COG8	3	True	False
COL11A1	3	False	True
COL13A1	2	False	True
COL18A1	2	True	False
COL27A1	3	True	True
COL3A1	2	False	True
COL4A1	2	False	True
COL4A5	2	True	False
COL4A6	2	True	False
COL5A1	3	False	True
COL5A2	4	True	True
COL7A1	2	True	False
COL8A1	2	True	False
COL8A1_ENSG00000244464	2	True	False
COLEC12	2	False	True
COMMD10	2	False	True
COMMD2	2	True	False
COMMD5	2	False	True
COMMD7	2	True	False
COMMD8	2	False	True
COPA	2	False	True
COPB1	3	True	False
COPB2-DT	4	True	True
COPG2	3	True	True
COPG2IT1	2	False	True
COPS2	2	True	False
COPS4	2	True	False
COPS6	3	True	True
COPS7B	2	False	True
COPS8	4	False	True
COPZ1	3	True	True
COQ10B	3	True	True
COQ2	2	False	True
COQ4	2	True	False
COQ5	2	True	False
CORO1C	2	False	True
CORO2A	2	False	True
COTL1	4	True	True
COX10	3	True	True
COX10-AS1	3	True	True
COX11	4	True	True
COX15	4	True	True
CPA3	2	False	True
CPA4	2	True	False
CPD	3	True	True
CPEB2	3	True	True
CPEB4	3	True	True
CPED1	2	True	False
CPLANE1	4	True	False
CPNE3	2	True	False
CPNE7	2	True	False
CPOX	2	False	True
CPPED1	3	True	True
CPS1	3	True	True
CPSF2	2	True	False
CPSF6	2	True	False
CPSF7	5	True	True
CPT1A	3	True	False
CPT1B	2	True	False
CPT2	2	True	False
CRAT	2	True	False
CRBN	4	True	True
CREB1	3	False	True
CREB3	2	True	False
CREB3L2	4	True	False
CREB5	3	True	True
CREBBP	3	True	False
CREBL2	3	False	True
CREBRF	2	True	False
CREBZF	3	False	True
CREG1	2	False	True
CRELD1	2	True	False
CREM	4	True	True
CRIM1	2	False	True
CRIPT	2	False	True
CRISPLD2	2	True	False
CRLS1	2	False	True
CRNKL1	2	True	False
CROCC	2	True	False
CROT	3	True	True
CRTC3	3	False	True
CRTC3-AS1	2	False	True
CRYBB2P1	2	False	True
CRYBG1	2	True	False
CRYBG3	2	True	False
CRYZL1	2	True	False
CSDE1	3	False	True
CSE1L	2	False	True
CSF1	2	False	True
CSGALNACT2	3	True	True
CSK	2	False	True
CSKMT	3	False	True
CSMD3	2	True	False
CSNK1A1	3	True	True
CSNK1D	2	True	False
CSNK1E	2	False	True
CSNK1G1	3	True	True
CSNK1G2	2	True	False
CSNK1G3	2	True	False
CSNK2A1	4	True	True
CSPP1	3	True	False
CSRNP2	2	True	False
CSRP2	2	True	False
CSTB	3	False	True
CSTF1	2	False	True
CSTF2	2	False	True
CSTF2T	2	True	False
CSTF3	2	True	False
CSTF3-DT	5	True	False
CTBP1-DT	2	False	True
CTBP2	2	False	True
CTC-338M12.4	3	True	False
CTC-338M12.4_TRIM52-AS1	2	False	True
CTCF	2	False	True
CTDNEP1	2	False	True
CTDP1	2	True	False
CTDSP1	3	True	True
CTDSPL	3	True	False
CTDSPL2	3	True	False
CTHRC1	2	True	False
CTNNA1	2	False	True
CTNNAL1	2	True	False
CTNNBIP1	3	False	True
CTNNBL1	2	True	False
CTNS	3	True	False
CTPS1	2	False	True
CTRL_PSMB10	2	False	True
CTSO	2	False	True
CTTN	3	True	False
CTTN-DT	2	True	False
CTTNBP2NL	2	False	True
CUEDC1	2	False	True
CUL1	2	True	False
CUL2	3	True	False
CUL4A	3	True	False
CUL5	2	True	False
CUX1	4	True	False
CWC15	2	False	True
CWC22	3	True	False
CWC25	5	True	True
CWC27	3	True	False
CWF19L1	2	True	False
CWF19L2	3	True	False
CXCL16	2	True	False
CXCL6	2	True	False
CXXC5	4	False	True
CXorf38	2	True	False
CYB5B	2	False	True
CYB5D2	2	False	True
CYB5R4	2	True	False
CYB5RL	2	True	False
CYBRD1	2	False	True
CYCS	3	False	True
CYFIP1	2	True	False
CYFIP2	2	True	False
CYHR1	3	True	False
CYLD	4	True	False
CYP1B1	2	False	True
CYP20A1	4	True	False
CYP2U1	3	True	False
CYP51A1	2	True	False
CYREN	2	True	False
CYRIA	2	False	True
CYTH3	2	True	False
CYYR1	2	True	False
CZIB	2	False	True
DAAM1	4	True	True
DAAM2	3	True	True
DAAM2-AS1	3	True	False
DAB2	2	True	False
DAB2IP	2	True	False
DACH2	2	True	False
DAP	2	True	False
DAP3	2	True	False
DARS1	2	True	False
DARS2	3	False	True
DAW1	2	True	False
DAZAP1	4	True	True
DAZAP1_NDUFS7	3	False	True
DBF4	3	True	False
DBF4B	5	True	False
DBN1	4	True	True
DBNL	2	False	True
DBP	2	False	True
DBR1	2	False	True
DBT	3	False	True
DCAF1	2	True	False
DCAF10	2	True	False
DCAF11	3	True	True
DCAF13	3	True	True
DCAF16	2	True	False
DCAF5	4	True	True
DCAF7	2	True	False
DCAF8	2	True	False
DCAKD	2	True	False
DCBLD1	3	True	False
DCBLD2	2	True	False
DCLK2	2	False	True
DCLRE1A	2	True	False
DCLRE1B	2	True	False
DCLRE1C	3	True	True
DCN	2	False	True
DCP2	2	True	False
DCTD	2	False	True
DCTN1	3	True	False
DCTN2	2	False	True
DCTN4	2	True	False
DCTN5	2	False	True
DCTPP1	2	False	True
DCUN1D1	4	True	True
DCUN1D3	2	False	True
DCUN1D4	4	True	True
DCUN1D5	2	True	False
DDA1	2	False	True
DDAH1	3	True	True
DDB1	2	True	False
DDHD1	2	True	False
DDHD2	2	True	False
DDI2	4	True	True
DDIAS	2	True	False
DDIT3	2	False	True
DDOST	2	False	True
DDR2	3	True	True
DDRGK1	2	True	False
DDX1	2	True	False
DDX10	3	True	False
DDX11	3	True	False
DDX11-AS1	2	True	False
DDX12P	2	True	False
DDX17	2	True	False
DDX18	3	True	True
DDX19A	2	False	True
DDX20	3	True	True
DDX21	2	True	False
DDX23	2	True	False
DDX27	3	True	False
DDX31	2	True	False
DDX3X	3	True	False
DDX42	3	True	False
DDX46	2	True	False
DDX47	3	True	False
DDX5	2	True	False
DDX50	3	True	False
DDX50P1	2	False	True
DDX51	3	False	True
DDX52	3	True	True
DDX55	2	True	False
DDX58	3	True	True
DDX58_TOPORS	3	True	False
DDX59	2	True	False
DDX6	2	True	False
DDX60	2	True	False
DDX60L	2	True	False
DEAF1	2	True	False
DECR2	2	False	True
DEDD	3	False	True
DEGS1	3	True	True
DEK	4	True	False
DELE1	2	True	False
DENND10	5	True	True
DENND1B	4	True	True
DENND2A	2	True	False
DENND2C	4	True	True
DENND2D	2	False	True
DENND3	2	True	False
DENND4A	3	False	True
DENND4C	3	True	True
DENND6A	3	True	False
DENND6B	2	True	False
DENR	3	True	True
DEPDC1	3	True	True
DEPDC1B	4	True	True
DEPDC4	2	True	False
DEPDC5	4	True	True
DEPDC7	4	True	True
DERL1	2	False	True
DERL3	2	True	False
DESI1	2	True	False
DESI2	2	True	False
DFFA	3	True	True
DGAT2	2	False	True
DGCR2	4	True	True
DGCR8	3	True	True
DGKD	2	True	False
DGKE	3	True	False
DGKH	3	True	False
DGKI	2	True	False
DGKZ	3	True	False
DGLUCY	3	True	False
DHCR24	2	True	False
DHCR7	2	False	True
DHDDS	3	True	True
DHDH	2	True	False
DHFR	2	False	True
DHFRP1	2	False	True
DHODH	3	True	True
DHRS11	2	True	False
DHRS12	2	True	False
DHRS4	4	True	False
DHRS4-AS1	2	False	True
DHRS4L2	2	True	False
DHTKD1	2	True	False
DHX15	2	True	False
DHX32	2	True	False
DHX33	2	True	False
DHX35	2	True	False
DHX38	2	True	False
DHX40	2	True	False
DHX57	4	True	True
DHX8	2	True	False
DHX9	3	True	False
DIAPH1	3	True	False
DIAPH2	3	True	False
DIAPH3	2	True	False
DICER1	3	True	True
DIP2B	3	True	False
DIPK1A	3	True	True
DIPK1B	2	False	True
DIPK2A	3	False	True
DIS3	3	True	False
DIS3L	2	False	True
DIS3L2	4	True	True
DISC1	3	True	False
DIXDC1	2	True	False
DKC1	2	True	False
DKK3	2	True	False
DLAT	4	False	True
DLC1	2	False	True
DLEU2	3	True	True
DLEU2L	3	False	True
DLG1	2	True	False
DLG3	4	True	False
DLG5	2	False	True
DLGAP1-AS1_DLGAP1-AS2	3	True	False
DLGAP1-AS2	4	True	True
DLGAP4	2	False	True
DLGAP5	2	True	False
DLK2	2	True	False
DLST	2	True	False
DLX6	2	True	False
DMAC2	2	True	False
DMAC2L	4	True	True
DMC1	3	True	False
DMD	2	True	False
DMKN	2	True	False
DMTF1	2	True	False
DMWD	3	True	True
DMXL1	2	True	False
DNAAF10	4	True	True
DNAAF2	2	False	True
DNAAF4	3	True	False
DNAAF9	2	True	False
DNAH14	3	True	True
DNAI3	2	True	False
DNAJA1	4	True	True
DNAJA2	4	True	True
DNAJB1	3	True	True
DNAJB11	2	False	True
DNAJB12	2	False	True
DNAJB14	2	True	False
DNAJB4	4	True	True
DNAJB6	3	True	False
DNAJB9	2	False	True
DNAJC1	3	True	False
DNAJC10	3	True	True
DNAJC12	5	True	True
DNAJC13	2	True	False
DNAJC16	2	True	False
DNAJC17	2	True	False
DNAJC18	3	True	True
DNAJC2	3	True	False
DNAJC21	4	True	True
DNAJC22	2	False	True
DNAJC24	4	True	False
DNAJC25	2	False	True
DNAJC27-AS1	3	True	True
DNAJC28	2	False	True
DNAJC3	3	True	False
DNAJC5	4	True	True
DNAJC5_TPD52L2	2	True	False
DNAJC6	2	False	True
DNAJC7	3	True	False
DNAJC8	3	True	False
DNAJC9	3	True	True
DNAL4	2	True	False
DNASE2	2	False	True
DNLZ	2	True	False
DNM1L	3	True	True
DNM3OS	2	False	True
DNMT3A	3	False	True
DNPEP	2	False	True
DNTTIP1	2	True	False
DNTTIP2	2	True	False
DOCK1	2	True	False
DOCK10	2	True	False
DOCK11	2	True	False
DOCK2	2	True	False
DOCK7	3	True	False
DOK4	2	False	True
DOK5	2	True	False
DOP1A	3	True	False
DOP1B	2	False	True
DOT1L	3	True	False
DPF2	2	False	True
DPF3	4	True	True
DPH3	2	False	True
DPH6	3	True	True
DPP8	2	True	False
DPP9	2	False	True
DPY19L1	3	True	True
DPY19L1P1	3	True	False
DPY19L2	3	True	False
DPY19L2P1	2	True	False
DPY19L2P3	2	False	True
DPY19L3	2	True	False
DPY19L4	2	True	False
DPYD	2	True	False
DPYSL2	2	True	False
DR1	3	True	True
DRAM1	2	False	True
DRAM2	3	True	True
DRAXIN	2	True	False
DRG2	2	False	True
DROSHA	2	False	True
DSC3	2	True	False
DSCC1	4	True	True
DSE	2	False	True
DSG2	2	True	False
DSP	2	True	False
DSTN	4	True	True
DSTYK	2	True	False
DTD1	2	True	False
DTD2	2	False	True
DTL	3	True	True
DTNA	2	True	False
DTNB	3	True	True
DTNBP1	2	True	False
DTWD1	2	True	False
DTWD2	2	False	True
DTX3L	2	True	False
DUBR	3	True	True
DUOX1	2	True	False
DUS2	2	True	False
DUS4L	3	True	True
DUS4L-BCAP29	2	True	False
DUSP14	2	False	True
DUSP16	3	True	False
DUSP28	3	True	True
DUSP3	4	True	True
DUSP5-DT	3	True	False
DUSP6	2	False	True
DUT	3	False	True
DVL3	2	True	False
DYNC1H1	3	True	False
DYNC1I2	2	True	False
DYNC1LI1	4	True	True
DYNC1LI2	3	True	False
DYNC2H1	3	True	False
DYNC2I1	5	True	False
DYNC2LI1	2	True	False
DYNLL2	2	False	True
DYNLT2	2	False	True
DYNLT3	2	False	True
DYNLT5	2	True	False
DYRK1A	5	True	True
DYRK3	3	False	True
DYRK3-AS1	2	False	True
DYSF	3	True	False
DZIP1	2	True	False
DZIP1L	2	True	False
DZIP3	2	True	False
E2F3	3	True	False
E2F8	3	True	False
EAF1	3	True	True
EAPP	5	True	True
EBAG9	3	False	True
EBF1	2	False	True
EBF3	4	True	True
EBI3	2	True	False
EBLN2	2	False	True
EBLN3P	3	False	True
EBNA1BP2	2	False	True
EBPL	2	True	False
ECD	3	True	True
ECE1	2	False	True
ECHDC1	2	False	True
ECM2	2	False	True
ECPAS	2	False	True
ECT2	3	True	False
EDC3	2	True	False
EDEM3	2	True	False
EDIL3	2	True	False
EDIL3-DT	3	True	False
EDN1	3	True	False
EDNRA	2	True	False
EDRF1	3	True	False
EEA1	3	True	False
EED	2	True	False
EED_HIKESHI	2	False	True
EEF1A1P3	2	False	True
EEF1A1P5	2	True	False
EEF1AKMT3	3	True	True
EEF1E1	3	True	True
EEF2K	2	True	False
EEFSEC	2	True	False
EFCAB11	2	True	False
EFCAB14	4	True	False
EFCAB2	2	False	True
EFCAB5	2	False	True
EFCAB7	2	True	False
EFEMP1	2	False	True
EFEMP2	2	False	True
EFHC1	2	True	False
EFHD2	3	False	True
EFL1	2	True	False
EFNB2	2	True	False
EFR3A	2	True	False
EGFEM1P	2	True	False
EGFLAM-AS1	2	False	True
EGFR	3	True	False
EGLN1	2	False	True
EGLN2	2	True	False
EGR1	2	True	False
EHBP1	2	True	False
EHBP1L1	4	True	False
EHD1	3	True	True
EHD2	4	True	False
EHD4	3	True	True
EHMT1	2	True	False
EHMT2	3	True	False
EI24	2	False	True
EID1	2	False	True
EID2B	3	False	True
EID3	2	False	True
EIF1	2	False	True
EIF1AX	2	False	True
EIF1B-AS1	2	True	False
EIF2AK1	3	True	False
EIF2AK2	3	True	False
EIF2AK3	2	True	False
EIF2AK3-DT	2	True	False
EIF2AK4	3	True	True
EIF2B1	2	True	False
EIF2B5	2	True	False
EIF2S1	2	True	False
EIF2S2	2	True	False
EIF2S2P4	2	False	True
EIF2S3	3	True	False
EIF3A	3	True	True
EIF3C	3	True	False
EIF3CL	2	True	False
EIF3EP1	2	False	True
EIF3I	2	False	True
EIF3J	3	True	True
EIF4A2	3	True	False
EIF4A3	2	True	False
EIF4B	2	False	True
EIF4E	2	False	True
EIF4E3	2	False	True
EIF4EBP2	4	True	True
EIF4ENIF1	2	True	False
EIF4G1	3	True	False
EIF4G3	2	False	True
EIF4H	4	True	True
EIF5A2	3	True	False
EIF5B	2	True	False
ELAC1	2	True	False
ELAVL1	2	False	True
ELF1	2	False	True
ELF4	2	True	False
ELK3	2	True	False
ELK4	2	True	False
ELL	2	True	False
ELL2	2	False	True
ELMO2	2	True	False
ELMOD2	3	True	True
ELOA	2	True	False
ELOA_RPL11	2	False	True
ELOVL2	2	True	False
ELOVL5	2	True	False
ELOVL6	2	True	False
ELP1	2	False	True
ELP2	3	True	False
ELP3	2	True	False
ELP4	2	True	False
ELP5	2	True	False
ELP6	2	True	False
EMB	3	True	True
EMC1	2	False	True
EMC1-AS1	2	True	False
EMC10	2	False	True
EMC8	3	False	True
EME1	2	True	False
EMID1	2	True	False
EML1	2	True	False
EML4	2	True	False
EMP1	2	False	True
EMP2	2	False	True
EMSY	2	True	False
ENAH	3	True	False
ENDOV	4	True	False
ENO1	2	True	False
ENOSF1	3	True	True
ENOX1	2	False	True
ENOX2	2	True	False
ENPP1	3	True	True
ENPP2	2	True	False
ENSA	3	True	False
ENSG00000165121	3	True	True
ENSG00000167912	2	False	True
ENSG00000173727	2	False	True
ENSG00000177738	2	False	True
ENSG00000183308	2	False	True
ENSG00000187951	2	False	True
ENSG00000188002	3	False	True
ENSG00000197332	2	False	True
ENSG00000203644_TMCC1	2	False	True
ENSG00000204556_ENSG00000287569	2	False	True
ENSG00000204620	2	False	True
ENSG00000204758	2	False	True
ENSG00000205485	5	True	True
ENSG00000205562	2	False	True
ENSG00000205740	2	True	False
ENSG00000212978	2	False	True
ENSG00000213036	2	False	True
ENSG00000213385	2	False	True
ENSG00000214135	3	True	True
ENSG00000214719	2	True	False
ENSG00000214955_MRPS6	2	True	False
ENSG00000215068	4	True	True
ENSG00000215068_ZNF131	3	True	False
ENSG00000215302	3	True	False
ENSG00000215861	2	True	False
ENSG00000216809	2	False	True
ENSG00000216895	2	True	False
ENSG00000218313	2	False	True
ENSG00000218426	2	False	True
ENSG00000218757	2	False	True
ENSG00000219201	2	True	False
ENSG00000223509	2	True	False
ENSG00000223653	2	False	True
ENSG00000223811	4	True	True
ENSG00000223861	2	False	True
ENSG00000224215	2	True	False
ENSG00000224331	2	False	True
ENSG00000224505	3	True	True
ENSG00000224536	2	True	False
ENSG00000224593	2	False	True
ENSG00000224738_PRR11	2	True	False
ENSG00000224905	3	True	True
ENSG00000225205	2	True	False
ENSG00000225339	3	True	True
ENSG00000225643_LDLRAP1	2	False	True
ENSG00000226007	2	True	False
ENSG00000226380	4	True	True
ENSG00000226396	2	False	True
ENSG00000226465	2	True	False
ENSG00000226471	4	True	False
ENSG00000226824_RABGEF1	2	True	False
ENSG00000226853	2	False	True
ENSG00000226965	3	True	True
ENSG00000227598	2	False	True
ENSG00000227704	2	False	True
ENSG00000227775	2	True	False
ENSG00000228150_NMNAT1	2	True	False
ENSG00000228395	2	True	False
ENSG00000228436	3	True	False
ENSG00000228506_TSTD3	2	True	False
ENSG00000228714	2	False	True
ENSG00000228801	2	True	False
ENSG00000229180	3	True	True
ENSG00000229195_GALNT3	2	False	True
ENSG00000229334	2	False	True
ENSG00000229689	3	False	True
ENSG00000229774	2	True	False
ENSG00000229808	2	False	True
ENSG00000230074	2	False	True
ENSG00000230084	3	True	True
ENSG00000230092_LINC00115	3	True	True
ENSG00000230202	2	True	False
ENSG00000230479	3	True	False
ENSG00000230551	4	True	True
ENSG00000230615	2	False	True
ENSG00000231856	2	False	True
ENSG00000232098	2	False	True
ENSG00000232194	2	False	True
ENSG00000232386	3	True	True
ENSG00000232454	2	False	True
ENSG00000232648	2	True	False
ENSG00000232692	3	True	False
ENSG00000232774	2	True	False
ENSG00000232807	4	True	False
ENSG00000233230	2	False	True
ENSG00000233757	2	True	False
ENSG00000233818	2	True	False
ENSG00000233912	2	True	False
ENSG00000234062	3	False	True
ENSG00000234129	2	True	False
ENSG00000234917_PPIH	2	True	False
ENSG00000234997	2	True	False
ENSG00000235530	2	True	False
ENSG00000235545	3	True	False
ENSG00000235859	2	False	True
ENSG00000236453	3	True	True
ENSG00000236478	2	False	True
ENSG00000236636	2	False	True
ENSG00000237349	2	False	True
ENSG00000237357	2	True	False
ENSG00000237429	3	True	True
ENSG00000237594	3	True	True
ENSG00000237596	2	True	False
ENSG00000237813	4	True	True
ENSG00000237899_NFYC-AS1	2	False	True
ENSG00000238058	4	True	True
ENSG00000239665	4	True	True
ENSG00000239739	2	True	False
ENSG00000239775	3	False	True
ENSG00000239969	2	True	False
ENSG00000240057	3	True	True
ENSG00000240163	2	False	True
ENSG00000240376	2	False	True
ENSG00000240695	2	True	False
ENSG00000240775	2	False	True
ENSG00000240808	2	False	True
ENSG00000241634	3	False	True
ENSG00000241956	2	False	True
ENSG00000242474	3	True	False
ENSG00000242615	2	False	True
ENSG00000242622	2	True	False
ENSG00000243176	3	True	False
ENSG00000243243	3	True	False
ENSG00000243695	2	False	True
ENSG00000244021	2	False	True
ENSG00000245008	3	True	False
ENSG00000245213	3	True	False
ENSG00000247934	2	False	True
ENSG00000248235	2	True	False
ENSG00000248787	2	False	True
ENSG00000248863	3	True	True
ENSG00000249209	2	False	True
ENSG00000249456	3	True	False
ENSG00000249590	2	True	False
ENSG00000249592	3	True	False
ENSG00000249684	2	True	False
ENSG00000249930	3	False	True
ENSG00000250461	4	False	True
ENSG00000250654	2	False	True
ENSG00000250697	2	True	False
ENSG00000250999	2	True	False
ENSG00000251023	2	False	True
ENSG00000251095	2	True	False
ENSG00000251257	2	True	False
ENSG00000251361	3	True	False
ENSG00000251555_RPL7AP28	2	False	True
ENSG00000251615	2	True	False
ENSG00000251682	2	False	True
ENSG00000253163	2	True	False
ENSG00000253200	3	False	True
ENSG00000253558	3	False	True
ENSG00000254002	2	False	True
ENSG00000254469	2	True	False
ENSG00000254485	3	True	True
ENSG00000254556	3	False	True
ENSG00000254682_NADSYN1	3	True	False
ENSG00000254701	2	True	False
ENSG00000254837	4	False	True
ENSG00000254929	2	True	False
ENSG00000255031	2	True	False
ENSG00000255446	2	True	False
ENSG00000255468	2	False	True
ENSG00000255495	2	True	False
ENSG00000255639	2	False	True
ENSG00000255780	2	False	True
ENSG00000256325	2	True	False
ENSG00000256458	2	False	True
ENSG00000256500	2	True	False
ENSG00000256546	2	False	True
ENSG00000256591	2	True	False
ENSG00000256594	3	True	True
ENSG00000256664	4	False	True
ENSG00000256664_MDM2	3	True	True
ENSG00000256802	2	True	False
ENSG00000256981	2	False	True
ENSG00000257261	3	True	True
ENSG00000257337	2	True	False
ENSG00000257379	2	True	False
ENSG00000257496	3	True	False
ENSG00000257954	2	False	True
ENSG00000258399	2	True	False
ENSG00000258526	2	True	False
ENSG00000258744	3	True	True
ENSG00000258902	3	True	False
ENSG00000258945	2	True	False
ENSG00000258964	2	False	True
ENSG00000259066_UBR7	2	True	False
ENSG00000259232	2	False	True
ENSG00000259316	3	True	False
ENSG00000259345	3	True	True
ENSG00000259363	5	True	True
ENSG00000259523	2	False	True
ENSG00000259712	2	False	True
ENSG00000259768	3	True	True
ENSG00000259820	2	False	True
ENSG00000259865	2	False	True
ENSG00000259946	3	False	True
ENSG00000259953	2	True	False
ENSG00000259972	3	False	True
ENSG00000259976	3	True	False
ENSG00000259985	3	False	True
ENSG00000260000	2	False	True
ENSG00000260108	3	False	True
ENSG00000260136	2	True	False
ENSG00000260167	2	True	False
ENSG00000260190	2	False	True
ENSG00000260273	2	False	True
ENSG00000260274	2	False	True
ENSG00000260404	4	True	True
ENSG00000260534	2	False	True
ENSG00000260566	2	False	True
ENSG00000260578	2	False	True
ENSG00000260686	2	True	False
ENSG00000260899	3	True	False
ENSG00000260920	3	False	True
ENSG00000261051	3	False	True
ENSG00000261068	2	False	True
ENSG00000261071	2	False	True
ENSG00000261098	2	True	False
ENSG00000261167	2	False	True
ENSG00000261327	2	False	True
ENSG00000261335	2	False	True
ENSG00000261386	2	True	False
ENSG00000261487	2	True	False
ENSG00000261553	3	True	False
ENSG00000261573	2	False	True
ENSG00000261578	2	False	True
ENSG00000261613	2	False	True
ENSG00000261773	2	False	True
ENSG00000261786	3	False	True
ENSG00000262202	2	False	True
ENSG00000262879	4	True	False
ENSG00000263080	2	False	True
ENSG00000263244	3	True	True
ENSG00000263276	3	False	True
ENSG00000263731	2	False	True
ENSG00000264116	2	True	False
ENSG00000264207	2	False	True
ENSG00000264666	2	True	False
ENSG00000264895	2	True	False
ENSG00000265408	2	False	True
ENSG00000265713	2	False	True
ENSG00000265750	2	True	False
ENSG00000266490	2	False	True
ENSG00000266680	2	False	True
ENSG00000266709	3	False	True
ENSG00000266865	3	True	False
ENSG00000267002	2	True	False
ENSG00000267040	3	True	False
ENSG00000267053	2	False	True
ENSG00000267102	2	False	True
ENSG00000267222	2	False	True
ENSG00000267248	2	True	False
ENSG00000267430	2	False	True
ENSG00000267520	3	True	False
ENSG00000267575	2	True	False
ENSG00000267655	2	False	True
ENSG00000267698	3	True	False
ENSG00000268189	2	False	True
ENSG00000268205	2	False	True
ENSG00000268362	4	True	False
ENSG00000268403	2	False	True
ENSG00000268713	2	False	True
ENSG00000268756	2	False	True
ENSG00000269176	2	False	True
ENSG00000269524	2	False	True
ENSG00000269825	3	True	False
ENSG00000269902	3	False	True
ENSG00000269918	2	False	True
ENSG00000269921	2	False	True
ENSG00000269924	2	False	True
ENSG00000269949	2	False	True
ENSG00000269951	2	False	True
ENSG00000269997	3	False	True
ENSG00000270001	2	False	True
ENSG00000270019	3	False	True
ENSG00000270061	2	False	True
ENSG00000270130	4	False	True
ENSG00000270190	2	False	True
ENSG00000270504	3	False	True
ENSG00000270558	2	False	True
ENSG00000270696	2	False	True
ENSG00000270804	3	False	True
ENSG00000270832	2	False	True
ENSG00000270953	4	True	True
ENSG00000271009	2	False	True
ENSG00000271327	2	False	True
ENSG00000271380	2	False	True
ENSG00000271452	3	False	True
ENSG00000271533	3	True	True
ENSG00000271553	2	False	True
ENSG00000271811	2	False	True
ENSG00000271853	2	True	False
ENSG00000271918	4	False	True
ENSG00000271943	3	False	True
ENSG00000271978	2	True	False
ENSG00000271993	2	False	True
ENSG00000272040	2	False	True
ENSG00000272112	2	False	True
ENSG00000272121	2	False	True
ENSG00000272173	2	False	True
ENSG00000272195	2	True	False
ENSG00000272263	2	False	True
ENSG00000272341	2	True	False
ENSG00000272379	2	False	True
ENSG00000272434	2	False	True
ENSG00000272476	2	False	True
ENSG00000272599	3	False	True
ENSG00000272627	2	False	True
ENSG00000272631	2	True	False
ENSG00000272650	4	False	True
ENSG00000272693	4	True	False
ENSG00000272750	4	True	True
ENSG00000272760	2	False	True
ENSG00000272763	3	False	True
ENSG00000272779	2	True	False
ENSG00000272807	3	False	True
ENSG00000272812	2	False	True
ENSG00000272921	2	False	True
ENSG00000272948	2	False	True
ENSG00000272977	3	False	True
ENSG00000272991	2	False	True
ENSG00000273014	4	False	True
ENSG00000273015	2	False	True
ENSG00000273017	3	False	True
ENSG00000273035	2	False	True
ENSG00000273058	2	False	True
ENSG00000273064	2	False	True
ENSG00000273066	2	True	False
ENSG00000273080	2	False	True
ENSG00000273155	2	True	False
ENSG00000273254	2	False	True
ENSG00000273270	3	True	False
ENSG00000273275	2	False	True
ENSG00000273284	2	False	True
ENSG00000273297	2	False	True
ENSG00000273306	2	False	True
ENSG00000273314	3	False	True
ENSG00000273320	2	False	True
ENSG00000273345	3	True	False
ENSG00000273391	2	False	True
ENSG00000273447	2	False	True
ENSG00000273448	3	False	True
ENSG00000273449	3	False	True
ENSG00000273456	2	False	True
ENSG00000273680	3	False	True
ENSG00000273763	3	True	True
ENSG00000273784	3	True	False
ENSG00000274253	2	False	True
ENSG00000274315	2	False	True
ENSG00000274333	2	False	True
ENSG00000274422	3	True	True
ENSG00000274578	3	False	True
ENSG00000274642	4	True	False
ENSG00000274828	2	False	True
ENSG00000274964	3	False	True
ENSG00000275055	2	False	True
ENSG00000275097	2	False	True
ENSG00000275160_ENSG00000288891	2	False	True
ENSG00000275216	2	True	False
ENSG00000275216_LINC00370	2	True	False
ENSG00000275418	2	True	False
ENSG00000275441	2	False	True
ENSG00000275496	2	False	True
ENSG00000275532	2	True	False
ENSG00000275601	2	False	True
ENSG00000275740	2	True	False
ENSG00000275764	4	False	True
ENSG00000275854	2	False	True
ENSG00000275897	2	True	False
ENSG00000275910	2	False	True
ENSG00000276012_ITGBL1	3	True	True
ENSG00000276077	2	False	True
ENSG00000276115	2	False	True
ENSG00000276131	2	False	True
ENSG00000276170	2	False	True
ENSG00000276216	3	False	True
ENSG00000276241	2	True	False
ENSG00000276248	2	False	True
ENSG00000276266	2	False	True
ENSG00000276334	3	False	True
ENSG00000276390_RPAP3	2	False	True
ENSG00000276517	3	True	True
ENSG00000276564	3	False	True
ENSG00000276672	3	True	True
ENSG00000276728	2	False	True
ENSG00000276740	2	False	True
ENSG00000276850	2	True	False
ENSG00000276853	2	False	True
ENSG00000276855	3	False	True
ENSG00000277144	2	False	True
ENSG00000277287	2	True	False
ENSG00000277453	2	False	True
ENSG00000277534	2	False	True
ENSG00000277602	2	False	True
ENSG00000277639	5	True	False
ENSG00000277702	2	True	False
ENSG00000277758	3	True	False
ENSG00000277782	2	False	True
ENSG00000277879	2	False	True
ENSG00000277959	2	False	True
ENSG00000277991	2	False	True
ENSG00000278177	2	False	True
ENSG00000278351	2	False	True
ENSG00000278396	2	False	True
ENSG00000278668	2	False	True
ENSG00000278730	4	False	True
ENSG00000278834	3	False	True
ENSG00000278886	3	False	True
ENSG00000278896	2	False	True
ENSG00000278903	2	True	False
ENSG00000278949	2	False	True
ENSG00000278981	2	False	True
ENSG00000278991	2	False	True
ENSG00000279022	2	False	True
ENSG00000279035	3	True	True
ENSG00000279059	2	False	True
ENSG00000279089	3	False	True
ENSG00000279092	2	True	False
ENSG00000279095	2	False	True
ENSG00000279108	2	False	True
ENSG00000279166	2	True	False
ENSG00000279203	2	False	True
ENSG00000279204	2	False	True
ENSG00000279207	3	True	True
ENSG00000279233	2	False	True
ENSG00000279237	3	False	True
ENSG00000279281	2	False	True
ENSG00000279344	2	False	True
ENSG00000279348	4	False	True
ENSG00000279407	2	True	False
ENSG00000279416	2	False	True
ENSG00000279432	2	False	True
ENSG00000279433	2	False	True
ENSG00000279443	2	True	False
ENSG00000279456	2	False	True
ENSG00000279495	2	False	True
ENSG00000279502	2	False	True
ENSG00000279519	2	False	True
ENSG00000279541	2	True	False
ENSG00000279549	2	False	True
ENSG00000279573	2	False	True
ENSG00000279591	2	False	True
ENSG00000279602	4	False	True
ENSG00000279632	3	False	True
ENSG00000279692	2	False	True
ENSG00000279753	3	False	True
ENSG00000279838	2	False	True
ENSG00000279845	2	False	True
ENSG00000279880	2	False	True
ENSG00000279962	2	False	True
ENSG00000280018	3	True	True
ENSG00000280064	2	False	True
ENSG00000280088	2	False	True
ENSG00000280128	3	True	False
ENSG00000280143	3	True	True
ENSG00000280145	3	True	True
ENSG00000280164	3	True	True
ENSG00000280206	2	False	True
ENSG00000280219	3	True	True
ENSG00000280228	2	False	True
ENSG00000280239	3	False	True
ENSG00000280241	3	False	True
ENSG00000280332	2	False	True
ENSG00000280347	2	False	True
ENSG00000280353	2	False	True
ENSG00000280374	2	False	True
ENSG00000280383	3	True	True
ENSG00000280433	2	False	True
ENSG00000280441	3	True	False
ENSG00000280614	4	False	True
ENSG00000280649	2	False	True
ENSG00000280800	4	False	True
ENSG00000280828	4	True	True
ENSG00000281181	4	False	True
ENSG00000281383	2	False	True
ENSG00000281571	2	False	True
ENSG00000282057	2	True	False
ENSG00000282386	2	False	True
ENSG00000282855	2	False	True
ENSG00000283108	2	False	True
ENSG00000283196	2	True	False
ENSG00000283228	2	False	True
ENSG00000283341	2	True	False
ENSG00000284024	3	True	False
ENSG00000284116	2	False	True
ENSG00000284428	2	True	False
ENSG00000284602	4	True	True
ENSG00000284648	2	True	False
ENSG00000284879	2	True	False
ENSG00000284930	2	True	False
ENSG00000284968	2	True	False
ENSG00000285035	2	True	False
ENSG00000285329	2	True	False
ENSG00000285458	2	False	True
ENSG00000285517	3	False	True
ENSG00000285531	3	False	True
ENSG00000285646	3	True	True
ENSG00000285725	3	True	True
ENSG00000285796	2	True	False
ENSG00000285827	2	True	False
ENSG00000285906	3	False	True
ENSG00000286023	2	True	False
ENSG00000286034	3	True	True
ENSG00000286039	2	False	True
ENSG00000286104	2	True	False
ENSG00000286116	3	False	True
ENSG00000286129	3	True	False
ENSG00000286145	2	True	False
ENSG00000286162	3	True	True
ENSG00000286288	2	False	True
ENSG00000286314	2	False	True
ENSG00000286366	3	True	False
ENSG00000286369	2	True	False
ENSG00000286787	2	True	False
ENSG00000286811	2	True	False
ENSG00000286813	3	False	True
ENSG00000286994	2	False	True
ENSG00000287016	2	False	True
ENSG00000287078_PLA2G12AP1	2	False	True
ENSG00000287091	2	False	True
ENSG00000287168	2	False	True
ENSG00000287382	2	False	True
ENSG00000287470	2	True	False
ENSG00000287569	2	False	True
ENSG00000287811	3	True	False
ENSG00000287817	2	False	True
ENSG00000287825	2	False	True
ENSG00000287839	3	True	True
ENSG00000287978	2	False	True
ENSG00000287979	2	False	True
ENSG00000288018	3	True	False
ENSG00000288032	2	True	False
ENSG00000288643	2	True	False
ENSG00000288645	3	True	False
ENSG00000288700	2	True	False
ENSG00000288728	2	False	True
ENSG00000288743	2	False	True
ENSG00000288761	3	False	True
ENSG00000288781	2	False	True
ENSG00000288817	2	False	True
ENSG00000288820	2	True	False
ENSG00000288839	2	False	True
ENSG00000288841	3	True	False
ENSG00000288858	2	False	True
ENSG00000288876	3	False	True
ENSG00000288881	2	False	True
ENSG00000288884	2	False	True
ENSG00000288888	3	False	True
ENSG00000288891	3	True	False
ENSG00000288904	3	True	True
ENSG00000288911	2	False	True
ENSG00000288926	2	False	True
ENSG00000288928	4	False	True
ENSG00000288948	2	False	True
ENSG00000288969	2	False	True
ENSG00000288988	2	True	False
ENSG00000288995	3	False	True
ENSG00000289013	2	False	True
ENSG00000289015	2	False	True
ENSG00000289017	2	False	True
ENSG00000289019	2	False	True
ENSG00000289021	2	False	True
ENSG00000289034	2	False	True
ENSG00000289038	2	False	True
ENSG00000289047	3	False	True
ENSG00000289086	2	True	False
ENSG00000289109	3	False	True
ENSG00000289115	2	False	True
ENSG00000289126	3	False	True
ENSG00000289131	2	True	False
ENSG00000289138	2	False	True
ENSG00000289145	2	True	False
ENSG00000289154	3	False	True
ENSG00000289155	2	False	True
ENSG00000289177	2	False	True
ENSG00000289194	2	False	True
ENSG00000289196	2	False	True
ENSG00000289234	2	False	True
ENSG00000289255	2	False	True
ENSG00000289261	3	False	True
ENSG00000289268	3	False	True
ENSG00000289269	2	False	True
ENSG00000289270	3	False	True
ENSG00000289294	2	False	True
ENSG00000289304	2	False	True
ENSG00000289306	2	False	True
ENSG00000289331	3	False	True
ENSG00000289353	3	False	True
ENSG00000289357	3	False	True
ENSG00000289384	2	False	True
ENSG00000289393	2	False	True
ENSG00000289396	2	False	True
ENSG00000289407	2	False	True
ENSG00000289410	3	False	True
ENSG00000289412	2	False	True
ENSG00000289423	3	False	True
ENSG00000289426	2	True	False
ENSG00000289440	2	False	True
ENSG00000289443	3	False	True
ENSG00000289449	2	False	True
ENSG00000289463	2	False	True
ENSG00000289469	2	True	False
ENSG00000289472	2	False	True
ENSG00000289488	3	False	True
ENSG00000289494	2	False	True
ENSG00000289519	2	False	True
ENSG00000289550	2	False	True
ENSG00000289551	2	False	True
ENSG00000289554	2	False	True
ENSG00000289558_SS18L2	2	False	True
ENSG00000289574	2	False	True
ENSG00000289578	2	True	False
ENSG00000289586	4	True	True
ENSG00000289602	2	False	True
ENSG00000289629	2	True	False
ENTPD1-AS1	6	True	True
ENTPD4	3	False	True
ENTPD7	2	True	False
ENTR1	2	False	True
EP300	4	True	False
EP400	2	True	False
EP400P1	4	True	False
EPB41	3	True	False
EPB41L1	2	False	True
EPB41L2	3	True	False
EPC1	3	True	False
EPC2	3	True	False
EPDR1	2	False	True
EPHA4	3	True	False
EPHA5	3	True	False
EPHB2	2	False	True
EPM2A	4	True	True
EPM2AIP1	2	False	True
EPN1	3	True	False
EPN2	2	True	False
EPPK1	3	False	True
EPRS1	3	True	False
EPS15	2	False	True
EPS15L1	4	True	False
EPS8	2	False	True
EPS8L2	2	True	False
EPSTI1	3	True	False
ERAP1	4	True	False
ERAP2	2	False	True
ERBB3	2	True	False
ERBIN	2	False	True
ERC1	2	True	False
ERCC1	2	True	False
ERCC2	2	False	True
ERCC3	2	True	False
ERCC4	2	True	False
ERCC5	2	True	False
ERCC6	3	True	False
ERCC6L	2	False	True
ERCC6L2	2	True	False
ERCC8	2	True	False
EREG	2	True	False
ERGIC1	2	False	True
ERGIC2	2	False	True
ERI1	2	True	False
ERICH1	3	True	False
ERICH6-AS1	2	False	True
ERLEC1	3	True	False
ERLIN1	2	True	False
ERLIN2	2	True	False
ERMAP	2	True	False
ERN1	2	True	False
ERO1A	3	False	True
ERP44	4	True	True
ERRFI1	2	False	True
ERV3-1	2	True	False
ERVK13-1	2	True	False
ERVK3-1	3	False	True
ESCO1	2	False	True
ESCO2	2	True	False
ESF1	2	True	False
ESPL1	2	True	False
ESYT2	2	True	False
ETAA1	3	True	False
ETF1	4	True	True
ETFA	2	False	True
ETFDH	3	True	True
ETNK1	3	True	False
ETS1	4	True	True
ETS2	3	True	False
ETV4	2	True	False
ETV5	2	True	False
ETV6	2	True	False
ETV7	3	True	False
EVA1A	2	True	False
EVC2	3	True	False
EVI2A	2	False	True
EVI2B	2	False	True
EVI5	2	True	False
EVI5L	2	True	False
EVL	2	True	False
EWSR1	3	True	True
EXD3	3	True	False
EXO1	2	True	False
EXOC1	3	True	True
EXOC2	3	True	False
EXOC3	2	True	False
EXOC3-AS1	3	False	True
EXOC4	4	True	False
EXOC5	3	True	True
EXOC6	3	True	True
EXOC6B	4	True	False
EXOC7	2	True	False
EXOC8	2	False	True
EXOG	2	True	False
EXOSC2	4	True	True
EXOSC6	3	True	True
EXOSC8	2	True	False
EXOSC9	2	True	False
EXPH5	2	False	True
EXT2	2	False	True
EXTL2	2	False	True
EXTL3	2	True	False
EYA3	5	True	True
EZH1	3	True	False
EZH2	2	True	False
EZR	4	True	True
F11R	2	False	True
F2R	4	True	True
F2RL2	2	False	True
F3	2	True	False
F8A1	2	False	True
F8A2	2	False	True
FAAHP1	2	True	False
FAAP24	2	True	False
FABP5P9	2	False	True
FADS1	3	True	True
FADS2	3	True	False
FAF2	2	True	False
FAHD1	3	False	True
FAHD2CP	2	True	False
FAIM	2	True	False
FAM104A	3	False	True
FAM107B	2	True	False
FAM110A	3	True	True
FAM111A	4	True	True
FAM111A-DT	2	False	True
FAM114A1	3	True	True
FAM114A2	3	True	False
FAM118A	5	True	True
FAM118B	2	False	True
FAM120A	2	False	True
FAM120AOS	2	False	True
FAM120B	2	True	False
FAM126A	5	True	True
FAM126B	3	True	False
FAM131A	2	True	False
FAM133B	5	True	True
FAM133CP	2	False	True
FAM135A	2	True	False
FAM13A	4	True	False
FAM13B	3	True	False
FAM13C	2	True	False
FAM149B1	3	True	False
FAM151B	2	True	False
FAM161A	4	True	True
FAM168A	2	True	False
FAM168B	2	False	True
FAM171B	2	True	False
FAM172A	3	True	False
FAM177A1	4	True	True
FAM185A	2	True	False
FAM193A	3	True	False
FAM199X	2	True	False
FAM200A	2	True	False
FAM200B	2	False	True
FAM204A	2	True	False
FAM20C	2	True	False
FAM210A	3	True	True
FAM210B	2	True	False
FAM214A	3	True	True
FAM217B	2	True	False
FAM218A	3	False	True
FAM219B	2	True	False
FAM228B	2	True	False
FAM234A	3	True	False
FAM241A	2	False	True
FAM27C	4	True	False
FAM32A	2	False	True
FAM3C	3	True	True
FAM50A	2	True	False
FAM50B	2	False	True
FAM53C	2	True	False
FAM66C	2	True	False
FAM72A	3	True	True
FAM72B	2	True	False
FAM76A	4	True	False
FAM76B	4	True	True
FAM86B1	2	True	False
FAM86B2	2	False	True
FAM86C1P	2	False	True
FAM86C2P	2	False	True
FAM86DP	2	False	True
FAM86HP	2	True	False
FAM86JP	2	False	True
FAM89A	2	False	True
FAM91A1	2	True	False
FAM98A	2	True	False
FAM98B	3	True	False
FAN1	4	True	True
FANCA	3	True	True
FANCC	2	True	False
FANCD2	2	True	False
FANCF	3	False	True
FANCI	2	True	False
FANCM	5	True	True
FAP	2	True	False
FAR1	2	True	False
FAR2	3	True	False
FARP1	2	False	True
FARP2	2	False	True
FARSB	4	True	False
FAS	2	False	True
FASTKD1	3	True	True
FASTKD2	3	True	True
FASTKD5	2	False	True
FAXDC2	2	False	True
FBLN1	3	True	True
FBLN2	3	True	True
FBLN7	2	True	False
FBN1	2	False	True
FBRSL1	2	True	False
FBXL12	2	True	False
FBXL17	2	True	False
FBXL18	2	True	False
FBXL2	2	True	False
FBXL20	4	True	False
FBXL3	2	False	True
FBXL4	2	False	True
FBXO11	3	True	True
FBXO17	2	False	True
FBXO22	4	True	True
FBXO25	2	True	False
FBXO28	3	True	True
FBXO3	2	True	False
FBXO32	3	True	False
FBXO38	3	True	True
FBXO4	2	True	False
FBXO43	3	False	True
FBXO44	2	True	False
FBXO45	2	False	True
FBXO48	3	True	True
FBXO5	2	True	False
FBXO8	2	False	True
FBXO9	3	True	False
FBXW7	4	True	False
FBXW8	3	True	False
FCF1	4	True	True
FCF1P2	2	False	True
FCHO2	4	True	False
FCHSD2	2	True	False
FDFT1	3	False	True
FDX1	3	False	True
FDXACB1	2	False	True
FECH	2	False	True
FEM1C	2	True	False
FERMT2	2	True	False
FEZ1	2	True	False
FGD4	2	True	False
FGD5-AS1	3	False	True
FGD6	2	True	False
FGF2	3	True	True
FGF5	3	False	True
FGF7P6	2	False	True
FGFBP3	2	False	True
FGFR1	3	True	True
FGFR1OP2	4	True	True
FH	2	True	False
FHIP2A	3	True	True
FHIP2B	2	True	False
FHL3	2	False	True
FHOD3	2	True	False
FIBP	2	False	True
FIG4	2	True	False
FIGN	3	False	True
FIGNL1	2	True	False
FILIP1L	3	True	True
FIP1L1	3	True	True
FJX1	2	False	True
FKBP11_RPL32P27	2	False	True
FKBP14	3	True	True
FKBP3	2	True	False
FKBP4	2	True	False
FKBP5	3	True	False
FKBP9	2	False	True
FKTN	4	True	True
FLAD1	2	True	False
FLCN	2	True	False
FLG-AS1	2	True	False
FLI1	4	True	False
FLJ20021	2	False	True
FLNB	2	False	True
FLRT2	3	True	False
FLT1	3	True	False
FMNL1	2	True	False
FMNL2	2	True	False
FMNL3	3	True	False
FMR1	2	False	True
FN1	2	True	False
FN3K	3	True	False
FNBP1	4	True	True
FNBP1L	4	True	False
FNBP4	4	True	True
FNDC3A	2	True	False
FNDC3B	2	True	False
FNIP1	2	True	False
FNIP2	2	True	False
FNTB	2	False	True
FOSL2	2	True	False
FOXC2	3	False	True
FOXE1	3	True	True
FOXG1	2	False	True
FOXK1	2	True	False
FOXK2	3	False	True
FOXL1	2	False	True
FOXM1	2	True	False
FOXN2	2	True	False
FOXO3	2	False	True
FOXP1	3	True	True
FOXP4	2	True	False
FOXRED2	2	True	False
FPGT	4	True	True
FRA10AC1	5	True	True
FRAT2	2	False	True
FRG1	3	True	False
FRG1BP	4	True	False
FRG1CP	4	True	False
FRG1HP	3	True	True
FRMD3	3	True	False
FRMD4A	3	True	True
FRMD5	2	False	True
FRMD6	3	True	False
FRMD6-AS1	3	False	True
FRMPD4	3	True	False
FRS2	3	True	False
FRY	4	True	False
FRYL	3	True	True
FRZB	2	False	True
FSD1L	3	True	True
FST	2	False	True
FTO	2	True	False
FTSJ1	2	True	False
FTSJ3	2	True	False
FTX	2	False	True
FUBP1	3	True	False
FUBP3	2	True	False
FUNDC1	2	True	False
FUNDC2	2	False	True
FUS	2	True	False
FUT10	4	True	True
FUT11	2	True	False
FUT4	2	False	True
FUT8	2	True	False
FUT8-AS1	2	False	True
FXR1	3	True	True
FYCO1	4	True	False
FYTTD1	2	True	False
FZD1	2	False	True
FZD2	2	True	False
FZD6	2	True	False
FZD7	2	False	True
FZD8	2	False	True
FZR1	2	False	True
G2E3	2	True	False
G2E3_SCFD1	2	False	True
G3BP1	3	False	True
G3BP2	3	True	True
GAA	2	True	False
GAB1	3	True	True
GABARAPL1	2	False	True
GABARAPL2	2	False	True
GABBR1	2	True	False
GABPA	3	True	True
GABPB1	2	True	False
GABPB1-AS1	3	True	True
GABPB2	3	True	False
GADD45A	2	False	True
GADD45B	2	False	True
GALC	2	True	False
GALE	2	True	False
GALK2	4	True	True
GALNS	2	True	False
GALNT1	4	True	True
GALNT10	3	True	False
GALNT11	3	True	True
GALNT2	2	True	False
GALNT3	3	True	True
GALNT5	3	True	True
GALNT7	2	False	True
GAMT	2	True	False
GAN	2	True	False
GANC	3	True	True
GAPLINC	2	True	False
GAPVD1	3	True	False
GAR1	2	True	False
GARRE1	2	True	False
GARS1	2	False	True
GART	2	True	False
GAS1RR	2	False	True
GAS2L3	2	True	False
GAS6-AS1	2	True	False
GAS6-DT	2	False	True
GAS8	4	True	False
GASK1B	5	True	True
GATA2	2	False	True
GATA6	2	False	True
GATAD1	4	True	True
GATAD2A	2	False	True
GATAD2B	2	True	False
GATB	3	True	True
GATC	3	True	True
GBA	2	False	True
GBAP1	2	True	False
GBE1	2	False	True
GBF1	2	True	False
GBP1	2	False	True
GBP2	2	True	False
GBX2	2	False	True
GCA	3	False	True
GCAT	2	True	False
GCC2	3	False	True
GCDH	2	False	True
GCFC2	3	True	True
GCLC	4	True	True
GCLM	3	True	True
GCNT1	2	False	True
GCSH	2	False	True
GDAP1	3	True	False
GDAP2	3	True	False
GDE1	2	False	True
GDF11	3	True	True
GDI2	2	False	True
GDPD1	2	True	False
GEMIN5	2	True	False
GEN1	4	True	True
GET1	2	False	True
GET4	2	False	True
GFM1	4	True	True
GFM2	3	True	False
GFPT1	2	True	False
GFRA1	4	False	True
GGA1	2	True	False
GGA2	3	True	True
GGACT	2	False	True
GGCT	2	True	False
GGNBP2	5	True	True
GGPS1	2	False	True
GHITM	2	False	True
GID4	2	True	False
GID8	2	True	False
GIGYF2	5	True	True
GIN1	2	True	False
GINM1	3	True	True
GINS1	3	True	False
GINS2	2	False	True
GINS3	2	False	True
GINS4	3	True	False
GIPC2	3	False	True
GIT2	2	True	False
GJA1	3	False	True
GJC1	2	False	True
GK	3	True	True
GK5	2	True	False
GKAP1	3	True	False
GLB1L	2	False	True
GLCCI1	3	True	False
GLG1	2	False	True
GLI3	2	True	False
GLIDR	2	True	False
GLIPR1	2	False	True
GLIPR2	3	False	True
GLMN	4	True	False
GLMP	2	True	False
GLO1	4	True	True
GLOD4	2	True	False
GLRB	3	False	True
GLRX2	2	False	True
GLRX3	2	True	False
GLS	4	True	True
GLT8D2	3	True	True
GLUD1	2	False	True
GLUD1P3	3	True	True
GLYR1	2	True	False
GMCL1	3	False	True
GMDS-DT	2	True	False
GMEB1	3	True	True
GMEB2	3	True	True
GMFB	3	False	True
GMNN	4	True	True
GMPR2	2	False	True
GMPS	2	True	False
GNA11	2	True	False
GNA12	2	False	True
GNA13	3	True	True
GNAI1	3	True	True
GNAI2	2	False	True
GNAI3	4	True	False
GNAQ	2	False	True
GNB1	2	False	True
GNB4	2	True	False
GNB5	3	True	True
GNG10	2	False	True
GNG12	2	False	True
GNG2	2	False	True
GNG4	2	False	True
GNGT2	3	False	True
GNL2	2	True	False
GNL3	2	True	False
GNL3L	5	True	False
GNPAT	2	True	False
GNPDA1	2	False	True
GNPDA2	2	False	True
GNPNAT1	3	False	True
GNPTG	2	True	False
GNS	3	True	False
GOLGA1	3	True	False
GOLGA2	2	True	False
GOLGA2P5	2	True	False
GOLGA3	3	True	False
GOLGA4	4	True	True
GOLGA5	2	True	False
GOLGA6L9	2	False	True
GOLGA7	2	False	True
GOLGA8A	3	True	False
GOLGA8B	2	True	False
GOLGB1	5	True	True
GOLM2	2	True	False
GOLPH3-DT	2	False	True
GOLPH3L	2	False	True
GOLT1B	2	False	True
GON4L	2	True	False
GOPC	3	True	False
GORAB	3	True	True
GORASP2	3	False	True
GOSR1	2	True	False
GOSR2	2	True	False
GOT1	3	False	True
GPALPP1	3	True	False
GPANK1	2	True	False
GPATCH1	7	True	True
GPATCH11	3	True	False
GPATCH2	2	False	True
GPATCH2L	3	True	False
GPATCH3	2	True	False
GPATCH4	2	False	True
GPATCH8	2	True	False
GPBP1	2	True	False
GPBP1L1	3	True	True
GPC6	3	True	True
GPCPD1	2	True	False
GPD2	4	True	True
GPHN	2	False	True
GPI	3	False	True
GPM6B	2	False	True
GPN1	2	False	True
GPN3	4	True	True
GPNMB	3	True	True
GPR107	3	True	False
GPR135	4	True	True
GPR137B	2	False	True
GPR137C	3	True	True
GPR155	2	True	False
GPR160	2	False	True
GPR161	3	True	True
GPR176	2	False	True
GPR180	4	True	True
GPR19	3	True	False
GPR3	2	False	True
GPR87	2	False	True
GPR89B	3	True	False
GPRC5A	2	True	False
GPRC5D-AS1	2	True	False
GPS2	3	True	False
GPSM2	3	True	True
GPT2	2	True	False
GPX7	2	False	True
GPX8	3	False	True
GRAMD1A	2	True	False
GRAMD1C	3	True	False
GRAMD2B	4	True	True
GRB10	5	True	True
GRB2	2	False	True
GREB1L	2	True	False
GREM1	2	False	True
GRIA1	2	True	False
GRIPAP1	2	True	False
GRK3	2	True	False
GRK4	3	False	True
GRK5	2	False	True
GRK6	2	False	True
GRPEL1	4	False	True
GRPEL2	3	True	True
GRSF1	3	False	True
GRTP1	2	True	False
GRWD1	2	True	False
GSAP	3	True	False
GSE1	2	False	True
GSEC	3	False	True
GSK3B	2	True	False
GSKIP	2	True	False
GSPT1	3	True	False
GSPT2	3	False	True
GSR	2	False	True
GSS	2	True	False
GSTCD	2	True	False
GSTZ1	2	False	True
GTDC1	2	True	False
GTF2A1	2	True	False
GTF2F1	2	False	True
GTF2F2	2	True	False
GTF2H1	2	True	False
GTF2H2	2	True	False
GTF2H2B	4	True	True
GTF2H2C	3	True	True
GTF2H3	2	True	False
GTF2H4	2	True	False
GTF2I	3	True	True
GTF2IP1	2	False	True
GTF2IP12	2	True	False
GTF2IP4	2	False	True
GTF3A	2	True	False
GTF3C1	2	True	False
GTF3C2	2	False	True
GTF3C3	3	True	True
GTF3C4	3	True	True
GTPBP1	3	True	False
GTPBP10	2	False	True
GTPBP4	4	True	False
GTPBP8	2	False	True
GULP1	3	True	True
GUSBP1	3	True	True
GVQW3	3	True	False
GXYLT1	2	False	True
GXYLT2	3	False	True
GYG1	2	True	False
GYG2	2	True	False
GZF1	4	True	True
H1-1	2	False	True
H1-10	2	False	True
H1-10-AS1	2	True	False
H1-2	2	False	True
H1-5	2	False	True
H2AC11	2	False	True
H2AC15	2	False	True
H2AC16	2	False	True
H2AC17	2	False	True
H2AC21	2	False	True
H2AC4	2	False	True
H2AC6	4	True	True
H2AC7	4	False	True
H2AC8	2	False	True
H2BC10	2	False	True
H2BC11	2	False	True
H2BC13	2	False	True
H2BC15	3	True	True
H2BC19P	4	False	True
H2BC20P	2	True	False
H2BC21	2	False	True
H2BC4	2	True	False
H2BC5	3	True	True
H2BC8	2	False	True
H3-3A	2	False	True
H3-3B	3	False	True
H3C1	2	False	True
H3C10	3	False	True
H3C11	3	False	True
H3C12	3	False	True
H3C2	2	False	True
H3P6	3	False	True
H4-16	2	True	False
H4C1	3	False	True
H4C12	2	False	True
H4C14	4	True	True
H4C15	3	True	True
H4C4	2	False	True
H4C8	3	True	True
H6PD	3	True	False
HACD1	4	True	False
HACD2	6	True	True
HACD3	2	False	True
HACD4	2	False	True
HACE1	3	True	True
HADH	2	False	True
HADHA	2	True	False
HADHB	3	True	True
HAGLR	3	False	True
HAND2	2	False	True
HAPLN1	3	True	True
HARBI1	2	False	True
HARS2	2	True	False
HAS2	2	True	False
HAS2-AS1	2	True	False
HASPIN	2	False	True
HAUS1	2	True	False
HAUS2	4	True	True
HAUS3	4	True	True
HAUS4	2	True	False
HAUS5	2	True	False
HAUS6	3	True	False
HAUS8	3	True	False
HBEGF	2	False	True
HBP1	2	True	False
HBS1L	3	True	False
HCCS	2	False	True
HCFC2	4	True	False
HCG11	5	True	True
HCG18	3	True	True
HCP5	2	False	True
HDAC11	4	True	True
HDAC2-AS2	2	True	False
HDAC7	2	True	False
HDAC8	2	True	False
HDAC9	3	True	True
HDGF	3	True	True
HDGFL2	2	True	False
HDGFL3	2	True	False
HDHD2	3	True	True
HDLBP	3	True	False
HDX	2	True	False
HEATR1	2	False	True
HEATR3	3	True	True
HEATR5A	2	True	False
HEATR5B	2	True	False
HEATR6	2	True	False
HEBP2	2	False	True
HECTD1	2	True	False
HECTD2	2	False	True
HECTD4	2	True	False
HEG1	2	True	False
HELLS	4	True	False
HELQ	3	True	True
HELZ	3	True	True
HELZ2	3	True	True
HEMK1	2	True	False
HERC1	4	True	False
HERC2	4	True	True
HERC2P2	2	True	False
HERC2P7	2	False	True
HERC2P9	2	True	False
HERC4	3	True	True
HERPUD2-AS1	3	True	False
HES7	2	False	True
HEXA	2	False	True
HEXD	3	True	True
HEXIM1	2	False	True
HGS	2	True	False
HGSNAT	3	True	False
HHIP	3	True	False
HIBCH	2	False	True
HIF1AN	4	True	True
HIGD1A	2	False	True
HIGD2A	2	False	True
HIKESHI	3	False	True
HILPDA	2	False	True
HINFP	2	True	False
HIP1	3	True	True
HIPK1	3	True	True
HIPK2	2	True	False
HIPK3	4	True	True
HIRA	2	True	False
HIRIP3	2	True	False
HIVEP2	3	True	True
HIVEP3	4	True	False
HJURP	3	True	False
HK1	2	True	False
HK2-DT	2	False	True
HLA-DPB1	2	False	True
HLA-E	2	False	True
HLA-F-AS1	2	True	False
HLCS	3	False	True
HLTF	3	True	True
HMCES	2	False	True
HMG20A	3	True	False
HMG20B	2	True	False
HMGA2	2	True	False
HMGB1	2	False	True
HMGB1P24	2	False	True
HMGB1P3	3	False	True
HMGB1P5	2	False	True
HMGB2	2	False	True
HMGCR	3	True	False
HMGCS1	2	False	True
HMGN1	3	True	True
HMGN2	3	False	True
HMGN3	2	False	True
HMGN5	3	False	True
HMGXB3	2	True	False
HMGXB4	3	False	True
HMMR	4	True	False
HMSD	3	True	True
HNMT	2	True	False
HNRNPA0	2	False	True
HNRNPA1	2	False	True
HNRNPA1P7	2	False	True
HNRNPA2B1	2	True	False
HNRNPA3	3	True	True
HNRNPAB	2	True	False
HNRNPC	3	True	True
HNRNPD	2	True	False
HNRNPD-DT	2	True	False
HNRNPF	2	False	True
HNRNPH1	2	True	False
HNRNPH2	5	False	True
HNRNPH3	3	True	True
HNRNPK	3	True	True
HNRNPLL	2	False	True
HNRNPM	4	True	False
HNRNPR	4	True	False
HNRNPU	5	True	True
HNRNPUL1	3	True	True
HNRNPUL2	4	True	True
HOMER1	2	True	False
HOMER3-AS1	2	True	False
HOMEZ	2	True	False
HOOK2	3	True	True
HOOK3	3	True	False
HOTAIRM1	3	False	True
HOXA-AS2	2	True	False
HOXA10	2	False	True
HOXA10-AS	2	False	True
HOXA11-AS	2	True	False
HOXA4	2	False	True
HOXA7	2	False	True
HOXA9	3	False	True
HOXB-AS1	4	True	True
HOXB-AS3	2	True	False
HOXB6	2	False	True
HOXB7	2	False	True
HOXC10	2	False	True
HOXC6	3	True	True
HOXC9	2	False	True
HOXD10	2	True	False
HOXD11_HOXD8	2	False	True
HOXD3	3	True	False
HOXD3_HOXD4	3	True	True
HOXD4	2	False	True
HOXD8	4	False	True
HP1BP3	3	True	True
HPF1	3	True	False
HPRT1	3	True	True
HPS1	3	True	False
HPS4	2	True	False
HPS5	2	True	False
HPSE	3	True	True
HRH1	4	True	True
HRK	4	False	True
HS1BP3	2	True	False
HS2ST1	3	True	False
HS3ST3A1	3	False	True
HS3ST3B1	2	False	True
HSCB	2	False	True
HSD11B1L	3	True	True
HSD17B1-AS1	2	False	True
HSD17B11	2	False	True
HSD17B12	2	True	False
HSD17B4	2	True	False
HSD17B7	2	True	False
HSD17B7P2	2	True	False
HSD3BP5	2	False	True
HSDL1	2	False	True
HSF1	2	True	False
HSF2BP	3	True	False
HSP90AA1	2	True	False
HSP90AB1	5	True	False
HSP90B1	2	True	False
HSP90B2P	2	False	True
HSPA12A	3	True	False
HSPA13	2	False	True
HSPA14	6	True	True
HSPA1A	5	True	True
HSPA4	3	True	False
HSPA4L	4	True	True
HSPBAP1	2	False	True
HSPBP1	2	False	True
HSPD1	3	True	False
HSPD1P11	2	True	False
HSPG2	2	True	False
HSPH1	2	True	False
HTATIP2	3	True	True
HTATSF1	2	True	False
HTATSF1P2	4	False	True
HTD2	3	True	True
HTR1B	3	False	True
HTR7P1	4	True	True
HTRA1	4	True	False
HTRA2	3	False	True
HTRA3	2	True	False
HTT	3	True	False
HUS1	3	True	False
HUWE1	2	False	True
HYKK	2	True	False
HYMAI	2	False	True
HYOU1	2	True	False
HYPK	3	True	True
IAH1	2	False	True
IARS2	2	True	False
IBTK	2	True	False
ICAM1	2	False	True
ICE2	2	True	False
ICMT	3	True	True
ID2-AS1	2	False	True
ID4	3	False	True
IDE	2	False	True
IDH3A	4	False	True
IDS	3	True	False
IER2	2	False	True
IER3IP1	2	False	True
IFFO1	2	False	True
IFI16	3	True	False
IFI44L	3	True	True
IFIT2	3	False	True
IFIT3	3	False	True
IFIT5	4	False	True
IFITM1	2	False	True
IFNAR1	2	True	False
IFNE	2	False	True
IFRD1	2	False	True
IFT140	2	True	False
IFT172	2	False	True
IFT20	2	False	True
IFT22	2	True	False
IFT43	3	True	False
IFT57	2	True	False
IFT74	2	True	False
IFT81	3	True	False
IGF1R	2	True	False
IGF2	3	False	True
IGF2BP1	2	True	False
IGF2BP2	2	True	False
IGF2R	2	True	False
IGFBP5	2	False	True
IGFL2-AS1	4	True	True
IGHMBP2	2	True	False
IGIP	2	False	True
IK	4	True	False
IKBIP	2	True	False
IKBKB	4	True	True
IKBKE	2	True	False
IKZF5	2	True	False
IL11	2	False	True
IL13RA1	2	True	False
IL15	2	False	True
IL17RA	2	True	False
IL18BP	2	True	False
IL1R1	2	True	False
IL1RAP	2	False	True
IL32	2	False	True
IL6ST	3	True	True
IL7R	4	True	True
ILF3	3	True	False
ILF3-DT	2	False	True
ILKAP	2	True	False
ILRUN	3	True	True
IMMT	3	True	False
IMP4	2	False	True
IMPA1	4	True	False
IMPACT	2	True	False
INCENP	5	True	False
INF2	2	True	False
ING1	3	False	True
ING2	2	False	True
ING3	3	True	True
ING5	5	True	False
INHBA	4	False	True
INHBA-AS1	2	False	True
INIP	3	True	True
INKA2	4	True	True
INKA2-AS1	3	False	True
INO80D	2	True	False
INPP1	2	True	False
INPP4A	2	True	False
INPP4B	3	True	True
INPP5B	4	True	False
INPP5K	2	True	False
INSIG1	4	False	True
INSIG2	3	False	True
INTS10	3	True	False
INTS11	2	True	False
INTS12	2	True	False
INTS2	2	False	True
INTS3	2	True	False
INTS4	2	True	False
INTS6	2	True	False
INTS7	2	False	True
INTS8	3	True	False
INVS	2	True	False
IP6K1	2	True	False
IP6K2	3	True	True
IP6K3	2	True	False
IPMK	3	True	True
IPO11	3	True	True
IPO13	2	False	True
IPO5	2	True	False
IPO7	3	True	True
IPP	5	True	True
IQCB1	5	True	False
IQCE	3	True	False
IQCG	2	True	False
IQCK	3	True	True
IQGAP1	2	True	False
IQGAP2	2	True	False
IQGAP3	2	True	False
IQSEC1	2	True	False
IRAK4	3	True	True
IREB2	2	True	False
IRF1	2	True	False
IRF1-AS1_RAD50	4	True	False
IRF2	2	True	False
IRF2-DT	2	False	True
IRF2BP2	2	False	True
IRGM_SMIM3	2	True	False
IRS1	3	False	True
IRX5	3	False	True
ISCA1	3	False	True
ISCA2	2	False	True
IST1	2	True	False
ISY1	3	True	False
ITFG1	2	False	True
ITFG2	3	True	True
ITGA1	4	True	True
ITGA10	3	False	True
ITGA11	2	True	False
ITGA2	2	True	False
ITGA4	2	True	False
ITGA6	3	False	True
ITGA9-AS1	5	True	True
ITGAV	3	True	False
ITGB1	2	True	False
ITGB1-DT	4	True	True
ITGB3	4	True	False
ITGB3BP	2	True	False
ITGB5	2	False	True
ITGBL1	2	True	False
ITM2B	4	True	True
ITPR2	2	True	False
ITPR3	3	True	False
ITPRID2	2	True	False
ITPRIPL1	3	True	True
ITPRIPL2	3	True	False
ITSN1	2	True	False
ITSN2	2	True	False
IVNS1ABP	2	False	True
IWS1	3	True	False
JADE1	3	True	False
JADE2	3	True	False
JAG1	2	False	True
JAK1	2	True	False
JAK2	2	False	True
JAM2	2	False	True
JAM3	3	True	False
JARID2	2	False	True
JCAD	3	False	True
JMJD1C	3	True	False
JMJD1C-AS1	4	False	True
JMJD6	2	True	False
JMY	3	True	False
JPT1	4	True	False
JPT2	4	True	True
JPX	2	True	False
JRK	2	True	False
JRKL	4	False	True
JSRP1	2	False	True
JUN	2	False	True
JUND	2	False	True
KALRN	4	True	True
KANK1	2	True	False
KANK2	2	True	False
KANSL1	2	True	False
KANSL2	2	True	False
KANSL3	2	True	False
KAT14	3	True	True
KAT6A	2	True	False
KAT6B	2	True	False
KAT7	2	True	False
KAT8	2	True	False
KATNA1	2	True	False
KATNAL1	2	True	False
KATNAL2	2	True	False
KATNBL1	2	False	True
KATNIP	2	True	False
KAZALD1	3	True	False
KBTBD11	2	True	False
KBTBD11-OT1	2	False	True
KBTBD2	4	False	True
KBTBD7	2	False	True
KCCAT198	3	True	False
KCMF1	3	False	True
KCND1	2	False	True
KCNE4	3	True	False
KCNIP3	2	False	True
KCNJ15	2	False	True
KCNJ8	2	False	True
KCNK2	3	False	True
KCNK6	2	True	False
KCNQ3	3	True	True
KCNQ5	2	False	True
KCTD12	2	False	True
KCTD15	2	True	False
KCTD20	5	True	True
KCTD21-AS1	3	True	True
KCTD3	2	False	True
KCTD4	2	False	True
KCTD5	2	True	False
KCTD9	2	False	True
KDELR1	2	False	True
KDELR2	3	False	True
KDELR3	3	True	True
KDM1A	2	True	False
KDM2A	3	True	False
KDM3A	2	True	False
KDM4A	3	True	True
KDM4A-AS1	2	True	False
KDM4B	3	True	False
KDM4D	2	True	False
KDM5A	4	True	True
KDM5B	4	True	True
KDM6A	2	True	False
KDM6B	2	False	True
KDM7A-DT	2	True	False
KEAP1	2	False	True
KHDC1	4	True	True
KHDC1-AS1	5	True	True
KHDRBS1	4	True	True
KHNYN	2	True	False
KIAA0100	2	True	False
KIAA0232	2	True	False
KIAA0319L	2	True	False
KIAA0408	3	False	True
KIAA0586	3	True	True
KIAA0753	2	True	False
KIAA0825	2	False	True
KIAA0930	2	False	True
KIAA1217	4	True	True
KIAA1522	3	True	False
KIAA1549	2	False	True
KIAA1549L	2	True	False
KIAA1586	5	False	True
KIAA1614	3	True	False
KIAA1614-AS1_STX6	2	False	True
KIAA2013	2	False	True
KIAA2026	4	True	True
KICS2	3	True	False
KIDINS220	3	True	False
KIF13B	2	True	False
KIF14	2	True	False
KIF15	2	True	False
KIF16B	4	True	True
KIF18A	2	True	False
KIF1B	2	True	False
KIF1C	3	True	False
KIF20A	2	True	False
KIF20B	3	True	False
KIF21A	3	True	False
KIF23	2	True	False
KIF23-AS1	2	True	False
KIF24	4	True	True
KIF2A	2	True	False
KIF3A	2	True	False
KIF3B	4	True	True
KIF4A	3	True	False
KIF5B	3	True	True
KIF7	2	True	False
KIF9-AS1	4	True	True
KIFBP	3	True	True
KIFC1	2	True	False
KIFC3	2	True	False
KIN	3	True	False
KIRREL1	3	True	True
KIRREL3	2	True	False
KIT	2	True	False
KITLG	3	True	False
KIZ	4	True	False
KLC1	4	True	True
KLC2	2	True	False
KLF10	2	True	False
KLF11	4	True	True
KLF12	3	True	False
KLF13	2	True	False
KLF3	2	True	False
KLF5	4	True	True
KLHDC10	2	True	False
KLHDC2	2	True	False
KLHDC4	2	True	False
KLHL18	2	True	False
KLHL2	2	True	False
KLHL20	3	False	True
KLHL22	2	True	False
KLHL23	4	True	True
KLHL23_SSB	2	True	False
KLHL24	3	False	True
KLHL28	2	True	False
KLHL29	2	True	False
KLHL36	2	True	False
KLHL41	2	False	True
KLHL42	3	False	True
KLHL5	4	True	True
KLHL7	2	True	False
KLHL8	5	True	False
KLHL9	2	True	False
KMT2A	3	True	False
KMT2C	2	True	False
KMT2D	2	True	False
KMT2E	3	True	False
KMT5A	5	True	True
KMT5B	2	True	False
KNL1	2	True	False
KNOP1	3	True	True
KPNA1	2	True	False
KPNA2	2	False	True
KPNA3	3	True	True
KPNA4	4	True	True
KPNA5	3	True	False
KPNA6	2	True	False
KPNB1	2	False	True
KPNB1-DT	2	True	False
KRAS	2	False	True
KRBA1	2	True	False
KRBOX4	2	False	True
KRI1	4	True	True
KRIT1	2	True	False
KRR1	2	False	True
KRT18P12	2	False	True
KRT34	2	False	True
KRT7	3	True	False
KRT8	3	True	False
KSR1	2	True	False
KTN1	2	True	False
KTN1-AS1	2	True	False
KYAT1	2	False	True
L2HGDH	3	True	False
L3HYPDH	2	False	True
L3MBTL1	3	True	False
L3MBTL3	3	True	False
LACC1	3	True	True
LACTB	3	True	False
LACTB2	3	True	True
LAMA1	2	False	True
LAMA3	2	True	False
LAMA4	2	True	False
LAMB1	2	True	False
LAMP2	3	True	True
LAMTOR3	3	False	True
LAMTOR5	2	False	True
LAMTOR5-AS1	2	True	False
LANCL1	2	True	False
LANCL2	2	True	False
LAP3	2	True	False
LAPTM4B	2	False	True
LARP1	2	True	False
LARP1B	2	True	False
LARP4B	2	True	False
LARP7	3	True	True
LARS1	2	False	True
LARS2	2	True	False
LAS1L	3	True	False
LAT	2	False	True
LATS2	2	True	False
LAYN	3	True	True
LBH	3	True	True
LBR	3	True	False
LCA5	5	True	True
LCMT1-AS1	2	True	False
LCOR	3	True	False
LCORL	2	True	False
LDAF1	3	True	True
LDB2	2	True	False
LDLR	3	True	False
LDLRAD3	2	True	False
LDLRAP1	2	True	False
LEAP2_UQCRQ	2	False	True
LEMD2	3	True	True
LENG1	3	True	False
LENG8-AS1	3	True	True
LEO1	3	True	False
LEPR	2	True	False
LEPROT	2	True	False
LEPROTL1	3	True	True
LETM1	4	False	True
LETM2	2	False	True
LGALS3_MAPK1IP1L	2	False	True
LGALS8	3	True	True
LGALSL	3	True	True
LHFPL2	4	True	True
LHPP	2	True	False
LHX9	4	False	True
LIAS	3	True	True
LIF-AS2	2	False	True
LIFR	3	True	False
LIG1	2	True	False
LIG3	3	True	True
LIMA1	3	True	True
LIMCH1	3	True	False
LIMD1-AS1	2	False	True
LIMK1	2	False	True
LIMK2	4	True	True
LIMS1	2	False	True
LIMS3	2	True	False
LIMS4	3	True	True
LIN52	3	True	True
LIN54	4	True	True
LIN7A	3	True	True
LIN7C	4	False	True
LIN9	4	True	False
LINC-PINT	2	True	False
LINC00205	2	True	False
LINC00467	4	True	True
LINC00471	2	False	True
LINC00475	3	True	True
LINC00476	2	False	True
LINC00520	2	True	False
LINC00551	2	True	False
LINC00571	2	True	False
LINC00589	2	True	False
LINC00623	2	True	False
LINC00629	2	False	True
LINC00632	4	False	True
LINC00662	2	True	False
LINC00663	4	True	True
LINC00665	2	True	False
LINC00667	3	True	False
LINC00674	4	True	False
LINC00680	3	False	True
LINC00702	3	True	True
LINC00705	2	True	False
LINC00707	2	False	True
LINC00839	2	True	False
LINC00842	4	True	True
LINC00847	2	False	True
LINC00863	3	True	False
LINC00882	4	True	False
LINC00888	2	True	False
LINC00894	2	True	False
LINC00899	2	False	True
LINC00910	2	False	True
LINC00960	2	True	False
LINC00963	4	True	True
LINC00973	3	True	True
LINC01004	2	False	True
LINC01006	2	True	False
LINC01011	2	True	False
LINC01085	2	False	True
LINC01111	2	False	True
LINC01116	2	False	True
LINC01117	2	False	True
LINC01119_SOCS5	2	True	False
LINC01128	3	True	False
LINC01137	2	True	False
LINC01145	2	True	False
LINC01182	2	False	True
LINC01184	4	True	True
LINC01186	2	True	False
LINC01275	2	True	False
LINC01278	2	True	False
LINC01291	2	True	False
LINC01301	2	True	False
LINC01303	2	False	True
LINC01355	3	True	True
LINC01358	3	True	False
LINC01409	4	True	True
LINC01410	3	True	False
LINC01521	2	True	False
LINC01547	2	True	False
LINC01551	3	True	False
LINC01560	2	False	True
LINC01572	3	True	False
LINC01588	2	True	False
LINC01602	3	False	True
LINC01629	2	True	False
LINC01638	2	True	False
LINC01715	2	False	True
LINC01778	2	False	True
LINC01836	3	True	True
LINC01881	2	True	False
LINC01963	2	False	True
LINC02035	2	False	True
LINC02057	4	True	True
LINC02202	3	True	True
LINC02210	3	True	True
LINC02223	3	True	False
LINC02289	2	False	True
LINC02381	2	False	True
LINC02422	2	False	True
LINC02447	2	True	False
LINC02454	5	True	True
LINC02541	2	True	False
LINC02549	2	True	False
LINC02595	2	False	True
LINC02609	2	True	False
LINC02614	2	True	False
LINC02615	2	True	False
LINC02762	2	True	False
LINC02762_PTS	2	True	False
LINC02783	2	True	False
LINC02802	2	True	False
LINC02861	2	False	True
LINC02910	2	False	True
LINP1	2	True	False
LINS1	4	True	True
LIPE-AS1	2	True	False
LIPT1	2	False	True
LIPT1_MRPL30	3	True	True
LIPT2	3	False	True
LITAF	2	False	True
LIX1L	3	False	True
LLPH	3	True	True
LMAN2	2	False	True
LMAN2L	3	True	True
LMBR1	2	False	True
LMNA	3	True	True
LMNB1	3	True	False
LMO4	3	False	True
LMOD1	3	False	True
LMTK2	3	True	False
LMTK3	2	True	False
LNCOG	2	True	False
LNCTAM34A	2	True	False
LNPK	2	True	False
LOH12CR2	2	False	True
LONP2	2	True	False
LOXL1-AS1	3	True	False
LPAR1	2	True	False
LPCAT2	4	True	False
LPGAT1	3	True	True
LPIN1	2	True	False
LPIN2	3	True	False
LPP	2	True	False
LPP-AS2	3	True	True
LRATD1	2	True	False
LRATD2	2	False	True
LRBA	3	True	False
LRCH1	2	True	False
LRCH2	2	True	False
LRCH3	2	True	False
LRCH4	2	True	False
LRIF1	3	False	True
LRIG2	5	True	True
LRIG3	2	False	True
LRP1	2	False	True
LRP10	3	True	True
LRP12	2	True	False
LRP6	3	True	False
LRP8	2	False	True
LRPPRC	3	False	True
LRRC1	5	True	True
LRRC17	3	True	True
LRRC2	2	False	True
LRRC23	2	True	False
LRRC27	2	True	False
LRRC28	2	True	False
LRRC34	2	True	False
LRRC37A2	2	True	False
LRRC37B	3	True	False
LRRC37BP1	2	True	False
LRRC37BP1_SMURF2P1	2	False	True
LRRC41	2	True	False
LRRC49	5	True	True
LRRC51	3	True	True
LRRC58	2	True	False
LRRC59	2	False	True
LRRC75B	2	True	False
LRRC8A	2	True	False
LRRC8C	2	True	False
LRRC8C-DT	3	True	True
LRRCC1	3	True	True
LRRFIP1	2	True	False
LRRFIP2	2	True	False
LRSAM1	3	True	False
LSG1	5	True	True
LSM11	2	True	False
LSM12	4	True	True
LSM12P1	3	False	True
LSM14A	2	True	False
LSM14B	2	True	False
LSM6	2	False	True
LSP1P4	2	True	False
LSP1P5	2	True	False
LTB4R2	3	True	True
LTBP1	3	False	True
LTBP3	2	False	True
LTN1	4	True	True
LTO1	3	True	False
LTV1	3	True	False
LUC7L	2	True	False
LUC7L2	4	True	True
LUC7L3	3	True	False
LURAP1	3	False	True
LURAP1L	3	True	True
LURAP1L-AS1	4	True	True
LUZP1	2	False	True
LY6E-DT	2	True	False
LYAR	2	True	False
LYNX1	2	False	True
LYPD1	2	True	False
LYPD6	3	True	False
LYPD6B	2	True	False
LYPLA1	2	False	True
LYRM2	2	False	True
LYRM4	2	True	False
LYRM4-AS1	5	True	True
LYRM7	3	True	True
LYRM9	3	True	True
LYSMD4	3	True	False
LYST	3	True	False
LZIC	3	True	True
LZTFL1	2	True	False
LZTR1	2	False	True
M6PR	2	True	False
MAB21L1	3	False	True
MAB21L2	3	False	True
MACIR	2	False	True
MACO1	3	True	True
MACROH2A1	2	False	True
MADD	2	True	False
MAEA	3	True	True
MAF	3	True	True
MAGEH1	2	False	True
MAGI1	2	True	False
MAGI2-AS3	3	True	True
MAGI3	2	True	False
MAGT1	2	False	True
MAILR	3	True	False
MAIP1	2	False	True
MAK16	2	True	False
MALAT1_NEAT1	3	False	True
MALT1	2	True	False
MAMSTR	3	True	True
MAN1A2	3	True	False
MAN1B1	4	True	True
MAN2A1	3	True	False
MAN2A2	2	True	False
MAN2B2	2	True	False
MANBA	2	False	True
MANCR	2	True	False
MANEA	2	False	True
MANF	2	False	True
MAP10	2	True	False
MAP1A	4	True	True
MAP1B	3	True	True
MAP1LC3B	3	False	True
MAP2	3	True	False
MAP2K4	3	True	False
MAP3K1	4	True	False
MAP3K12	2	False	True
MAP3K13	2	False	True
MAP3K14	2	True	False
MAP3K3	2	True	False
MAP3K4	2	True	False
MAP3K5	2	False	True
MAP3K7	4	True	True
MAP3K8	2	True	False
MAP3K9-DT	2	False	True
MAP4K3	2	True	False
MAP4K3-DT	3	True	False
MAP4K4	2	False	True
MAP4K5	3	True	True
MAP7	2	False	True
MAP7D3	3	True	False
MAP9	2	True	False
MAPK13	2	True	False
MAPK14	3	True	True
MAPK1IP1L	3	False	True
MAPK6	2	True	False
MAPK8	3	True	True
MAPK8IP3	2	True	False
MAPKAP1	3	True	True
MAPKAPK2	2	False	True
MAPKAPK3	2	False	True
MAPRE1	2	False	True
MAPRE3	2	True	False
MARCHF3	3	False	True
MARCHF5	4	True	True
MARCHF6	2	True	False
MARCHF7	2	True	False
MARCHF9	2	True	False
MARCKS	2	False	True
MARCKSL1	2	False	True
MARF1	3	True	True
MARK2	2	False	True
MARK3	3	True	True
MARK4	4	True	False
MAST2	2	True	False
MAST4	2	True	False
MAT2B	2	False	True
MATR3	4	True	True
MATR3_PAIP2	2	False	True
MAVS	4	True	False
MB21D2	3	False	True
MBD1	3	True	False
MBD4	2	False	True
MBD5	2	False	True
MBIP	2	True	False
MBLAC2	2	False	True
MBNL1	2	True	False
MBNL2	3	True	True
MBOAT2	3	True	True
MBOAT7	2	False	True
MBP	3	True	False
MBTD1	2	True	False
MBTPS1	3	True	False
MBTPS2	2	True	False
MCAM	2	True	False
MCCC1	3	True	False
MCCC2	3	True	True
MCEE	2	False	True
MCL1	3	True	True
MCM10	3	True	True
MCM3	2	True	False
MCM3AP	2	False	True
MCM3AP-AS1	4	True	True
MCM4	2	True	False
MCM5	2	True	False
MCM8	3	True	False
MCM9	3	True	False
MCMBP	2	False	True
MCPH1	2	True	False
MCPH1-AS1	3	True	True
MCPH1-DT	2	False	True
MCTP1	3	True	False
MCU	2	True	False
MCUR1	2	True	False
MDC1	2	False	True
MDFIC	2	True	False
MDGA1	3	True	False
MDM1	2	True	False
MDM2	3	True	False
MDM4	3	True	True
ME1	2	False	True
ME2	2	True	False
MEAF6	2	False	True
MEAK7	4	True	True
MECOM	2	False	True
MECP2	2	True	False
MED1	2	True	False
MED10	2	True	False
MED13	3	True	False
MED13L	2	False	True
MED14	3	True	True
MED15	2	True	False
MED18	2	False	True
MED21	3	False	True
MED23	3	True	False
MED24	2	True	False
MED25	2	True	False
MED28	3	False	True
MED29	2	True	False
MED31	2	True	False
MED4	2	True	False
MED6	2	True	False
MED7	2	False	True
MED8	2	False	True
MED9	2	True	False
MEF2A	4	True	True
MEF2D	2	False	True
MEG3	3	True	False
MEG8	2	True	False
MEGF8	2	True	False
MEIG1	2	False	True
MEIOB	3	True	False
MEIOC	3	True	True
MEIS1	3	True	True
MEIS2	3	False	True
MEIS3P1	2	False	True
MELK	3	True	False
MELTF	2	True	False
MEOX2	2	True	False
MESD	4	True	True
METAP1	3	True	True
METAP1D	3	True	True
METAP2	2	True	False
METRNL	2	False	True
METTL1	2	True	False
METTL13	3	True	False
METTL14	2	True	False
METTL15	3	True	False
METTL16	2	True	False
METTL18	2	False	True
METTL21A	3	True	False
METTL25	2	True	False
METTL2A	3	True	True
METTL2B	4	True	True
METTL3	3	True	False
METTL4	4	True	True
METTL6	3	True	True
METTL8	2	False	True
METTL9	3	False	True
MFAP1	3	True	False
MFAP3	3	True	True
MFAP3L	2	True	False
MFAP4	2	False	True
MFAP5	2	False	True
MFF	3	False	True
MFN1	2	True	False
MFNG	2	True	False
MFSD1	2	True	False
MFSD11	3	True	True
MFSD12	2	True	False
MFSD13A	2	True	False
MFSD14A	3	False	True
MFSD14C	4	True	True
MFSD4B	4	True	True
MFSD6	2	False	True
MFSD8	3	True	True
MGARP	2	True	False
MGAT2	3	False	True
MGAT5	2	True	False
MGAT5B	2	True	False
MGLL	2	False	True
MGME1	3	True	True
MGMT	2	True	False
MGRN1	3	True	False
MIA2	4	True	True
MIA3	3	True	True
MIB1	3	True	False
MIB2	2	True	False
MICAL2	2	True	False
MICAL3	4	True	True
MICALL1	4	True	True
MICALL2	2	True	False
MICB-DT	2	True	False
MICE	2	False	True
MICU1	2	True	False
MID1	3	True	True
MIEF1	2	True	False
MIER1	3	True	False
MIER3	3	True	False
MIGA1	2	True	False
MINCR	2	False	True
MINDY1	2	False	True
MINDY2	3	True	False
MINDY3	2	True	False
MINK1	4	True	False
MIOS	4	True	True
MIPEP	3	True	False
MIPEPP3	4	True	True
MIPOL1	2	True	False
MIR100HG	2	False	True
MIR137HG	3	False	True
MIR155HG	2	False	True
MIR181A1HG	3	True	True
MIR181A2HG	3	True	True
MIR193BHG	3	True	True
MIR222HG	3	False	True
MIR31HG	3	True	True
MIR3659HG	2	True	False
MIR3936HG	2	False	True
MIR4453HG	3	False	True
MIR4458HG	3	False	True
MIR503HG	2	False	True
MIR924HG	2	True	False
MIR99AHG	2	True	False
MIRLET7A1HG	2	True	False
MIRLET7IHG	3	True	True
MIS18A	2	False	True
MIS18BP1	2	True	False
MITD1	2	True	False
MITF	3	True	True
MIX23	3	True	True
MKI67	4	False	True
MKLN1	2	True	False
MKNK1	3	True	False
MKNK2	2	False	True
MKRN1	2	True	False
MKRN2	3	True	True
MKS1	2	True	False
MKX	4	True	True
MLEC	3	True	True
MLF1	2	False	True
MLH1	2	True	False
MLH3	2	True	False
MLKL	3	True	False
MLLT10	3	True	False
MLLT3	4	True	True
MLLT6	3	True	True
MLX	3	True	True
MMAA	3	True	True
MMADHC	2	True	False
MMD	2	False	True
MME	2	True	False
MMGT1	2	True	False
MMP14	3	False	True
MMP16	3	True	True
MMP19	2	True	False
MMP2	2	True	False
MMP24OS	3	False	True
MMUT	3	False	True
MNAT1	3	True	False
MND1	2	True	False
MNS1	2	True	False
MOB1A	3	False	True
MOB4	2	False	True
MOCOS	3	True	False
MOCS2	4	True	True
MOCS2-DT	4	True	True
MOK	2	True	False
MON2	3	False	True
MORC2	2	True	False
MORC4	2	True	False
MORF4L1	2	True	False
MORF4L1P1	2	False	True
MORF4L2	2	False	True
MOSMO	3	True	False
MOSPD1	2	True	False
MOSPD2	2	True	False
MOSPD3	2	True	False
MOV10L1	3	True	False
MOXD1	2	False	True
MPC1	2	False	True
MPDZ	2	False	True
MPHOSPH6	4	True	True
MPHOSPH8	3	True	True
MPHOSPH9	2	True	False
MPI	3	True	False
MPND	2	True	False
MPP3	3	True	True
MPP4	2	True	False
MPP7	2	False	True
MPZ	2	True	False
MPZL1	4	True	True
MR1	2	False	True
MRAS	3	True	False
MRE11	2	False	True
MREG	2	True	False
MRGBP	2	False	True
MRI1	3	True	False
MRM2	2	False	True
MRM3	2	True	False
MRPL1	2	True	False
MRPL12	2	True	False
MRPL16	2	False	True
MRPL19	2	False	True
MRPL2	2	True	False
MRPL21	2	True	False
MRPL3	3	True	True
MRPL30	2	True	False
MRPL35	3	False	True
MRPL35P3	2	False	True
MRPL40P1	2	False	True
MRPL42	2	False	True
MRPL43	2	True	False
MRPL44	3	True	True
MRPL45P2	2	True	False
MRPL47	2	False	True
MRPL49	2	False	True
MRPL52	2	False	True
MRPL9	2	True	False
MRPS10	3	False	True
MRPS11	2	True	False
MRPS16	2	False	True
MRPS18A	3	False	True
MRPS18C	2	False	True
MRPS22	3	True	False
MRPS28	2	False	True
MRPS31	3	True	False
MRPS31P4	2	True	False
MRPS31P5	2	True	False
MRPS34	2	False	True
MRPS35	3	True	True
MRPS5	3	True	False
MRPS6	2	False	True
MRPS7	2	False	True
MRPS9	2	True	False
MRRF	2	False	True
MRS2	2	True	False
MRTFA	4	True	False
MRTFB	2	True	False
MRTO4	3	False	True
MSANTD2	2	False	True
MSANTD3	2	False	True
MSANTD3-TMEFF1	2	False	True
MSANTD4	2	True	False
MSC-AS1	3	True	False
MSH2	2	True	False
MSH3	4	True	True
MSH5	2	True	False
MSH6	3	True	False
MSL2	2	False	True
MSL3	2	True	False
MSMO1	3	True	True
MSN	3	True	False
MSRB1	2	False	True
MSRB3	2	True	False
MSTO1	2	False	True
MSTO1_MSTO2P	2	False	True
MSTO2P	2	True	False
MT-ATP6_MT-RNR1	2	False	True
MT-CO1_MT-RNR1	4	False	True
MT-CO2_MT-RNR1	2	False	True
MT-CO3	2	False	True
MT-CYB	2	False	True
MT-ND1	2	False	True
MT-ND1_MT-RNR1	3	False	True
MT-ND2	2	False	True
MT-ND3_MT-RNR1	2	True	False
MT-ND4_MT-RNR1	2	False	True
MT-ND5_MT-RNR2	2	False	True
MT-ND6	2	True	False
MT-RNR1	2	False	True
MT-RNR2	2	False	True
MTA3	2	True	False
MTAP	2	False	True
MTARC2	2	False	True
MTBP	2	True	False
MTCH2	2	False	True
MTCL1	2	True	False
MTCP1	2	True	False
MTDH	3	True	False
MTERF1	2	True	False
MTERF2	2	False	True
MTERF4	4	True	True
MTF1	4	True	True
MTF2	3	True	True
MTFMT	3	True	True
MTFR1	3	True	False
MTFR1L	3	False	True
MTG1	2	True	False
MTG2	4	True	True
MTHFD1	2	True	False
MTHFD1L	3	True	False
MTHFD2	3	False	True
MTHFD2L	3	False	True
MTHFSD	2	True	False
MTIF2	3	True	False
MTIF3	3	True	False
MTM1	2	True	False
MTMR1	3	True	False
MTMR12	2	True	False
MTMR2	3	True	True
MTMR3	2	True	False
MTMR9	2	False	True
MTND2P28	2	False	True
MTO1	2	True	False
MTR	2	True	False
MTRES1	2	True	False
MTREX	3	True	True
MTRF1	4	True	True
MTRF1L	4	True	True
MTRFR	3	False	True
MTSS2	2	True	False
MTURN	3	True	True
MTX2	2	False	True
MTX3	2	True	False
MUC20	2	True	False
MUC20-OT1	2	True	False
MUL1	2	True	False
MVB12A	2	True	False
MVB12B	4	True	True
MVD	2	True	False
MX2	4	True	True
MXD1	3	True	False
MXD3	2	True	False
MXD4	2	False	True
MXI1	2	False	True
MXRA7	5	True	True
MYB	2	True	False
MYBBP1A	3	True	True
MYBL1	3	True	False
MYCBP	2	False	True
MYCBP2	3	True	True
MYEF2	3	True	False
MYH10	2	True	False
MYL6_MYL6B	2	True	False
MYLK	2	False	True
MYLK-AS1	2	True	False
MYNN	2	True	False
MYO10	3	True	False
MYO18A	2	True	False
MYO19	2	True	False
MYO1B	3	True	True
MYO1C	2	False	True
MYO1E	2	True	False
MYO6	3	True	False
MYO9A	3	True	False
MYO9B	2	False	True
MYOSLID	3	False	True
MYPN	3	True	False
MYSM1	2	True	False
MZF1-AS1	2	True	False
MZT1	3	False	True
Metazoa_SRP	4	True	False
N4BP1	2	True	False
N4BP2	3	True	False
N4BP2L1	3	True	True
N4BP2L2	3	True	True
N4BP2L2-IT2	3	True	True
N6AMT1	3	True	True
NAA15	2	True	False
NAA16	3	True	False
NAA25	2	True	False
NAA35	2	True	False
NAA40	3	True	False
NAA50	2	False	True
NAA60	2	True	False
NAAA	3	True	True
NAAA_SDAD1	2	True	False
NAB1	3	True	False
NABP1	3	True	True
NADK	2	False	True
NADK2	3	False	True
NADSYN1	3	True	False
NAE1	3	True	False
NAF1	4	True	True
NAIF1	2	True	False
NAIPP2	2	False	True
NALCN	4	True	False
NAMPT	2	False	True
NANOS1	2	True	False
NANP	3	False	True
NAP1L1	3	True	True
NAP1L4	3	True	False
NAP1L5	2	False	True
NAPB	2	True	False
NAPEPLD	2	False	True
NAPG	3	True	True
NARS1	2	True	False
NARS2	2	True	False
NASP	3	True	True
NAT10	2	True	False
NAV1	3	True	True
NAV2	2	True	False
NAV2-AS6	3	False	True
NAXE	2	False	True
NBAS	2	True	False
NBEAL1	2	True	False
NBEAP2	2	False	True
NBL1	2	False	True
NBN	4	True	False
NBPF1	3	True	True
NBPF10	3	True	False
NBPF12	3	True	False
NBPF14	2	True	False
NBPF15	2	True	False
NBPF19	3	True	False
NBPF20_NBPF25P	3	True	False
NBPF26	2	True	False
NBPF3	2	True	False
NBPF8	2	False	True
NBPF9	3	True	True
NBR1	3	False	True
NBR2	3	True	False
NCAPD2	3	True	True
NCAPD3	2	True	False
NCAPG	3	True	False
NCAPG2	2	True	False
NCAPH	2	True	False
NCBP1	3	True	True
NCBP2	3	True	True
NCBP3	3	True	False
NCEH1	3	True	True
NCK1	3	True	True
NCK2	3	True	False
NCKAP5	5	True	True
NCKAP5-AS2	2	False	True
NCKAP5L	2	True	False
NCKIPSD	2	True	False
NCL	4	True	False
NCLN	3	True	True
NCOA1	4	True	True
NCOA3	3	True	True
NCOA4	3	True	True
NCOA7	3	True	False
NCOR1	2	True	False
NCOR2	3	True	False
NCS1	3	False	True
NDC1	2	False	True
NDC80	2	True	False
NDE1	4	True	False
NDEL1	3	True	False
NDFIP1	3	True	True
NDFIP2	2	False	True
NDOR1	3	True	False
NDRG4	2	False	True
NDST1	2	True	False
NDST2	2	True	False
NDUFA13_YJEFN3	2	True	False
NDUFA5	2	False	True
NDUFAF1	2	True	False
NDUFAF2	2	False	True
NDUFAF6	2	True	False
NDUFAF7	3	True	True
NDUFB5	2	False	True
NDUFS1	2	False	True
NDUFS5	3	True	True
NDUFV3	2	True	False
NDUFV3_PKNOX1	2	True	False
NEAT1	2	True	False
NECAB3	2	True	False
NECAP1	2	True	False
NECAP2	3	True	False
NECTIN2	2	True	False
NECTIN3	4	False	True
NECTIN3-AS1	3	True	True
NEDD1	2	False	True
NEDD4	4	True	False
NEDD4L	3	True	True
NEDD9	2	True	False
NEFH	4	False	True
NEFL	2	False	True
NEFM	3	False	True
NEIL3	2	True	False
NEK1	4	True	False
NEK11	2	True	False
NEK2	2	True	False
NEK3	2	True	False
NEK4	3	True	True
NEK6	3	True	True
NEK7	2	True	False
NEK8	2	True	False
NELFA	2	False	True
NELFCD	3	True	False
NELFE	2	False	True
NEMF	3	False	True
NEMP1	3	False	True
NEMP2	3	True	True
NEO1	2	True	False
NEPRO	3	True	True
NES	2	False	True
NET1	3	True	True
NETO2	2	True	False
NEU3	3	True	False
NEXN	3	True	False
NF2	2	True	False
NFATC1	2	True	False
NFATC2IP	2	False	True
NFATC3	2	True	False
NFE2L1	2	True	False
NFE2L2	2	True	False
NFIA	2	False	True
NFIB	2	False	True
NFIC	2	True	False
NFIX	2	True	False
NFKB1	2	False	True
NFKB2	2	True	False
NFKBIA	2	False	True
NFKBIZ	3	False	True
NFX1	3	True	False
NFXL1	3	True	True
NFYA	2	True	False
NFYB	3	True	True
NFYC	2	False	True
NFYC-AS1	3	False	True
NGLY1	2	False	True
NGRN	2	False	True
NHEJ1	2	False	True
NHLRC2	3	True	False
NHLRC3	3	True	True
NIBAN1	3	True	False
NIFK	3	True	True
NIFK-AS1	2	False	True
NIN	3	True	False
NINJ2-AS1	2	False	True
NINL	2	False	True
NIP7	3	False	True
NIPA1	2	True	False
NIPA2	4	True	True
NIPAL1	2	True	False
NIPAL3	5	True	False
NIPBL-DT	3	True	True
NIPSNAP1	2	False	True
NIPSNAP2	3	False	True
NIPSNAP3A	2	False	True
NIPSNAP3B	2	True	False
NISCH	2	True	False
NIT1	2	True	False
NIT2	2	False	True
NKAIN4	2	False	True
NKAP	3	True	False
NKAPD1	2	False	True
NKAPL	2	False	True
NKAPP1	2	True	False
NKIRAS1	3	True	True
NKIRAS2	2	False	True
NKTR	3	False	True
NLGN2	2	True	False
NLK	2	True	False
NLN	3	True	True
NLRC5	2	True	False
NLRP1	3	True	False
NMD3	2	False	True
NME4	2	False	True
NME7	2	True	False
NMI	3	True	False
NMNAT1	5	True	True
NMRAL1	2	True	False
NMRK1	2	True	False
NMT2	2	True	False
NNT	3	True	True
NNT-AS1	2	False	True
NOA1	2	False	True
NOB1	2	True	False
NOC2L	3	True	True
NOC3L	4	True	False
NOCT	3	True	True
NOL10	3	True	False
NOL12	2	False	True
NOL3	2	False	True
NOL4L	2	True	False
NOL6	2	False	True
NOL7	2	True	False
NOL9	3	True	False
NOLC1	3	True	False
NOM1	3	True	False
NOMO2	4	True	True
NOMO3	2	False	True
NONO	2	True	False
NOP14	6	True	True
NOP14-AS1	2	True	False
NOP2	2	True	False
NOP58	2	True	False
NOP9	2	True	False
NORAD	2	True	False
NOS3	2	False	True
NOTCH2	2	True	False
NOTCH2NLA	2	False	True
NOTCH2NLB	2	False	True
NOTCH2NLC	3	True	True
NOTCH2NLR	3	False	True
NOX4	2	True	False
NPAS2	3	True	True
NPAT	4	True	True
NPC1	2	False	True
NPEPL1	2	False	True
NPEPPS	2	False	True
NPEPPSP1	3	True	False
NPHP1	3	True	True
NPHP3	3	True	True
NPIPB12	2	False	True
NPIPB2	2	False	True
NPIPB3	4	True	True
NPIPB5	3	True	False
NPLOC4	2	True	False
NPM1	2	True	False
NPM1P27	2	False	True
NPM1P7	2	False	True
NPR2	2	False	True
NPR3	2	True	False
NPW	2	True	False
NQO1	2	False	True
NR1D1	2	False	True
NR1D2	2	True	False
NR2C1	3	True	False
NR2C2	3	True	True
NR2F1	3	False	True
NR2F2-AS1	4	True	True
NR3C1	2	True	False
NR4A2	2	False	True
NR6A1	2	True	False
NRAS	3	True	True
NRBF2	3	False	True
NRBF2P6	2	False	True
NRBP1	3	True	False
NRDC	2	True	False
NRDE2	2	True	False
NREP	2	False	True
NRF1	4	True	True
NRG1	5	True	True
NRIP1	2	False	True
NRN1	3	False	True
NRP1	3	True	False
NRP2	3	True	False
NRSN2	2	True	False
NRSN2-AS1	2	False	True
NRXN3	2	True	False
NSA2	2	True	False
NSD1	3	True	False
NSD2	3	True	False
NSD3	3	True	True
NSF	2	True	False
NSFL1C	2	True	False
NSFP1	3	True	False
NSG1	3	False	True
NSL1	3	True	True
NSMAF	2	True	False
NSMCE2	2	True	False
NSMCE4A	2	True	False
NSRP1	3	True	False
NSRP1P1	5	False	True
NSUN2	2	True	False
NSUN3	3	True	False
NSUN4	3	True	False
NSUN5P1	2	False	True
NSUN6	2	True	False
NT5C2	2	False	True
NT5C3A	2	True	False
NT5DC1	2	True	False
NT5DC3	2	True	False
NT5DC4	2	True	False
NT5E	2	True	False
NTAN1	2	False	True
NTAQ1	2	False	True
NTF3	2	False	True
NTM	3	False	True
NTPCR	2	False	True
NUAK2	3	True	True
NUB1	3	True	False
NUCB1	2	True	False
NUCKS1	4	True	True
NUDC	3	True	False
NUDCD3	2	True	False
NUDT12	3	True	True
NUDT13	2	True	False
NUDT15	2	True	False
NUDT16	2	False	True
NUDT21	2	False	True
NUDT22	2	True	False
NUDT3	2	False	True
NUDT4	3	False	True
NUDT4B	4	True	True
NUDT4P2	2	False	True
NUDT6	2	True	False
NUDT7	2	False	True
NUDT9	2	True	False
NUF2	2	True	False
NUFIP1	3	True	False
NUFIP2	3	True	True
NUP133	2	False	True
NUP153	2	False	True
NUP153-AS1	2	True	False
NUP155	2	True	False
NUP160	2	False	True
NUP188	2	True	False
NUP210	2	True	False
NUP214	2	True	False
NUP42	2	True	False
NUP43	3	True	False
NUP50-DT	3	True	True
NUP54	2	False	True
NUP85	2	True	False
NUS1	2	False	True
NUSAP1	4	True	True
NUSAP1_OIP5-AS1	2	True	False
NUTM2A-AS1	2	True	False
NUTM2B-AS1	4	True	True
NVL	2	True	False
NXN	2	True	False
NXPE3	4	True	False
NXT2	2	False	True
OARD1	2	True	False
OAS1	3	True	False
OAS3	2	True	False
OAZ1	2	False	True
OAZ2	2	False	True
OBSL1	2	True	False
OCIAD1	2	True	False
OCLN	3	True	True
ODR4	3	True	True
OFD1	3	True	False
OFD1_RAB9A	2	False	True
OGA	2	True	False
OGDH	2	True	False
OGFOD1	3	False	True
OGFOD2	2	False	True
OGFOD3	2	False	True
OGFRL1	3	True	False
OGG1	2	True	False
OIP5	2	True	False
OIP5-AS1	2	True	False
OLA1	3	True	True
OLFML3	2	True	False
OLMALINC	3	True	True
OLR1	2	False	True
OMA1	2	True	False
OPA1	3	True	True
OPA3	4	True	True
OPN3	2	False	True
OPTN	3	True	True
OR7E38P	3	False	True
ORC1	2	True	False
ORC2	3	True	False
ORC3	3	True	False
ORC4	2	False	True
ORC6	3	True	True
ORMDL1	2	False	True
ORMDL3	2	False	True
OS9	2	True	False
OSBP	2	True	False
OSBPL11	2	False	True
OSBPL1A	3	True	True
OSBPL2	3	True	False
OSBPL3	3	True	True
OSBPL5	2	True	False
OSBPL6	3	True	True
OSBPL8	2	True	False
OSBPL9	2	True	False
OSCP1	2	True	False
OSER1	2	False	True
OSGEPL1	2	True	False
OSGIN2	2	True	False
OSMR	2	True	False
OSMR-DT	4	True	False
OSR1	2	False	True
OSTCP8	3	False	True
OSTF1	3	False	True
OSTM1	2	True	False
OSTN	2	False	True
OSTN-AS1	2	True	False
OTUB1	2	False	True
OTUD3	3	True	True
OTUD4	2	False	True
OTUD5	2	False	True
OTUD6B	3	True	False
OTUD6B-AS1	2	True	False
OTULIN	5	True	True
OTULIN-DT	2	False	True
OTULINL	2	True	False
OXA1L-DT	2	True	False
OXNAD1	3	True	True
OXR1	3	True	True
OXSR1	4	True	False
OXTR	2	False	True
P3H2	3	True	True
P3H4	2	False	True
P4HA1	2	True	False
P4HTM	2	True	False
PA2G4	3	True	False
PA2G4P4	3	False	True
PAAF1	2	True	False
PABIR1	3	False	True
PABIR3	3	True	False
PABPC1	2	False	True
PABPC1L	3	True	True
PABPC4	2	True	False
PABPN1	2	False	True
PACC1	2	False	True
PACERR	2	False	True
PACS1	3	True	False
PACS2	2	True	False
PACSIN2	2	True	False
PAF1	2	False	True
PAFAH1B1	3	True	False
PAGR1	2	True	False
PAICS	2	True	False
PAIP1	3	True	True
PAIP2	3	True	True
PAK1	4	True	True
PAK1IP1	4	True	True
PAK2	2	True	False
PALB2	2	True	False
PALLD	2	False	True
PALM2AKAP2	3	True	True
PALS2	2	True	False
PAM	3	True	True
PAN3	2	False	True
PAN3-AS1	4	False	True
PANK1	2	True	False
PANK2	4	True	True
PANK3	4	True	True
PAPLN-AS1	2	False	True
PAPOLA	3	True	False
PAPSS1	2	False	True
PAQR4	2	True	False
PAQR5	2	True	False
PAQR8	3	True	False
PARD3	3	True	False
PARD3B	2	True	False
PARD6G	2	True	False
PARG	2	True	False
PARK7	2	False	True
PARN	4	True	False
PARP1	2	True	False
PARP11	2	False	True
PARP14	2	True	False
PARP16	2	True	False
PARP2	2	True	False
PARP3	2	True	False
PARP6	3	True	False
PARP9	3	True	True
PARPBP	4	True	True
PARTICL	2	False	True
PARVA	3	False	True
PARVB	2	True	False
PASK	2	False	True
PATJ	3	True	False
PATZ1	2	True	False
PAWR	3	True	True
PAX3	3	True	False
PAX8	3	False	True
PAX8-AS1	3	True	False
PAXBP1	2	True	False
PAXIP1	3	True	True
PAXIP1-AS2	2	True	False
PAXIP1-DT	2	False	True
PBDC1	2	False	True
PBK	2	False	True
PBLD	2	False	True
PBXIP1	3	True	True
PCBD2	2	False	True
PCBP1-AS1	3	True	True
PCBP2	3	True	True
PCBP2_PRR13	2	False	True
PCCA	3	True	False
PCCA-DT	2	False	True
PCDH10	2	False	True
PCDH7	4	True	True
PCDH9	4	True	True
PCDHGA10	5	True	True
PCDHGA7	2	True	False
PCDHGB5	4	True	True
PCED1B	4	True	False
PCF11	5	True	True
PCF11-AS1	3	False	True
PCGF3	2	True	False
PCGF5	2	True	False
PCGF6	2	True	False
PCID2	2	False	True
PCIF1	2	True	False
PCLO	4	True	False
PCMT1	3	True	True
PCMTD2	4	True	True
PCNP	2	False	True
PCNX1	4	True	True
PCNX2	5	True	False
PCOLCE2	3	True	True
PCTP	3	True	False
PCYOX1	3	True	True
PCYOX1L	2	False	True
PCYT1A	3	True	True
PDAP1	2	False	True
PDCD10	3	True	False
PDCD11	3	True	False
PDCD1LG2	3	True	False
PDCD2	3	True	False
PDCD4	3	True	True
PDCD4-AS1	2	False	True
PDCD5	2	False	True
PDCD6IPP2	2	False	True
PDCL	3	True	True
PDE10A	3	True	True
PDE12	4	True	True
PDE1C	5	True	True
PDE4A	2	True	False
PDE4C	2	False	True
PDE4D	3	True	False
PDE4DIP	2	True	False
PDE4DIPP2	3	True	False
PDE7B	2	True	False
PDE8A	2	True	False
PDGFA	3	True	True
PDGFRA	2	True	False
PDHB	2	False	True
PDIA5	2	True	False
PDIA6	4	True	True
PDIK1L	3	True	False
PDK1	3	True	False
PDK2	2	False	True
PDK3	3	True	False
PDLIM1	3	True	False
PDLIM3	2	True	False
PDLIM5	3	True	False
PDLIM7	2	True	False
PDPK1	4	True	False
PDPR	2	True	False
PDPR2P	2	True	False
PDRG1	2	True	False
PDS5A	3	True	True
PDS5B	3	True	False
PDSS1	3	True	False
PDSS2	2	True	False
PDXDC1	2	True	False
PDXDC2P-NPIPB14P	3	True	True
PDXK	2	True	False
PDZD2	2	True	False
PDZD7	2	True	False
PEA15	3	True	True
PEAK1	4	True	False
PEDS1	2	False	True
PEG10	2	True	False
PELI1	3	True	False
PELI3	2	True	False
PELP1	2	True	False
PER1	2	True	False
PER3	2	True	False
PERP	2	False	True
PET117	3	False	True
PEX1	2	True	False
PEX11A	2	False	True
PEX13	4	True	True
PEX14	2	True	False
PEX19	2	False	True
PEX26	4	True	True
PEX3	3	True	True
PEX6	2	False	True
PEX7	2	False	True
PFDN1	2	False	True
PFDN4	2	False	True
PFN4	2	False	True
PGAM5	2	False	True
PGAP1	2	True	False
PGAP2	2	False	True
PGAP6	2	False	True
PGBD1	2	False	True
PGBD2	2	False	True
PGBD2_RPL23AP25	2	False	True
PGBD4	2	True	False
PGD	2	False	True
PGGT1B	4	True	True
PGK1	2	True	False
PGLS-DT	2	True	False
PGM3	3	True	True
PGPEP1	3	True	False
PGRMC2	4	True	True
PHACTR2	4	True	True
PHAF1	2	False	True
PHAX	3	True	True
PHB	2	False	True
PHB2	4	True	False
PHBP19	2	False	True
PHC1	4	True	True
PHC3	3	True	True
PHF10	2	True	False
PHF11	2	True	False
PHF12	2	False	True
PHF13	2	True	False
PHF14	3	True	False
PHF2	2	True	False
PHF20	3	True	False
PHF20L1	2	True	False
PHF21A	3	True	True
PHF23	3	True	True
PHF3	3	True	False
PHF6	3	True	False
PHF7	3	True	False
PHIP	3	True	True
PHKA2	3	True	False
PHKB	4	True	True
PHLDA1	2	False	True
PHLDA3	2	False	True
PHOSPHO2	5	True	True
PHRF1	3	True	True
PHTF1	4	True	False
PHYH	2	False	True
PHYKPL	2	True	False
PI4K2A	2	True	False
PI4K2B	5	True	True
PI4KAP2	2	True	False
PI4KB	2	True	False
PIAS1	2	False	True
PIAS2	3	True	True
PIAS4	2	True	False
PIBF1	4	True	False
PICART1	3	True	True
PICK1	2	True	False
PIEZO1	2	True	False
PIEZO2	2	False	True
PIF1	3	True	True
PIGBOS1	2	False	True
PIGC	2	True	False
PIGG	2	True	False
PIGH	2	False	True
PIGK	3	False	True
PIGL	2	True	False
PIGM	4	True	True
PIGQ	2	True	False
PIGS	2	True	False
PIGV	2	False	True
PIGW	2	False	True
PIGX	3	True	True
PIH1D2	3	True	True
PIK3C2A	3	True	True
PIK3C3	3	True	False
PIK3CA	3	True	True
PIK3CD	2	True	False
PIK3CD-AS2	2	True	False
PIK3R1	5	True	True
PIK3R3	4	True	True
PIKFYVE	3	True	False
PINCR	2	False	True
PINK1	2	False	True
PINX1	2	False	True
PIP4K2C	2	True	False
PIP4P2	4	False	True
PIP5K1C	2	True	False
PIP5KL1	2	False	True
PIR	2	True	False
PISD	2	True	False
PITHD1	2	False	True
PITPNB	2	True	False
PJA2	2	True	False
PKD1L1-AS1	4	True	True
PKD1L2	2	True	False
PKD2	2	True	False
PKIA	3	False	True
PKIB	2	True	False
PKM	2	True	False
PKN2-AS1	2	True	False
PKNOX1	3	True	False
PKP2	2	False	True
PLA2G12A	3	False	True
PLA2G4A	2	True	False
PLA2G4C	2	True	False
PLAGL1	2	False	True
PLAUR	2	True	False
PLBD2	2	True	False
PLCB1	4	True	False
PLCB3	2	True	False
PLCB4	4	True	True
PLCE1	2	True	False
PLCE1-AS1	4	True	True
PLCG1	3	True	True
PLCL2	3	True	False
PLCXD1	2	True	False
PLD1	5	True	True
PLD3	2	True	False
PLD6	2	False	True
PLEC	4	True	False
PLEKHA1	3	True	True
PLEKHA2	2	True	False
PLEKHA3	3	True	True
PLEKHA5	2	True	False
PLEKHA8P1	2	True	False
PLEKHB2	2	True	False
PLEKHF2	2	False	True
PLEKHG3	2	False	True
PLEKHH2	2	True	False
PLEKHM1	2	True	False
PLEKHM1P1	5	True	False
PLEKHO1	2	True	False
PLIN2	2	True	False
PLK2	2	True	False
PLK3	2	True	False
PLK4	3	True	True
PLOD2	2	True	False
PLOD3	2	True	False
PLPBP	3	True	False
PLPP3	2	False	True
PLPP5	2	True	False
PLPP6	2	False	True
PLRG1	2	False	True
PLS1	2	True	False
PLS3	3	True	False
PLSCR1	2	False	True
PLSCR4	2	True	False
PLXNA1	2	True	False
PLXNA3	2	True	False
PMAIP1	3	False	True
PMEPA1	2	False	True
PMM2	2	True	False
PMP22	2	False	True
PMPCA	2	True	False
PMPCB	2	True	False
PMS1	2	True	False
PMS2	3	True	False
PMS2P1	3	True	False
PMS2P10_PMS2P2	2	True	False
PMS2P3	2	True	False
PMS2P5	3	True	False
PMS2P7	2	True	False
PNISR	3	True	True
PNKP	2	True	False
PNMA2	2	False	True
PNN	3	True	True
PNO1	2	False	True
PNPLA2	2	False	True
PNPLA3	2	True	False
PNPLA8	4	True	True
PNPO	2	True	False
PNPT1	2	True	False
PNRC1	2	False	True
PNRC2	2	False	True
POC1A	2	False	True
POC5	3	True	False
PODNL1	2	True	False
PODXL	4	True	True
PODXL2	2	True	False
POFUT1	4	True	True
POGLUT1	2	True	False
POGZ	4	True	True
POLA1	2	True	False
POLB	3	True	False
POLD3	2	True	False
POLDIP2	2	False	True
POLE2	3	True	False
POLE3	2	False	True
POLH	4	True	False
POLL	2	True	False
POLM	2	True	False
POLQ	4	True	True
POLR1C	2	True	False
POLR1D	2	True	False
POLR1F	3	True	True
POLR1G	2	True	False
POLR2A	4	True	False
POLR2C	2	False	True
POLR2D	3	False	True
POLR2J2	2	False	True
POLR2J3	3	True	True
POLR2K	2	False	True
POLR2M	4	True	True
POLR3A	5	True	True
POLR3B	3	True	True
POLR3C	2	False	True
POLR3D	3	True	True
POLR3E	4	True	True
POLR3F	2	True	False
POLR3G	3	True	False
POLR3GL	3	True	True
POM121	2	True	False
POM121C	2	True	False
POMT1	2	False	True
PON2	2	True	False
POP1	3	True	False
POP7	2	False	True
POPDC3	3	False	True
POR	2	True	False
POT1	3	False	True
POU2F1	4	True	True
POU2F2	3	True	True
POU5F2	2	False	True
PPA1	2	True	False
PPA2	2	True	False
PPAN	2	True	False
PPARA	4	True	False
PPARD	3	True	False
PPAT	2	True	False
PPCS	2	False	True
PPFIA1	3	True	False
PPFIBP1	3	True	False
PPHLN1	2	False	True
PPIC	2	False	True
PPID	2	True	False
PPIE	2	True	False
PPIEL	2	True	False
PPIF	2	False	True
PPIG	3	True	False
PPIL2	3	True	True
PPIL4	4	True	True
PPIP5K2	2	True	False
PPM1B	3	True	False
PPM1D	2	False	True
PPM1F	3	True	False
PPM1G	3	True	False
PPM1K	3	True	True
PPM1N	2	False	True
PPME1	2	True	False
PPOX	2	True	False
PPP1CB	2	False	True
PPP1R10	3	True	False
PPP1R12A	3	True	False
PPP1R12B	3	True	False
PPP1R13B	4	True	True
PPP1R13L	2	True	False
PPP1R15A	2	True	False
PPP1R18	4	True	True
PPP1R2	3	True	False
PPP1R21	4	True	False
PPP1R37	2	True	False
PPP1R3D	2	False	True
PPP1R3F	2	True	False
PPP1R3G	2	True	False
PPP1R7	3	True	False
PPP1R8	4	True	True
PPP2CA	2	False	True
PPP2CA_SKP1	2	True	False
PPP2R1B	4	False	True
PPP2R2A	3	True	True
PPP2R2B	2	True	False
PPP2R2D	2	True	False
PPP2R3A	2	True	False
PPP2R3C	2	True	False
PPP2R5E	2	True	False
PPP3CA	2	False	True
PPP3CB	2	True	False
PPP3CB-AS1	3	True	False
PPP3CC	2	True	False
PPP4R1L	2	True	False
PPP4R2	3	True	True
PPP4R3A	3	False	True
PPP4R3B	3	True	True
PPP5D1P	4	True	True
PPP6R2	2	True	False
PPP6R3	2	True	False
PPRC1	2	False	True
PPTC7	4	True	True
PPWD1	2	True	False
PRANCR	2	False	True
PRAP1	2	False	True
PRC1	2	True	False
PRCC	2	True	False
PRDM2	4	True	True
PRDM4	2	False	True
PRDM5	4	True	True
PRDX1	2	False	True
PRDX6-AS1	4	True	True
PRECSIT	2	True	False
PRELID1	2	False	True
PRELID2	3	False	True
PRELID3B	2	False	True
PREP	2	True	False
PREPL	3	True	False
PREX1	2	False	True
PRICKLE1	2	True	False
PRICKLE3	4	True	True
PRIM1	3	True	False
PRIM2	2	True	False
PRKAA1	3	True	True
PRKAA2	5	True	True
PRKACB	3	True	False
PRKACB-DT	2	False	True
PRKAG2	2	False	True
PRKAR1B	2	True	False
PRKAR2A	2	True	False
PRKAR2B	3	True	False
PRKCA	2	True	False
PRKCE	4	True	True
PRKCI	3	True	False
PRKCSH	4	True	False
PRKD1	2	False	True
PRKD3	3	True	True
PRKDC	2	True	False
PRKG1	3	True	False
PRKRA	3	True	True
PRKRIP1	3	True	True
PRMT2	4	True	False
PRMT3	2	False	True
PRMT6	2	False	True
PRMT9	3	True	False
PROCA1	3	False	True
PROCR	2	False	True
PRORP	2	True	False
PROS1	2	False	True
PROSER1	3	False	True
PROSER2	2	False	True
PROSER3	4	True	True
PRPF18	3	True	False
PRPF3	2	True	False
PRPF38A	3	True	True
PRPF38B	4	True	True
PRPF39	3	True	False
PRPF4	2	True	False
PRPF40A	3	True	False
PRPF40B	2	True	False
PRPF4B	2	False	True
PRPF6	2	True	False
PRPF8	2	True	False
PRPS1	2	False	True
PRPS2	3	True	False
PRPSAP1	2	True	False
PRPSAP2	2	True	False
PRR11	3	True	False
PRR13	2	True	False
PRR14L	3	True	True
PRR15	2	False	True
PRR5L	2	True	False
PRRC1	3	True	True
PRRC2B	2	True	False
PRRC2C	3	True	False
PRRX1	2	True	False
PRSS12	4	True	True
PRSS23	2	True	False
PRTFDC1	4	True	True
PRUNE1	2	False	True
PRUNE2	4	True	False
PRXL2A	2	True	False
PRXL2C	2	False	True
PSAP	2	False	True
PSD3	3	True	True
PSG5	3	True	False
PSG9	2	True	False
PSIP1	3	True	False
PSKH1	2	True	False
PSMA3-AS1	3	True	True
PSMA4	3	False	True
PSMA6	2	True	False
PSMB8-AS1	2	False	True
PSMC1	2	True	False
PSMC1P1	3	False	True
PSMC2	2	False	True
PSMC3	2	True	False
PSMC3IP	2	True	False
PSMC4	3	True	True
PSMC6	2	False	True
PSMD1	3	True	False
PSMD12	3	True	True
PSMD14	3	True	True
PSMD4	2	True	False
PSMD5	2	False	True
PSMD6	2	True	False
PSMD7	2	False	True
PSMD8	2	False	True
PSME1	2	True	False
PSME3	3	True	True
PSME3IP1	4	True	True
PSME4	2	False	True
PSMF1	2	True	False
PSMG3-AS1	4	True	True
PSMG4	2	False	True
PSORS1C1	2	True	False
PSPC1	3	True	True
PSPH	2	True	False
PSTPIP2	3	True	False
PTAR1	2	False	True
PTBP3	2	True	False
PTCD2	3	True	True
PTCD3	2	False	True
PTDSS2	2	True	False
PTEN	3	True	True
PTER	2	True	False
PTGER2	2	False	True
PTGES3	3	False	True
PTGES3L	2	False	True
PTGFR	3	True	True
PTGR1	2	True	False
PTGR2	2	False	True
PTGS2	3	True	True
PTHLH	2	True	False
PTMA	3	False	True
PTMAP2	2	False	True
PTMS	2	False	True
PTN	4	True	True
PTP4A2	2	False	True
PTPDC1	3	True	True
PTPMT1	2	False	True
PTPN1	3	True	True
PTPN11	2	True	False
PTPN12	2	True	False
PTPN13	2	True	False
PTPN14	2	False	True
PTPN18	2	True	False
PTPN2	4	True	True
PTPN23-DT	2	False	True
PTPN3	2	True	False
PTPN4	4	True	True
PTPRA	3	True	True
PTPRB	3	True	True
PTPRE	2	True	False
PTPRF	2	False	True
PTPRG	2	True	False
PTPRG-AS1	3	True	False
PTPRJ	4	True	False
PTPRK	2	True	False
PTPRM	2	False	True
PTPRQ	3	True	True
PTPRR	3	False	True
PTPRS	2	True	False
PTRH2	2	False	True
PTTG1	2	True	False
PTX3	3	False	True
PUDP	4	True	True
PUM2	3	True	True
PUM3	3	True	False
PURA	3	False	True
PURB	2	False	True
PURPL	2	True	False
PUS1	2	True	False
PUS3	2	False	True
PUS7	2	True	False
PUS7L	3	True	False
PVR	2	True	False
PVT1	4	True	False
PWAR5	3	False	True
PWP1	2	True	False
PWWP2A	2	True	False
PWWP3A	3	True	True
PXDC1	3	True	False
PXN-AS1	2	True	False
PXYLP1	3	True	True
PYCR3	2	False	True
PYGB	2	False	True
PYGL	3	True	False
PYM1	3	True	True
PYROXD1	3	True	True
PYROXD2	3	True	False
QDPR	4	False	True
QKI	2	True	False
QPRT	2	False	True
QRICH1	3	False	True
QRSL1	2	True	False
QSER1	2	True	False
QSOX1	2	True	False
QSOX2	2	True	False
QTRT2	2	True	False
R3HCC1L	3	True	True
RAB10	3	True	True
RAB11A	2	False	True
RAB11B	2	False	True
RAB11FIP1	2	True	False
RAB11FIP2	2	True	False
RAB11FIP3	2	True	False
RAB11FIP5	2	True	False
RAB14	2	False	True
RAB18	3	True	True
RAB21	4	True	True
RAB22A	3	False	True
RAB27A	4	True	True
RAB27B	5	True	True
RAB29	2	False	True
RAB2A	4	True	True
RAB2B	4	True	False
RAB30	2	False	True
RAB30-DT	3	True	True
RAB33B	3	False	True
RAB33B-AS1	4	True	True
RAB35	3	True	True
RAB38	2	True	False
RAB3B	3	True	False
RAB3GAP1	3	True	False
RAB3GAP2	3	True	True
RAB3IP	2	True	False
RAB40B	2	False	True
RAB4A	3	True	True
RAB5A	2	False	True
RAB5IF	2	False	True
RAB5IF_TGIF2	2	False	True
RAB8A	4	True	True
RAB8B	4	True	False
RAB9A	2	False	True
RAB9B	2	False	True
RABEP1	4	True	False
RABEP2	2	True	False
RABEPK	2	True	False
RABGAP1L	3	True	False
RABGEF1	3	True	True
RABIF	4	False	True
RABL2A	2	True	False
RABL3	2	False	True
RABL6	2	True	False
RAC1	3	False	True
RAD1	3	True	False
RAD17	2	True	False
RAD18	2	True	False
RAD21	2	False	True
RAD23A	2	False	True
RAD23B	3	False	True
RAD50	3	True	False
RAD51	2	False	True
RAD51-AS1	2	False	True
RAD51AP1	2	True	False
RAD51B	3	True	False
RAD51C	2	True	False
RAD51D	2	False	True
RAD52	3	False	True
RAD54B	3	True	False
RAD54L	2	False	True
RAD54L2	2	True	False
RAD9A	2	True	False
RAET1E-AS1	2	True	False
RAI1	2	True	False
RAI14	3	True	True
RALA	3	True	True
RALB	2	False	True
RALBP1	2	True	False
RALGAPA1	4	True	True
RALGAPA1P1	3	False	True
RALGAPB	3	True	True
RALGPS1	3	True	False
RALGPS2	4	True	True
RAMAC	3	False	True
RANBP1	3	False	True
RANBP10	2	True	False
RANBP17	3	False	True
RANBP2	2	True	False
RANBP3	4	True	True
RANBP6	2	True	False
RANGAP1	2	True	False
RAP1A	2	True	False
RAP1B	2	True	False
RAP1GDS1	2	False	True
RAP2A	2	False	True
RAP2B	4	True	True
RAP2C	4	True	True
RAPGEF1	2	False	True
RAPGEF6	3	True	False
RAPH1	4	True	True
RARA	3	True	False
RARRES1	2	True	False
RARS1	2	True	False
RARS2	2	False	True
RASA1	3	True	True
RASA2	4	True	False
RASAL2	2	True	False
RASGRF1	2	False	True
RASL10B	2	True	False
RASSF4	2	True	False
RASSF8	3	True	True
RASSF8-AS1	2	True	False
RAVER2	2	False	True
RB1	4	True	False
RB1CC1	4	True	True
RBBP4	2	True	False
RBBP5	2	True	False
RBBP7	3	True	False
RBBP8	3	True	False
RBCK1	2	True	False
RBL1	2	True	False
RBM12	3	False	True
RBM14-RBM4	2	True	False
RBM15-AS1	2	False	True
RBM15B	2	True	False
RBM17	2	True	False
RBM18	3	False	True
RBM19	3	True	False
RBM22	2	True	False
RBM24	2	False	True
RBM25	2	False	True
RBM26	3	True	False
RBM27	4	True	True
RBM28	2	True	False
RBM33	4	True	True
RBM34	3	True	False
RBM39	2	True	False
RBM4	2	True	False
RBM41	2	False	True
RBM43	3	True	False
RBM48	3	True	True
RBM4B	4	True	True
RBM5	2	True	False
RBM6	2	True	False
RBM7	2	False	True
RBMS1	2	False	True
RBMS2	5	True	True
RBMS3	4	True	True
RBMS3-AS3	2	True	False
RBMX	3	True	True
RBMX2	2	True	False
RBMXL1	5	True	True
RBPJ	3	True	False
RBPMS	3	True	True
RBSN	2	False	True
RC3H1	4	True	True
RC3H2	3	True	False
RCAN1	2	False	True
RCAN2	2	True	False
RCAN3	3	True	True
RCBTB1	3	True	False
RCBTB2	2	True	False
RCC1	2	False	True
RCC1L	3	True	False
RCC2	2	False	True
RCCD1	3	False	True
RCHY1	2	False	True
RCL1	2	True	False
RCN1	2	False	True
RCN1P2	2	True	False
RCOR1	2	True	False
RCOR3	3	True	False
RDH10	2	False	True
RDH11	2	False	True
RDH14	2	False	True
RDM1	2	True	False
RDX	4	True	False
RECK	2	True	False
RECQL	2	True	False
RECQL4	2	True	False
REEP2	4	True	True
REEP3	3	True	False
REEP5	2	False	True
REL	2	True	False
RELA-DT	2	True	False
RELB	2	True	False
RELCH	2	False	True
RELL1	2	True	False
RELT	3	True	True
REPS1	2	True	False
RER1	2	False	True
RERE	3	True	True
RESF1	3	True	False
REST	3	False	True
RETREG2	3	True	True
REV1	3	True	True
REV3L	3	True	True
REXO1	2	True	False
REXO2	2	False	True
REXO4	2	True	False
RFC1	3	True	False
RFC5	3	False	True
RFFL	2	False	True
RFK	3	False	True
RFT1	2	True	False
RFTN1	2	False	True
RFX1	2	True	False
RFX2	2	True	False
RFX8	3	True	True
RGMB	2	True	False
RGP1	2	False	True
RGPD5	2	True	False
RGPD6	3	True	True
RGPD8	4	True	True
RGS12	4	True	False
RGS17	3	True	True
RGS20	3	True	False
RGS4	3	True	True
RGS5	2	False	True
RGS7	2	True	False
RHBDD1	2	True	False
RHBDF2	2	True	False
RHEBP1	2	False	True
RHEBP2	2	False	True
RHNO1	2	False	True
RHOA	2	False	True
RHOB	2	False	True
RHOBTB3	3	True	False
RHOF	2	True	False
RHOJ	3	False	True
RHOQ	3	False	True
RHOQP1	2	False	True
RHOT1	3	True	True
RIBC2	3	True	False
RIC1	2	True	False
RIC8B	5	True	False
RICTOR	3	True	False
RIF1	2	True	False
RILPL1	2	False	True
RIMKLB	3	True	False
RIMS2	3	True	True
RIN3	3	True	False
RINL	2	False	True
RINT1	2	True	False
RIOK1	3	True	True
RIOK2	3	True	True
RIOK3	2	True	False
RIPK1	4	True	False
RIPK2	2	False	True
RIPK2-DT	2	True	False
RIT1	2	False	True
RITA1	2	False	True
RLF	4	True	True
RLIM	2	False	True
RMC1	2	True	False
RMDN1	4	True	True
RMDN2	4	True	True
RMDN3	2	True	False
RMI1	3	False	True
RMND1	3	True	True
RMND5A	4	True	True
RN7SKP11	2	False	True
RN7SKP30	2	False	True
RN7SKP97	2	False	True
RN7SL37P	2	False	True
RN7SL521P	2	False	True
RN7SL552P	2	False	True
RN7SL587P	2	False	True
RN7SL600P	3	True	True
RN7SL608P	2	False	True
RN7SL731P	2	False	True
RN7SL735P	3	False	True
RN7SL749P	2	False	True
RN7SL834P	3	False	True
RNASEH1	2	True	False
RNASEH1-AS1	2	True	False
RNASEH2A	2	False	True
RNASEH2B	3	True	True
RNF10	2	False	True
RNF11	2	False	True
RNF111	3	True	True
RNF113A	2	False	True
RNF114	2	False	True
RNF115	3	True	False
RNF121	2	False	True
RNF126	2	False	True
RNF13	2	False	True
RNF135	2	True	False
RNF138	2	False	True
RNF14	2	False	True
RNF144A	2	True	False
RNF145	2	True	False
RNF146	2	False	True
RNF149	3	True	False
RNF168	3	True	False
RNF169	2	True	False
RNF185	2	True	False
RNF19A	3	True	False
RNF2	2	False	True
RNF20	3	True	False
RNF207	2	True	False
RNF213	2	True	False
RNF214	3	True	False
RNF216	3	True	True
RNF217	3	True	False
RNF220	2	True	False
RNF227	2	True	False
RNF24	2	False	True
RNF34	2	True	False
RNF38	3	True	True
RNF4	2	True	False
RNF41	3	True	True
RNF6	2	True	False
RNF8	2	True	False
RNFT1	3	True	True
RNFT2	2	True	False
RNGTT	4	True	False
RNPC3	4	True	True
RO60	4	True	True
ROCK1	3	True	False
ROCK2	3	True	False
ROR1	2	True	False
ROR2	2	True	False
RP2	3	True	True
RP9	2	False	True
RPA3	2	False	True
RPAP2	3	True	False
RPAP3	2	True	False
RPAP3-DT	2	True	False
RPE	4	False	True
RPF2	4	True	True
RPGR	3	True	True
RPIA	2	False	True
RPL10P16	2	False	True
RPL11	2	False	True
RPL11P3	2	False	True
RPL13A	2	False	True
RPL13AP20	2	False	True
RPL13P5	4	True	True
RPL14	2	True	False
RPL15	2	False	True
RPL15P3	2	False	True
RPL17	2	False	True
RPL17-C18orf32	3	False	True
RPL17P19	2	False	True
RPL17P22	2	False	True
RPL19	3	True	True
RPL22	2	False	True
RPL23AP32	3	False	True
RPL23AP42	2	False	True
RPL23AP49	3	True	True
RPL23AP53	3	True	False
RPL23AP7	3	True	True
RPL23AP82	4	True	True
RPL23P4	2	False	True
RPL24P8	2	False	True
RPL26	2	True	False
RPL26L1	2	False	True
RPL26P19	2	False	True
RPL26P30	2	False	True
RPL26P6	2	False	True
RPL29P19	3	False	True
RPL32P2	2	False	True
RPL32P32	2	False	True
RPL36A-HNRNPH2	2	False	True
RPL36AP33	2	False	True
RPL41	2	False	True
RPL6	2	True	False
RPL6P27	2	False	True
RPL7AP22	2	False	True
RPL7AP65	2	False	True
RPL7L1	3	False	True
RPL9P16	2	False	True
RPL9P7	2	True	False
RPN2	2	False	True
RPP14	3	False	True
RPP25	2	False	True
RPP30	2	True	False
RPP38	2	False	True
RPP40	2	True	False
RPRD1A	3	True	False
RPRD1B	2	True	False
RPRD2	3	True	False
RPS18	2	False	True
RPS18P9	2	False	True
RPS20P22	2	False	True
RPS20P4	2	False	True
RPS3AP38	3	False	True
RPS6	2	True	False
RPS6KA2	2	True	False
RPS6KA3	2	False	True
RPS6KA6	2	False	True
RPS6KB1	4	True	True
RPS6KC1	2	True	False
RPS6KL1	2	True	False
RPS8	2	False	True
RPSAP13	2	True	False
RPSAP52	2	True	False
RPSAP6	2	False	True
RPTOR	3	True	False
RPUSD2	2	True	False
RPUSD3	2	True	False
RRAGB	2	True	False
RRAGC	2	False	True
RRAS2	3	False	True
RRBP1	2	True	False
RREB1	3	True	False
RRM1	3	True	True
RRM2	2	False	True
RRM2B	5	True	True
RRN3P1	3	True	True
RRP1	3	True	True
RRP12	2	True	False
RRP15	3	True	True
RRP1B	3	True	False
RRP36	2	True	False
RRP7A	2	False	True
RRP7BP	4	True	False
RRS1	2	False	True
RSAD2	2	True	False
RSBN1	2	False	True
RSBN1L	3	True	False
RSF1	4	True	False
RSKR	2	False	True
RSL1D1	3	True	False
RSL24D1	3	True	True
RSPH3	3	True	True
RSPO3	4	True	True
RSPRY1	4	True	True
RSRC1	5	True	True
RSRC2	4	True	False
RSRP1	2	True	False
RSU1	2	False	True
RTCA	2	False	True
RTCA-AS1	3	True	True
RTEL1-TNFRSF6B	2	True	False
RTF1	3	True	False
RTF2	2	True	False
RTKN2	2	False	True
RTL5	2	True	False
RTL8B	2	False	True
RTN1	2	False	True
RTN3	3	False	True
RTN4	2	False	True
RUBCN	4	True	False
RUFY1	2	True	False
RUFY2	3	True	False
RUFY3	3	True	False
RUNX1	4	True	True
RUNX1T1	3	True	True
RUNX2	3	True	False
RUSC2	3	True	True
RUVBL1	2	True	False
RWDD1	2	True	False
RWDD2B	3	True	True
RWDD4	4	False	True
RXYLT1	5	True	True
RYBP	2	False	True
RYK	2	False	True
S100PBP	3	True	False
S1PR3	2	False	True
SACM1L	3	True	False
SACS	2	True	False
SAFB	3	True	False
SAFB2	4	True	False
SAMD4A	2	True	False
SAMD4B	3	True	False
SAMD8	3	True	False
SAMD9	3	False	True
SAMD9L	3	False	True
SAMHD1	2	False	True
SANBR	2	True	False
SAP130	2	False	True
SAP18	2	False	True
SAP30	2	True	False
SAP30BP	2	True	False
SAP30L	3	True	False
SAP30L-AS1	2	True	False
SAR1A	3	True	True
SARNP	2	True	False
SARS1	2	True	False
SARS2	2	True	False
SART3	2	True	False
SASH1	3	True	False
SASS6	2	True	False
SAT1	2	True	False
SATB1	3	False	True
SAYSD1	2	False	True
SBDS	3	True	False
SBDSP1	3	True	True
SBF2	3	True	False
SBSPON	3	False	True
SCAF1	2	True	False
SCAF11	3	True	False
SCAF4	4	True	True
SCAMP1	3	True	True
SCAMP1-AS1	2	True	False
SCAMP2	2	False	True
SCAMP4	2	True	False
SCAPER	2	True	False
SCARA3	2	True	False
SCD	2	True	False
SCD5	4	True	True
SCFD1	3	True	False
SCFD2	3	False	True
SCG2	2	False	True
SCG5	2	False	True
SCHIP1	3	True	False
SCLT1	2	False	True
SCLY	2	True	False
SCMH1	3	True	True
SCML1	2	False	True
SCN2A	3	True	False
SCN8A	5	True	False
SCN9A	2	True	False
SCNM1	2	True	False
SCO1	2	False	True
SCOC	3	True	True
SCP2	3	False	True
SCRN1	4	True	True
SCRN3	3	True	True
SCUBE3	3	True	True
SCYL2	3	True	False
SCYL3	2	True	False
SDAD1	2	True	False
SDC2	2	False	True
SDC4	3	False	True
SDCBP2-AS1	3	True	True
SDCCAG8	3	True	False
SDE2	5	True	True
SDHA	4	True	False
SDHAF4	3	True	True
SDHAP1	2	True	False
SDHAP3	2	True	False
SDK1	3	True	False
SEC14L1	2	True	False
SEC14L1P1	2	False	True
SEC22A	3	True	False
SEC22B	2	False	True
SEC23IP	2	False	True
SEC24A	2	True	False
SEC24D	3	True	False
SEC61A1	3	True	True
SEC62	3	True	True
SEC63	3	False	True
SECISBP2L	3	True	False
SEH1L	2	False	True
SEL1L	2	True	False
SEL1L3	4	True	False
SELENOF	2	False	True
SELENOI	2	True	False
SELENOS	3	True	True
SELENOT	2	False	True
SEMA3A	2	False	True
SEMA3D	2	True	False
SEMA3F	2	True	False
SEMA4F	2	True	False
SEMA5A	2	False	True
SENP1	3	True	False
SENP2	2	True	False
SENP3	4	True	True
SENP5	2	True	False
SENP7	2	True	False
SEPHS1	3	False	True
SEPHS2	2	False	True
SEPSECS	2	True	False
SEPTIN10	2	True	False
SEPTIN11	2	True	False
SEPTIN2	2	True	False
SEPTIN4-AS1	3	False	True
SEPTIN6	2	True	False
SEPTIN7	3	True	False
SEPTIN7-DT	2	False	True
SEPTIN7P13	2	False	True
SEPTIN7P14	3	True	False
SEPTIN7P2	2	True	False
SEPTIN8	2	True	False
SERAC1	4	True	False
SERBP1	5	True	True
SERF1A_SMN1	2	False	True
SERF1B	2	False	True
SERF2	2	True	False
SERHL2	2	True	False
SERINC1	2	True	False
SERINC3	2	False	True
SERP1	2	False	True
SERPINB1	2	True	False
SERPINB2	2	True	False
SERPINB8	2	True	False
SERPINB9	2	True	False
SERPINE1	2	False	True
SERPINE2	2	False	True
SERPINH1	2	True	False
SERTAD2	2	True	False
SERTAD4	3	True	False
SESTD1	3	True	True
SET	4	True	True
SETD3	2	True	False
SETD4	2	True	False
SETD5	3	False	True
SETD6	2	False	True
SETD7	3	True	False
SETDB1	2	True	False
SETDB2	3	True	True
SETMAR	2	False	True
SETP6	2	False	True
SEZ6L2	2	False	True
SF1	2	True	False
SF1-DT	2	False	True
SF3A1	3	True	True
SF3A3	3	True	True
SF3B1	3	True	True
SF3B2	2	True	False
SFI1	2	True	False
SFMBT1	3	False	True
SFPQ	3	True	False
SFR1	2	True	False
SFRP1	2	True	False
SFSWAP	3	True	False
SFT2D1	2	False	True
SFT2D2	2	True	False
SFT2D3	4	False	True
SFXN1	4	True	False
SFXN5	4	True	True
SGCB	3	False	True
SGIP1	3	True	False
SGK1	2	True	False
SGK3	4	True	True
SGMS1	2	True	False
SGMS2	2	True	False
SGO1	4	True	True
SGO2	2	True	False
SGPL1	2	True	False
SGSM2	2	True	False
SGSM3	2	False	True
SGTB	3	False	True
SH2D4A	2	True	False
SH3BGRL	3	False	True
SH3BGRL2	2	True	False
SH3BP2	2	True	False
SH3BP4	2	True	False
SH3BP5	2	False	True
SH3D19	2	True	False
SH3GL3	2	True	False
SH3GLB1	3	True	True
SH3KBP1	3	True	False
SH3PXD2B	2	True	False
SH3RF1	2	True	False
SH3RF2	4	True	True
SH3YL1	4	True	True
SHB	2	False	True
SHC3	2	True	False
SHCBP1	3	True	False
SHFL	2	False	True
SHISA3	2	False	True
SHISA4	2	False	True
SHLD1	2	True	False
SHLD2	3	True	False
SHLD2P3	2	True	False
SHMT1	3	True	True
SHMT2	2	False	True
SHOC2	2	True	False
SHPRH	3	True	True
SHQ1	2	False	True
SHROOM3	3	True	False
SHTN1	2	True	False
SIAH2	2	False	True
SIDT2	2	True	False
SIK1B	3	True	True
SIK2	3	True	False
SIK3	2	True	False
SIKE1	3	True	True
SIM2	3	True	False
SIMC1	2	False	True
SIN3A	2	False	True
SIN3B	3	True	False
SINHCAF	2	False	True
SIPA1	2	True	False
SIPA1L1	3	True	True
SIPA1L1-AS1	2	True	False
SIPA1L3	3	True	False
SIRPA	3	True	False
SIRT1	2	True	False
SIRT4	2	True	False
SIRT5	3	True	False
SIRT6	2	True	False
SIRT7	2	False	True
SIX1	3	False	True
SIX2	2	False	True
SIX4	2	False	True
SKA1	6	True	True
SKA2	2	False	True
SKA3	5	True	True
SKI	2	False	True
SKIL	6	True	True
SLAIN2	3	True	True
SLBP	2	True	False
SLC11A2	3	True	True
SLC12A2	5	True	True
SLC12A6	3	True	True
SLC13A3_TP53RK	2	True	False
SLC16A1	3	True	True
SLC16A1-AS1	3	True	False
SLC16A7	4	True	True
SLC19A1	3	False	True
SLC1A3	3	True	True
SLC1A4	2	False	True
SLC20A1	3	True	True
SLC20A2	3	True	False
SLC22A18	2	True	False
SLC22A4	2	True	False
SLC23A3	3	True	False
SLC25A12	3	True	True
SLC25A13	2	False	True
SLC25A15	4	True	True
SLC25A16	3	False	True
SLC25A17	3	False	True
SLC25A19	2	True	False
SLC25A21-AS1	2	False	True
SLC25A23	2	True	False
SLC25A24	3	True	False
SLC25A28	2	True	False
SLC25A32	2	False	True
SLC25A33	2	False	True
SLC25A35	2	True	False
SLC25A36	2	True	False
SLC25A37	2	True	False
SLC25A38	3	True	True
SLC25A40	2	False	True
SLC25A42	2	True	False
SLC25A5-AS1	3	True	True
SLC25A51	3	True	False
SLC25A53	2	False	True
SLC26A2	3	True	False
SLC27A1	2	True	False
SLC27A3	2	True	False
SLC27A4	3	True	True
SLC2A12	3	False	True
SLC2A3	2	False	True
SLC2A3P1	3	False	True
SLC2A8	2	False	True
SLC30A5	4	True	True
SLC30A6	2	True	False
SLC30A6-DT	3	False	True
SLC30A9	2	True	False
SLC31A1	2	True	False
SLC31A2	2	False	True
SLC33A1	3	True	True
SLC35A2	2	True	False
SLC35A3	3	True	True
SLC35B3	2	True	False
SLC35B4	3	False	True
SLC35C2	2	False	True
SLC35D1	3	True	True
SLC35D2	2	True	False
SLC35E1	2	True	False
SLC35E3	2	True	False
SLC35F3	3	True	True
SLC35F6	2	True	False
SLC35G1	4	True	False
SLC35G2	2	False	True
SLC36A4	2	False	True
SLC37A1	3	True	False
SLC38A1	2	True	False
SLC38A2	5	True	True
SLC38A4	2	True	False
SLC38A6	3	True	False
SLC38A9	4	True	True
SLC39A10	2	False	True
SLC39A6	2	False	True
SLC39A7	2	True	False
SLC39A8	2	True	False
SLC3A2	2	True	False
SLC40A1	2	False	True
SLC41A2	2	True	False
SLC44A1	3	True	True
SLC44A3	2	True	False
SLC48A1	2	True	False
SLC49A4	3	False	True
SLC4A1AP	3	True	False
SLC4A4	5	True	True
SLC4A7	3	True	False
SLC4A8	4	True	False
SLC5A3	4	True	False
SLC66A1L	2	True	False
SLC66A2	2	False	True
SLC66A3	3	True	False
SLC6A6	2	True	False
SLC6A8	2	False	True
SLC7A11	4	True	True
SLC7A2	2	True	False
SLC7A5	2	True	False
SLC7A6	2	True	False
SLC7A6OS	2	True	False
SLC9A6	2	True	False
SLC9A8	2	True	False
SLC9B2	4	True	True
SLF1	3	True	False
SLF2	3	True	True
SLFN11	2	True	False
SLFN12	2	True	False
SLFN5	3	True	True
SLIT2	2	True	False
SLK	2	False	True
SLMAP	2	True	False
SLTM	3	True	False
SLU7	3	True	True
SLX4IP	4	True	False
SMAD1	2	True	False
SMAD2	4	True	True
SMAD4	3	True	True
SMAD5	3	True	False
SMAD6	2	False	True
SMAD7	2	False	True
SMAP1	2	True	False
SMAP2	3	True	False
SMARCA1	4	True	True
SMARCA5	2	True	False
SMARCAD1	4	True	True
SMARCAL1	2	True	False
SMARCB1	2	True	False
SMARCC1	3	True	True
SMARCC2	2	False	True
SMARCE1	3	True	True
SMC1A	2	True	False
SMC2	3	True	False
SMC3	4	True	False
SMC4	3	True	False
SMC6	2	True	False
SMCHD1	3	True	False
SMG1	2	True	False
SMG1P1	5	True	True
SMG1P2	2	True	False
SMG1P3	3	True	False
SMG1P7	2	False	True
SMG6	2	True	False
SMG7	4	True	False
SMIM10	2	False	True
SMIM10L1	2	False	True
SMIM11A	2	True	False
SMIM13	2	False	True
SMIM14	2	False	True
SMIM14-DT	3	True	False
SMIM15	2	False	True
SMIM20	2	False	True
SMIM30	2	False	True
SMIM7	3	False	True
SMIM8	2	False	True
SMKR1	2	False	True
SMN1	3	True	True
SMN2	3	True	True
SMNDC1	3	True	False
SMS	2	True	False
SMU1	4	True	True
SMURF1	3	True	True
SMURF2	3	True	True
SMYD4	4	True	False
SNAI2	2	False	True
SNAI3-AS1	3	True	False
SNAP23	2	False	True
SNAPC3	3	True	True
SNAPC4	2	True	False
SNAPC5	3	True	True
SNAPIN	2	False	True
SNCAIP	2	True	False
SNHG14	3	True	True
SNHG16	2	False	True
SNHG18	2	False	True
SNHG20	3	True	True
SNHG26	2	True	False
SNHG30	2	False	True
SNIP1	5	True	True
SNORA73A	2	False	True
SNORD3B-1	3	False	True
SNORD3B-2	3	False	True
SNRK	3	True	False
SNRNP200	2	True	False
SNRNP27	2	True	False
SNRNP48	3	True	False
SNRNP70	2	True	False
SNRPB2	2	True	False
SNRPGP15	2	False	True
SNTB1	2	True	False
SNTB2	3	True	True
SNUPN	2	True	False
SNURF	2	True	False
SNW1	2	True	False
SNX13	3	True	False
SNX14	2	True	False
SNX16	3	True	True
SNX18P7	2	False	True
SNX2	4	True	True
SNX21	2	False	True
SNX24	2	True	False
SNX27	2	True	False
SNX29	2	True	False
SNX3	2	True	False
SNX30	2	True	False
SNX5	2	False	True
SNX6	3	True	False
SNX7	2	True	False
SNX9	4	True	True
SOAT1	2	False	True
SOCS2	2	False	True
SOCS2-AS1	2	True	False
SOCS3-DT	2	True	False
SOCS5	3	True	True
SOCS6	2	True	False
SOCS7	3	True	False
SOD1	2	False	True
SOD2	2	False	True
SOGA3	2	False	True
SON	2	True	False
SORBS2	2	False	True
SORD	3	False	True
SORL1	2	False	True
SORT1	3	False	True
SOS1	3	True	True
SOS2	3	True	False
SOX11	2	True	False
SOX12	3	True	True
SP1	4	True	False
SP100	3	True	True
SP110	3	True	False
SP140	2	True	False
SP140L	3	True	False
SP2	2	False	True
SP4	3	True	False
SPA17	3	False	True
SPACA9	2	True	False
SPAG16	2	False	True
SPAG5	3	True	True
SPAG9	2	True	False
SPARC	2	False	True
SPART	2	True	False
SPART-AS1	2	True	False
SPAST	3	True	False
SPATA1	2	False	True
SPATA18	3	True	False
SPATA24	2	True	False
SPATA33	3	True	True
SPATA5	4	True	False
SPATA7	4	True	True
SPATS2L	2	True	False
SPC24	3	True	False
SPC25	4	True	True
SPCS2	2	False	True
SPCS3	2	False	True
SPDL1	2	True	False
SPECC1	3	True	False
SPECC1L	4	True	False
SPEF2	4	True	True
SPEG	2	True	False
SPEN	3	True	True
SPESP1	2	False	True
SPG11	2	True	False
SPG7	3	True	True
SPHK2	4	True	True
SPICE1	3	True	True
SPIDR	2	True	False
SPIN2B	2	False	True
SPIN4	2	False	True
SPINDOC	3	True	False
SPINT1-AS1	2	True	False
SPIRE1	3	True	True
SPIRE2	2	False	True
SPNS1	2	True	False
SPOCD1	3	True	False
SPOCK1	2	False	True
SPOP	3	False	True
SPOPL	2	True	False
SPP1	2	False	True
SPPL2B	2	True	False
SPPL3	2	False	True
SPRED1	3	False	True
SPRED2	2	True	False
SPRING1	2	False	True
SPRTN	3	True	False
SPRY4	2	True	False
SPRY4-AS1	2	True	False
SPRYD4	3	False	True
SPRYD7	4	True	True
SPTBN1	2	True	False
SPTLC1	2	True	False
SPTSSA	2	False	True
SPTY2D1	3	True	True
SPX	2	False	True
SRBD1	3	True	False
SRD5A1	4	True	True
SREBF2	2	True	False
SREK1	4	True	True
SREK1IP1	2	True	False
SRFBP1	2	True	False
SRGAP1	3	True	False
SRGAP2	3	True	False
SRGAP2B	4	True	False
SRGAP2C	5	True	True
SRGAP2D	2	False	True
SRGN	2	False	True
SRP14-DT	3	True	True
SRP14P3	2	False	True
SRP19	2	False	True
SRP54	3	True	False
SRP68	3	False	True
SRP72	4	True	True
SRP9	2	False	True
SRP9P1	2	False	True
SRPK1	3	True	False
SRPK2	3	True	False
SRPRA	2	True	False
SRPRB	2	False	True
SRPX2	2	False	True
SRR	2	True	False
SRRD	2	False	True
SRRM1	3	True	False
SRRT	2	True	False
SRSF1	2	True	False
SRSF10	3	True	False
SRSF11	4	True	True
SRSF2	2	False	True
SRSF3	3	True	True
SRSF4	2	True	False
SRSF5	3	True	True
SRSF8	2	True	False
SSB	2	True	False
SSBP3	2	True	False
SSBP4	2	False	True
SSH1	2	False	True
SSR1	2	False	True
SSR4P1	3	True	True
SSX2IP	5	True	True
ST13	3	True	True
ST3GAL1	3	True	True
ST3GAL1-DT	2	False	True
ST3GAL2	2	True	False
ST3GAL3	2	True	False
ST3GAL5	2	True	False
ST3GAL6	3	True	True
ST3GAL6-AS1	3	True	False
ST6GALNAC6	2	True	False
ST7	2	True	False
ST7L	3	True	False
STAG1	2	True	False
STAG2	3	True	False
STAG3L4	2	False	True
STAG3L5P	4	True	True
STAM	2	True	False
STAM-DT	2	True	False
STAM2	4	True	False
STAMBP	2	True	False
STAMBPL1	3	True	False
STARD13	3	True	True
STARD3	3	True	False
STARD3NL	2	False	True
STARD4	3	False	True
STARD7-AS1	4	True	False
STARD9	3	True	True
STAT2	2	True	False
STAT3	3	True	False
STAT5B	4	True	True
STAT6	2	True	False
STAU1	3	True	True
STAU2	4	True	False
STC1	2	False	True
STEAP1B	2	True	False
STEAP3	2	True	False
STEEP1	5	True	False
STIL	3	True	True
STIM2	4	True	True
STIMATE	4	True	True
STING1	2	False	True
STIP1	2	True	False
STK11	2	False	True
STK16	2	True	False
STK17A	2	True	False
STK17B	2	True	False
STK19	2	True	False
STK25	2	False	True
STK26	2	False	True
STK3	2	True	False
STK32B	2	True	False
STK32C	2	True	False
STK33	2	True	False
STK38L	2	True	False
STK4	2	True	False
STMP1	2	False	True
STN1	2	True	False
STOM	2	False	True
STOML1	2	True	False
STPG1	4	True	False
STRADB	2	False	True
STRBP	3	False	True
STRIP2	3	True	False
STRN	2	True	False
STRN3	2	True	False
STT3A	2	False	True
STT3B	3	False	True
STX12	3	True	False
STX16	4	True	True
STX17	2	True	False
STX18	2	True	False
STX18-AS1	2	True	False
STX2	2	True	False
STX3	4	True	True
STX4	2	True	False
STX6	3	True	True
STX7	4	True	True
STXBP1	3	True	True
STXBP3	2	True	False
STXBP4	5	True	True
STXBP5	2	True	False
STXBP6	2	False	True
STYK1	3	False	True
STYX	2	False	True
SUCLA2	2	True	False
SUCLG1	2	True	False
SUCLG2-AS1	3	True	True
SUCO	2	True	False
SUFU	3	True	False
SUGP2	3	True	False
SUGT1	3	True	False
SUGT1-DT	2	False	True
SUGT1P1	2	True	False
SULF1	2	True	False
SULF2	2	False	True
SUMF2	2	True	False
SUMO2	2	False	True
SUMO3	3	False	True
SUN1	2	True	False
SUPT16H	2	True	False
SUPT20H	4	True	True
SUPT3H	2	False	True
SUPT4H1	2	False	True
SUPT5H	2	True	False
SUPT6H	2	True	False
SUPT7L	2	False	True
SUPV3L1	2	True	False
SURF4	2	False	True
SURF6	2	True	False
SUSD1	4	True	True
SUSD5	2	False	True
SUV39H2	3	True	True
SUV39H2-DT	4	True	True
SUZ12P1	2	False	True
SVIL	2	True	False
SVIL-AS1	2	True	False
SVIP	3	True	True
SWAP70	3	True	True
SWT1	5	True	True
SYAP1	3	True	False
SYCP2L	2	True	False
SYDE1	3	True	True
SYDE2	4	True	True
SYF2	4	True	True
SYNCRIP	3	True	False
SYNE2	2	True	False
SYNE3	2	True	False
SYNGAP1	3	True	True
SYNGR1	2	False	True
SYNJ1	5	True	True
SYNJ2	2	False	True
SYNJ2BP	3	False	True
SYNJ2BP-COX16	2	False	True
SYNM	2	False	True
SYPL1	2	False	True
SYS1	2	False	True
SYT1	3	True	False
SYT11	4	True	True
SYT14	2	True	False
SYTL4	2	True	False
SZRD1	4	True	True
SZT2	2	True	False
TAB3	2	True	False
TACC1	3	True	False
TACC2	3	True	True
TACO1	2	True	False
TADA2A	3	True	False
TADA2B	2	False	True
TAF12	2	False	True
TAF13	2	True	False
TAF15	2	True	False
TAF1A	2	True	False
TAF1B	4	True	True
TAF1D	2	True	False
TAF2	2	True	False
TAF3	4	True	True
TAF5	2	True	False
TAF5L	2	True	False
TAF7	2	False	True
TAF7L	2	True	False
TAF8	2	True	False
TAFA5	2	True	False
TAGAP-AS1	3	True	True
TAMM41	2	True	False
TANC1	4	True	False
TANC2	3	True	False
TANGO6	3	True	True
TANK	2	True	False
TAOK1	2	True	False
TAOK2	2	True	False
TAOK3	4	True	True
TAPT1	2	True	False
TARBP1	2	True	False
TARDBP	3	True	False
TARS1	2	True	False
TARS1-DT	2	False	True
TARS3	4	True	True
TAS2R14	5	True	True
TAS2R20	3	False	True
TASOR2	2	True	False
TASP1	3	True	False
TATDN1	2	True	False
TATDN3	3	True	True
TAX1BP1	4	True	True
TBC1D1	4	True	True
TBC1D12	3	True	False
TBC1D14	3	True	False
TBC1D15	4	True	True
TBC1D19	4	True	True
TBC1D22A	3	True	False
TBC1D23	2	False	True
TBC1D24	3	True	False
TBC1D25	2	True	False
TBC1D31	4	True	False
TBC1D32	2	True	False
TBC1D5	2	True	False
TBC1D8B	2	True	False
TBCC	2	False	True
TBCCD1	2	False	True
TBCD	3	True	True
TBCEL	3	True	True
TBCK	3	True	True
TBILA	3	False	True
TBK1	2	True	False
TBL1X	2	True	False
TBL1XR1	4	True	True
TBP	2	False	True
TBRG1	2	True	False
TBX18	4	True	True
TBX2	3	True	True
TBX3	2	True	False
TBX5	3	False	True
TBX5-AS1	4	False	True
TBXA2R	2	False	True
TBXAS1	2	False	True
TCAF1	2	True	False
TCAIM	3	True	False
TCEA1	3	True	False
TCEA1P2	3	False	True
TCEA1P4	3	False	True
TCEA2	2	True	False
TCEA3	3	True	True
TCEAL3	3	False	True
TCEAL4	2	False	True
TCEAL7	2	False	True
TCEAL8	2	False	True
TCEANC	2	False	True
TCEANC2	3	True	False
TCERG1	3	True	False
TCF12	2	True	False
TCF19	3	True	True
TCF20	2	False	True
TCF25	2	True	False
TCF4	2	False	True
TCF7L2	2	False	True
TCHP	4	True	False
TCOF1	2	True	False
TCP1	2	True	False
TCP11L1	4	True	True
TCTA	2	False	True
TCTN1	3	True	True
TCTN3	2	False	True
TDP1	3	True	True
TDRD3	2	True	False
TDRD7	2	True	False
TDRKH	3	True	False
TEAD1	3	True	True
TEAD4	2	True	False
TECPR1	3	True	True
TECPR2	3	True	False
TEFM	2	True	False
TEK	2	False	True
TENM3-AS1	3	True	False
TENT2	2	True	False
TENT4B	2	True	False
TEP1	2	False	True
TERF1	2	True	False
TERF2	5	True	True
TERF2IP	2	False	True
TES	3	True	True
TESMIN	2	True	False
TET1	2	True	False
TET2	3	True	False
TEX2	2	False	True
TEX41	3	True	False
TEX9	2	True	False
TFAM	3	True	True
TFAP2A-AS1	3	False	True
TFAP2A-AS2	2	False	True
TFCP2	2	False	True
TFDP1	3	True	True
TFDP2	3	True	False
TFE3	2	True	False
TFIP11	4	True	False
TFIP11-DT	2	False	True
TFPI	3	True	True
TFPI2	2	True	False
TFRC	3	True	False
TGFB2	2	True	False
TGFB2-OT1	4	True	True
TGFBR2	2	True	False
TGFBR3	2	False	True
TGFBRAP1	2	True	False
TGS1	2	True	False
THADA	2	True	False
THAP1	5	False	True
THAP10	2	False	True
THAP12	2	False	True
THAP2	3	True	True
THAP3	2	False	True
THAP5P1	2	False	True
THAP6	4	True	True
THAP9	2	True	False
THAP9-AS1	2	True	False
THBS2	2	False	True
THEM4	4	True	True
THEM6	2	True	False
THG1L	2	False	True
THNSL1	2	False	True
THOC1	2	True	False
THOC2	2	True	False
THOC5	3	True	True
THORLNC	2	False	True
THRA	2	True	False
THRAP3	4	True	False
THUMPD1	2	False	True
THUMPD3	2	True	False
THUMPD3-AS1	3	True	True
THY1	2	False	True
TIA1	3	False	True
TIAM1	2	True	False
TIAM2	2	True	False
TICAM2	4	False	True
TIE1	2	True	False
TIFA	3	False	True
TIGAR	3	False	True
TIGD1	2	False	True
TIGD2	3	True	True
TIGD6	2	True	False
TIMM10B	4	False	True
TIMM13	2	False	True
TIMM17A	2	False	True
TIMM21	2	False	True
TIMM22	2	False	True
TIMM23B	3	False	True
TIMM50	2	False	True
TIMMDC1	2	True	False
TIMP2	3	True	False
TIMP3	3	True	True
TIMP4	2	False	True
TIPARP	5	True	True
TIPIN	2	True	False
TIPRL	2	False	True
TIRAP	3	True	True
TK2	4	True	True
TKT	3	True	False
TLCD3A	3	False	True
TLCD4	3	True	True
TLE3	2	False	True
TLE4	2	True	False
TLK1	3	True	False
TLN1	2	True	False
TLN2	2	True	False
TLNRD1	3	True	False
TLR2	2	False	True
TLR3	3	True	True
TM4SF1	2	False	True
TM4SF19	2	False	True
TM6SF1	2	False	True
TM9SF1	3	True	True
TM9SF3	2	True	False
TM9SF4	2	True	False
TMA16	3	False	True
TMA7	2	False	True
TMBIM6	3	True	True
TMCC1	3	True	False
TMCO1	2	True	False
TMCO3	2	True	False
TMCO4	2	True	False
TMCO6	2	False	True
TMED4	3	True	True
TMED5	2	True	False
TMED7	2	False	True
TMED8	3	True	True
TMEM101	2	False	True
TMEM106B	3	False	True
TMEM106C	2	False	True
TMEM107	2	False	True
TMEM116	2	True	False
TMEM117	2	True	False
TMEM120B	2	False	True
TMEM123-DT	2	False	True
TMEM126B	2	True	False
TMEM131L	3	True	True
TMEM135	2	False	True
TMEM147-AS1	2	False	True
TMEM14A	2	False	True
TMEM14B	2	False	True
TMEM14B_TMEM14C	2	False	True
TMEM14C	2	False	True
TMEM14EP	2	False	True
TMEM154	3	True	False
TMEM156	2	True	False
TMEM161B	2	True	False
TMEM161B-DT	3	True	False
TMEM165	2	True	False
TMEM167A	2	False	True
TMEM167B	2	False	True
TMEM167B-DT	2	True	False
TMEM169	2	True	False
TMEM17	2	False	True
TMEM177	2	True	False
TMEM179B	2	False	True
TMEM181	4	True	True
TMEM182	3	True	True
TMEM183A	3	False	True
TMEM185A	2	True	False
TMEM185B	3	True	True
TMEM19	3	True	True
TMEM192	2	True	False
TMEM199	3	False	True
TMEM200A	2	False	True
TMEM201	3	True	False
TMEM209	2	False	True
TMEM216	2	True	False
TMEM217	2	True	False
TMEM222	2	True	False
TMEM231	2	True	False
TMEM234	2	True	False
TMEM237	3	True	True
TMEM240	2	True	False
TMEM245	3	False	True
TMEM25	3	True	False
TMEM254	3	True	True
TMEM260	2	False	True
TMEM263	3	True	True
TMEM263-DT	2	False	True
TMEM265	3	False	True
TMEM267	3	False	True
TMEM268	2	True	False
TMEM30A	2	False	True
TMEM30A-DT	4	True	True
TMEM33	4	True	True
TMEM38A	3	True	True
TMEM38B	4	False	True
TMEM39A	2	True	False
TMEM40	2	False	True
TMEM41A	2	False	True
TMEM43	4	True	True
TMEM44	2	True	False
TMEM44-AS1	4	True	True
TMEM47	2	False	True
TMEM50A	3	False	True
TMEM50B	2	False	True
TMEM53	2	False	True
TMEM59	2	False	True
TMEM60	2	False	True
TMEM63A	2	True	False
TMEM65	2	False	True
TMEM67	6	True	True
TMEM68	2	True	False
TMEM69	2	False	True
TMEM87A	2	False	True
TMEM87B	3	True	True
TMEM8B	2	True	False
TMEM9	2	False	True
TMEM94	2	False	True
TMEM9B	3	True	True
TMF1	3	True	False
TMLHE	3	True	False
TMOD2	3	True	False
TMPO	3	True	True
TMPRSS7	2	False	True
TMSB15B	2	True	False
TMTC3	4	False	True
TMTC4	3	True	True
TMUB2	3	True	True
TMX1	5	True	True
TMX3	2	True	False
TMX4	2	False	True
TNFAIP1	2	False	True
TNFAIP2	2	True	False
TNFAIP6	2	False	True
TNFAIP8	2	False	True
TNFAIP8L1	4	True	True
TNFRSF10A	2	True	False
TNFRSF10B	3	True	True
TNFRSF10C	2	True	False
TNFRSF10D	4	True	True
TNFRSF19	2	True	False
TNFSF15	2	False	True
TNIK	4	True	False
TNIP2	2	True	False
TNKS	3	True	False
TNNT2	3	True	False
TNPO1	3	True	False
TNRC18	2	True	False
TNRC6A	3	True	False
TNRC6B	2	True	False
TNRC6C	2	False	True
TNS1	3	True	True
TNS1-AS1	2	True	False
TNS2	2	True	False
TNS3	2	False	True
TOB1	2	False	True
TOM1L1	2	True	False
TOM1L2	2	True	False
TOMM20	2	False	True
TOMM22	2	False	True
TOMM5	2	False	True
TOMM70	2	False	True
TOP1	3	True	False
TOP1MT	3	True	False
TOP2A	3	True	False
TOP3A	2	True	False
TOPBP1	3	True	False
TOPORS	2	False	True
TOR1A	2	False	True
TOR1AIP1	2	False	True
TOR1AIP2	3	True	True
TOX	2	False	True
TOX2	2	True	False
TOX4	2	True	False
TP53BP1	2	True	False
TP53BP2	2	True	False
TP53I3	2	True	False
TP53INP1	5	True	True
TPCN1	3	True	False
TPGS2	2	True	False
TPK1	3	True	False
TPM1	2	True	False
TPM3	3	True	False
TPM4	3	True	True
TPMT	2	False	True
TPP1	2	False	True
TPP2	3	True	False
TPR	2	True	False
TPT1	2	False	True
TPT1-AS1	4	True	True
TPTEP2	3	True	False
TPX2	2	True	False
TRA2A	3	True	True
TRA2B	3	True	True
TRABD2A	2	True	False
TRAF3	2	True	False
TRAF3IP1	4	True	True
TRAF3IP2-AS1	4	True	True
TRAF5	2	True	False
TRAF6	2	False	True
TRAF7	2	False	True
TRAFD1	2	True	False
TRAIP	3	True	False
TRAK1	3	True	False
TRAK2	3	True	True
TRAM1	3	True	True
TRAM1L1	2	False	True
TRAM2	3	True	True
TRANK1	3	True	False
TRAPPC10	4	True	False
TRAPPC13	2	False	True
TRAPPC2B	2	False	True
TRAPPC3	2	False	True
TRAPPC6B	3	True	True
TRAPPC9	2	True	False
TRERF1	3	True	False
TRIB2	2	True	False
TRIM11	2	True	False
TRIM13	2	True	False
TRIM14	4	True	True
TRIM16L	2	True	False
TRIM2	2	True	False
TRIM21	2	True	False
TRIM22	4	True	True
TRIM23	3	True	True
TRIM24	2	True	False
TRIM25	2	True	False
TRIM27	3	True	True
TRIM32	2	False	True
TRIM33	3	True	False
TRIM34	3	True	False
TRIM37	2	True	False
TRIM38	4	True	True
TRIM4	2	True	False
TRIM44	3	True	True
TRIM5	3	True	False
TRIM52	3	True	True
TRIM52-AS1	4	True	True
TRIM55	2	True	False
TRIM56	3	True	False
TRIM59	3	False	True
TRIM61	2	False	True
TRIM69	4	False	True
TRIM7	3	True	True
TRIM73	2	False	True
TRIM74	2	True	False
TRIM8	3	False	True
TRIML2	2	True	False
TRIO	2	False	True
TRIOBP	3	True	True
TRIP11	3	True	False
TRIP4	4	True	False
TRIQK	3	False	True
TRIT1	2	False	True
TRMT10A	3	True	False
TRMT10B	4	True	True
TRMT11	2	True	False
TRMT13	3	True	True
TRMT1L	2	True	False
TRMT2B	2	False	True
TRMT44	2	True	False
TRMT5	3	True	False
TRMT6	2	True	False
TRMT61A	2	False	True
TRMU	2	True	False
TRNP1	3	False	True
TRNT1	4	True	False
TROAP	2	True	False
TRPC4	2	True	False
TRPC4AP	2	True	False
TRPC6	5	True	True
TRPS1	3	True	True
TRRAP	2	True	False
TRUB1	4	True	True
TRUB2	2	True	False
TSC1	3	True	False
TSC2	3	True	False
TSC22D2	2	False	True
TSEN15	2	True	False
TSEN2	2	True	False
TSG101	2	True	False
TSGA10	2	True	False
TSHZ1	2	False	True
TSHZ3	3	True	False
TSIX	3	False	True
TSLP	2	False	True
TSN	2	False	True
TSNARE1	2	False	True
TSNAX	3	True	True
TSPAN10	3	True	True
TSPAN12	2	True	False
TSPAN14	2	True	False
TSPAN17	3	True	True
TSPAN2	3	False	True
TSPAN31	2	False	True
TSPAN5	2	False	True
TSPAN5-DT	2	True	False
TSPAN6	2	False	True
TSPAN9	2	True	False
TSPYL1	2	False	True
TSPYL4	2	True	False
TSPYL5	2	True	False
TSR1	4	True	True
TSR2	3	False	True
TSSK3	2	True	False
TSTD2	2	True	False
TTBK2	2	True	False
TTC1	2	True	False
TTC12	2	True	False
TTC14	5	True	True
TTC17	3	True	True
TTC21B	3	True	True
TTC23	3	True	False
TTC26	2	True	False
TTC27	2	True	False
TTC28	2	False	True
TTC28-AS1	2	False	True
TTC3	2	True	False
TTC30A	5	False	True
TTC32	3	False	True
TTC32-DT	2	False	True
TTC33	2	True	False
TTC39B	2	True	False
TTC4	3	True	False
TTC7A	3	True	True
TTF1	2	True	False
TTF2	2	True	False
TTI2	2	True	False
TTK	3	True	False
TTLL11	4	True	False
TTLL3	2	True	False
TTLL4	2	True	False
TTLL5	3	True	False
TTLL7	3	True	False
TTN-AS1	4	True	True
TTPAL	3	True	False
TUB	2	True	False
TUBA5P	2	True	False
TUBB	2	False	True
TUBB2B	2	False	True
TUBD1	2	False	True
TUBE1	3	True	True
TUBGCP2	2	True	False
TUBGCP4	2	True	False
TUBGCP5	2	True	False
TUFT1	2	True	False
TUG1	2	True	False
TULP3	3	True	True
TULP4	2	False	True
TUSC2	2	False	True
TUSC3	2	False	True
TUT1	2	True	False
TUT4	3	True	True
TUT7	3	True	False
TVP23B	2	False	True
TVP23C	4	True	True
TWF1	3	True	True
TWF1P1	2	False	True
TWIST2	2	False	True
TWSG1	2	False	True
TWSG1-DT	2	False	True
TXK	2	False	True
TXN2	2	False	True
TXNDC12	2	True	False
TXNDC5	4	True	False
TXNDC9	3	False	True
TXNL1	2	True	False
TXNL4B	2	False	True
TXNRD1	3	True	True
TYMS	2	False	True
TYMSOS	2	False	True
TYRO3	2	True	False
TYW1	2	True	False
TYW1B	3	True	True
TYW3	3	True	True
TYW5	4	True	True
U2AF2	2	True	False
U2SURP	3	True	False
UACA	2	True	False
UAP1	2	True	False
UBA3	2	True	False
UBA5	2	False	True
UBA6	3	True	True
UBA6-DT	3	True	False
UBAC1	2	True	False
UBALD2	2	False	True
UBAP1	2	True	False
UBAP1L	2	False	True
UBAP2	2	True	False
UBAP2L	2	True	False
UBASH3B	4	True	True
UBC	2	False	True
UBE2B	2	False	True
UBE2D1	3	True	True
UBE2D2	2	False	True
UBE2D3	5	False	True
UBE2D3-AS1	2	False	True
UBE2D4	3	True	False
UBE2E2	2	True	False
UBE2F	2	False	True
UBE2G1	3	True	True
UBE2G2	3	True	True
UBE2H	4	True	True
UBE2J1	3	False	True
UBE2J2	2	False	True
UBE2N	3	False	True
UBE2Q1	3	True	True
UBE2Q2	2	True	False
UBE2Q2P1	3	True	False
UBE2Q2P2	2	True	False
UBE2V2	2	False	True
UBE2W	3	True	True
UBE3A	5	True	True
UBE3B	2	True	False
UBE3C	2	True	False
UBE3D	2	True	False
UBE4A	2	True	False
UBE4B	2	False	True
UBFD1	2	True	False
UBIAD1	2	False	True
UBL3	2	False	True
UBL4A	2	False	True
UBL7-DT	3	True	False
UBLCP1	2	True	False
UBN1	4	True	False
UBN2	2	True	False
UBP1	4	True	False
UBQLN1-AS1	2	False	True
UBQLN2	5	True	True
UBR2	2	True	False
UBR4	2	True	False
UBR5	2	True	False
UBR7	4	True	True
UBTD2	2	True	False
UBTF	3	True	True
UBXN1	2	True	False
UBXN2A	4	True	False
UBXN2B	2	True	False
UBXN4	3	True	False
UBXN6	2	False	True
UBXN7	3	True	False
UBXN8	2	True	False
UCHL5	4	True	True
UCK1	2	False	True
UCK2	2	True	False
UEVLD	2	False	True
UFC1	2	False	True
UFL1	3	True	False
UFL1-AS1	2	True	False
UFM1	2	False	True
UFSP2	3	True	True
UGCG	3	False	True
UGGT1	2	True	False
UGGT2	3	True	False
UGP2	2	True	False
UHMK1	2	True	False
UHRF1BP1	4	True	True
UHRF1BP1L	2	True	False
UIMC1	2	True	False
ULBP2	3	True	True
ULK2	4	True	True
ULK4	2	True	False
ULK4P2	2	False	True
UMAD1	4	True	False
UMPS	3	True	False
UNC45A	4	True	False
UNC5B	2	True	False
UNG	2	True	False
UNKL	3	True	True
UPF1	2	False	True
UPF2	2	True	False
UPF3A	2	True	False
UPF3B	3	True	False
UPP1	2	True	False
UQCC1	3	True	True
UQCRC2	2	False	True
URB1	2	False	True
URB2	3	False	True
URGCP	3	True	False
URI1	3	True	False
UROS	2	True	False
USE1	3	True	True
USF2	2	False	True
USF3	3	True	False
USO1	2	True	False
USP1	3	True	True
USP10	2	True	False
USP11	2	False	True
USP12	2	True	False
USP13	3	True	False
USP14	2	True	False
USP15	2	True	False
USP16	2	True	False
USP18	2	True	False
USP22	2	True	False
USP24	4	True	False
USP25	2	False	True
USP28	3	True	True
USP3	2	True	False
USP30	2	False	True
USP32	3	True	True
USP33	2	True	False
USP34	2	True	False
USP34-DT	2	False	True
USP36	2	True	False
USP37	2	True	False
USP38	3	False	True
USP4	3	False	True
USP42	2	False	True
USP45	3	True	False
USP46-DT	2	False	True
USP47	2	True	False
USP48	3	True	False
USP5	2	True	False
USP6NL	3	True	True
USP7	3	False	True
USP8	3	True	False
USP9X	2	False	True
USPL1	3	True	True
UST	2	True	False
UTP14A	2	True	False
UTP15	4	True	True
UTP18	3	True	False
UTP20	3	True	False
UTP23	2	False	True
UTP25	3	True	False
UTP3	3	False	True
UTP6	2	True	False
UTRN	3	True	True
UVSSA	2	True	False
UXS1	2	True	False
VAMP2	3	False	True
VAMP3	2	False	True
VAMP4	2	True	False
VAMP7	3	False	True
VANGL1	5	True	True
VAPA	3	True	False
VAPB	2	True	False
VBP1	2	False	True
VCAN	3	True	True
VCL	2	True	False
VCP	3	False	True
VCPIP1	3	False	True
VCPKMT	2	True	False
VDAC1	2	True	False
VDAC1P8	2	False	True
VDAC2	3	True	True
VEGFA	3	True	False
VEPH1	3	True	True
VEZT	3	True	True
VGLL4	3	False	True
VHL	2	True	False
VIM	2	False	True
VIM-AS1	2	False	True
VIRMA	2	True	False
VIRMA-DT	2	True	False
VKORC1L1	3	True	True
VMA21	2	True	False
VMAC	4	False	True
VMP1	2	False	True
VPS13A	3	True	False
VPS13B	4	True	False
VPS13C	2	True	False
VPS13D	2	True	False
VPS16	2	True	False
VPS18	2	True	False
VPS26A	3	False	True
VPS26B	2	True	False
VPS26BP1	2	False	True
VPS26C	2	True	False
VPS33A	4	True	True
VPS35	2	True	False
VPS35L	2	False	True
VPS36	2	True	False
VPS37A	2	True	False
VPS37B	5	True	True
VPS41	2	True	False
VPS4A	2	True	False
VPS4B	3	True	True
VPS50	2	True	False
VPS53	3	True	False
VPS54	3	True	True
VPS8	3	True	False
VPS9D1-AS1	2	True	False
VRK1	3	True	True
VRK2	3	True	True
VRK3	4	True	True
VSIG10	4	True	True
VSNL1	3	False	True
VTA1	3	True	True
VTI1A	2	True	False
VWA8	3	True	True
VWCE	2	True	False
WAC-AS1	3	True	False
WAPL	2	False	True
WARS1	2	False	True
WARS2-AS1	3	True	True
WASF1	2	True	False
WASF3	2	True	False
WASH7P	2	True	False
WASH8P	2	True	False
WASH9P	2	True	False
WASHC2A	3	True	True
WASHC2C	2	True	False
WASHC4	4	True	False
WASL	2	True	False
WASL-DT	3	False	True
WBP1	2	False	True
WBP11	2	True	False
WBP4	3	True	False
WDCP	2	True	False
WDFY1	3	True	True
WDFY3	2	True	False
WDFY3-AS2	4	True	False
WDHD1	2	True	False
WDR1	2	False	True
WDR20	4	True	True
WDR25	2	True	False
WDR26	2	False	True
WDR27	4	True	True
WDR3	4	True	True
WDR31	3	True	False
WDR35	3	True	False
WDR36	2	True	False
WDR41	2	False	True
WDR43	4	True	True
WDR44	3	True	True
WDR45	2	False	True
WDR46	2	True	False
WDR48	2	False	True
WDR5	3	True	True
WDR53	2	True	False
WDR55	3	True	True
WDR59	2	True	False
WDR5B	2	False	True
WDR5B-DT	2	True	False
WDR7	2	True	False
WDR70	4	True	False
WDR76	3	True	False
WDR77	2	False	True
WDR82	4	True	True
WDR89	3	False	True
WDR90	2	True	False
WDR91	3	True	True
WDTC1	2	True	False
WFS1	2	True	False
WHAMM	4	True	True
WHAMMP3	2	True	False
WIPF1	4	True	True
WIPF2	4	True	True
WIPI1	4	True	True
WIPI2	3	False	True
WIZ	2	False	True
WLS	2	True	False
WNK1	2	True	False
WNT5A	3	True	True
WNT5B	2	False	True
WRAP73	2	True	False
WRN	3	True	False
WSB1	3	True	True
WSB2	5	True	True
WTAP	2	True	False
WTIP	3	True	False
WWC1	2	False	True
WWC2	3	True	True
WWC3	2	True	False
WWOX	2	True	False
WWP1	3	False	True
WWP2	2	True	False
WWTR1	3	True	True
XAF1	2	True	False
XDH	2	False	True
XIAP	3	True	True
XIAPP3	2	False	True
XIST	2	True	False
XPA	3	True	False
XPC	2	True	False
XPNPEP3	3	True	True
XPO4	2	True	False
XPO5	2	False	True
XPO7	3	True	False
XPOT	2	True	False
XPR1	3	True	True
XRCC1	2	True	False
XRCC2	3	False	True
XRCC3	2	True	False
XRCC4	3	True	False
XRCC5	5	True	True
XRCC6	3	True	False
XRN1	4	True	False
XRN2	3	True	False
XRRA1	5	True	False
XXYLT1	2	False	True
XYLB	2	True	False
YAE1	2	False	True
YAF2	3	True	True
YAP1	4	True	True
YARS1	2	True	False
YBEY	2	True	False
YBX1	2	True	False
YEATS2	2	True	False
YEATS4	3	True	True
YES1	3	True	False
YIPF2	3	False	True
YIPF4	2	False	True
YIPF6	4	True	False
YJU2B	2	True	False
YKT6	3	True	True
YME1L1	4	False	True
YPEL1	3	False	True
YPEL2	2	True	False
YPEL5	3	False	True
YRDC	2	False	True
YTHDC1	3	True	False
YTHDC2	2	True	False
YTHDF2	2	False	True
YWHAB	3	True	True
YWHAE	2	True	False
YWHAQ	2	False	True
YWHAZ	3	True	False
YY1	4	True	True
ZADH2	3	False	True
ZBED5	3	False	True
ZBED6	3	True	False
ZBED8	2	False	True
ZBTB1	4	False	True
ZBTB10	3	True	False
ZBTB11	2	True	False
ZBTB11-AS1	2	True	False
ZBTB17	2	True	False
ZBTB18	2	True	False
ZBTB2	2	True	False
ZBTB20	2	True	False
ZBTB21	3	False	True
ZBTB24	3	True	True
ZBTB25	4	True	True
ZBTB33	3	False	True
ZBTB34	2	True	False
ZBTB38	3	False	True
ZBTB40	3	True	False
ZBTB41	4	False	True
ZBTB43	2	False	True
ZBTB44	3	True	False
ZBTB48	2	True	False
ZBTB49	2	True	False
ZBTB6	3	False	True
ZBTB8A	3	True	False
ZBTB8B	2	False	True
ZC2HC1A	4	True	True
ZC3H11A	2	True	False
ZC3H12C	3	False	True
ZC3H13	4	True	False
ZC3H14	5	True	True
ZC3H15	3	True	True
ZC3H18	3	True	True
ZC3H4	3	True	False
ZC3H7A	3	True	False
ZC3H8	3	True	False
ZC3HAV1	5	True	False
ZC3HAV1L	2	True	False
ZC4H2	2	False	True
ZCCHC10	3	True	True
ZCCHC17	3	True	True
ZCCHC4	2	True	False
ZCCHC7	5	True	True
ZCCHC8	2	True	False
ZCCHC9	2	True	False
ZCRB1	2	True	False
ZDBF2	2	True	False
ZDHHC13	2	False	True
ZDHHC14	2	False	True
ZDHHC17	2	True	False
ZDHHC20	2	True	False
ZDHHC21	6	True	True
ZDHHC3	2	False	True
ZDHHC5	3	True	True
ZDHHC6	3	True	True
ZDHHC9	2	False	True
ZEB1	3	True	False
ZEB1-AS1	2	True	False
ZER1	2	False	True
ZFAND1	3	True	True
ZFAND2A-DT	2	True	False
ZFAND3	2	True	False
ZFAND4	3	True	False
ZFAND5	2	False	True
ZFAND6	2	True	False
ZFAT	2	True	False
ZFC3H1	3	True	False
ZFHX3	2	True	False
ZFHX4	3	True	False
ZFHX4-AS1	2	False	True
ZFP1	3	False	True
ZFP14	4	True	True
ZFP28	3	True	True
ZFP30	2	False	True
ZFP36L1	2	False	True
ZFP37	3	True	True
ZFP64	2	True	False
ZFP69B	2	False	True
ZFP82	3	True	False
ZFP90	4	True	True
ZFP91	2	True	False
ZFPL1	2	True	False
ZFPM2	2	True	False
ZFPM2-AS1	3	True	True
ZFR	3	True	False
ZFX	2	True	False
ZFYVE1	2	True	False
ZFYVE16	3	True	True
ZFYVE21	2	False	True
ZFYVE26	3	True	True
ZFYVE27	2	True	False
ZFYVE9	3	True	False
ZHX1	4	True	True
ZHX3	2	True	False
ZKSCAN1	3	True	False
ZKSCAN2-DT	3	False	True
ZKSCAN5	3	True	True
ZMAT2	3	True	True
ZMPSTE24	2	False	True
ZMPSTE24-DT	2	False	True
ZMYM1	4	True	True
ZMYM2	4	True	True
ZMYM3	2	True	False
ZMYM4	2	True	False
ZMYM5	3	True	True
ZMYM6	3	True	False
ZMYND11	2	True	False
ZMYND19	2	False	True
ZMYND8	3	True	True
ZNF100	2	True	False
ZNF101	3	False	True
ZNF106	5	True	False
ZNF107	3	True	False
ZNF112	2	True	False
ZNF12	2	True	False
ZNF121	4	True	True
ZNF124	4	True	False
ZNF131	3	True	False
ZNF136	2	False	True
ZNF138	3	True	True
ZNF140	3	True	True
ZNF141	2	True	False
ZNF142	3	True	True
ZNF143	3	True	True
ZNF148	3	True	True
ZNF160	2	False	True
ZNF169	4	True	False
ZNF17	2	False	True
ZNF175	3	True	False
ZNF180	2	False	True
ZNF181	4	True	True
ZNF189	2	True	False
ZNF195	3	False	True
ZNF197	3	True	True
ZNF2	2	True	False
ZNF200	2	False	True
ZNF207	3	True	True
ZNF211	2	True	False
ZNF213-AS1	2	True	False
ZNF219	2	True	False
ZNF22-AS1	3	False	True
ZNF221	2	True	False
ZNF224	4	True	True
ZNF226	2	False	True
ZNF227	2	False	True
ZNF23	2	False	True
ZNF230	2	True	False
ZNF232	2	True	False
ZNF234	2	True	False
ZNF236	3	True	False
ZNF236-DT	2	True	False
ZNF239	2	True	False
ZNF248	3	True	True
ZNF250	3	True	True
ZNF251	2	True	False
ZNF252P	3	False	True
ZNF254	4	True	True
ZNF26	2	True	False
ZNF260	3	True	True
ZNF264	2	True	False
ZNF267	2	False	True
ZNF268	2	False	True
ZNF271P	2	False	True
ZNF273	2	True	False
ZNF276	2	True	False
ZNF277	3	True	True
ZNF28	2	True	False
ZNF280B	3	False	True
ZNF280C	2	True	False
ZNF280D	3	True	True
ZNF281	2	False	True
ZNF283	2	True	False
ZNF286A	3	True	False
ZNF292	2	False	True
ZNF3	3	True	True
ZNF302	3	True	True
ZNF316	2	True	False
ZNF318	5	True	True
ZNF321P	2	False	True
ZNF326	4	True	True
ZNF331	5	True	True
ZNF333	2	True	False
ZNF334	2	False	True
ZNF335	2	True	False
ZNF337	2	True	False
ZNF337-AS1	2	False	True
ZNF33B	3	False	True
ZNF343	4	True	True
ZNF345	3	True	False
ZNF346	2	True	False
ZNF35	2	False	True
ZNF350	2	False	True
ZNF354A	2	False	True
ZNF354B	4	True	True
ZNF354C	2	True	False
ZNF367	3	True	True
ZNF37A	3	True	False
ZNF37BP	3	True	True
ZNF383	3	True	True
ZNF384	2	False	True
ZNF385D	3	True	False
ZNF394	2	True	False
ZNF395	2	False	True
ZNF397	3	True	False
ZNF398	2	True	False
ZNF407	2	True	False
ZNF410	2	False	True
ZNF414	2	True	False
ZNF418	2	False	True
ZNF419	2	False	True
ZNF420	2	False	True
ZNF423	2	True	False
ZNF426	2	True	False
ZNF43	2	False	True
ZNF430	3	True	False
ZNF431	3	True	False
ZNF438	3	True	False
ZNF439	2	True	False
ZNF44	2	True	False
ZNF440	2	True	False
ZNF45	3	True	False
ZNF451	2	True	False
ZNF460	3	True	True
ZNF462	2	True	False
ZNF468	3	True	False
ZNF470	3	True	True
ZNF48	3	True	True
ZNF484	2	False	True
ZNF485	3	True	True
ZNF486	3	True	False
ZNF487	2	False	True
ZNF490	2	True	False
ZNF492	2	True	False
ZNF493	4	True	True
ZNF496	4	True	True
ZNF500	2	False	True
ZNF502	2	False	True
ZNF506	4	True	False
ZNF507	4	True	True
ZNF510	2	False	True
ZNF512B	5	True	True
ZNF516-AS1	4	False	True
ZNF518A	4	True	True
ZNF518B	3	True	True
ZNF519	3	True	False
ZNF521	2	False	True
ZNF526	3	True	False
ZNF528	4	True	False
ZNF528-AS1	3	True	False
ZNF529-AS1	3	True	False
ZNF530	3	True	False
ZNF532	2	True	False
ZNF542P	3	False	True
ZNF544	3	True	False
ZNF551	2	True	False
ZNF552	2	False	True
ZNF557	2	True	False
ZNF561	3	True	True
ZNF561-AS1	3	False	True
ZNF562	2	True	False
ZNF564	2	False	True
ZNF566	2	False	True
ZNF567	2	False	True
ZNF568	3	True	False
ZNF569	3	True	False
ZNF56P	3	True	False
ZNF57	2	True	False
ZNF570	2	False	True
ZNF573	2	True	False
ZNF576	2	False	True
ZNF582	2	True	False
ZNF583	3	True	True
ZNF586	3	True	False
ZNF592	3	True	True
ZNF594-DT	2	True	False
ZNF595	3	True	True
ZNF599	2	True	False
ZNF600	2	True	False
ZNF605	3	True	False
ZNF608	2	True	False
ZNF609	2	True	False
ZNF611	3	True	False
ZNF614	3	True	False
ZNF618	2	True	False
ZNF619	3	True	False
ZNF620	3	True	False
ZNF622	2	True	False
ZNF623	2	True	False
ZNF624	2	True	False
ZNF625	2	True	False
ZNF626	2	False	True
ZNF627	2	True	False
ZNF639	4	True	True
ZNF641	2	True	False
ZNF644	3	True	True
ZNF649	2	False	True
ZNF652	2	False	True
ZNF653	2	True	False
ZNF654	4	True	True
ZNF655	2	True	False
ZNF658	3	True	True
ZNF66	2	True	False
ZNF669	3	False	True
ZNF672	2	True	False
ZNF674-AS1	2	False	True
ZNF675	5	False	True
ZNF677	2	True	False
ZNF678	3	True	False
ZNF680	2	False	True
ZNF682	3	True	False
ZNF684	3	True	True
ZNF687	2	True	False
ZNF687-AS1	2	False	True
ZNF688	2	True	False
ZNF691	2	False	True
ZNF695	2	True	False
ZNF7	3	False	True
ZNF70	2	True	False
ZNF700	2	False	True
ZNF701	2	True	False
ZNF702P	3	True	True
ZNF707	2	True	False
ZNF708	4	True	True
ZNF71	3	True	False
ZNF710-AS1	2	False	True
ZNF713	3	True	False
ZNF714	3	True	True
ZNF718	2	True	False
ZNF720	2	False	True
ZNF721	2	True	False
ZNF724	2	True	False
ZNF726	3	True	False
ZNF730	3	True	False
ZNF731P	5	True	True
ZNF736	3	True	False
ZNF738	2	True	False
ZNF746	2	True	False
ZNF749	2	True	False
ZNF75A	3	True	False
ZNF76	2	True	False
ZNF761	2	True	False
ZNF765	3	True	False
ZNF766	2	False	True
ZNF767P	2	True	False
ZNF770	2	False	True
ZNF771	2	True	False
ZNF773	2	False	True
ZNF776	2	True	False
ZNF778	2	True	False
ZNF780A	2	True	False
ZNF780B	2	True	False
ZNF782	2	True	False
ZNF787	2	True	False
ZNF789	2	True	False
ZNF79	2	False	True
ZNF791	3	True	False
ZNF8-DT	2	True	False
ZNF800	4	True	True
ZNF805	2	False	True
ZNF814	3	True	True
ZNF821	4	True	True
ZNF823	2	False	True
ZNF827	2	False	True
ZNF83	2	True	False
ZNF830	3	False	True
ZNF839	2	True	False
ZNF84	3	True	False
ZNF846	2	True	False
ZNF85	4	True	True
ZNF850	2	True	False
ZNF862	3	True	True
ZNF875	5	True	True
ZNF880	3	True	False
ZNF891	2	False	True
ZNF91	4	True	True
ZNF92	2	False	True
ZNHIT1	2	True	False
ZNHIT6	5	True	True
ZNRF1	2	False	True
ZNRF2	4	True	True
ZNRF3	2	True	False
ZPR1	2	False	True
ZRANB1	4	False	True
ZRANB2	4	True	True
ZRANB3	3	True	False
ZRSR2	2	True	False
ZSCAN12	3	True	False
ZSCAN16	2	False	True
ZSCAN16-AS1	2	False	True
ZSCAN2	3	True	False
ZSCAN23	2	True	False
ZSCAN25	2	True	False
ZSCAN26	4	True	True
ZSCAN32	2	False	True
ZSCAN5A	3	True	False
ZSCAN9	2	True	False
ZSWIM7	3	True	True
ZSWIM8	3	True	False
ZSWIM9	3	True	True
ZUP1	3	True	False
ZWINT	2	False	True
ZXDA	2	False	True
ZXDB	2	False	True
ZXDC	3	True	False
ZYG11A	3	True	False
ZYG11B	2	True	False
ZZEF1	3	True	False
ZZZ3	2	True	False
novelGene_ABL1_AS	2	False	True
novelGene_ADAMTS12_AS	2	True	False
novelGene_AKAP13_AS	2	True	False
novelGene_ANKRD17_AS	2	True	False
novelGene_APBB2_AS	2	True	False
novelGene_ARL15_AS	2	True	False
novelGene_ARNT2_AS	2	True	False
novelGene_ARSJ_AS	3	True	False
novelGene_ASAP1_AS	3	True	False
novelGene_BAZ1A_AS	5	True	True
novelGene_C12orf75_AS	2	True	False
novelGene_CDH12P1_AS	3	True	False
novelGene_CDK5RAP2_AS	2	True	False
novelGene_CKAP2L_AS	2	False	True
novelGene_COL4A1_AS	2	True	False
novelGene_COL8A1_AS	2	True	False
novelGene_COPG2_AS	3	True	False
novelGene_DMGDH_AS	2	True	False
novelGene_DPF3_AS	2	False	True
novelGene_DSC3_AS	2	True	False
novelGene_EBF3_AS	2	False	True
novelGene_EDIL3_AS	2	True	False
novelGene_EHF_AS	2	True	False
novelGene_EMB_AS	2	False	True
novelGene_ENAH_AS	2	True	False
novelGene_ENSG00000229839_AS	2	True	False
novelGene_ENSG00000231918_AS	2	False	True
novelGene_ENSG00000250658_AS	2	False	True
novelGene_ENSG00000253496_AS	2	True	False
novelGene_ENSG00000257496_AS	2	False	True
novelGene_ENSG00000265408_AS	2	False	True
novelGene_ENSG00000268746_AS	2	True	False
novelGene_ENSG00000272368_AS	2	True	False
novelGene_ENSG00000280614_AS	3	True	True
novelGene_ENSG00000283674_AS	3	True	False
novelGene_ENSG00000285698_AS	2	False	True
novelGene_ENSG00000285922_AS	2	True	False
novelGene_ENSG00000286016_AS	2	False	True
novelGene_ENSG00000286458_AS	3	True	False
novelGene_EXT1_AS	2	True	False
novelGene_FAM171B_AS	3	True	True
novelGene_FILIP1L_AS	3	True	False
novelGene_FOXP1_AS	2	True	False
novelGene_FSTL3_AS	2	True	False
novelGene_GCK_AS	2	False	True
novelGene_GSK3B_AS	2	True	False
novelGene_HERC6_AS	2	True	False
novelGene_HMGA2-AS1_AS	2	True	False
novelGene_HTRA1_AS	5	True	False
novelGene_IGKV3-7_AS	2	True	False
novelGene_IL1A_AS	3	True	False
novelGene_INTS11_AS	2	False	True
novelGene_IQCJ-SCHIP1_AS	2	True	False
novelGene_LINC00598_AS	2	True	False
novelGene_LINC00973_AS	2	True	False
novelGene_LINC01376_AS	2	True	False
novelGene_LINC01592_AS	3	True	True
novelGene_LINC02840_AS	2	True	False
novelGene_LMCD1-AS1_AS	2	True	False
novelGene_MARCHF1_AS	2	True	False
novelGene_MARCHF4_AS	2	True	False
novelGene_MBP_AS	2	True	False
novelGene_MDM2_AS	2	False	True
novelGene_MGLL_AS	2	True	False
novelGene_MIR100HG_AS	2	True	False
novelGene_MPP7_AS	3	True	False
novelGene_MT-ND2_AS	2	False	True
novelGene_MT-ND4L_AS	2	False	True
novelGene_MXRA7_AS	4	True	True
novelGene_MXRA8_AS	2	True	False
novelGene_MYLK_AS	3	True	True
novelGene_NALF1_AS	3	True	False
novelGene_NTM_AS	2	True	False
novelGene_NUMA1_AS	2	True	False
novelGene_OMD_AS	3	True	False
novelGene_PDE4DIPP2_AS	2	True	False
novelGene_PDXDC1_AS	2	True	False
novelGene_PHLDA3_AS	2	True	False
novelGene_PLAUR_AS	2	True	False
novelGene_PLD1_AS	2	True	False
novelGene_POU2F2_AS	2	True	False
novelGene_PRICKLE2-DT_AS	2	False	True
novelGene_PRKCA-AS1_AS	2	True	False
novelGene_PRR13P1_AS	2	True	False
novelGene_RASA3_AS	2	True	False
novelGene_RASIP1_AS	2	True	False
novelGene_REEP3_AS	2	True	False
novelGene_REV3L_AS	2	True	False
novelGene_RHBDL2_AS	2	True	False
novelGene_RNF4_AS	2	True	False
novelGene_RXFP2_AS	2	False	True
novelGene_SCN8A_AS	2	True	False
novelGene_SEPTIN7P2_AS	2	True	False
novelGene_SETD2_AS	2	True	False
novelGene_SLC9A7_AS	2	False	True
novelGene_SMAD4_AS	2	False	True
novelGene_SMG1P3_AS	2	True	False
novelGene_SRGAP2B_AS	2	True	False
novelGene_STARD4-AS1_AS	2	True	False
novelGene_STK32B_AS	3	True	True
novelGene_THSD4_AS	2	True	False
novelGene_TIMP2_AS	2	True	False
novelGene_TMEM14EP_AS	2	True	False
novelGene_TNRC6B_AS	2	True	False
novelGene_TRPM3_AS	3	True	False
novelGene_UBE2K_AS	2	True	False
novelGene_UNC13B_AS	2	True	False
novelGene_USP10_AS	2	False	True
novelGene_WDR37_AS	2	True	False
novelGene_ZFHX4-AS1_AS	2	True	False
novelGene_ZNF451-AS1_AS	2	False	True
novelGene_ZSWIM7_AS	2	True	False
