gene	n_clusters	distinct_exons	tandem
AACS	2	True	False
AADAT	2	True	False
AAMDC	2	False	True
AARS1	2	True	False
AARS2	2	True	False
AASDH	2	True	False
AASDHPPT	2	True	False
AASS	4	True	False
ABCA1	2	True	False
ABCA5	3	True	True
ABCA7	2	True	False
ABCB10	4	True	False
ABCB7	3	True	False
ABCB8	2	True	False
ABCB9	2	True	False
ABCC1	3	True	False
ABCC10	2	True	False
ABCC3	2	True	False
ABCC5	2	True	False
ABCD1	2	False	True
ABCD3	2	False	True
ABCD4	2	True	False
ABCG2	3	True	False
ABHD14A	2	False	True
ABHD14A-ACY1	2	True	False
ABHD17C	2	False	True
ABHD18	2	True	False
ABHD2	2	True	False
ABHD5	2	True	False
ABI1	3	True	False
ABI2	2	True	False
ABI3	3	True	True
ABI3BP	2	True	False
ABITRAM	3	False	True
ABL1	2	True	False
ABL2	2	False	True
ABLIM1	4	True	False
ABLIM3	2	True	False
ABRACL	3	False	True
ACAA1	2	False	True
ACAD10	3	True	False
ACAD11	2	True	False
ACAP1	2	True	False
ACBD3	3	True	True
ACBD5	3	True	True
ACCS	2	True	False
ACER3	2	False	True
ACIN1	3	True	False
ACO1	2	False	True
ACOX1	2	False	True
ACOX3	4	True	False
ACP1	2	True	False
ACSL3	2	False	True
ACSS1	2	True	False
ACTA2	2	True	False
ACTN1	2	True	False
ACTR10	2	False	True
ACTR6	4	False	True
ACTRT3	2	False	True
ACVR2A	2	True	False
ACY1	3	False	True
ACYP2	3	True	True
ADAL	2	False	True
ADAM10	2	True	False
ADAM12	2	True	False
ADAM17	3	True	False
ADAM19	2	False	True
ADAM1A	2	False	True
ADAM23	4	True	True
ADAMTS2	3	True	True
ADAMTS3	2	False	True
ADAMTS5	4	True	False
ADAMTS6	2	True	False
ADAMTS7	2	True	False
ADAMTSL1	4	True	True
ADAMTSL4	2	True	False
ADAMTSL5	2	True	False
ADAR	4	True	True
ADAT1	2	True	False
ADCY4	3	True	True
ADCY6	2	True	False
ADCY9	2	True	False
ADD3	4	True	True
ADGRG6	4	True	True
ADGRL1-AS1	2	False	True
ADGRL2	4	True	False
ADGRL4	3	True	False
ADH5P3	2	True	False
ADIRF-AS1	2	True	False
ADK	2	True	False
ADM2	2	False	True
ADNP	3	True	False
ADNP-AS1	3	True	True
ADNP2	2	False	True
ADO	2	False	True
ADRA1B	3	False	True
ADRA2A	2	False	True
ADRB2	2	False	True
ADSS2	2	False	True
AEBP2	2	True	False
AEN_ISG20	2	False	True
AFAP1	2	False	True
AFAP1L1	4	True	False
AFAP1L2	2	True	False
AFF1	2	True	False
AFF3	3	True	True
AFF4	3	True	True
AFG1L	2	False	True
AFG3L2	3	True	True
AFMID	2	True	False
AGAP1	5	True	False
AGFG1	2	True	False
AGGF1	2	True	False
AGK	3	True	True
AGL	2	True	False
AGO1	4	True	False
AGO3	4	True	True
AGO4	2	True	False
AGPAT5	2	True	False
AGTPBP1	3	True	True
AHCTF1	3	True	False
AHCYL2	2	True	False
AHI1	3	True	False
AHNAK2	2	True	False
AHR	3	True	True
AHSA1	2	False	True
AIDA	2	True	False
AIFM2	2	False	True
AIG1	3	True	True
AIMP1	3	True	True
AJUBA-DT	2	True	False
AK2	2	True	False
AK4	3	True	True
AK4P1	2	False	True
AK5	5	True	True
AKAP1	3	True	False
AKAP10	2	True	False
AKAP11	2	True	False
AKAP12	4	True	True
AKAP13	2	True	False
AKAP7	2	False	True
AKAP8	4	True	True
AKAP8L	2	True	False
AKAP9	3	False	True
AKNA	2	True	False
AKT3	3	False	True
AKTIP	2	True	False
ALCAM	2	False	True
ALDH16A1	2	True	False
ALDH1A3	2	False	True
ALDH1L1	2	True	False
ALDH3A2	3	True	False
ALDH4A1	2	False	True
ALDH5A1	2	True	False
ALDH7A1	2	False	True
ALDH9A1	2	True	False
ALDOA	2	False	True
ALG1	2	True	False
ALG10	2	True	False
ALG14	2	True	False
ALG8	2	True	False
ALKBH2	2	False	True
ALKBH4	2	True	False
ALKBH7	3	True	False
ALKBH7_CLPP	2	True	False
ALMS1	3	True	True
ALOX12-AS1	2	False	True
ALPK1	3	True	True
ALPK2	2	True	False
ALPL	2	True	False
ALS2	4	True	True
ALX1	2	False	True
AMBRA1	2	False	True
AMD1	3	True	True
AMFR	2	True	False
AMIGO2	2	False	True
AMMECR1	2	True	False
AMMECR1L	2	False	True
AMOTL1	4	True	True
AMPD2	2	True	False
AMY2B	2	True	False
AMZ2	2	True	False
AMZ2P1	2	False	True
ANAPC1	3	True	False
ANAPC13	2	False	True
ANAPC16	2	True	False
ANAPC2	2	True	False
ANAPC5	3	True	True
ANAPC7	2	True	False
ANGEL2	3	True	False
ANGPT1	2	False	True
ANGPTL2	2	False	True
ANK3	3	True	False
ANKDD1A	2	True	False
ANKH	2	True	False
ANKHD1	3	True	True
ANKIB1	2	True	False
ANKLE2	2	True	False
ANKRD1	3	False	True
ANKRD11	3	True	True
ANKRD13A	2	True	False
ANKRD13B	3	True	False
ANKRD13C	2	True	False
ANKRD16	2	False	True
ANKRD17	3	True	True
ANKRD18B	4	True	False
ANKRD26	4	True	False
ANKRD28	2	True	False
ANKRD29	2	False	True
ANKRD36	2	True	False
ANKRD36C	2	True	False
ANKRD37	2	False	True
ANKRD40	2	False	True
ANKRD42	3	True	False
ANKRD44	3	True	False
ANKRD49	2	False	True
ANKRD49P1	2	False	True
ANKRD50	3	True	True
ANKRD52	2	True	False
ANKS3	2	False	True
ANKS6	3	True	False
ANO10	3	False	True
ANO4	2	True	False
ANO6	2	False	True
ANTKMT	3	False	True
ANTKMT_HAGHL	2	False	True
ANXA1	2	True	False
ANXA10	2	True	False
ANXA11	2	True	False
ANXA3	2	True	False
ANXA4	3	True	True
ANXA5	2	False	True
ANXA7	2	False	True
AOPEP	3	True	False
AOX1	2	True	False
AP1AR	2	False	True
AP1B1	3	True	False
AP1G1	2	True	False
AP1S2	2	False	True
AP1S3	3	True	True
AP2A1	2	False	True
AP2A2	3	True	False
AP2B1	2	True	False
AP3B1	2	True	False
AP3D1	2	True	False
AP3M2	3	True	False
AP3S1	3	True	True
AP3S2	3	False	True
AP4M1	2	True	False
AP4S1	2	True	False
AP5M1	3	False	True
APBA3	2	True	False
APBB2	3	True	True
APC	2	True	False
APH1B	3	True	False
APLP2	2	False	True
APOBEC3F	2	True	False
APOBEC3H	2	False	True
APOL1	2	True	False
APOL2	2	True	False
APOL3	3	True	True
APOL6	3	True	True
APOLD1	2	False	True
APOO	2	False	True
APP	3	True	True
APPBP2-DT	3	False	True
APPL1	2	False	True
APRT	2	False	True
APTR	2	False	True
APTX	2	True	False
AQP11	2	False	True
AQR	2	True	False
ARAP2	2	True	False
ARAP3	2	True	False
AREG	2	True	False
ARF4	2	False	True
ARF6	3	False	True
ARFGAP2	2	False	True
ARFGAP3	2	False	True
ARFGEF1	2	True	False
ARFGEF2	4	True	False
ARFIP1	2	False	True
ARHGAP10	2	False	True
ARHGAP11A	2	True	False
ARHGAP11B	2	True	False
ARHGAP11B_ENSG00000187951	2	False	True
ARHGAP12	2	True	False
ARHGAP18	2	True	False
ARHGAP21	4	True	True
ARHGAP23	2	True	False
ARHGAP24	2	True	False
ARHGAP26	2	True	False
ARHGAP29	3	True	False
ARHGAP29-AS1	2	True	False
ARHGAP31	2	False	True
ARHGAP39	2	True	False
ARHGAP42	3	True	False
ARHGAP5	2	False	True
ARHGDIB	2	True	False
ARHGEF1	4	True	False
ARHGEF10	2	True	False
ARHGEF11	2	True	False
ARHGEF17	2	True	False
ARHGEF19	2	True	False
ARHGEF26	2	True	False
ARHGEF28	3	True	False
ARHGEF3	2	True	False
ARHGEF33	2	False	True
ARHGEF39	2	True	False
ARHGEF40	3	True	True
ARHGEF7	2	True	False
ARHGEF9	2	True	False
ARID1A	4	True	True
ARID1B	3	True	False
ARID2	2	True	False
ARID4A	5	True	True
ARID4B	3	True	False
ARID5B	3	True	True
ARIH1	3	True	True
ARIH2	2	False	True
ARIH2OS	2	False	True
ARL13B	2	True	False
ARL16	2	True	False
ARL17B	2	False	True
ARL2	2	True	False
ARL3	2	True	False
ARL4A	3	False	True
ARL4C	2	False	True
ARL5A	2	True	False
ARL5B	2	True	False
ARL6IP1	2	False	True
ARL6IP4	3	False	True
ARL6IP5	2	False	True
ARL6IP6	2	True	False
ARMC10	2	True	False
ARMC8	4	True	False
ARMC9	2	True	False
ARMCX4	2	True	False
ARMCX5	2	True	False
ARMH3	2	True	False
ARMH4	2	True	False
ARNT	3	True	True
ARNT2	2	True	False
ARNTL	2	False	True
ARPC1B	2	False	True
ARPC2	4	True	True
ARPC4	2	False	True
ARRDC3	2	True	False
ARSA	2	True	False
ARSB	2	True	False
ARSG	2	True	False
ARSJ	2	False	True
ARSK	3	True	True
ARSL	2	False	True
ART5	2	False	True
ARV1	2	False	True
ASAH1	2	False	True
ASAH2B	3	False	True
ASAP1	3	True	True
ASAP2	3	True	False
ASB1	2	False	True
ASB13	3	True	True
ASB16-AS1	2	True	False
ASB7	3	False	True
ASCC3	2	True	False
ASDURF	2	False	True
ASH1L	2	True	False
ASL	2	False	True
ASMTL	2	True	False
ASMTL-AS1	4	True	True
ASPH	2	True	False
ASPHD2	2	True	False
ASPM	3	True	False
ASTE1	2	True	False
ASXL1	2	True	False
ASXL2	2	False	True
ATAD2B	2	True	False
ATAD3A	2	False	True
ATAD5	2	True	False
ATE1	3	True	True
ATF2	2	True	False
ATF3	2	True	False
ATF5	2	False	True
ATF6	2	True	False
ATF7	2	True	False
ATF7IP	3	True	False
ATF7IP2	2	False	True
ATG10	2	False	True
ATG101	2	False	True
ATG12	2	False	True
ATG13	4	True	True
ATG16L1	2	True	False
ATG16L2	3	True	False
ATG2B	2	True	False
ATG3	2	False	True
ATG4A	2	False	True
ATG4B	3	True	False
ATG4C	2	True	False
ATG5	2	False	True
ATG7	2	True	False
ATIC	2	False	True
ATL1	3	True	False
ATL2	3	True	True
ATL3	2	False	True
ATM	3	True	True
ATOH8	2	True	False
ATP10D	2	True	False
ATP11A	3	True	True
ATP11B	3	True	False
ATP11C	3	True	False
ATP13A3	3	True	False
ATP1A1	2	False	True
ATP1B3	2	False	True
ATP23	2	True	False
ATP2A1-AS1	2	False	True
ATP2A2	2	True	False
ATP2B1	4	True	False
ATP2C1	2	False	True
ATP5ME_SLC49A3	2	True	False
ATP5MG	2	False	True
ATP5PB	2	True	False
ATP5PF	2	False	True
ATP6V0A1	2	True	False
ATP6V0A2	3	True	False
ATP6V0A4	2	True	False
ATP6V0B	2	False	True
ATP6V0D1-DT	2	False	True
ATP6V1D	2	False	True
ATP6V1G2	2	False	True
ATP6V1G2-DDX39B	2	True	False
ATP6V1G3	2	False	True
ATP7A	3	True	False
ATP8B1	3	True	True
ATP8B2	3	True	False
ATP9B	3	True	True
ATR	4	True	False
ATRAID	3	True	True
ATRN	2	True	False
ATRX	6	True	True
ATXN1	3	True	True
ATXN1L	3	True	True
ATXN2	2	True	False
ATXN2L	2	True	False
ATXN3	2	True	False
ATXN7	4	True	True
ATXN7L1	2	True	False
ATXN7L2	2	True	False
ATXN7L3	3	False	True
AUP1	2	False	True
AURKA	2	False	True
AURKAIP1	2	False	True
AURKAP1	2	False	True
AURKC_ZNF264	2	True	False
AUTS2	3	True	False
AXL	3	True	False
AZI2	2	True	False
AZIN1	2	True	False
B2M	2	True	False
B3GALNT1	2	False	True
B3GALNT2	2	False	True
B3GALT6	2	False	True
B3GNT5	2	True	False
B3GNTL1	2	True	False
B4GALNT1	2	True	False
B4GALT1-AS1	2	True	False
B4GALT2	3	True	False
B4GALT5	2	True	False
BAALC	2	False	True
BAALC-AS1	2	True	False
BABAM1	2	False	True
BABAM2	2	True	False
BACE1	2	True	False
BACE1-AS	2	True	False
BACE2	2	True	False
BACH1	2	False	True
BAG3	2	True	False
BAG4	2	True	False
BAG5	3	False	True
BAHCC1	4	True	False
BAIAP2	4	True	False
BAIAP2L1	2	False	True
BANF1P1	2	False	True
BASP1	2	True	False
BAZ1A	2	True	False
BAZ1B	2	True	False
BAZ2A	3	True	False
BAZ2B	2	True	False
BBOF1	2	False	True
BBS9	2	True	False
BBX	2	True	False
BCAP29	3	False	True
BCAR3	2	True	False
BCAS2	2	False	True
BCAT1	3	True	True
BCKDHB	3	True	True
BCL2	2	False	True
BCL2L1-AS1_TPX2	2	True	False
BCL2L12	3	True	True
BCL2L13	2	False	True
BCL2L2-PABPN1	2	False	True
BCL3	2	True	False
BCL7A	2	False	True
BCL9	2	True	False
BCL9L	2	True	False
BCLAF1	3	True	False
BCLAF3	2	True	False
BCORL1	3	True	False
BCR	2	True	False
BCS1L	2	True	False
BDNF	2	True	False
BEND6	2	False	True
BEND7	2	True	False
BEX3	2	False	True
BFAR	2	False	True
BHLHE40	4	True	True
BICC1	3	True	True
BICD1	3	True	True
BICRA	2	False	True
BID	3	False	True
BIRC2	4	True	True
BIRC3	2	False	True
BIRC6	3	True	False
BIVM	2	True	False
BLID	2	False	True
BLM	3	True	True
BLMH	2	True	False
BLOC1S2	2	False	True
BLOC1S4	2	True	False
BLOC1S6	2	False	True
BLVRA	3	True	True
BMI1	2	True	False
BMP1	3	True	True
BMP2K	2	False	True
BMP4	2	True	False
BMPR1A	2	True	False
BMPR1B	2	True	False
BMPR2	3	True	True
BMS1P2	3	True	True
BNC1	2	True	False
BNC2	4	True	True
BNIP2	2	False	True
BNIP3	2	False	True
BNIP3L	2	False	True
BOC	2	True	False
BOD1L1	3	True	False
BOK-AS1	2	True	False
BOLA2-SMG1P6	4	False	True
BORCS5	2	False	True
BORCS8	2	False	True
BPHL	2	True	False
BPNT1	2	True	False
BPTF	2	False	True
BRAF	2	True	False
BRAT1	2	False	True
BRCA1	3	True	True
BRCA2	2	True	False
BRCC3P1	2	False	True
BRD1	2	True	False
BRD2	2	True	False
BRD3	3	True	True
BRD3OS	2	True	False
BRD4	3	True	False
BRD7	2	True	False
BRD8	2	True	False
BRD9	2	True	False
BRF1	2	True	False
BRI3BP	2	True	False
BRICD5	2	False	True
BRIP1	3	True	True
BRIX1	2	False	True
BROX	3	True	True
BRPF1	3	True	False
BRPF3	3	True	True
BRSK1	2	True	False
BRWD1	3	True	True
BRWD3	4	True	True
BSCL2	2	True	False
BSG	2	True	False
BST1	2	False	True
BTAF1	4	True	True
BTBD1	2	False	True
BTBD19	2	True	False
BTBD3	2	True	False
BTBD8	4	True	False
BTBD9	2	True	False
BTD	2	False	True
BTF3L4	4	True	True
BTG3	2	False	True
BTN2A1	2	True	False
BTN2A2	2	True	False
BTN3A1	2	True	False
BTN3A2	2	True	False
BUB3	2	False	True
BUD23	2	True	False
BUD31	2	False	True
BYSL	2	False	True
BZW1P2	2	False	True
C10orf90	2	False	True
C11orf1	2	True	False
C11orf24	2	False	True
C11orf52	2	False	True
C11orf54	2	True	False
C11orf58	2	False	True
C11orf91	3	True	False
C11orf96	2	False	True
C12orf4	2	False	True
C12orf57	2	False	True
C12orf60	2	True	False
C12orf75	3	True	True
C14orf93	2	True	False
C15orf39	3	False	True
C15orf48	2	True	False
C16orf72	2	True	False
C16orf87	2	False	True
C17orf49	2	False	True
C17orf67	2	False	True
C17orf80	2	False	True
C18orf21	2	False	True
C18orf32	2	False	True
C18orf54	4	True	True
C19orf25	2	False	True
C19orf33	3	True	True
C19orf48	2	False	True
C1GALT1	2	True	False
C1QBP	2	False	True
C1R	2	False	True
C1orf112	2	True	False
C1orf122	2	False	True
C1orf174	2	False	True
C1orf198	2	True	False
C1orf21	2	False	True
C1orf50	2	False	True
C1orf53	2	False	True
C1orf54	2	True	False
C2	2	True	False
C20orf96	3	True	True
C22orf39	2	False	True
C22orf46	2	True	False
C2CD2L	2	True	False
C2orf27A_NBEAP2	2	True	False
C2orf42	3	True	False
C2orf49	3	False	True
C2orf49-DT	2	True	False
C2orf68	2	False	True
C2orf69	2	True	False
C5	2	True	False
C5orf15	2	False	True
C5orf24_DDX46	4	True	True
C5orf34	2	True	False
C6orf120	3	False	True
C6orf132	2	True	False
C6orf89	2	True	False
C7orf26	2	False	True
C7orf50	2	True	False
C7orf57	2	False	True
C8orf34	3	True	True
C8orf44	2	False	True
C8orf48	2	False	True
C9orf85	2	False	True
CA11	2	True	False
CA5BP1	2	False	True
CAAP1	2	True	False
CAB39	2	True	False
CAB39L	2	False	True
CABIN1	2	True	False
CABLES1	2	True	False
CABLES2	3	True	True
CACNA2D1	4	True	True
CACNA2D3	2	True	False
CACNB3	2	True	False
CACNG8	3	True	False
CACTIN	2	True	False
CACUL1	2	True	False
CACYBP	3	True	False
CAD	2	True	False
CALCOCO1	2	True	False
CALD1	3	True	True
CALM1	3	False	True
CALM3	3	False	True
CAMK1D	2	True	False
CAMK2N1	3	True	True
CAMK4	2	True	False
CAMLG	2	False	True
CAMSAP1	2	True	False
CAMSAP2	5	True	True
CAND1	5	True	True
CAND2	2	True	False
CANT1	3	True	False
CANX	2	True	False
CAP1	2	False	True
CAP2	2	False	True
CAPN1	2	False	True
CAPN10	2	True	False
CAPN15	2	True	False
CAPN2	2	True	False
CAPN5	3	True	False
CAPN7	2	False	True
CAPRIN1	4	True	True
CAPRIN2	2	True	False
CAPZA1	2	False	True
CAPZB	2	False	True
CARD10	2	True	False
CARD8	2	True	False
CARHSP1	3	True	True
CARM1	2	False	True
CARMN	2	True	False
CASC3	2	True	False
CASK	2	True	False
CASP7	2	True	False
CASP8AP2	2	False	True
CAST	3	True	True
CASTOR1	2	False	True
CASTOR3	3	True	False
CAV1	3	True	True
CAV2	3	True	True
CAVIN2	2	False	True
CAVIN3	2	False	True
CBFA2T2	2	True	False
CBL	3	True	True
CBLB	2	True	False
CBLL1	3	False	True
CBLL1-AS1	2	True	False
CBR3	2	True	False
CBX3	3	False	True
CBX5	2	False	True
CC2D1B	2	True	False
CC2D2A	3	True	False
CCAR1	3	True	False
CCAR2	4	True	True
CCDC102A	2	False	True
CCDC102B	3	True	True
CCDC112	3	True	False
CCDC121	2	True	False
CCDC122	3	True	False
CCDC124	3	True	True
CCDC125	2	True	False
CCDC127	2	False	True
CCDC134	2	True	False
CCDC136	2	False	True
CCDC137	2	False	True
CCDC14	2	True	False
CCDC148	3	True	False
CCDC15	3	True	True
CCDC150	3	True	False
CCDC152	2	False	True
CCDC153	2	False	True
CCDC154	2	True	False
CCDC157	2	False	True
CCDC171	2	True	False
CCDC173	2	False	True
CCDC174	2	False	True
CCDC18-AS1	2	True	False
CCDC186	3	True	True
CCDC189	2	False	True
CCDC190	2	True	False
CCDC191	2	True	False
CCDC25	2	False	True
CCDC28B	3	True	True
CCDC47	2	False	True
CCDC50	3	False	True
CCDC57	2	True	False
CCDC6	2	False	True
CCDC71L	2	True	False
CCDC77	2	True	False
CCDC80	3	True	False
CCDC82	2	True	False
CCDC88A	2	True	False
CCDC88B	2	True	False
CCDC9	3	True	False
CCDC91	2	True	False
CCDC96	2	False	True
CCDC97	2	False	True
CCHCR1	3	True	False
CCL2	2	True	False
CCL20	2	True	False
CCND1	3	True	True
CCNDBP1	2	True	False
CCNE1	2	False	True
CCNE2	2	False	True
CCNF	2	True	False
CCNG1_HMMR	2	True	False
CCNG2	2	False	True
CCNI	2	False	True
CCNJ	2	False	True
CCNK	2	True	False
CCNL1	4	True	True
CCNL2	4	True	True
CCNT2	3	False	True
CCNY	2	True	False
CCNYL1	2	False	True
CCP110	2	True	False
CCPG1	2	True	False
CCS	2	False	True
CCT3	3	False	True
CCT4	2	False	True
CCT5	3	True	True
CCT6A	2	False	True
CCT6B	2	True	False
CCT6P3	2	False	True
CD109	3	True	False
CD163L1	3	True	False
CD24	2	True	False
CD27-AS1	2	False	True
CD2AP	2	False	True
CD44	2	False	True
CD55	3	True	True
CD59	2	False	True
CD83	2	False	True
CD9	3	True	False
CDADC1	2	False	True
CDC20	2	False	True
CDC25A	2	True	False
CDC27	4	True	True
CDC37L1-DT	2	False	True
CDC40	3	True	True
CDC42BPA	3	True	False
CDC42BPB	2	True	False
CDC42EP3	3	False	True
CDC42SE1	2	False	True
CDC42SE2	2	False	True
CDC45	2	True	False
CDC5L	2	False	True
CDC73	2	False	True
CDCA2	3	True	True
CDCA7L	2	False	True
CDCA8	2	False	True
CDCP1	3	True	True
CDH11	2	True	False
CDH13	4	True	False
CDH6	3	True	False
CDH8	2	True	False
CDHR3	2	True	False
CDIN1	2	False	True
CDIP1	2	False	True
CDK10	2	True	False
CDK11A	4	True	True
CDK11B	2	False	True
CDK12	4	True	False
CDK12_ENSG00000273576	2	True	False
CDK13-DT	2	True	False
CDK14	5	True	True
CDK15	2	True	False
CDK18	2	True	False
CDK4	2	False	True
CDK5RAP2	2	True	False
CDK6	2	False	True
CDK8	2	True	False
CDK9	2	False	True
CDKAL1	2	True	False
CDKL1	3	True	True
CDKL2	2	False	True
CDKL5	3	True	False
CDKN1A	2	True	False
CDKN2A	2	True	False
CDKN2AIP	3	True	True
CDKN2B-AS1	4	True	True
CDKN2C	3	True	True
CDKN2D	2	False	True
CDS2	4	True	False
CDV3	2	True	False
CDYL	2	True	False
CEACAM16-AS1	3	False	True
CEBPB	2	False	True
CELF1	4	True	False
CELF2	3	True	False
CELF4	2	False	True
CENPBD1P1	3	True	True
CENPC	2	True	False
CENPE	2	True	False
CENPF	3	False	True
CENPH	2	True	False
CENPH_MRPS36	2	False	True
CENPJ	2	True	False
CENPK	2	False	True
CENPL	3	False	True
CENPN_ENSG00000261061	2	True	False
CENPO	2	False	True
CENPP	3	True	True
CENPS-CORT	2	True	False
CENPT	2	True	False
CENPU	3	True	True
CENPV	2	False	True
CENPW	2	False	True
CEP104	2	True	False
CEP112	4	True	True
CEP120	2	True	False
CEP126	3	True	True
CEP128	4	True	False
CEP131	2	True	False
CEP135	3	True	True
CEP152	3	True	False
CEP162	5	True	True
CEP170	3	True	False
CEP170B	2	True	False
CEP192	2	True	False
CEP250	3	True	False
CEP290	2	True	False
CEP295	2	False	True
CEP350	2	True	False
CEP41	2	True	False
CEP43	2	False	True
CEP44	2	False	True
CEP57	3	False	True
CEP57L1	2	False	True
CEP63	2	False	True
CEP68	5	True	True
CEP70	2	True	False
CEP76	2	True	False
CEP83	2	True	False
CEP85	2	True	False
CEP85L	2	True	False
CEP95	2	False	True
CEP97	2	True	False
CEPT1	3	True	True
CERS1	2	True	False
CERS6	2	True	False
CERT1	5	True	True
CES3	2	True	False
CFAP57	2	True	False
CFAP69	2	True	False
CFD	2	True	False
CFL2	2	False	True
CFLAR	2	False	True
CGA	2	True	False
CGB7	3	True	True
CGGBP1	2	True	False
CGREF1	2	True	False
CHAC2	2	False	True
CHAF1A	3	True	False
CHAMP1	3	True	True
CHASERR	3	True	True
CHCHD1	2	False	True
CHCHD3	2	False	True
CHCHD5	2	False	True
CHCHD7	3	False	True
CHD1	2	True	False
CHD1-DT	3	True	True
CHD2	3	True	True
CHD3	2	True	False
CHD4	2	True	False
CHD6	2	False	True
CHD7	4	True	True
CHD8	3	True	False
CHD9	4	True	True
CHEK1	3	False	True
CHEK2	3	True	True
CHFR	3	True	False
CHIC2	2	False	True
CHKA	2	True	False
CHKB	2	True	False
CHKB-DT	2	False	True
CHMP1B	2	False	True
CHMP2A	2	False	True
CHMP3	2	True	False
CHMP5	2	True	False
CHMP6	2	False	True
CHN1	2	True	False
CHN2	2	True	False
CHP1	2	False	True
CHPF2	2	False	True
CHPT1	3	False	True
CHRAC1	2	False	True
CHRNA1	2	True	False
CHRNB1	4	True	True
CHROMR	2	False	True
CHST7	2	False	True
CHST7_ZNF674-AS1	2	False	True
CHSY1	3	True	False
CHUK	2	True	False
CHURC1	2	False	True
CIAO1	3	True	True
CIBAR1	3	True	True
CIC	3	True	False
CILK1	3	False	True
CINP	2	False	True
CIP2A	2	True	False
CIPC	2	False	True
CIR1	2	False	True
CIRBP	3	True	True
CISD2	2	False	True
CISD2_UBE2D3-AS1	4	True	True
CIT	3	True	False
CKAP2	3	False	True
CKAP2L	3	True	True
CKAP5	2	True	False
CKB	2	True	False
CLASP1	4	True	False
CLASP1-AS1	2	True	False
CLASP2	2	True	False
CLASRP	2	True	False
CLCA2	3	True	True
CLCN4	2	True	False
CLCN5	2	True	False
CLCN6	3	True	False
CLCN7	3	True	False
CLDN15	2	True	False
CLDN4	2	False	True
CLDN7	2	True	False
CLDND2	3	True	True
CLEC16A	3	True	False
CLGN	3	True	True
CLIC4	2	True	False
CLINT1	2	False	True
CLIP1	4	True	False
CLIP2	3	True	False
CLIP4	3	True	False
CLK3	3	True	True
CLK4	2	True	False
CLMP	4	True	True
CLN5	2	False	True
CLN8	3	True	True
CLOCK	4	True	True
CLPB	2	True	False
CLPTM1L	2	True	False
CLPX	2	True	False
CLSTN3	2	True	False
CLTC	3	True	False
CLTCL1	3	True	False
CLU	3	True	True
CLUAP1_NAA60	2	True	False
CMBL	2	False	True
CMC2	3	False	True
CMIP	3	True	False
CMPK1	2	False	True
CMSS1	3	True	True
CMTM3	2	True	False
CMTM8	2	False	True
CMTR1	2	True	False
CNIH3-AS2	3	False	True
CNN3	2	False	True
CNN3-DT	2	True	False
CNNM2	2	True	False
CNNM4	2	False	True
CNOT1	4	True	True
CNOT10	2	False	True
CNOT2	2	False	True
CNOT6L	3	True	False
CNOT8	2	False	True
CNOT9	2	False	True
CNPY2-AS1	2	False	True
CNPY3	2	False	True
CNST	2	False	True
CNTLN	3	True	True
CNTNAP1	3	True	False
CNTNAP3	2	True	False
CNTNAP3B	4	True	False
CNTNAP3P2	3	True	False
CNTRL	3	True	False
CNTROB	4	True	False
COA1	2	False	True
COA7	2	False	True
COA8	5	True	True
COBLL1	3	True	False
COCH	2	True	False
COG1	4	True	False
COG3	3	True	True
COG5	2	True	False
COG6	2	True	False
COG7	2	False	True
COL11A1	3	True	True
COL13A1	3	True	False
COL18A1	2	True	False
COL27A1	3	True	False
COL4A1	2	True	False
COL4A5	2	True	False
COL4A6	2	True	False
COL5A1	3	True	False
COL5A2	4	True	False
COL7A1	2	True	False
COL8A1	2	False	True
COL8A1_ENSG00000244464	2	True	False
COLEC12	2	True	False
COLGALT1	3	True	False
COMETT	2	True	False
COMMD10	3	False	True
COMMD2	2	False	True
COMMD3	2	True	False
COMMD4	2	False	True
COMT	3	True	True
COPA	3	True	False
COPG2IT1	2	False	True
COPRS	2	False	True
COPS2	2	True	False
COPS6	2	False	True
COPS7B	2	True	False
COPS8	3	False	True
COPZ1	2	False	True
COQ10A	2	False	True
COQ10B	2	False	True
COQ6	2	True	False
COQ9	2	True	False
CORO1B	2	True	False
CORO1C	2	True	False
CORO2A	2	True	False
COX10	3	True	True
COX10-AS1	2	False	True
COX15	2	True	False
COX16	2	False	True
COX20	2	False	True
COX4I1	2	True	False
COX5A	2	False	True
COX6B2	2	True	False
CPA3	2	True	False
CPD	3	True	False
CPEB2	2	False	True
CPEB4	3	True	False
CPED1	2	True	False
CPLANE1	4	True	False
CPS1	3	True	False
CPSF4	2	False	True
CPSF6	2	True	False
CPT1B	2	True	False
CPT1C	2	True	False
CPT2	2	True	False
CRAT	2	True	False
CREB1	2	False	True
CREB3L2	2	True	False
CREB5	3	True	False
CREBBP	3	True	False
CREBL2	2	True	False
CREBRF	2	True	False
CREBZF	4	True	True
CRELD2	3	True	True
CREM	2	True	False
CRIM1	2	True	False
CRIPT	2	True	False
CRISPLD2	2	True	False
CRNKL1	3	True	False
CROCC	2	True	False
CROT	2	True	False
CRTC3	3	False	True
CRTC3-AS1	2	False	True
CRY1	2	True	False
CRYBG1	3	True	False
CRYBG2	2	True	False
CRYBG3	2	True	False
CRYZL1	2	True	False
CSDE1	3	True	False
CSF1	2	True	False
CSGALNACT1	2	True	False
CSGALNACT2	2	True	False
CSKMT	3	False	True
CSMD3	2	True	False
CSNK1A1	3	True	True
CSNK1E	2	True	False
CSNK1G1	2	True	False
CSNK1G2	2	False	True
CSNK2B	2	True	False
CSPP1	3	True	False
CSTB	3	False	True
CSTF2T	2	True	False
CTBP1-DT	3	True	True
CTBS_GNG5	2	False	True
CTC-338M12.4	3	True	True
CTC1	2	True	False
CTCF	2	True	False
CTDP1	2	True	False
CTDSP1	2	False	True
CTDSPL2	2	False	True
CTHRC1	2	False	True
CTIF	2	True	False
CTNNBIP1	2	False	True
CTNNBL1	2	False	True
CTNS	2	False	True
CTPS1	2	False	True
CTR9	3	True	True
CTRL_PSMB10	2	False	True
CTSA	2	False	True
CTSL	2	False	True
CTTN	3	False	True
CTTNBP2NL	2	False	True
CUEDC1	2	True	False
CUL2	3	True	False
CUL4A	2	True	False
CUL4B	2	True	False
CUL9	2	True	False
CUTA	2	False	True
CUTALP	2	True	False
CUX1	3	False	True
CWC22	2	False	True
CWC25	3	True	False
CWC27	3	False	True
CWF19L2	2	True	False
CXADR	2	False	True
CXCL16	2	False	True
CXCL6	2	True	False
CXXC5	2	True	False
CXorf38	2	False	True
CYB561D2	3	False	True
CYB5B	2	False	True
CYBRD1	2	False	True
CYCS	2	False	True
CYFIP1	2	True	False
CYFIP2	2	True	False
CYHR1	2	True	False
CYLD	2	True	False
CYP1B1	2	False	True
CYP20A1	2	False	True
CYP2R1	2	True	False
CYP2U1	3	True	False
CYP51A1	2	True	False
CYREN	3	False	True
CYRIB	2	True	False
CYTH1	2	True	False
CYTH3	2	False	True
CYTOR	2	True	False
CYYR1	2	True	False
DAAM1	4	True	False
DAAM2	3	True	True
DAAM2-AS1	2	False	True
DAB2	2	True	False
DAB2IP	2	True	False
DACH2	2	True	False
DAP3	2	True	False
DAPK1	2	True	False
DARS1	2	False	True
DARS2	3	True	False
DAW1	2	True	False
DBF4	2	False	True
DBN1	3	True	True
DBP	2	False	True
DBT	3	True	False
DCAF1	2	True	False
DCAF10	3	True	True
DCAF11	2	True	False
DCAF13	3	False	True
DCAF5	3	True	True
DCAF6	2	True	False
DCAF7	2	False	True
DCAF8	3	True	True
DCAKD	2	True	False
DCBLD1	3	True	False
DCK	2	False	True
DCLK2	2	True	False
DCLRE1A	2	True	False
DCLRE1B	2	False	True
DCLRE1C	3	True	False
DCN	2	True	False
DCTD	2	False	True
DCTN1	2	False	True
DCTN6	2	True	False
DCUN1D1	4	True	True
DCUN1D4	3	True	True
DCXR-DT	2	False	True
DDA1	2	False	True
DDAH1	4	True	True
DDB1	2	True	False
DDHD1	3	True	True
DDHD2	2	False	True
DDI2	3	True	False
DDIT3	2	False	True
DDIT4	2	True	False
DDR2	4	True	False
DDX11-AS1	2	False	True
DDX12P	2	True	False
DDX17	3	True	True
DDX18	2	True	False
DDX19A	2	True	False
DDX20	3	True	True
DDX24	2	True	False
DDX31	2	False	True
DDX3X	3	False	True
DDX42	3	True	True
DDX47	2	True	False
DDX5	2	False	True
DDX50P1	2	False	True
DDX51	3	True	False
DDX58	3	True	False
DDX59	2	True	False
DDX60	2	True	False
DDX60L	3	True	False
DEAF1	2	False	True
DECR1	3	True	True
DEF8	2	True	False
DEK	2	False	True
DELE1	2	True	False
DENND1A	3	True	True
DENND1B	3	True	True
DENND2A	3	True	False
DENND2C	2	True	False
DENND3	2	True	False
DENND4A	3	True	False
DENND4C	3	True	False
DENND6A	2	True	False
DENND6B	2	True	False
DEPDC1	3	True	True
DEPDC1B	2	False	True
DEPDC5	2	True	False
DERL2	2	True	False
DESI1	2	True	False
DFFB	2	True	False
DGCR2	4	True	False
DGCR6	2	False	True
DGCR8	4	True	True
DGKD	2	True	False
DGKE	3	True	True
DGKH	4	True	False
DGKI	2	True	False
DGKZ	5	True	True
DGLUCY	2	True	False
DGUOK	2	True	False
DGUOK-AS1	2	False	True
DHCR7	2	True	False
DHDH	2	False	True
DHODH	2	True	False
DHRS4L2	2	True	False
DHTKD1	2	True	False
DHX15	2	False	True
DHX16	2	True	False
DHX30	3	True	False
DHX32	2	True	False
DHX33	2	True	False
DHX35	2	True	False
DHX36	2	True	False
DHX37	2	True	False
DHX38	2	False	True
DHX40	2	True	False
DHX57	2	True	False
DHX8	2	True	False
DIAPH1	3	False	True
DIAPH2	4	True	True
DICER1	3	True	False
DICER1-AS1	2	True	False
DIP2A	2	False	True
DIP2B	2	True	False
DIPK1B	2	True	False
DIPK2A	3	False	True
DIS3	3	True	True
DIS3L	3	True	False
DIS3L2	3	True	True
DISC1	2	True	False
DIXDC1	2	True	False
DKC1	2	False	True
DKK1	3	True	True
DKK3	2	False	True
DLAT	5	True	True
DLC1	2	True	False
DLEU2L	3	False	True
DLG1	2	True	False
DLG3	2	True	False
DLG5	2	False	True
DLGAP1-AS1	2	True	False
DLGAP1-AS1_DLGAP1-AS2	2	False	True
DLGAP1-AS2	4	False	True
DLGAP4	2	False	True
DLGAP5	2	False	True
DLX5	2	False	True
DLX6	2	False	True
DMAC1	2	False	True
DMC1	2	False	True
DMD	2	True	False
DMTF1	2	True	False
DMWD	3	True	True
DMXL1	3	True	True
DNA2	2	True	False
DNAAF2	3	False	True
DNAAF3-AS1	2	True	False
DNAAF9	2	True	False
DNAJA1	2	False	True
DNAJB11	2	True	False
DNAJB14	3	False	True
DNAJB4	3	True	True
DNAJB5	2	True	False
DNAJC10	2	False	True
DNAJC11	2	True	False
DNAJC13	3	True	False
DNAJC16	2	True	False
DNAJC18	2	True	False
DNAJC27-AS1	2	False	True
DNAJC4	3	True	True
DNAJC5	3	True	True
DNAJC6	2	True	False
DNAJC7	3	False	True
DNAJC8	2	True	False
DNAJC9	2	False	True
DNAJC9-AS1	2	True	False
DNAL1	2	False	True
DNM1	2	True	False
DNM1L	2	True	False
DNMBP	2	False	True
DNMT1	3	True	True
DNMT3A	3	True	True
DNMT3B	2	True	False
DOC2A	2	True	False
DOCK1	4	True	True
DOCK10	2	True	False
DOCK11	3	True	True
DOCK2	3	True	False
DOCK5	3	True	False
DOCK7	2	False	True
DOHH	2	False	True
DOK5	2	False	True
DOP1A	3	True	False
DOP1B	2	True	False
DOT1L	3	True	True
DPCD	2	True	False
DPF1	2	True	False
DPF2	2	True	False
DPF3	4	True	True
DPH1	2	True	False
DPH6	2	False	True
DPP3-DT	2	False	True
DPP8	2	True	False
DPP9	2	True	False
DPY19L1	2	True	False
DPY19L1P1	2	True	False
DPY19L1P2_ZNRF2P1	2	False	True
DPY19L2	3	True	True
DPY19L2P1	2	True	False
DPY19L2P3	3	False	True
DPY19L3	2	True	False
DPY19L3-DT	2	True	False
DPY19L4	3	True	True
DPYD	3	True	True
DPYSL2	2	True	False
DRAM1	2	False	True
DRAM2	3	True	True
DRAP1	2	True	False
DRAXIN	2	True	False
DROSHA	3	True	False
DSC3	3	True	True
DSCC1	2	False	True
DSE	3	True	True
DSEL	2	False	True
DSG2	2	False	True
DSP	4	True	True
DST-AS1	2	False	True
DSTN	2	False	True
DSTYK	2	True	False
DTL	2	True	False
DTNA	3	True	False
DTNB	4	True	False
DTWD1	2	False	True
DTWD2	2	False	True
DTX3L	3	True	True
DTYMK	2	False	True
DUOX1	2	True	False
DUS3L	2	True	False
DUS4L-BCAP29	3	True	True
DUSP12	2	False	True
DUSP14	3	True	False
DUSP16	3	True	True
DUSP23	2	False	True
DUSP28	2	False	True
DUSP4	2	True	False
DUSP5-DT	2	True	False
DUSP6	2	False	True
DUT	2	False	True
DXO	2	False	True
DYM	2	True	False
DYNC1H1	3	True	True
DYNC1LI2	2	False	True
DYNC2H1	3	True	False
DYNC2I1	2	True	False
DYNLT2B	2	False	True
DYRK1A	3	True	False
DYRK1B	2	True	False
DYSF	4	True	True
DZIP1	2	True	False
DZIP1L	2	True	False
DZIP3	2	True	False
E2F3	3	True	True
E2F7	2	True	False
E2F8	4	True	True
E4F1	2	False	True
EAF1	2	True	False
EBAG9	2	False	True
EBF1	2	True	False
EBF2	2	True	False
EBF3	2	True	False
EBLN2	2	False	True
EBLN3P	2	True	False
EBP	3	True	True
ECD	2	True	False
ECE1	2	True	False
ECHS1	2	False	True
ECI1	2	True	False
ECM2	2	False	True
ECPAS	2	True	False
ECSIT	2	True	False
ECT2	2	False	True
EDF1	2	False	True
EDIL3-DT	3	True	False
EDRF1	3	True	True
EEA1	4	True	True
EED	3	True	True
EEF1A1	2	False	True
EEF1A1P3	2	False	True
EEF1AKMT3	2	False	True
EEF1G	2	False	True
EEFSEC	2	False	True
EFCAB14	2	True	False
EFCAB5	2	True	False
EFCAB7	3	False	True
EFEMP1	2	False	True
EFEMP2	2	True	False
EFHC1	2	True	False
EFL1	2	True	False
EFNB2	2	False	True
EFR3A	4	True	False
EGFEM1P	2	True	False
EGFR	2	True	False
EGLN1	2	False	True
EGR1	2	False	True
EHBP1	3	True	False
EHBP1L1	4	True	True
EHD1	2	True	False
EI24	2	False	True
EID1	2	True	False
EID3	2	False	True
EIF1	2	False	True
EIF1AD	2	False	True
EIF1AX	2	False	True
EIF1B	2	True	False
EIF1B-AS1	2	True	False
EIF2A	2	False	True
EIF2AK3	2	False	True
EIF2AK3-DT	2	False	True
EIF2AK4	3	True	False
EIF2B3	2	False	True
EIF2B5	2	False	True
EIF2S3	2	False	True
EIF3A	3	True	False
EIF3B	2	True	False
EIF3C	2	True	False
EIF3CL	4	True	False
EIF3E	2	True	False
EIF3EP1	2	False	True
EIF3I	2	True	False
EIF3I_FAM167B	2	True	False
EIF3J	2	False	True
EIF3M	2	False	True
EIF4A1	2	False	True
EIF4B	2	False	True
EIF4E3	2	True	False
EIF4EBP1	2	True	False
EIF4EBP2	2	False	True
EIF4ENIF1	3	True	True
EIF4G1	4	True	False
EIF4G3	2	True	False
EIF5	2	False	True
EIF6	3	False	True
ELAC2	2	True	False
ELAPOR1	2	False	True
ELAVL1	2	False	True
ELF1	2	True	False
ELF4	2	True	False
ELL2	3	True	False
ELMO2	2	True	False
ELOA	3	True	True
ELOVL5	2	False	True
ELOVL6	2	False	True
ELP1	3	True	False
ELP5	3	True	True
EMB	3	True	True
EMC1	2	False	True
EMC2	2	False	True
EMC3	2	False	True
EMC3-AS1	3	True	True
EMC4	2	False	True
EMC8	2	False	True
EME1	2	False	True
EMID1	2	False	True
EML1	2	True	False
EML2	2	True	False
EML2-AS1	2	True	False
EML4	2	True	False
EMP1	2	False	True
EMP3	2	True	False
EMSY	2	True	False
EMSY-DT	2	False	True
ENAH	2	True	False
ENDOV	2	True	False
ENKD1	3	True	True
ENO1	2	False	True
ENOX1	2	True	False
ENOX2	2	True	False
ENPP1	2	True	False
ENPP2	2	True	False
ENSA	2	True	False
ENSG00000165121	3	True	True
ENSG00000167912	3	True	True
ENSG00000173727	2	False	True
ENSG00000174977	3	True	True
ENSG00000183308	2	False	True
ENSG00000183889	2	True	False
ENSG00000186019	2	False	True
ENSG00000203644_TMCC1	2	False	True
ENSG00000204758	2	True	False
ENSG00000205562	2	False	True
ENSG00000205740	2	False	True
ENSG00000213036	2	False	True
ENSG00000213385	2	False	True
ENSG00000214719	2	True	False
ENSG00000214955_MRPS6	2	False	True
ENSG00000215068	3	True	True
ENSG00000215068_ZNF131	2	False	True
ENSG00000215302	2	True	False
ENSG00000215861	3	True	True
ENSG00000216809	2	False	True
ENSG00000216895	3	True	True
ENSG00000217801	2	True	False
ENSG00000218757	2	False	True
ENSG00000219201	2	True	False
ENSG00000223509	2	True	False
ENSG00000223653	2	False	True
ENSG00000223804	2	False	True
ENSG00000223811	2	True	False
ENSG00000223861	2	False	True
ENSG00000223969	2	True	False
ENSG00000224046	2	False	True
ENSG00000224215	3	False	True
ENSG00000224331	2	False	True
ENSG00000224505	2	False	True
ENSG00000224536	3	False	True
ENSG00000224593	2	False	True
ENSG00000224738_PRR11	2	False	True
ENSG00000224790	2	False	True
ENSG00000224945	2	False	True
ENSG00000225177	3	True	True
ENSG00000225339	3	True	True
ENSG00000225981	2	False	True
ENSG00000226380	4	True	True
ENSG00000226396	2	False	True
ENSG00000226465	2	True	False
ENSG00000226471	3	False	True
ENSG00000226571	2	True	False
ENSG00000227496	2	False	True
ENSG00000227598	2	False	True
ENSG00000227627	2	True	False
ENSG00000227775	2	True	False
ENSG00000228150_NMNAT1	2	False	True
ENSG00000228436	2	False	True
ENSG00000228436_NDUFS5	2	False	True
ENSG00000228506_TSTD3	2	True	False
ENSG00000229195_GALNT3	2	False	True
ENSG00000229269_SPANXB1	2	True	False
ENSG00000229278	2	False	True
ENSG00000229689	2	False	True
ENSG00000229774	2	False	True
ENSG00000229808	2	False	True
ENSG00000230084	2	False	True
ENSG00000230551	4	True	False
ENSG00000231856	2	False	True
ENSG00000232098	2	False	True
ENSG00000232110	3	True	True
ENSG00000232194	2	False	True
ENSG00000232454	2	True	False
ENSG00000233223	2	True	False
ENSG00000233230	2	True	False
ENSG00000233611	2	True	False
ENSG00000233757	3	False	True
ENSG00000234147	2	True	False
ENSG00000234694	2	False	True
ENSG00000234997	2	False	True
ENSG00000235159	2	False	True
ENSG00000235545	2	False	True
ENSG00000235563_PODN	2	True	False
ENSG00000236636	2	False	True
ENSG00000237349	2	False	True
ENSG00000237429	2	False	True
ENSG00000237705	2	False	True
ENSG00000237773	2	False	True
ENSG00000237870	2	False	True
ENSG00000238058	3	True	True
ENSG00000238142	2	False	True
ENSG00000239665	4	True	True
ENSG00000239775	2	False	True
ENSG00000240163	2	False	True
ENSG00000240376	2	True	False
ENSG00000240695	2	True	False
ENSG00000240775	3	True	True
ENSG00000240808	2	False	True
ENSG00000241634	3	True	True
ENSG00000242282	2	True	False
ENSG00000242615	2	False	True
ENSG00000242622	2	False	True
ENSG00000243176	2	True	False
ENSG00000243695	2	False	True
ENSG00000244021	2	False	True
ENSG00000245008	2	True	False
ENSG00000245213	2	True	False
ENSG00000247934	2	False	True
ENSG00000248774_HMGB2	2	True	False
ENSG00000248863	3	True	True
ENSG00000249209	2	False	True
ENSG00000249590	2	True	False
ENSG00000249592	2	False	True
ENSG00000249930	3	False	True
ENSG00000250461	3	False	True
ENSG00000250654	3	True	True
ENSG00000250838	2	True	False
ENSG00000250899	2	False	True
ENSG00000251023	2	False	True
ENSG00000251095	3	True	True
ENSG00000251361	3	True	True
ENSG00000251615	3	True	True
ENSG00000253200	2	False	True
ENSG00000253282	2	True	False
ENSG00000253558	2	False	True
ENSG00000253746_LINC01605	2	False	True
ENSG00000254485	2	False	True
ENSG00000254556	3	False	True
ENSG00000254682	2	True	False
ENSG00000254682_NADSYN1	3	False	True
ENSG00000254701	2	True	False
ENSG00000254837	2	True	False
ENSG00000254979	2	False	True
ENSG00000255031	3	True	True
ENSG00000255062	2	False	True
ENSG00000255284	2	False	True
ENSG00000255284_RPLP2	2	True	False
ENSG00000255310	2	True	False
ENSG00000255317	2	False	True
ENSG00000255446	2	False	True
ENSG00000255495	2	True	False
ENSG00000255639	2	False	True
ENSG00000255663_REXO2	2	False	True
ENSG00000255780	2	False	True
ENSG00000256325	2	True	False
ENSG00000256546	3	True	True
ENSG00000256591	2	True	False
ENSG00000256594	2	False	True
ENSG00000256663	2	False	True
ENSG00000256664	4	False	True
ENSG00000256664_MDM2	5	True	True
ENSG00000256673	2	True	False
ENSG00000256981	2	False	True
ENSG00000257261_ENSG00000272369	2	True	False
ENSG00000257379	2	True	False
ENSG00000257954	2	True	False
ENSG00000258232_TUBA1B	2	False	True
ENSG00000258902	4	True	True
ENSG00000258945	2	True	False
ENSG00000258945_FLRT2	2	False	True
ENSG00000258964	2	True	False
ENSG00000258982	2	True	False
ENSG00000259065	2	False	True
ENSG00000259066_UBR7	2	True	False
ENSG00000259232	2	False	True
ENSG00000259316	3	True	True
ENSG00000259363	4	True	True
ENSG00000259523	2	False	True
ENSG00000259605	3	False	True
ENSG00000259768	2	False	True
ENSG00000259820	2	False	True
ENSG00000259865	2	False	True
ENSG00000259946	3	False	True
ENSG00000259953	2	True	False
ENSG00000259972	3	False	True
ENSG00000259976	3	True	False
ENSG00000259985	3	False	True
ENSG00000260108	3	False	True
ENSG00000260136	3	False	True
ENSG00000260190	2	False	True
ENSG00000260274	2	False	True
ENSG00000260404	3	True	True
ENSG00000260534	2	False	True
ENSG00000260566	2	False	True
ENSG00000260578	2	False	True
ENSG00000260686	2	True	False
ENSG00000260805	2	False	True
ENSG00000260877	2	False	True
ENSG00000260899	2	False	True
ENSG00000260920	3	False	True
ENSG00000261051	3	False	True
ENSG00000261068	2	False	True
ENSG00000261098	2	True	False
ENSG00000261103_ENSG00000288554	2	False	True
ENSG00000261167	2	False	True
ENSG00000261189	3	True	True
ENSG00000261327	2	True	False
ENSG00000261335	2	False	True
ENSG00000261386	2	False	True
ENSG00000261487	3	False	True
ENSG00000261542	2	False	True
ENSG00000261553	3	False	True
ENSG00000261578	2	False	True
ENSG00000261613	2	False	True
ENSG00000261773	2	False	True
ENSG00000261786	4	True	True
ENSG00000261884	2	True	False
ENSG00000262879	2	True	False
ENSG00000263011	2	True	False
ENSG00000263080	2	False	True
ENSG00000263244	3	True	True
ENSG00000263276	2	False	True
ENSG00000263731	2	False	True
ENSG00000264112	2	False	True
ENSG00000264666	2	True	False
ENSG00000264895	2	True	False
ENSG00000265408	2	True	False
ENSG00000265713	2	False	True
ENSG00000265750	2	False	True
ENSG00000266490	2	True	False
ENSG00000266680	2	False	True
ENSG00000266709	3	False	True
ENSG00000266865	2	False	True
ENSG00000266997	2	True	False
ENSG00000267042	2	False	True
ENSG00000267053	3	True	False
ENSG00000267102	2	False	True
ENSG00000267140	2	False	True
ENSG00000267175	2	False	True
ENSG00000267222	2	False	True
ENSG00000267283	2	True	False
ENSG00000267430	2	False	True
ENSG00000267509	2	False	True
ENSG00000267520	3	True	False
ENSG00000267575	4	True	True
ENSG00000267655	2	False	True
ENSG00000268205	4	True	True
ENSG00000268713	2	False	True
ENSG00000269176	2	False	True
ENSG00000269399	2	True	False
ENSG00000269524	2	False	True
ENSG00000269729	2	True	False
ENSG00000269825	3	True	True
ENSG00000269873_LENG8-AS1	2	False	True
ENSG00000269902	4	False	True
ENSG00000269918	2	False	True
ENSG00000269921_ENSG00000270147	2	False	True
ENSG00000269924	2	False	True
ENSG00000269947_PFAS	2	True	False
ENSG00000269949	2	False	True
ENSG00000269951	2	False	True
ENSG00000269973	2	True	False
ENSG00000269997	2	False	True
ENSG00000270001	2	False	True
ENSG00000270019	4	False	True
ENSG00000270061	2	False	True
ENSG00000270130	3	False	True
ENSG00000270190	2	False	True
ENSG00000270504	2	True	False
ENSG00000270558	2	False	True
ENSG00000270696	2	False	True
ENSG00000270804	3	True	True
ENSG00000270832	2	False	True
ENSG00000270953	3	False	True
ENSG00000271009	2	False	True
ENSG00000271327	2	False	True
ENSG00000271452	3	False	True
ENSG00000271533	3	True	True
ENSG00000271553	2	False	True
ENSG00000271789	2	True	False
ENSG00000271811	2	False	True
ENSG00000271857	2	False	True
ENSG00000271918	2	False	True
ENSG00000271943	2	False	True
ENSG00000271978	2	True	False
ENSG00000271993	2	False	True
ENSG00000272040	2	False	True
ENSG00000272121	2	False	True
ENSG00000272209	2	True	False
ENSG00000272263	2	False	True
ENSG00000272341	2	True	False
ENSG00000272368	2	False	True
ENSG00000272379	2	False	True
ENSG00000272599	4	False	True
ENSG00000272627	2	False	True
ENSG00000272631	3	True	True
ENSG00000272650	4	False	True
ENSG00000272693	2	True	False
ENSG00000272750	4	True	True
ENSG00000272760	2	False	True
ENSG00000272763	2	False	True
ENSG00000272807	3	True	True
ENSG00000272812	2	False	True
ENSG00000272977	3	False	True
ENSG00000272991	2	False	True
ENSG00000273014	4	False	True
ENSG00000273015	2	False	True
ENSG00000273017	3	False	True
ENSG00000273035	2	False	True
ENSG00000273058	2	False	True
ENSG00000273064	2	False	True
ENSG00000273204	2	True	False
ENSG00000273270	3	True	False
ENSG00000273275	2	False	True
ENSG00000273284	2	False	True
ENSG00000273306	2	False	True
ENSG00000273314	3	False	True
ENSG00000273391	2	False	True
ENSG00000273447	2	False	True
ENSG00000273448	3	False	True
ENSG00000273449	3	False	True
ENSG00000273619	2	False	True
ENSG00000273680	3	False	True
ENSG00000273702	2	True	False
ENSG00000273763	3	True	True
ENSG00000273784	2	True	False
ENSG00000274265	3	True	True
ENSG00000274315	2	False	True
ENSG00000274422	3	True	True
ENSG00000274565	2	True	False
ENSG00000274578	3	False	True
ENSG00000274642	3	True	True
ENSG00000274828	2	False	True
ENSG00000274964	2	False	True
ENSG00000275097	2	False	True
ENSG00000275216	2	True	False
ENSG00000275532	2	False	True
ENSG00000275601	2	False	True
ENSG00000275632_MCM8	2	True	False
ENSG00000275764	4	False	True
ENSG00000275807	2	True	False
ENSG00000275854	2	False	True
ENSG00000275897	2	True	False
ENSG00000275910	2	False	True
ENSG00000276075	3	True	True
ENSG00000276115	2	False	True
ENSG00000276170	2	True	False
ENSG00000276174	2	False	True
ENSG00000276216	2	False	True
ENSG00000276241	2	False	True
ENSG00000276248	2	False	True
ENSG00000276266	2	False	True
ENSG00000276334	3	False	True
ENSG00000276517	3	True	True
ENSG00000276564	3	False	True
ENSG00000276672	4	True	True
ENSG00000276728	2	False	True
ENSG00000276740	2	False	True
ENSG00000276855	4	True	True
ENSG00000277007	2	True	False
ENSG00000277144	2	False	True
ENSG00000277287	2	True	False
ENSG00000277382	2	True	False
ENSG00000277534	2	False	True
ENSG00000277639	4	True	True
ENSG00000277701	2	True	False
ENSG00000277702	2	False	True
ENSG00000277758	2	True	False
ENSG00000277879	2	False	True
ENSG00000278177	2	False	True
ENSG00000278351	2	True	False
ENSG00000278668	2	False	True
ENSG00000278730	4	False	True
ENSG00000278834	3	False	True
ENSG00000278886	3	False	True
ENSG00000278896	2	False	True
ENSG00000278949	2	False	True
ENSG00000278981	2	False	True
ENSG00000278991	2	False	True
ENSG00000279022	2	False	True
ENSG00000279059	2	False	True
ENSG00000279088	2	True	False
ENSG00000279089	3	False	True
ENSG00000279092	2	True	False
ENSG00000279095	2	False	True
ENSG00000279108	2	False	True
ENSG00000279166	2	True	False
ENSG00000279203	2	False	True
ENSG00000279204	2	False	True
ENSG00000279207	3	True	True
ENSG00000279233	2	False	True
ENSG00000279237	2	False	True
ENSG00000279281	2	False	True
ENSG00000279344	2	False	True
ENSG00000279348	4	False	True
ENSG00000279407	2	True	False
ENSG00000279416	2	False	True
ENSG00000279432	2	False	True
ENSG00000279433	2	False	True
ENSG00000279443	2	True	False
ENSG00000279456	2	False	True
ENSG00000279495	2	False	True
ENSG00000279502	2	True	False
ENSG00000279519	2	False	True
ENSG00000279541	2	True	False
ENSG00000279549	2	False	True
ENSG00000279573	2	True	False
ENSG00000279591	2	False	True
ENSG00000279632	4	False	True
ENSG00000279692	2	False	True
ENSG00000279753	2	False	True
ENSG00000279759	2	True	False
ENSG00000279821	2	True	False
ENSG00000279838	2	False	True
ENSG00000279845	2	False	True
ENSG00000279880	2	False	True
ENSG00000279962	2	False	True
ENSG00000280064	2	False	True
ENSG00000280088	2	False	True
ENSG00000280128	3	True	False
ENSG00000280143	4	True	True
ENSG00000280164	2	True	False
ENSG00000280206	2	False	True
ENSG00000280219	3	True	True
ENSG00000280228	2	False	True
ENSG00000280239	3	False	True
ENSG00000280332	2	False	True
ENSG00000280347	2	False	True
ENSG00000280353	2	False	True
ENSG00000280374	2	False	True
ENSG00000280383	3	True	True
ENSG00000280433	2	False	True
ENSG00000280441	2	True	False
ENSG00000280614	2	False	True
ENSG00000280800	2	False	True
ENSG00000280828	2	True	False
ENSG00000281181	3	False	True
ENSG00000281383	2	False	True
ENSG00000281772	2	False	True
ENSG00000281920	2	True	False
ENSG00000282057	2	False	True
ENSG00000282386	2	False	True
ENSG00000282855	2	False	True
ENSG00000283108	2	False	True
ENSG00000283128	2	False	True
ENSG00000283196	2	False	True
ENSG00000283228	2	False	True
ENSG00000283959	2	False	True
ENSG00000284602	2	True	False
ENSG00000284634	2	False	True
ENSG00000284648	2	False	True
ENSG00000284879	2	True	False
ENSG00000284954	2	True	False
ENSG00000284968	3	True	True
ENSG00000285035	2	True	False
ENSG00000285043	2	True	False
ENSG00000285090	3	True	True
ENSG00000285106	2	True	False
ENSG00000285458	2	False	True
ENSG00000285517	2	True	False
ENSG00000285531	3	False	True
ENSG00000285625	2	False	True
ENSG00000285725	2	True	False
ENSG00000285756	2	True	False
ENSG00000285796	2	True	False
ENSG00000285827	4	True	True
ENSG00000286104	2	False	True
ENSG00000286116	3	False	True
ENSG00000286129	3	True	True
ENSG00000286145	2	True	False
ENSG00000286162	2	True	False
ENSG00000286264	2	False	True
ENSG00000286288	2	True	False
ENSG00000286314	2	True	False
ENSG00000286366	2	False	True
ENSG00000286813	3	False	True
ENSG00000286994	2	False	True
ENSG00000287115	2	False	True
ENSG00000287207	2	False	True
ENSG00000287263	2	False	True
ENSG00000287382	2	False	True
ENSG00000287516	3	True	True
ENSG00000287569	2	False	True
ENSG00000287673	2	True	False
ENSG00000287750	2	True	False
ENSG00000287811	2	False	True
ENSG00000287825	3	False	True
ENSG00000287978	2	True	False
ENSG00000288032	2	True	False
ENSG00000288620	2	False	True
ENSG00000288643	2	False	True
ENSG00000288663	2	False	True
ENSG00000288699	3	True	False
ENSG00000288743	2	False	True
ENSG00000288772	2	False	True
ENSG00000288781	2	False	True
ENSG00000288817	2	False	True
ENSG00000288820	2	False	True
ENSG00000288827	2	False	True
ENSG00000288833	2	False	True
ENSG00000288839	2	False	True
ENSG00000288841	4	True	True
ENSG00000288858	2	False	True
ENSG00000288876	3	False	True
ENSG00000288881	2	False	True
ENSG00000288884	2	False	True
ENSG00000288888	3	False	True
ENSG00000288904	2	False	True
ENSG00000288926	2	False	True
ENSG00000288927	2	False	True
ENSG00000288928	4	False	True
ENSG00000288937	2	False	True
ENSG00000288948	2	False	True
ENSG00000288969	2	False	True
ENSG00000288995	3	False	True
ENSG00000289013	2	False	True
ENSG00000289017	2	False	True
ENSG00000289021	2	False	True
ENSG00000289034	2	False	True
ENSG00000289042	2	True	False
ENSG00000289047	2	False	True
ENSG00000289086	2	False	True
ENSG00000289109	2	False	True
ENSG00000289138	2	False	True
ENSG00000289145	2	True	False
ENSG00000289155	2	True	False
ENSG00000289161	2	False	True
ENSG00000289182	2	False	True
ENSG00000289194	2	False	True
ENSG00000289196	2	False	True
ENSG00000289234	2	False	True
ENSG00000289268	3	False	True
ENSG00000289269	2	False	True
ENSG00000289270	3	False	True
ENSG00000289294	2	False	True
ENSG00000289295	2	False	True
ENSG00000289304	2	False	True
ENSG00000289306	2	False	True
ENSG00000289326_MRPL33	2	True	False
ENSG00000289331	2	False	True
ENSG00000289353	3	False	True
ENSG00000289357	3	False	True
ENSG00000289384	3	False	True
ENSG00000289393	2	False	True
ENSG00000289396	2	False	True
ENSG00000289407	2	False	True
ENSG00000289423	2	True	False
ENSG00000289440	2	False	True
ENSG00000289443	3	False	True
ENSG00000289449	2	False	True
ENSG00000289463	2	False	True
ENSG00000289469	2	False	True
ENSG00000289472	3	True	True
ENSG00000289488	3	False	True
ENSG00000289494	2	False	True
ENSG00000289496	2	False	True
ENSG00000289519	2	False	True
ENSG00000289540	2	False	True
ENSG00000289554	2	False	True
ENSG00000289574	2	False	True
ENSG00000289586	4	True	True
ENSG00000289602	2	False	True
ENSG00000289609	2	True	False
ENSG00000289629	2	True	False
ENTPD1-AS1	3	True	True
ENTPD4	3	True	True
ENTPD7	2	True	False
EOLA1	2	True	False
EOLA2	2	False	True
EP300	4	True	False
EP400	3	True	False
EP400P1	2	True	False
EPAS1	2	True	False
EPB41	2	True	False
EPB41L1	2	True	False
EPB41L2	3	True	True
EPB41L3	2	True	False
EPC1	3	True	False
EPC2	2	True	False
EPHA4	3	True	False
EPHA5	3	True	True
EPHA5-AS1	2	True	False
EPHB2	3	True	False
EPM2A	4	True	True
EPM2AIP1	2	False	True
EPOR	2	False	True
EPPK1	2	False	True
EPRS1	3	True	True
EPS15	3	True	False
EPS15L1	5	True	True
EPS8	2	True	False
EPS8L1	2	True	False
EPSTI1	3	True	True
ERAP1	4	True	False
ERAP2	2	True	False
ERBB2	3	True	False
ERBB3	2	True	False
ERBIN	3	True	True
ERC1	2	True	False
ERCC1	3	True	True
ERCC2	2	True	False
ERCC4	3	False	True
ERCC6	2	True	False
ERCC6L2	2	True	False
ERCC8	2	True	False
EREG	2	True	False
ERI3	2	True	False
ERICH6-AS1	4	True	True
ERLEC1	2	False	True
ERLIN1	3	True	True
ERLIN2	2	True	False
ERN1	2	True	False
ERO1A	3	True	True
ERP29	2	True	False
ERP44	2	True	False
ERVK13-1	4	True	True
ESCO2	3	True	False
ESF1	2	True	False
ESPL1	2	False	True
ESYT1	2	True	False
ESYT2	2	True	False
ETAA1	2	False	True
ETFDH	3	False	True
ETHE1	2	False	True
ETS1	4	False	True
ETS2	3	True	True
ETV1	2	False	True
ETV4	2	True	False
ETV5	2	True	False
ETV6	2	False	True
ETV7	3	True	False
EVA1A	2	True	False
EVC	2	True	False
EVC2	2	True	False
EVI2A	2	False	True
EVI5	2	False	True
EVI5L	3	True	False
EVL	3	True	True
EXD3	2	True	False
EXO1	2	False	True
EXOC1	4	True	True
EXOC2	2	True	False
EXOC3	2	True	False
EXOC4	3	True	False
EXOC5	3	True	False
EXOC6	2	True	False
EXOC8	2	False	True
EXOG	2	False	True
EXOSC1	2	False	True
EXOSC6	3	True	True
EXOSC7	3	True	True
EXOSC8	3	True	True
EXOSC9	2	False	True
EXT2	2	True	False
EXTL2	2	True	False
EXTL3	2	True	False
EYA3	3	True	True
EZH2	2	True	False
EZR	3	True	True
F11R	2	False	True
F12	3	True	True
F8A2	2	False	True
FAAHP1	2	True	False
FAAP20	2	False	True
FABP5P9	2	True	False
FADS1	3	True	False
FADS2	4	True	True
FAF2	2	True	False
FAM104B	2	False	True
FAM110A	2	False	True
FAM111A-DT	3	True	False
FAM111B	2	False	True
FAM114A1	2	False	True
FAM118A	4	True	True
FAM118B	2	False	True
FAM120A	2	True	False
FAM120B	2	True	False
FAM120C	2	False	True
FAM126A	3	True	False
FAM126B	2	True	False
FAM133CP	3	True	True
FAM135A	3	True	True
FAM13A	2	True	False
FAM13B	2	True	False
FAM13C	3	True	False
FAM151B	2	False	True
FAM161A	3	True	False
FAM168A	2	False	True
FAM172A	2	True	False
FAM174C	2	True	False
FAM183A	3	True	True
FAM193A	3	True	True
FAM199X	2	True	False
FAM200A	2	True	False
FAM200B	2	False	True
FAM20B	2	True	False
FAM20C	3	True	True
FAM210B	2	False	True
FAM214A	3	True	False
FAM217B	2	True	False
FAM218A	2	False	True
FAM227B	2	False	True
FAM228B	3	True	False
FAM229B	2	False	True
FAM234B	2	True	False
FAM242C	3	True	True
FAM24B	4	True	True
FAM27B	2	False	True
FAM27C	3	True	True
FAM3C	2	False	True
FAM43A	2	False	True
FAM50A	2	False	True
FAM53C	2	True	False
FAM72A	3	True	True
FAM72B	2	True	False
FAM76A	2	False	True
FAM76B	3	True	True
FAM91A1	2	True	False
FAN1	2	True	False
FANCA	3	True	False
FANCC	5	True	False
FANCM	5	True	True
FAR1	2	True	False
FAR2	2	False	True
FARP1	3	True	False
FARP2	3	True	False
FARS2	3	True	False
FASTK	2	True	False
FASTKD1	2	True	False
FASTKD2	2	False	True
FASTKD3	2	False	True
FAXC	2	True	False
FAXDC2	2	True	False
FBF1	2	True	False
FBLIM1	2	True	False
FBLN1	2	False	True
FBLN2	3	True	False
FBRS	2	True	False
FBRSL1	2	True	False
FBXL12	3	True	True
FBXL15	3	False	True
FBXL17	2	False	True
FBXL18	2	True	False
FBXL19	2	True	False
FBXL20	3	True	False
FBXL3	3	True	True
FBXL4	2	True	False
FBXL5	2	True	False
FBXO11	3	True	False
FBXO17	2	False	True
FBXO38	3	True	False
FBXO43	2	False	True
FBXO48	2	False	True
FBXO5	2	False	True
FBXO8	2	False	True
FBXO9	3	True	True
FBXW11	2	False	True
FBXW7	3	True	False
FCF1P2	2	False	True
FCGRT	5	True	True
FCHO2	3	True	True
FCHSD2	2	True	False
FDPS	3	True	False
FDX1	2	False	True
FECH	2	True	False
FEM1C	2	False	True
FEN1	2	False	True
FER	3	False	True
FERMT2	2	False	True
FES	2	True	False
FEZ1	2	True	False
FGD4	2	True	False
FGD6	3	True	True
FGF12	2	True	False
FGF2	4	True	True
FGF5	2	False	True
FGF7P6	2	False	True
FGFR1	3	True	False
FGFR1OP2	2	False	True
FGFR4	2	True	False
FGGY	2	False	True
FHIP2B	2	True	False
FHOD1	2	True	False
FHOD3	2	True	False
FIBCD1	3	False	True
FIBP	2	False	True
FIG4	2	True	False
FIGN	2	False	True
FILIP1L	2	False	True
FIS1	2	True	False
FJX1	2	False	True
FKBP10	2	False	True
FKBP11	2	False	True
FKBP15	2	True	False
FKBP1A	2	False	True
FKBP3	2	True	False
FKTN	2	True	False
FLAD1	2	False	True
FLCN	2	True	False
FLG-AS1	2	True	False
FLI1	4	True	False
FLJ20021	3	True	True
FLNB	5	True	False
FLT1	2	True	False
FLVCR1-DT	2	False	True
FLYWCH1	2	True	False
FLYWCH2	2	False	True
FMN2	2	True	False
FMNL1	3	True	True
FMNL2	2	True	False
FMNL3	3	True	True
FMR1	3	True	True
FN1	3	True	True
FN3K	2	False	True
FNBP1	4	True	True
FNBP4	4	True	True
FNDC3A	3	True	False
FNDC3B	3	True	False
FNIP1	3	True	False
FNIP2	2	True	False
FNTA	2	True	False
FOCAD-AS1	2	True	False
FOSL2	2	False	True
FOXC2	2	False	True
FOXC2-AS1	2	False	True
FOXE1	3	False	True
FOXG1	2	False	True
FOXK1	2	True	False
FOXK2	3	True	False
FOXL1	3	True	False
FOXN2	2	False	True
FOXO3	2	True	False
FOXP1	3	True	False
FOXP4	2	True	False
FOXRED2	2	True	False
FRA10AC1	2	True	False
FRG1BP	2	False	True
FRG1CP	3	True	True
FRMD3	3	True	False
FRMD4A	2	True	False
FRMD5	2	True	False
FRMD6	4	True	True
FRMD6-AS1	3	False	True
FRMPD4	3	True	False
FRS2	2	True	False
FRY	3	True	False
FRYL	3	True	False
FRZB	2	False	True
FSD1L	2	True	False
FTO	2	True	False
FTSJ1	2	False	True
FTX	2	True	False
FUBP1	2	False	True
FUNDC2	2	False	True
FUT11	2	True	False
FUT4	2	False	True
FUT8-AS1	2	False	True
FXR1	3	False	True
FXYD3	2	True	False
FXYD5	2	False	True
FYCO1	2	True	False
FZD1	2	False	True
FZD2	2	False	True
FZD7	2	True	False
FZD8	2	False	True
FZR1	2	True	False
G2E3	2	False	True
G3BP2	3	True	False
G6PC3	2	True	False
GAB1	3	True	False
GABBR1	2	True	False
GABPA	2	True	False
GABPB1	2	True	False
GABPB1-AS1	3	False	True
GABPB1-IT1	2	True	False
GABPB2	2	True	False
GADD45B	2	False	True
GAK	2	True	False
GALE	2	True	False
GALK2	3	True	False
GALNT1	2	True	False
GALNT10	4	True	False
GALNT3	2	True	False
GALNT5	4	True	True
GALNT7	4	True	False
GAN	2	True	False
GANAB	2	True	False
GANC	2	False	True
GAPLINC_TGIF1	2	True	False
GAPVD1	3	True	False
GAR1	2	False	True
GART	2	True	False
GAS2L3	2	True	False
GAS5	2	True	False
GAS6-AS1	2	True	False
GAS6-DT	2	False	True
GAS8	3	True	True
GASAL1	2	True	False
GASK1B	2	True	False
GATA2	2	True	False
GATA6	3	True	True
GATA6-AS1	2	True	False
GATAD1	2	True	False
GATAD2A	2	False	True
GATAD2B	2	False	True
GATB	3	True	False
GBA	2	True	False
GBA2	2	True	False
GBAP1	2	True	False
GBE1	2	False	True
GBF1	2	True	False
GBP1	2	True	False
GBP2	2	True	False
GBX2	2	True	False
GCA	2	True	False
GCC2	4	True	True
GCC2-AS1	2	False	True
GCFC2	2	False	True
GCHFR	2	False	True
GCLC	4	True	True
GCLM	2	True	False
GCN1	2	True	False
GCNT4	2	True	False
GCSH	2	False	True
GDAP1	2	True	False
GDAP2	2	True	False
GDF11	3	True	True
GDI1	2	False	True
GDPD1	2	False	True
GEMIN5	2	True	False
GEMIN7	3	True	True
GEN1	6	True	True
GET1	2	True	False
GFM1	2	False	True
GFOD2	2	True	False
GFRA1	4	True	False
GFUS	2	False	True
GGA1	3	True	True
GGA2	3	True	False
GGPS1	2	True	False
GHITM	2	False	True
GID4	2	False	True
GID8	2	False	True
GIGYF2	3	True	False
GIN1	2	False	True
GINM1	2	False	True
GINS1	2	False	True
GINS2	2	False	True
GIP	2	True	False
GIPC2	3	True	False
GIT2	3	True	False
GJA1	2	False	True
GK	2	True	False
GK5	2	True	False
GKAP1	2	True	False
GLB1L	2	True	False
GLCCI1	3	False	True
GLG1	3	True	False
GLI3	3	True	False
GLIDR	2	False	True
GLIPR1	2	False	True
GLIPR2	3	False	True
GLMP	2	True	False
GLOD4	2	False	True
GLRB	4	True	True
GLRX5	2	True	False
GLS	3	True	False
GLUD1	3	True	True
GLUD1P3	3	False	True
GLYATL2	2	False	True
GLYR1	2	True	False
GMEB1	2	False	True
GMEB2	3	True	False
GMFB	2	True	False
GMFG	2	False	True
GMNN	2	True	False
GMPR2	2	True	False
GNA11	2	True	False
GNAI1	3	True	False
GNAQ	2	True	False
GNB4	2	False	True
GNB5	3	True	True
GNE	2	True	False
GNG12	3	False	True
GNG2	2	False	True
GNG4	3	True	True
GNGT2	3	True	True
GNL3	2	False	True
GNPDA1	2	False	True
GNPTAB	2	True	False
GOLGA1	2	True	False
GOLGA2	3	True	False
GOLGA2P5	2	True	False
GOLGA3	2	True	False
GOLGA4	2	True	False
GOLGA5	2	False	True
GOLGA6L9	2	True	False
GOLGA8A	3	True	False
GOLGA8B	3	True	False
GOLGB1	5	True	False
GOLIM4	2	True	False
GOLM2	2	False	True
GOLPH3-DT	2	False	True
GON4L	3	True	False
GOPC	3	False	True
GOT1	3	False	True
GPAT4	2	True	False
GPATCH1	3	True	False
GPATCH11	2	False	True
GPBP1	2	False	True
GPBP1L1	2	True	False
GPC6	3	True	False
GPCPD1	3	True	True
GPD1L	3	False	True
GPD2	3	True	False
GPHN	2	True	False
GPI	3	True	True
GPM6B	3	True	False
GPN3	2	False	True
GPR107	2	False	True
GPR135	4	False	True
GPR137	2	True	False
GPR137C	3	True	True
GPR155	2	True	False
GPR160	2	False	True
GPR161	3	True	False
GPR180	3	True	True
GPR19	2	True	False
GPR87	3	True	True
GPRC5A	2	True	False
GPS2	2	False	True
GPSM2	2	True	False
GPX7	2	True	False
GPX8	2	False	True
GRAMD1B	2	False	True
GRAMD1C	2	True	False
GRAMD2B	2	False	True
GRB10	4	True	False
GRB2	2	False	True
GREB1L	2	True	False
GRIA1	3	True	False
GRIPAP1	2	True	False
GRK2	2	True	False
GRK3	2	True	False
GRK5	2	True	False
GRN	2	True	False
GRPEL2	2	True	False
GRWD1	2	False	True
GSAP	2	True	False
GSE1	2	True	False
GSK3B	3	True	True
GSPT1	2	False	True
GSPT2	2	False	True
GSR	3	True	True
GSTK1	2	True	False
GSTZ1	2	False	True
GTDC1	2	True	False
GTF2A1	2	False	True
GTF2E2	2	False	True
GTF2F1	2	True	False
GTF2F2	3	True	False
GTF2H1	2	False	True
GTF2H2B	2	True	False
GTF2I	3	False	True
GTF2IP20	2	True	False
GTF2IP4	2	True	False
GTF2IRD1	2	True	False
GTF3C1	2	False	True
GTF3C2	2	True	False
GTF3C3	2	False	True
GTF3C4	3	True	True
GTPBP1	4	True	False
GTPBP4	3	True	False
GTSE1	2	False	True
GUF1	2	True	False
GULP1	2	False	True
GXYLT1	3	True	True
GXYLT2	2	True	False
GYG1	2	False	True
GYG2	2	True	False
GZF1	5	True	True
H1-1	2	False	True
H1-2	2	False	True
H2AC15	2	False	True
H2AC6	2	False	True
H2AC8	2	False	True
H2AX	2	False	True
H2AZ2	2	False	True
H2BC10	2	False	True
H2BC15	2	False	True
H2BC19P	4	True	True
H2BC20P	2	True	False
H3-3A	2	True	False
H3-3B	2	True	False
H3C10	3	False	True
H3C12	2	False	True
H4C1	3	False	True
H4C14	2	False	True
H4C8	2	False	True
H6PD	3	True	True
HACD1	2	False	True
HACE1	3	True	False
HADHB	2	False	True
HAGH	2	False	True
HAGLROS_HOXD3	2	True	False
HAND2	2	True	False
HAPLN1	2	True	False
HARS1	2	False	True
HARS2	2	True	False
HAS2	2	False	True
HAS2-AS1	2	False	True
HAUS1	2	True	False
HAUS2	2	False	True
HAUS5	2	True	False
HAUS6	3	True	False
HAUS7	2	True	False
HAX1	2	False	True
HBEGF	2	True	False
HCFC2	2	True	False
HCG11	3	True	True
HCG18	3	True	True
HDAC2	2	True	False
HDAC2-AS2	3	True	False
HDAC4-AS1	2	False	True
HDAC6	2	True	False
HDAC7	3	True	False
HDAC8	2	False	True
HDAC9	2	True	False
HDGFL2	2	False	True
HDGFL3	3	True	True
HDLBP	4	True	True
HDX	2	False	True
HEATR1	2	True	False
HEATR3	2	True	False
HEATR5A	2	True	False
HEATR5B	2	True	False
HEATR6	2	True	False
HEATR6-DT	2	True	False
HEBP2	2	False	True
HECTD1	2	True	False
HECTD2	3	True	True
HECTD4	2	True	False
HECW2	2	True	False
HEG1	2	True	False
HELLS	3	True	True
HELQ	2	True	False
HELZ	3	True	False
HELZ2	3	True	False
HEMK1	3	True	False
HERC1	3	True	False
HERC2	2	True	False
HERC2P7	2	True	False
HERC2P9	2	False	True
HERC3	2	True	False
HERC4	3	True	False
HERPUD2-AS1	3	True	True
HES2	2	False	True
HES4	2	False	True
HEXA	2	True	False
HEXB	2	True	False
HEXIM1	2	False	True
HEXIM2	2	True	False
HGSNAT	2	True	False
HHAT	2	True	False
HHIP	3	True	True
HHLA3	2	False	True
HIF1A	2	False	True
HINT2	2	False	True
HIP1	2	False	True
HIPK1	2	True	False
HIPK2	3	True	False
HIPK3	4	True	True
HIRA	2	True	False
HIRIP3	2	False	True
HIVEP2	3	True	True
HIVEP3	2	True	False
HLA-C	2	True	False
HLA-DMA	2	True	False
HLA-DPB1	2	True	False
HLA-F-AS1	2	True	False
HLCS	2	True	False
HLTF	3	True	False
HM13	2	False	True
HMBOX1	3	True	False
HMG20A	4	True	True
HMG20B	2	True	False
HMGA2	4	True	True
HMGB1P24	2	False	True
HMGB1P3	3	False	True
HMGB2	2	False	True
HMGB3	2	False	True
HMGB3P22	2	True	False
HMGCR	2	True	False
HMGCS1	2	True	False
HMGN2	2	False	True
HMGN5	4	True	True
HMGXB3	3	True	True
HMGXB4	2	False	True
HMMR	2	False	True
HMOX2	3	True	True
HMSD	2	False	True
HNMT	3	True	False
HNRNPA0	2	False	True
HNRNPA3	3	False	True
HNRNPD	2	True	False
HNRNPD-DT	2	True	False
HNRNPDL	2	False	True
HNRNPF	2	True	False
HNRNPH3	2	False	True
HNRNPK	2	True	False
HNRNPLL	2	True	False
HNRNPR	3	False	True
HNRNPU	3	True	False
HNRNPUL1	3	True	True
HNRNPUL2	4	True	True
HOOK3	2	True	False
HOPX	2	True	False
HOTAIRM1	2	True	False
HOTAIRM1_HOXA-AS2	2	False	True
HOXA10-AS	2	False	True
HOXA11-AS	4	True	True
HOXA4	2	False	True
HOXA7	3	True	True
HOXB-AS1	3	True	False
HOXB-AS3	2	True	False
HOXB6	2	True	False
HOXC-AS3	2	False	True
HOXC11	2	True	False
HOXC9	2	True	False
HOXD10	2	True	False
HOXD3	4	True	False
HOXD3_HOXD4	4	True	True
HOXD4	3	False	True
HOXD8	2	False	True
HP1BP3	3	True	False
HPRT1	2	False	True
HPS4	2	True	False
HPS5	2	True	False
HRAT17	2	False	True
HRAT92	2	True	False
HRH1	2	True	False
HRK	2	True	False
HS3ST3A1	3	True	True
HSBP1L1	3	True	True
HSCB	3	True	True
HSD11B1-AS1	2	True	False
HSD11B1L	3	False	True
HSD17B1	2	True	False
HSD17B12	2	False	True
HSD17B14	2	False	True
HSD17B7	2	False	True
HSD17B8	2	True	False
HSD3BP5	2	True	False
HSDL1	2	True	False
HSF2BP	2	True	False
HSP90AB1	2	False	True
HSP90B1	2	False	True
HSP90B2P	3	False	True
HSPA12A	3	True	True
HSPA1A	2	False	True
HSPA4L	3	True	False
HSPA9	2	False	True
HSPB1	3	True	False
HSPBAP1	2	True	False
HSPBP1	2	True	False
HSPD1	2	False	True
HSPD1P1	2	True	False
HSPD1P11	2	True	False
HSPG2	3	True	False
HSPH1	3	True	False
HTATIP2	2	True	False
HTATSF1	2	False	True
HTATSF1P2	2	False	True
HTD2	2	True	False
HTR1B	3	False	True
HTR7P1	4	True	True
HTRA1	2	False	True
HTRA2	3	True	True
HTRA3	2	True	False
HTT	3	True	False
HUS1	2	True	False
HUWE1	2	True	False
HYMAI	2	False	True
HYOU1	3	True	True
IAH1	2	False	True
IARS2	2	False	True
ICE2	2	True	False
ID4	3	False	True
IDE	2	True	False
IDH3G	2	False	True
IDI1	2	False	True
IDNK	2	False	True
IDS	3	True	False
IFFO1	2	True	False
IFI16	3	True	True
IFI27L2	2	False	True
IFI30	2	True	False
IFI44L	3	False	True
IFIH1	2	True	False
IFIT2	4	True	True
IFIT3	4	True	True
IFIT5	3	False	True
IFITM1	3	False	True
IFITM2	2	True	False
IFNAR1	2	True	False
IFNE	2	False	True
IFNGR2	3	True	True
IFRD1	2	True	False
IFT122	4	True	True
IFT140	2	True	False
IFT172	2	False	True
IFT20	2	False	True
IFT52	2	False	True
IFT74	2	True	False
IFT80	2	True	False
IFT88	2	False	True
IFTAP	2	True	False
IGF1R	2	True	False
IGF2	2	True	False
IGF2BP1	2	False	True
IGF2BP2	2	True	False
IGF2BP3	3	True	True
IGF2R	2	True	False
IGFBP6	3	True	False
IGFL2-AS1	2	False	True
IGHMBP2	3	True	False
IGIP	2	False	True
IK	2	True	False
IKBIP	2	False	True
IKBKB	3	True	False
IKBKE	2	True	False
IKZF5	2	True	False
IL13RA1	2	False	True
IL15	2	True	False
IL17RA	2	True	False
IL18BP	2	True	False
IL1R1	3	True	True
IL32_MMP25	2	False	True
IL6	2	False	True
IL6ST	3	True	True
IL7R	2	False	True
ILRUN	2	False	True
ILRUN-AS1	3	True	True
IMPA1	2	False	True
IMPA2	2	True	False
INAFM2	2	True	False
INCENP	3	True	False
INF2	3	True	True
ING1	3	True	False
ING2	2	True	False
ING3	2	True	False
ING5	2	False	True
INHBA	2	True	False
INHBA-AS1	2	False	True
INKA1	2	True	False
INO80C	2	True	False
INO80D	2	True	False
INPP4A	3	True	False
INPP4B	3	True	False
INPP5A	2	True	False
INPP5B	3	True	False
INPP5D	2	False	True
INPP5K	3	False	True
INPPL1	2	True	False
INTS10	3	False	True
INTS13	2	False	True
INTS14	2	True	False
INTS2	2	True	False
INTS3	2	True	False
INTS4	2	False	True
INTS6	2	True	False
INTS6-AS1	2	True	False
INTS7	2	True	False
INTS9	2	True	False
INTU	2	True	False
INVS	2	True	False
IP6K3	2	False	True
IPMK	2	False	True
IPO11	3	True	False
IPO13	2	True	False
IPO5	2	False	True
IPO7	2	True	False
IPO8	2	True	False
IPO9	2	True	False
IPP	4	True	True
IQCB1	2	True	False
IQCE	2	True	False
IQCG	2	True	False
IQCH-AS1	3	False	True
IQCK	2	False	True
IQGAP1	3	True	False
IQGAP2	2	True	False
IQSEC1	2	True	False
IRAK2	2	True	False
IRAK4	2	False	True
IREB2	2	True	False
IRF1	2	False	True
IRF1-AS1_RAD50	2	False	True
IRF3	2	True	False
IRS1	3	False	True
IRX5	3	True	True
ISCA1	2	False	True
ISCA2	2	False	True
IST1	2	True	False
ISY1	3	False	True
ITFG1	2	True	False
ITGA1	3	True	False
ITGA2	2	False	True
ITGA4	2	True	False
ITGA6	4	True	False
ITGAV	2	True	False
ITGB1	2	False	True
ITGB1-DT	3	True	False
ITGB1BP1	2	False	True
ITGB3	4	True	True
ITGB3BP	3	False	True
ITGB4	2	True	False
ITGB5	2	True	False
ITGBL1	2	False	True
ITPA	2	True	False
ITPR2	3	True	False
ITPR3	2	False	True
ITPRID2	2	False	True
ITPRIPL1	2	True	False
ITPRIPL2	3	True	True
ITSN1	2	True	False
ITSN2	3	True	True
IVD	2	False	True
IVNS1ABP	2	True	False
IWS1	2	True	False
IZUMO4	2	False	True
JADE1	2	True	False
JADE2	3	True	False
JAG1	2	True	False
JAK1	3	True	True
JAK2	2	True	False
JAM2	2	True	False
JARID2	2	True	False
JCAD	4	True	True
JMJD1C	3	True	True
JMY	3	True	True
JOSD2	2	False	True
JPX	2	False	True
JRK	2	False	True
JTB	2	False	True
JUN	2	False	True
KALRN	2	True	False
KANK1	2	True	False
KANK2	3	True	True
KANSL1	2	True	False
KANSL1-AS1	2	True	False
KANSL3	2	True	False
KAT14	3	True	False
KAT6A	2	True	False
KAT6B	3	True	False
KATNAL1	3	True	True
KATNIP	2	True	False
KAZALD1	4	True	True
KBTBD11	2	False	True
KBTBD11-OT1	2	True	False
KBTBD2	3	True	False
KBTBD3	2	False	True
KBTBD7	2	False	True
KCMF1	3	True	True
KCNAB2	2	False	True
KCND1	2	True	False
KCNE4	2	False	True
KCNIP3	3	True	False
KCNJ8	2	False	True
KCNK15-AS1	2	True	False
KCNK2	3	True	True
KCNK6	2	True	False
KCNQ1OT1	2	False	True
KCNQ5	2	False	True
KCTD11	2	False	True
KCTD12	2	False	True
KCTD15	2	True	False
KCTD21-AS1	2	True	False
KCTD3	2	True	False
KCTD4	2	False	True
KCTD9	2	False	True
KDELR3	2	False	True
KDM3A	3	True	False
KDM3B	2	True	False
KDM4A	4	True	True
KDM4A-AS1	2	False	True
KDM4B	3	True	False
KDM4C	2	True	False
KDM4D	2	True	False
KDM5A	5	True	False
KDM5B	4	True	False
KDM5C	2	True	False
KDM6A	3	True	False
KDM6B	2	True	False
KDM7A-DT	2	True	False
KDR	2	True	False
KEAP1	2	True	False
KHDC1	3	True	True
KHDC1-AS1	2	True	False
KHDC4	2	True	False
KHDRBS1	2	False	True
KHNYN	2	True	False
KIAA0100	2	True	False
KIAA0319L	2	True	False
KIAA0408	3	False	True
KIAA0513	2	True	False
KIAA0586	2	True	False
KIAA0753	2	True	False
KIAA0930	2	True	False
KIAA1109	2	True	False
KIAA1217	4	True	True
KIAA1522	3	True	False
KIAA1549	2	True	False
KIAA1549L	2	True	False
KIAA1586	2	False	True
KIAA1614	3	True	False
KIAA1614-AS1_STX6	2	False	True
KIAA1958	2	True	False
KIAA2026	2	True	False
KICS2	3	True	True
KIDINS220	2	True	False
KIF11	2	True	False
KIF13A	2	True	False
KIF13B	2	True	False
KIF14	3	True	False
KIF15	3	True	False
KIF16B	4	True	False
KIF18A	2	True	False
KIF1B	2	True	False
KIF1C	3	True	False
KIF20A	2	True	False
KIF20B	2	True	False
KIF21A	4	True	False
KIF23-AS1	2	True	False
KIF27	2	False	True
KIF2A	2	False	True
KIF4A	2	True	False
KIF5B	2	True	False
KIF7	2	True	False
KIF9-AS1	2	True	False
KIFBP	2	True	False
KIFC1	2	False	True
KIFC3	2	True	False
KIRREL1	4	True	False
KIRREL3	2	True	False
KIT	3	False	True
KITLG	2	True	False
KLC4	2	True	False
KLF10	2	True	False
KLF11	2	True	False
KLF12	3	True	True
KLF13	2	True	False
KLF3	2	False	True
KLF5	3	True	True
KLHDC2	2	False	True
KLHDC4	2	True	False
KLHL12	2	True	False
KLHL18	2	False	True
KLHL20	3	True	False
KLHL22	2	True	False
KLHL23	3	True	False
KLHL23_SSB	2	True	False
KLHL24	2	True	False
KLHL29	2	True	False
KLHL36	2	True	False
KLHL41	2	False	True
KLHL42	3	False	True
KLHL5	3	False	True
KLHL8	2	False	True
KLHL9	2	True	False
KLRK1-AS1	2	True	False
KMT2A	4	True	True
KMT2C	2	True	False
KMT2E	2	True	False
KMT5A	3	False	True
KMT5B	3	True	True
KNL1	3	True	True
KNOP1	2	False	True
KNTC1	2	True	False
KPNA2	2	False	True
KPNA3	2	False	True
KPNA4	4	True	True
KPNA5	3	True	True
KPNA6	2	True	False
KPNB1	2	True	False
KRAS	2	False	True
KRI1	3	True	False
KRIT1	2	False	True
KRT10	2	True	False
KRT18	2	True	False
KRT18P12	2	False	True
KRT34	2	True	False
KRT8	3	True	False
KSR1	2	True	False
KTN1	2	False	True
KYAT1	2	True	False
KYAT3	2	False	True
L2HGDH	2	True	False
L3HYPDH	2	False	True
L3MBTL1	4	True	False
L3MBTL2	2	True	False
L3MBTL3	2	False	True
LACC1	3	True	True
LAMA3	3	True	True
LAMA4	3	True	True
LAMB1	2	True	False
LAMB2	2	True	False
LAMC1	3	True	False
LANCL2	3	True	True
LAP3	2	False	True
LARP1	3	True	False
LARP1B	2	True	False
LARP4	2	False	True
LARP4B	2	True	False
LARP7	2	False	True
LARS1	2	True	False
LARS2	3	True	False
LAS1L	2	False	True
LASTR	2	True	False
LAT	2	False	True
LATS2	2	True	False
LAYN	2	False	True
LCA5	2	True	False
LCN15	2	False	True
LCOR	2	True	False
LDB2	2	True	False
LDHB	2	False	True
LDLR	2	True	False
LEMD2	3	True	False
LENG8-AS1	2	False	True
LEPR	2	True	False
LEPROT	2	False	True
LEPROTL1	2	False	True
LETM1	3	True	False
LETM2	2	True	False
LGALS7B	2	True	False
LGALS8	3	False	True
LGALSL	3	False	True
LHFPL2	3	True	True
LHX9	3	True	False
LIFR	3	True	False
LIG1	2	False	True
LIG3	3	True	False
LIG4	2	True	False
LIMA1	4	True	True
LIMCH1	3	True	False
LIMD1	2	True	False
LIMD1-AS1	2	False	True
LIMK1	2	True	False
LIMK2	3	True	False
LIMS1	2	True	False
LIMS3	3	True	True
LIMS4	3	True	True
LIN52	2	True	False
LIN54	4	True	False
LIN7B	2	True	False
LIN9	2	False	True
LINC-PINT	2	True	False
LINC00205	3	True	True
LINC00339	2	True	False
LINC00460	2	True	False
LINC00475	3	True	True
LINC00476	2	False	True
LINC00513	2	False	True
LINC00551	2	False	True
LINC00589	2	True	False
LINC00623	3	False	True
LINC00629	2	False	True
LINC00632	3	False	True
LINC00641	2	False	True
LINC00662	2	False	True
LINC00667	3	True	True
LINC00705	2	False	True
LINC00839	2	False	True
LINC00842	2	True	False
LINC00847	2	True	False
LINC00863	3	True	True
LINC00882	5	True	True
LINC00886	3	True	True
LINC00894	2	True	False
LINC00899	3	True	True
LINC00910	2	True	False
LINC00973	2	True	False
LINC01004	2	True	False
LINC01054	2	True	False
LINC01116	2	False	True
LINC01117	3	True	True
LINC01119_SOCS5	2	True	False
LINC01128	3	True	False
LINC01133	2	True	False
LINC01138	2	False	True
LINC01145	3	True	True
LINC01173	2	False	True
LINC01182	2	True	False
LINC01184	4	True	True
LINC01186	2	False	True
LINC01273	2	True	False
LINC01303	2	False	True
LINC01355	3	True	True
LINC01357	2	False	True
LINC01358	2	False	True
LINC01409	4	True	False
LINC01410	2	True	False
LINC01451	3	True	False
LINC01483	2	True	False
LINC01521	2	True	False
LINC01534	2	False	True
LINC01560	2	False	True
LINC01572	4	True	True
LINC01588	3	True	False
LINC01602	2	False	True
LINC01605	2	True	False
LINC01611	2	True	False
LINC01615	2	False	True
LINC01629	2	False	True
LINC01836	2	False	True
LINC01881	2	False	True
LINC01943	3	True	False
LINC01963	3	True	True
LINC02004	2	True	False
LINC02035	2	False	True
LINC02057	2	False	True
LINC02104	2	False	True
LINC02202	2	False	True
LINC02422	2	False	True
LINC02454	2	False	True
LINC02482	2	False	True
LINC02541	2	False	True
LINC02595	2	False	True
LINC02604	2	False	True
LINC02614	2	False	True
LINC02615	2	True	False
LINC02762	2	False	True
LINC02802	2	False	True
LINC02861	2	False	True
LINC02916	2	False	True
LINP1	2	False	True
LINS1	2	True	False
LIPT1	2	False	True
LITAF	2	True	False
LLGL1	2	True	False
LMAN2	2	False	True
LMBR1	3	True	False
LMBRD2	2	True	False
LMCD1	2	False	True
LMNA	3	True	True
LMTK2	2	True	False
LMTK3	2	True	False
LNCTAM34A	2	False	True
LNPEP	2	True	False
LOH12CR2	2	False	True
LONRF1	2	True	False
LOXL1-AS1	2	True	False
LPCAT1	2	False	True
LPGAT1	2	False	True
LPIN1	2	True	False
LPIN2	2	True	False
LPP	2	True	False
LPP-AS2	2	True	False
LRATD1	2	True	False
LRATD2	2	False	True
LRBA	5	True	True
LRCH1	2	False	True
LRCH2	2	True	False
LRCH4	2	True	False
LRFN4	2	True	False
LRIG2	3	True	False
LRIG3	2	True	False
LRP1	3	True	True
LRP10	2	True	False
LRP3	2	True	False
LRP5	3	True	False
LRP6	3	True	False
LRP8	2	True	False
LRPPRC	4	True	False
LRR1	2	False	True
LRRC1	4	True	False
LRRC14	2	True	False
LRRC17	2	False	True
LRRC2	2	False	True
LRRC28	2	False	True
LRRC32	3	True	True
LRRC37A2	3	True	True
LRRC37B	2	True	False
LRRC37BP1	3	True	False
LRRC37BP1_SMURF2P1	3	True	True
LRRC41	2	True	False
LRRC49	3	True	True
LRRC51	2	False	True
LRRC75B	2	False	True
LRRC8A	2	True	False
LRRC8C	2	True	False
LRRC8C-DT	2	False	True
LRRC8D	2	True	False
LRRCC1	3	True	False
LRRFIP1	4	True	True
LRRFIP2	2	False	True
LRRK1	2	True	False
LSG1	5	True	True
LSM1	2	False	True
LSM14B	2	True	False
LSM8	2	False	True
LSP1P4	2	False	True
LSP1P5	3	False	True
LTB4R2	3	True	False
LTBP1	3	True	False
LTBP3	2	True	False
LTBP4	2	True	False
LTBR	2	False	True
LTN1	4	True	True
LUC7L2	3	True	False
LURAP1	2	False	True
LURAP1L	2	False	True
LUZP1	2	True	False
LY6E-DT	3	False	True
LY6G5B	2	True	False
LY6K	3	False	True
LY96	2	False	True
LYNX1	2	True	False
LYPD6	2	False	True
LYPD6B	2	True	False
LYPLAL1	2	False	True
LYRM1	3	True	False
LYRM7	2	False	True
LYSMD1	2	True	False
LYSMD4	3	True	True
LYST	3	True	False
LZTR1	3	True	False
LZTS2	2	True	False
MAB21L1	2	True	False
MACF1	2	True	False
MACO1	2	True	False
MACROD1	2	False	True
MAD1L1	3	True	False
MAD2L1	2	False	True
MAD2L1BP	2	True	False
MADD	2	True	False
MAF	3	True	True
MAF1	2	True	False
MAGED1	2	True	False
MAGED4	2	True	False
MAGEE1	2	True	False
MAGI1	2	True	False
MAGI2-AS3	2	True	False
MAGI3	2	True	False
MAGIX_PLP2	2	True	False
MAIP1	2	False	True
MAK16	2	True	False
MALINC1	2	False	True
MALSU1	2	True	False
MAMDC2	3	True	True
MAML1	2	False	True
MAMSTR	3	False	True
MAN1A2	3	True	True
MAN2A1	4	True	True
MAN2A2	2	True	False
MAN2B2	3	True	False
MANEA	2	False	True
MANF	3	True	True
MAP10	2	True	False
MAP1A	3	True	False
MAP1B	3	False	True
MAP1LC3B	3	False	True
MAP1S	2	True	False
MAP2	2	True	False
MAP2K5	2	True	False
MAP3K1	4	True	True
MAP3K12	2	True	False
MAP3K14	2	True	False
MAP3K20	3	True	True
MAP3K3	2	True	False
MAP3K4	2	False	True
MAP3K5	2	True	False
MAP3K7	4	True	True
MAP3K7CL	2	True	False
MAP3K8	4	True	True
MAP3K9-DT	4	True	True
MAP4	3	True	True
MAP4K3	2	True	False
MAP4K3-DT	2	False	True
MAP4K5	2	True	False
MAP7	2	True	False
MAP7D3	4	True	True
MAP9	2	True	False
MAPK13	2	True	False
MAPK8IP1	2	True	False
MAPK8IP3	2	True	False
MAPK9	2	True	False
MAPKAP1	2	True	False
MAPKAPK5	2	False	True
MARCHF3	2	False	True
MARCHF5	2	False	True
MARCHF7	2	False	True
MARCHF9	2	False	True
MARCKSL1	2	False	True
MARF1	3	True	False
MARK2	2	True	False
MARK3	2	False	True
MARK4	3	True	False
MAST2	2	True	False
MAST4	2	True	False
MASTL	2	True	False
MATR3	2	True	False
MAX	2	False	True
MAZ	3	True	False
MB21D2	2	False	True
MBD1	3	True	False
MBD4	2	True	False
MBD5	2	False	True
MBLAC2	2	False	True
MBNL1	2	False	True
MBNL1-AS1	2	False	True
MBNL2	3	True	True
MBOAT7	3	True	True
MBP	4	True	True
MBTD1	2	True	False
MBTPS1	3	True	True
MCAM	2	True	False
MCC	2	False	True
MCCC2	2	True	False
MCFD2	2	True	False
MCM10	2	True	False
MCM3AP	2	True	False
MCM3AP-AS1_YBEY	2	True	False
MCM4	2	True	False
MCM8	2	True	False
MCM9	3	True	False
MCMBP	2	True	False
MCPH1-DT	2	True	False
MCRIP2	2	True	False
MCRS1	2	True	False
MCTP1	3	True	False
MCTS1	2	True	False
MCUB	2	False	True
MCUR1	2	False	True
MDC1	2	False	True
MDGA1	4	True	False
MDH2	2	True	False
MDM2	2	True	False
MDM4	2	True	False
ME1	2	True	False
ME2	2	False	True
MEAK7	3	True	False
MECOM	2	True	False
MECP2	2	False	True
MED1	2	True	False
MED12	2	True	False
MED13	3	True	False
MED13L	2	True	False
MED14	3	True	False
MED18	2	False	True
MED23	3	True	True
MED24	4	True	True
MED25	3	True	False
MED28	2	False	True
MED29	2	False	True
MED30	2	True	False
MED6	2	False	True
MED7	2	False	True
MED8	2	False	True
MEF2A	3	True	True
MEF2D	2	True	False
MEG8	3	True	False
MEGF6	2	True	False
MEGF8	3	True	False
MEIG1	2	True	False
MEIOC	4	True	False
MEIS1	3	True	False
MEIS1-AS2	2	False	True
MEIS2	3	True	True
MEIS3P1	2	False	True
MELTF-AS1	3	True	True
MEOX2	2	False	True
MEST	2	True	False
METAP1	2	False	True
METRNL	2	True	False
METTL1	2	False	True
METTL15	3	True	True
METTL17	2	False	True
METTL18	2	False	True
METTL21A	3	True	False
METTL23	2	True	False
METTL25B	2	True	False
METTL26	2	False	True
METTL4	4	True	True
METTL8	3	True	False
MFF	3	True	True
MFHAS1	2	False	True
MFN1	2	True	False
MFN2	2	False	True
MFNG	2	True	False
MFSD11	4	True	True
MFSD14C	2	True	False
MFSD4B	2	True	False
MFSD6	2	False	True
MGA	2	True	False
MGARP	2	False	True
MGAT1	2	True	False
MGAT2	2	False	True
MGAT4B	2	True	False
MGAT5B	2	True	False
MGLL	3	True	True
MGME1	2	False	True
MGMT	2	False	True
MGRN1	2	True	False
MGST1	3	True	True
MGST2	2	False	True
MHENCR	2	False	True
MIA2	4	True	True
MIA3	2	True	False
MIB1	4	True	True
MIB2	3	True	False
MICA	2	True	False
MICAL2	2	True	False
MICAL3	4	True	True
MICALL1	3	True	True
MICALL2	3	True	False
MICB	2	True	False
MICB-DT	2	False	True
MICU2	2	True	False
MICU3	2	True	False
MID1	3	True	False
MIEF1	2	True	False
MIEF2	2	False	True
MIEN1	2	False	True
MIER1	2	True	False
MIER3	2	False	True
MIGA1	3	True	True
MIGA1_NEXN	2	True	False
MIGA2	2	True	False
MINDY1	2	True	False
MINDY2	3	True	False
MINDY3	2	True	False
MINK1	2	True	False
MIPEP	2	True	False
MIR100HG	3	True	True
MIR137HG	3	False	True
MIR155HG	2	True	False
MIR181A1HG	2	False	True
MIR181A2HG	2	False	True
MIR193BHG	2	False	True
MIR222HG	2	True	False
MIR31HG	2	False	True
MIR3659HG	2	False	True
MIR3677HG	2	True	False
MIR3936HG	2	False	True
MIR4453HG	2	False	True
MIR4458HG	3	False	True
MIR503HG	2	False	True
MIR762HG	2	True	False
MIR924HG	2	True	False
MIRLET7A1HG	2	True	False
MIRLET7IHG	3	True	False
MIS18BP1	3	False	True
MISP3	2	False	True
MITF	2	True	False
MKI67	5	True	True
MKNK1	2	True	False
MKNK2	2	True	False
MKX	3	True	True
MLEC	2	False	True
MLH1	2	False	True
MLH3	2	True	False
MLLT10	3	True	False
MLLT11	3	True	False
MLLT3	4	True	True
MLLT6	5	True	True
MLPH	2	True	False
MLXIP	2	True	False
MME	2	False	True
MMGT1	2	False	True
MMP14	3	True	False
MMP16	2	True	False
MMP2	2	False	True
MMP23A	3	False	True
MMP23B	3	True	True
MMS22L	2	True	False
MMUT	3	True	False
MNAT1	2	False	True
MOCOS	2	False	True
MOK	3	True	False
MON2	4	True	False
MORC2	3	True	False
MORC3	2	True	False
MORC4	3	False	True
MORF4L1	3	True	True
MORF4L1P1	2	False	True
MORN1	2	False	True
MOSMO	2	True	False
MOSPD1	2	False	True
MOSPD2	2	False	True
MOSPD3	2	True	False
MOV10	2	True	False
MOV10L1	4	True	True
MOXD1	2	True	False
MPC1	3	True	True
MPDU1	2	False	True
MPDZ	3	True	False
MPHOSPH10	2	False	True
MPHOSPH8	2	True	False
MPHOSPH9	3	True	False
MPND	2	False	True
MPP3	2	True	False
MPP4	3	True	False
MPP7	3	True	False
MPRIP	2	True	False
MPST	2	False	True
MPV17L2	2	False	True
MRAS	2	False	True
MRC2	2	True	False
MRE11	2	True	False
MRFAP1	2	True	False
MRI1	2	True	False
MRPL1	3	True	False
MRPL12	2	True	False
MRPL13	2	False	True
MRPL15	2	True	False
MRPL16	2	False	True
MRPL17	2	False	True
MRPL18	2	True	False
MRPL2	2	False	True
MRPL21	2	False	True
MRPL22	2	True	False
MRPL23	2	True	False
MRPL28	2	False	True
MRPL3	2	False	True
MRPL32	2	True	False
MRPL35P3	2	True	False
MRPL36	2	True	False
MRPL4	3	True	True
MRPL40P1	2	False	True
MRPL41	2	True	False
MRPL44	4	True	True
MRPL45	2	False	True
MRPL45P2	2	False	True
MRPL48	2	False	True
MRPL51	2	False	True
MRPL9	2	False	True
MRPS11	2	False	True
MRPS12	2	False	True
MRPS18C	2	False	True
MRPS21	2	True	False
MRPS26	2	False	True
MRPS28	2	True	False
MRPS31P5	2	True	False
MRPS34	2	False	True
MRRF	2	False	True
MRTFA	2	True	False
MRTFB	2	True	False
MRTO4	2	False	True
MSANTD3	3	True	True
MSANTD3-TMEFF1	2	False	True
MSANTD4	2	True	False
MSC-AS1	2	False	True
MSH3	4	True	False
MSH5	2	True	False
MSH6	2	False	True
MSI2	2	True	False
MSL3	2	False	True
MSMO1	2	False	True
MSRB3	3	False	True
MSTO1_MSTO2P	2	True	False
MSTO2P	2	True	False
MT-ATP6	2	True	False
MT-CO1_MT-RNR1	2	False	True
MT-CO2	2	True	False
MT-CO2_MT-RNR1	2	False	True
MT-CO3	3	False	True
MT-CYB	2	False	True
MT-CYB_MT-RNR1	2	False	True
MT-ND1	2	False	True
MT-ND1_MT-RNR1	2	False	True
MT-ND2	3	False	True
MT-ND3_MT-RNR1	2	False	True
MT-ND5	2	False	True
MT-ND6	2	False	True
MT1A	2	False	True
MT1F	2	False	True
MT1L	2	False	True
MTA2	2	True	False
MTA3	3	False	True
MTARC2	2	False	True
MTBP	2	True	False
MTCL1	2	True	False
MTDH	2	False	True
MTF1	3	True	False
MTF2	2	True	False
MTFMT	2	True	False
MTFP1	2	False	True
MTFR1	2	False	True
MTG2	2	False	True
MTHFD1L	3	True	True
MTHFD2L	2	True	False
MTHFSD	2	True	False
MTIF2	2	False	True
MTIF3	2	False	True
MTMR1	2	True	False
MTMR12	2	True	False
MTMR2	2	False	True
MTMR3	2	True	False
MTMR6	2	True	False
MTMR9	2	True	False
MTOR	2	True	False
MTPAP	2	True	False
MTR	2	True	False
MTREX	2	False	True
MTRF1	5	True	True
MTRF1L	4	True	True
MTRFR	2	False	True
MTURN	2	False	True
MUC20	2	False	True
MUC20-OT1	2	True	False
MVB12A	3	True	True
MVB12B	2	True	False
MX2	4	True	True
MXD4	2	False	True
MYB	2	True	False
MYBBP1A	3	True	False
MYBL1	3	True	True
MYBPHL	2	True	False
MYCBP	2	False	True
MYCBP2	4	True	False
MYEF2	3	True	True
MYF6	2	True	False
MYG1	3	False	True
MYG1_PFDN5	2	True	False
MYH10	3	True	True
MYH9	2	True	False
MYL12A	3	False	True
MYL12A_MYL12B	2	False	True
MYL4	2	False	True
MYL5	3	True	True
MYL6	2	True	False
MYL6B	2	True	False
MYL6_MYL6B	2	True	False
MYLK	2	True	False
MYLK-AS1	2	False	True
MYLPF	2	True	False
MYNN	2	False	True
MYO10	2	True	False
MYO18A	2	True	False
MYO19	2	True	False
MYO1B	4	True	True
MYO1C	2	True	False
MYO1E	2	True	False
MYO6	2	True	False
MYO9A	3	True	False
MYO9B	3	True	False
MYOF	2	True	False
MYOM2	2	True	False
MYOSLID	4	True	True
MYOZ2	2	True	False
MYPN	3	True	False
MYSM1	3	True	True
MZF1-AS1	2	True	False
MZT1	2	False	True
MZT2A	2	False	True
Metazoa_SRP	4	True	False
N4BP1	2	True	False
N4BP2	3	True	False
N4BP2L1	3	False	True
N4BP2L2	2	False	True
N4BP2L2-IT2	4	False	True
NAA15	2	True	False
NAA16	2	True	False
NAA25	2	False	True
NAA35	2	True	False
NAA38	3	True	True
NAA40	2	False	True
NAA50	2	True	False
NAA60	2	True	False
NAAA	2	True	False
NAB1	3	True	False
NAB2	2	True	False
NADK	3	True	False
NADK2	3	True	True
NADSYN1	2	True	False
NAIF1	2	False	True
NAIPP2	2	True	False
NALCN	3	True	True
NAMPT	3	False	True
NANOS1	2	True	False
NANOS3	3	True	False
NANP	2	False	True
NANS	2	True	False
NAP1L1	2	False	True
NAP1L4	2	False	True
NAPB	2	True	False
NAPEPLD	2	False	True
NAPG	2	False	True
NAPRT	3	True	False
NARF	2	False	True
NARS1	3	False	True
NASP	2	False	True
NAT10	2	True	False
NAV1	5	True	True
NAV2	2	True	False
NAV2-AS6	4	False	True
NAV3	2	False	True
NBAS	3	True	False
NBDY	2	False	True
NBEAL1	2	True	False
NBEAL2	2	True	False
NBEAP2	2	False	True
NBN	2	True	False
NBPF10	4	True	False
NBPF12	3	True	False
NBPF14	3	True	False
NBPF15	2	True	False
NBPF20_NBPF25P	3	True	False
NBPF26	2	True	False
NBPF3	3	True	True
NBPF8	2	True	False
NBPF9	3	True	False
NBR1	5	True	False
NBR2	2	True	False
NCAPD2	2	False	True
NCAPD3	2	True	False
NCAPG2	3	True	True
NCAPH	2	True	False
NCAPH2	2	False	True
NCBP1	3	True	True
NCBP3	3	True	False
NCDN	3	True	False
NCEH1	3	False	True
NCK1-DT	2	False	True
NCKAP5	5	True	True
NCKAP5-AS2	3	True	False
NCKAP5L	3	True	False
NCKIPSD	2	True	False
NCL	2	False	True
NCLN	2	True	False
NCOA1	5	True	True
NCOA3	3	True	True
NCOA4	2	True	False
NCOA5	3	True	False
NCOA7	3	True	False
NCOR1	2	True	False
NCOR2	3	True	False
NCS1	2	False	True
NDC1	2	True	False
NDFIP1	3	True	True
NDFIP2	2	False	True
NDOR1	2	True	False
NDRG4	2	True	False
NDST1	2	True	False
NDST2	2	True	False
NDUFA3	2	True	False
NDUFAF3	2	True	False
NDUFAF5	2	False	True
NDUFAF6	3	True	True
NDUFB10	2	False	True
NDUFB11	2	False	True
NDUFB5	2	False	True
NDUFC1	2	True	False
NDUFS4	2	True	False
NDUFS5	2	False	True
NECTIN3	3	True	True
NECTIN3-AS1	2	False	True
NEDD1	3	True	False
NEDD4	4	True	False
NEDD4L	5	True	True
NEDD9	2	True	False
NEFH	3	True	True
NEK1	3	True	False
NEK11	2	False	True
NEK4	3	True	True
NEK6	2	True	False
NEK7	3	False	True
NEK8	2	True	False
NELFA	2	True	False
NELFCD	2	False	True
NELFE	2	False	True
NEMF	4	True	False
NEMP2	3	True	True
NENF	2	True	False
NEO1	3	True	False
NES	2	True	False
NET1	3	True	False
NETO2	3	True	True
NEU3	2	False	True
NF1	2	True	False
NFATC1	2	True	False
NFATC2IP	2	True	False
NFATC3	3	True	False
NFATC4	3	True	True
NFE2L1	2	False	True
NFE2L2	3	True	True
NFIA	2	True	False
NFIB	2	True	False
NFIC	2	True	False
NFIX	2	True	False
NFKB1	2	True	False
NFKB2	2	True	False
NFKBIA	2	False	True
NFKBIB	3	True	False
NFKBIL1	2	True	False
NFKBIZ	3	True	True
NFU1	2	False	True
NFX1	3	True	False
NFXL1	3	True	False
NFYA	2	True	False
NFYC-AS1	2	False	True
NGDN	2	False	True
NGF	2	True	False
NHEJ1	2	True	False
NHLRC2	4	True	True
NIBAN1	4	True	True
NIF3L1	2	False	True
NIFK	2	False	True
NIN	3	True	False
NINJ2-AS1	2	False	True
NIPAL3	2	True	False
NIPBL	2	False	True
NIPBL-DT	3	True	True
NIPSNAP2	2	False	True
NIPSNAP3A	2	False	True
NISCH	2	False	True
NKAPD1	2	False	True
NKAPL	2	False	True
NKIRAS2	2	True	False
NKTR	3	True	True
NLGN2	2	True	False
NLK	3	True	False
NLN	2	True	False
NLRC5	2	True	False
NLRP1	3	True	False
NLRX1	2	True	False
NME2	2	False	True
NME4	2	True	False
NME6	3	False	True
NME7	2	False	True
NMNAT1	3	False	True
NMRAL1	2	True	False
NMT2	2	True	False
NMU	2	False	True
NNMT	4	True	True
NNT	4	True	False
NNT-AS1	2	False	True
NOA1	2	False	True
NOC3L	2	True	False
NOCT	2	True	False
NOD1	2	True	False
NOL11	2	False	True
NOL3	2	False	True
NOL4L	4	True	True
NOL6	2	True	False
NOL8	3	True	False
NOL9	2	True	False
NOLC1	3	True	True
NOM1	3	False	True
NOMO1	2	True	False
NOMO2	3	True	False
NOMO3	2	True	False
NONO	2	True	False
NOP14	2	True	False
NOP14-AS1	2	True	False
NOP16	2	False	True
NOP53_SELENOW	2	True	False
NOP58	2	False	True
NOP9	2	True	False
NORAD	2	True	False
NOTCH2	3	True	False
NOTCH2NLA	2	False	True
NOTCH2NLB	2	True	False
NOTCH2NLC	2	True	False
NOTCH2NLR	2	False	True
NOX4	2	True	False
NPAS2	2	True	False
NPAT	4	True	True
NPC1	2	True	False
NPEPL1	2	False	True
NPEPPS	2	True	False
NPEPPSP1	2	True	False
NPHP3	3	True	False
NPIPA1	3	True	False
NPIPA9	2	True	False
NPIPB12	2	False	True
NPIPB3	4	True	False
NPIPB5	3	True	False
NPLOC4	2	True	False
NPM1	2	True	False
NPM1P27	3	False	True
NPM1P7	2	False	True
NPR2	2	True	False
NPR3	3	True	True
NPW	2	True	False
NPY	2	True	False
NQO1	2	False	True
NQO2	2	True	False
NR1D1	2	True	False
NR1D2	2	True	False
NR2C1	2	True	False
NR2C2	3	True	False
NR2F1	2	False	True
NR2F1-AS1	2	True	False
NR2F2-AS1	3	True	False
NR3C1	2	True	False
NR4A2	2	False	True
NRBF2	2	False	True
NRBF2P6	2	False	True
NRDC	2	True	False
NRDE2	2	True	False
NREP	2	False	True
NRF1	3	True	True
NRG1	3	True	False
NRK	2	True	False
NRN1	2	True	False
NRP1	3	True	True
NRP2	4	True	True
NRSN2	2	False	True
NRSN2-AS1	3	True	False
NRTN	2	True	False
NRXN3	2	True	False
NSA2	2	False	True
NSD2	2	True	False
NSD3	2	True	False
NSF	2	False	True
NSFL1C	3	True	True
NSFP1	2	False	True
NSG1	3	False	True
NSMAF	2	True	False
NSMCE2	2	False	True
NSMCE4A	2	False	True
NSRP1	2	False	True
NSRP1P1	5	False	True
NSUN2	2	True	False
NSUN3	2	False	True
NSUN4	3	True	True
NSUN5P1	2	True	False
NSUN5P2	3	True	False
NSUN6	2	False	True
NT5C	2	False	True
NT5C2	2	True	False
NT5C3A	2	False	True
NT5E	2	True	False
NTAQ1	3	True	True
NTF3	2	True	False
NTM	2	True	False
NTN4	2	False	True
NUB1	2	False	True
NUBP1	2	False	True
NUDC	2	True	False
NUDCD1	2	True	False
NUDCD3	2	True	False
NUDT1	2	False	True
NUDT16	3	False	True
NUDT19-DT	2	True	False
NUDT22	2	True	False
NUDT4B	4	True	True
NUDT4P2	2	False	True
NUDT6	3	True	False
NUMB	2	True	False
NUMBL	2	True	False
NUP133	2	True	False
NUP153	2	True	False
NUP153-AS1	2	False	True
NUP155	3	True	False
NUP160	4	True	True
NUP205	2	True	False
NUP210	2	True	False
NUP214	2	True	False
NUP37	2	False	True
NUP42	3	False	True
NUP43	3	True	False
NUP58	2	True	False
NUP62	2	True	False
NUP85	3	False	True
NUP98	2	True	False
NUSAP1	2	False	True
NVL	3	True	True
NXNL2	2	True	False
NXPE3	2	True	False
NXT2	3	True	True
NYAP1	2	True	False
OAF	2	False	True
OARD1	2	False	True
OAS1	2	True	False
OAS3	3	True	False
OAZ1	2	True	False
OBSL1	3	True	False
OCEL1	2	False	True
OCIAD1	2	True	False
OCIAD2	2	False	True
OCLN	2	True	False
ODR4	2	False	True
OFD1	3	False	True
OGA	3	True	False
OGDH	2	False	True
OGFOD1	2	True	False
OGFOD2	2	False	True
OGFRL1	2	False	True
OGT	3	True	False
OIP5	2	False	True
OLFML2B	2	True	False
OLR1	3	True	False
OMA1	2	True	False
OPA1	2	True	False
OPHN1	2	True	False
OR7E38P	2	False	True
ORC2	4	True	True
ORC5	2	True	False
ORC6	2	False	True
ORMDL1	2	False	True
ORMDL2	2	True	False
OSBP	3	True	True
OSBPL11	2	True	False
OSBPL1A	4	True	True
OSBPL2	3	False	True
OSBPL3	3	True	False
OSBPL5	2	True	False
OSBPL6	3	True	False
OSBPL8	2	True	False
OSBPL9	3	True	True
OSGEPL1	2	False	True
OSMR	2	True	False
OSR2	2	False	True
OSTCP8	3	False	True
OSTF1	2	True	False
OSTN-AS1	2	True	False
OTUD4	3	True	False
OTUD5	2	False	True
OTUD6B-AS1	2	False	True
OTULIN	2	False	True
OXCT1	2	True	False
OXR1	3	True	True
OXSM	2	True	False
OXSR1	2	False	True
OXTR	2	True	False
P2RX6	2	True	False
P3H2	3	True	False
P3H3	2	False	True
P3H4	2	False	True
P4HA1	2	False	True
P4HA3	2	True	False
P4HTM	2	False	True
PA2G4	3	False	True
PA2G4P4	2	False	True
PABIR2	2	False	True
PABIR3	3	True	False
PABPC1	3	True	False
PABPC1L	3	True	True
PABPC4	2	False	True
PABPN1	2	False	True
PACERR	2	False	True
PACS1	3	True	True
PACS2	3	True	False
PAF1	2	True	False
PAFAH1B1	3	False	True
PAGR1	2	True	False
PAIP1	2	False	True
PAK1	3	True	False
PAK1IP1	2	False	True
PAK2	2	False	True
PALB2	2	True	False
PALLD	2	True	False
PALM	2	False	True
PALM2AKAP2	3	True	True
PALS1	2	False	True
PAM	2	True	False
PAN3	2	True	False
PAN3-AS1	4	False	True
PANK1	2	False	True
PANK2	2	False	True
PANK3	3	True	True
PANTR1	2	False	True
PAPOLG	2	True	False
PAPPA	2	True	False
PAPSS2	2	True	False
PAQR4	2	True	False
PAQR5	2	True	False
PAQR8	4	True	True
PARD3	4	True	True
PARD3B	3	True	False
PARD6G	2	True	False
PARG	3	True	False
PARK7	3	True	True
PARP1	2	True	False
PARP14	4	True	True
PARP16	2	False	True
PARP3	3	True	False
PARP4	2	True	False
PARP6	3	True	False
PARP8	3	True	True
PARVA	2	True	False
PARVB	2	True	False
PASK	2	True	False
PATJ	3	True	False
PATL1	2	True	False
PAWR	5	True	True
PAX3	3	True	True
PAX8	2	False	True
PAX8-AS1	2	True	False
PAXBP1	2	True	False
PAXIP1	2	True	False
PAXIP1-AS2	2	True	False
PAXIP1-DT	2	True	False
PAXX	2	False	True
PBK	2	False	True
PBLD	2	True	False
PBRM1	3	True	False
PBXIP1	3	True	True
PCBD2	3	False	True
PCBP1-AS1	2	True	False
PCCA	2	True	False
PCDH10	3	True	True
PCDH7	4	False	True
PCDH9	4	True	True
PCDHGA10	6	True	True
PCDHGA7	2	True	False
PCDHGB4	2	False	True
PCDHGB5	2	False	True
PCED1B	3	False	True
PCF11	3	True	True
PCF11-AS1	3	False	True
PCGF1	3	True	False
PCGF3	3	True	False
PCGF5	3	True	False
PCGF6	2	True	False
PCID2	3	True	True
PCIF1	2	False	True
PCLAF	2	False	True
PCLO	3	True	False
PCMT1	3	False	True
PCNX1	4	True	False
PCNX2	4	True	False
PCNX3	2	True	False
PCNX4	2	True	False
PCYOX1	3	True	True
PDCD10	3	False	True
PDCD11	2	True	False
PDCD2L	2	False	True
PDCD4-AS1	2	False	True
PDCD6	2	False	True
PDCD6IPP2	2	False	True
PDE10A	2	True	False
PDE12	3	True	True
PDE1C	5	True	True
PDE4A	2	False	True
PDE4C	2	True	False
PDE4D	3	True	True
PDE4DIP	3	True	False
PDE4DIPP2	3	True	False
PDE5A	2	True	False
PDE7B	2	True	False
PDE8A	2	True	False
PDGFA	2	False	True
PDGFRA	3	True	False
PDHX	2	False	True
PDIA3P1	2	True	False
PDIA4	2	False	True
PDIK1L	2	True	False
PDK1	3	True	True
PDK2	2	False	True
PDK3	2	True	False
PDLIM1	2	False	True
PDLIM2	3	True	True
PDLIM3	3	True	True
PDLIM5	2	True	False
PDLIM7	2	True	False
PDPR	2	True	False
PDS5A	4	True	False
PDS5B	4	True	False
PDSS1	2	False	True
PDSS2	3	True	True
PDXDC1	2	True	False
PDXDC2P-NPIPB14P	3	True	True
PDZD2	2	True	False
PDZD7	2	True	False
PEAK1	2	True	False
PEAR1	2	True	False
PEDS1	2	False	True
PEG10	2	False	True
PELI3	2	False	True
PELP1	2	True	False
PEMT	2	False	True
PER1	2	True	False
PER3	3	True	True
PERP	2	False	True
PET117	2	False	True
PEX1	2	True	False
PEX13	3	False	True
PEX19	2	True	False
PEX2	2	False	True
PEX26	3	True	False
PEX5	2	True	False
PEX6	2	True	False
PEX7	2	True	False
PFAS	2	True	False
PFDN1	2	False	True
PFDN4	2	True	False
PFDN5	2	False	True
PFDN6	3	False	True
PFN4	2	False	True
PGAM5	2	False	True
PGAP1	4	True	False
PGAP3	2	True	False
PGAP6	2	True	False
PGBD1	2	True	False
PGBD4	2	True	False
PGGHG	2	False	True
PGK1	2	True	False
PGLS-DT	4	False	True
PGPEP1	2	True	False
PGRMC2	3	False	True
PHACTR2	3	True	False
PHACTR4	3	True	True
PHAF1	2	True	False
PHAX	2	False	True
PHB	2	False	True
PHBP19	2	False	True
PHC1	4	True	False
PHC3	3	True	False
PHF11	2	False	True
PHF12	2	True	False
PHF13	2	True	False
PHF14	3	True	True
PHF2	4	True	False
PHF20L1	2	True	False
PHF21A	3	True	False
PHF23	2	True	False
PHF5A	2	False	True
PHF6	2	False	True
PHIP	2	True	False
PHKA2	3	True	True
PHKB	3	True	False
PHLDA1	2	False	True
PHLDA3	2	False	True
PHLDB1	2	True	False
PHLDB2	3	True	False
PHPT1	2	False	True
PHRF1	2	False	True
PHTF1	2	True	False
PHTF2	2	False	True
PHYHD1	3	True	True
PHYKPL	3	True	True
PI4KB	2	True	False
PIAS1	3	True	False
PIAS2	3	True	False
PIAS4	2	True	False
PICART1	3	False	True
PICK1	2	False	True
PIEZO1	4	True	False
PIEZO2	2	True	False
PIF1	2	True	False
PIGB	2	True	False
PIGH	2	True	False
PIGM	4	True	True
PIGN	2	True	False
PIGX	2	False	True
PIH1D2	2	False	True
PIK3C2A	2	True	False
PIK3C3	2	True	False
PIK3CA	3	True	True
PIK3CB	2	True	False
PIK3CD	2	True	False
PIK3R1	3	True	True
PIK3R2	2	True	False
PIK3R3	4	True	False
PIKFYVE	2	True	False
PINLYP	2	True	False
PIP4K2A	2	True	False
PIP4P2	2	False	True
PIP5K1C	3	True	True
PITRM1	2	True	False
PJA2	2	True	False
PKD1L2	2	True	False
PKD2	2	True	False
PKDCC	2	True	False
PKIB	2	False	True
PKM	2	False	True
PKN2	2	False	True
PKN2-AS1	2	False	True
PKN3	3	True	False
PKNOX1	2	False	True
PKP2	2	True	False
PLAA	2	False	True
PLAAT1	2	True	False
PLAC9P1	2	False	True
PLAGL1	2	False	True
PLBD2	2	True	False
PLCB1	4	True	False
PLCB3	2	True	False
PLCB4	4	True	True
PLCE1	2	True	False
PLCG1	3	True	False
PLCL2	3	True	False
PLCXD1	2	True	False
PLD1	3	True	False
PLEC	4	True	False
PLEKHA1	2	True	False
PLEKHA2	3	True	True
PLEKHA3	3	True	True
PLEKHA5	2	True	False
PLEKHA8P1	2	False	True
PLEKHF2	2	False	True
PLEKHG3	2	False	True
PLEKHG5	2	True	False
PLEKHJ1	2	False	True
PLEKHM1P1	4	True	True
PLEKHM2	2	True	False
PLEKHO1	2	True	False
PLIN2	2	False	True
PLK2	2	False	True
PLK3	3	True	True
PLOD2	2	True	False
PLOD3	2	True	False
PLP2	2	False	True
PLPP3	2	True	False
PLPP6	2	False	True
PLS1	2	True	False
PLS3	2	False	True
PLXNA1	2	True	False
PM20D2	2	True	False
PMEPA1	2	True	False
PMM2	2	False	True
PMS1	2	False	True
PMS2P1	2	False	True
PMS2P3	2	True	False
PMS2P4	2	False	True
PNISR	3	True	False
PNKD	2	True	False
PNKP	4	True	True
PNMA2	2	False	True
PNN	3	False	True
PNPLA3	2	True	False
PNPLA4	3	True	True
PNPLA8	3	True	True
PNPT1	2	False	True
PNRC2	2	False	True
POC1A	2	False	True
PODNL1	2	True	False
PODXL	3	True	True
POFUT1	2	True	False
POGK	2	True	False
POGLUT1	2	False	True
POGLUT3	3	True	True
POGZ	4	True	True
POLA1	4	True	True
POLD1	3	True	True
POLDIP3	2	True	False
POLE2	2	True	False
POLE3	3	False	True
POLG	2	True	False
POLH	2	True	False
POLK	2	True	False
POLM	2	True	False
POLQ	4	True	False
POLR1B	3	True	True
POLR1D	2	True	False
POLR1F	3	True	False
POLR1G	3	False	True
POLR2A	3	True	True
POLR2B	3	True	False
POLR2G	2	True	False
POLR2H	2	False	True
POLR2I	2	False	True
POLR2J3	2	False	True
POLR3A	5	True	True
POLR3B	2	True	False
POLR3C	2	False	True
POLR3D	2	True	False
POLR3E	3	True	False
POLR3F	2	False	True
POLR3G	2	False	True
POLR3GL	2	False	True
POLR3H	2	True	False
POLRMT	2	True	False
POM121	3	True	False
POM121C	2	True	False
POMT1	3	True	False
POMT2	2	True	False
PON2	2	False	True
POP1	2	True	False
POP5	2	False	True
POP7	2	True	False
POT1	3	True	True
POT1-AS1	3	True	False
POU2F1	2	True	False
POU2F2	3	True	False
POU2F2-AS1	2	True	False
POU5F2	2	False	True
PPA2	2	False	True
PPARG	2	True	False
PPAT	2	True	False
PPCS	2	False	True
PPFIA1	2	True	False
PPFIBP1	2	False	True
PPHLN1	2	True	False
PPIA	2	True	False
PPIB	2	False	True
PPIC	2	False	True
PPIE	2	True	False
PPIEL	3	True	False
PPIF	2	False	True
PPIG	3	True	False
PPIL2	3	True	False
PPIL3	2	True	False
PPIP5K2	3	True	True
PPM1A	2	False	True
PPM1B	3	True	True
PPM1D	2	False	True
PPM1F	2	True	False
PPM1G	2	False	True
PPM1K	2	True	False
PPM1N	2	True	False
PPME1	2	False	True
PPP1R11	2	False	True
PPP1R12A	3	True	True
PPP1R12B	3	True	False
PPP1R13B	2	True	False
PPP1R13L	2	True	False
PPP1R14B	2	True	False
PPP1R21	3	True	False
PPP1R26	2	True	False
PPP1R37	2	True	False
PPP1R3D	2	False	True
PPP1R3F	2	False	True
PPP1R3G	2	True	False
PPP1R7	3	True	True
PPP2CA	2	False	True
PPP2CA_SKP1	2	False	True
PPP2R1B	4	True	False
PPP2R2D	2	False	True
PPP2R3A	2	True	False
PPP2R3B	2	True	False
PPP2R3C	2	False	True
PPP2R5A	2	False	True
PPP2R5B	2	True	False
PPP2R5C	3	True	False
PPP2R5D	2	True	False
PPP3CA	2	True	False
PPP3CB-AS1	2	False	True
PPP3CC	2	False	True
PPP4C	2	False	True
PPP4R1	2	True	False
PPP4R1-AS1	3	True	False
PPP4R1L	3	True	False
PPP4R3A	3	True	False
PPP4R3B	2	True	False
PPP5D1P	2	True	False
PPP6C	3	False	True
PPP6R3	2	True	False
PPRC1	2	False	True
PPTC7	2	True	False
PQBP1	2	True	False
PRANCR	2	False	True
PRAP1	2	False	True
PRC1	2	False	True
PRDM2	3	True	False
PRDM4	2	True	False
PRDM5	3	False	True
PRDX4	2	True	False
PRDX5	2	False	True
PRDX6-AS1	2	True	False
PRECSIT	2	True	False
PRELID1	2	False	True
PREP	3	True	True
PREX1	2	True	False
PRICKLE1	2	True	False
PRICKLE3	3	True	False
PRIM2	2	True	False
PRKAA1	2	False	True
PRKAA2	3	True	True
PRKAB2	3	False	True
PRKACB	2	True	False
PRKACB-DT	2	False	True
PRKAG2	2	False	True
PRKAR1A	2	True	False
PRKAR1B	2	True	False
PRKAR2A	2	True	False
PRKAR2B	2	True	False
PRKCA	3	True	True
PRKCE	4	True	True
PRKCSH	2	True	False
PRKD1	2	True	False
PRKD3	3	False	True
PRKDC	2	True	False
PRKG1	3	True	False
PRKRA	2	False	True
PRKRIP1	2	True	False
PRKX	2	True	False
PRMT1	2	False	True
PRMT2	2	False	True
PRMT3	2	False	True
PRMT9	2	True	False
PROCA1	2	False	True
PROCR	3	True	True
PRORP	3	True	True
PRORSD1P	2	False	True
PROS1	3	True	True
PROSER1	3	False	True
PROSER2	2	True	False
PRPF31	2	True	False
PRPF38B	2	True	False
PRPF40A	3	True	True
PRPF4B	2	False	True
PRPF6	2	False	True
PRPF8	2	True	False
PRPSAP1	2	False	True
PRPSAP2	2	True	False
PRR11	2	False	True
PRR12	2	True	False
PRR14L	2	True	False
PRR15	2	False	True
PRR5L	2	True	False
PRRC1	2	True	False
PRRC2A	2	True	False
PRRT3-AS1	2	False	True
PRRX1	4	True	True
PRRX2	2	True	False
PRSS12	3	True	True
PRSS23	2	True	False
PRTFDC1	2	False	True
PRUNE1	2	True	False
PRUNE2	5	True	True
PRXL2B	2	True	False
PRXL2C	2	False	True
PSAT1	2	True	False
PSD3	4	True	True
PSG5	3	False	True
PSG9	3	True	False
PSIP1	2	True	False
PSKH1	2	True	False
PSMA3-AS1	2	True	False
PSMA6	2	False	True
PSMB10	2	True	False
PSMB2	2	False	True
PSMB3	2	True	False
PSMB8	2	True	False
PSMC2	4	True	True
PSMC3IP	2	False	True
PSMC4	2	False	True
PSMC5	2	False	True
PSMD1	2	False	True
PSMD11	2	False	True
PSMD14	3	False	True
PSMD4	2	True	False
PSMD5	2	True	False
PSME3IP1	4	True	True
PSME4	2	True	False
PSMF1	2	False	True
PSMG2	2	True	False
PSMG3	2	False	True
PSPH	2	True	False
PSTK	3	True	True
PSTPIP2	2	False	True
PTBP2	2	True	False
PTCD2	2	False	True
PTCD3	2	True	False
PTEN	4	True	True
PTER	3	True	False
PTGES2	2	False	True
PTGES3	2	False	True
PTGR1	3	False	True
PTGR2	2	False	True
PTGS2	3	True	False
PTHLH	2	False	True
PTK2	2	True	False
PTK7	2	True	False
PTMA	2	False	True
PTMS	2	True	False
PTOV1	3	False	True
PTP4A1	2	True	False
PTPDC1	2	True	False
PTPMT1	4	True	True
PTPN1	2	True	False
PTPN13	3	True	False
PTPN14	3	True	True
PTPN18	2	True	False
PTPN23-DT	2	False	True
PTPN3	2	True	False
PTPN4	4	True	False
PTPRA	2	False	True
PTPRB	3	True	False
PTPRE	2	True	False
PTPRF	3	True	False
PTPRG	3	True	False
PTPRJ	3	True	True
PTPRK	3	True	False
PTPRM	2	True	False
PTPRQ	3	True	False
PTPRR	2	True	False
PTPRS	2	True	False
PTPRU	2	True	False
PTRH2	2	False	True
PTS	2	False	True
PTTG1	2	True	False
PTX3	2	False	True
PUM2	3	True	False
PUM3	3	False	True
PURB	3	True	True
PUS7L	2	False	True
PUSL1	2	True	False
PVR	2	False	True
PVT1	3	True	True
PWAR5	2	False	True
PWWP3A	2	False	True
PXDC1	2	False	True
PXDN	2	True	False
PXMP2	2	False	True
PXMP4	2	False	True
PXYLP1	2	False	True
PYCR3	2	True	False
PYGL	2	False	True
PYM1	3	True	True
PYROXD1	3	True	True
PYROXD2	2	False	True
QKI	2	False	True
QPCT	2	True	False
QRICH1	3	True	False
QSER1	2	True	False
QSOX1	2	True	False
QSOX2	2	True	False
QTRT2	2	True	False
R3HCC1L	2	True	False
R3HDM1	2	False	True
RAB10	2	False	True
RAB11A	3	True	True
RAB11FIP1	2	True	False
RAB11FIP2	3	True	True
RAB11FIP5	2	True	False
RAB27A	2	False	True
RAB27B	3	True	True
RAB29	2	True	False
RAB2A	2	False	True
RAB2B	2	False	True
RAB33A	3	True	True
RAB33B	2	False	True
RAB33B-AS1	3	True	False
RAB34	2	False	True
RAB35	3	False	True
RAB38	2	False	True
RAB3GAP1	2	True	False
RAB3GAP2	3	True	False
RAB40C	2	True	False
RAB6A	2	True	False
RAB8A	3	False	True
RAB9B	2	True	False
RABEP2	2	True	False
RABEPK	2	True	False
RABGAP1	2	True	False
RABGAP1L	3	True	False
RABGEF1	2	True	False
RABIF	2	False	True
RAC1	4	True	True
RAD1	2	True	False
RAD17	2	False	True
RAD18	2	True	False
RAD50	3	True	False
RAD51	2	True	False
RAD51B	3	True	False
RAD51D	2	False	True
RAD52	3	True	False
RAD54L	2	True	False
RAD54L2	2	True	False
RAD9A	2	False	True
RAET1E-AS1	3	True	True
RAI1	2	True	False
RALA	3	False	True
RALGAPA1	4	True	False
RALGAPA1P1	3	False	True
RALGAPB	4	True	False
RALGPS1	3	True	False
RALGPS2	3	True	False
RAMAC	2	False	True
RAMP1	2	True	False
RAMP2	2	False	True
RANBP1	4	True	True
RANBP10	2	True	False
RANBP2	2	True	False
RANBP6	2	True	False
RANGAP1	2	True	False
RANGRF	2	False	True
RAP1B	2	False	True
RAP2A	2	False	True
RAP2B	5	True	True
RAP2C	4	True	True
RAPGEF1	2	True	False
RAPGEF6	2	True	False
RAPH1	2	False	True
RAPSN	2	True	False
RARA	3	True	False
RARRES1	3	False	True
RARS2	2	True	False
RASA1	3	True	False
RASA2	3	True	True
RASA3	2	True	False
RASAL2	3	True	False
RASGRF1	3	True	True
RASGRP3	2	True	False
RASSF1	2	True	False
RASSF8	3	True	True
RASSF8-AS1	3	True	False
RASSF9	2	True	False
RAVER2	2	True	False
RB1	2	True	False
RB1CC1	4	True	True
RBBP4	2	False	True
RBBP5	2	True	False
RBBP6	2	True	False
RBBP8	2	True	False
RBCK1	2	True	False
RBFA	2	False	True
RBKS	2	False	True
RBL1	2	False	True
RBL2	2	True	False
RBM10	2	True	False
RBM14	2	True	False
RBM15B	2	True	False
RBM19	2	True	False
RBM25	2	True	False
RBM26	3	True	True
RBM27	4	True	False
RBM33	3	True	True
RBM39	2	False	True
RBM4	2	False	True
RBM43	2	False	True
RBM7	2	False	True
RBMS1	2	True	False
RBMS2	2	False	True
RBMS3	4	True	True
RBMS3-AS3	3	False	True
RBMXL1	3	True	True
RBPJ	2	True	False
RBPMS	3	True	False
RBPMS-AS1	2	True	False
RC3H1	4	True	False
RC3H2	3	True	False
RCAN2	2	True	False
RCAN3	3	True	True
RCBTB1	4	True	True
RCC2	3	True	False
RCCD1	2	True	False
RCN1	2	True	False
RCN1P2	2	False	True
RCOR1	2	True	False
RCOR3	3	True	True
RDH10	2	True	False
RDH14	2	False	True
RDX	4	True	True
REC8	2	True	False
RECK	2	True	False
RECQL	3	False	True
REEP5	2	False	True
REL	3	True	False
RELA-DT	2	False	True
RELCH	3	True	False
RELL1	2	False	True
RELT	2	False	True
REPS1	2	True	False
RER1	2	True	False
RERE	2	True	False
REST	2	True	False
REV1	3	True	False
REV3L	3	True	False
REX1BD	2	False	True
REXO1	2	True	False
REXO5	2	True	False
RFC1	3	False	True
RFC4	2	False	True
RFFL	2	False	True
RFTN1	3	True	True
RFX1	2	True	False
RFX2	2	True	False
RFX5	2	True	False
RFX7	2	True	False
RFX8	3	True	True
RFXANK	3	True	True
RGMB	2	True	False
RGP1	3	True	False
RGPD5	2	True	False
RGPD6	4	True	True
RGPD8	5	True	False
RGS12	4	True	True
RGS14	3	True	False
RGS20	3	True	False
RGS3	2	True	False
RGS4	3	True	False
RGS5	2	True	False
RGS7	2	True	False
RGS9	2	False	True
RHBDD3	2	True	False
RHBDF2	2	True	False
RHBDL1	2	True	False
RHEBP2	2	False	True
RHNO1	2	True	False
RHOA	2	False	True
RHOBTB1	2	True	False
RHOBTB3	3	True	True
RHOD	2	False	True
RHOF	2	False	True
RHOQ	2	True	False
RHOQP1	2	False	True
RHOT1	2	True	False
RHPN2	2	True	False
RIC1	2	False	True
RIC8A	2	True	False
RIC8B	4	True	True
RICTOR	3	True	False
RIF1	2	True	False
RILP	3	True	False
RILPL1	2	False	True
RIMKLB	3	True	True
RIMS2	3	False	True
RIN1	2	True	False
RIN3	3	False	True
RING1	2	True	False
RINL	2	True	False
RIOK1	2	False	True
RIOK3	2	False	True
RIPK1	5	True	True
RIPK2-DT	3	True	True
RIPOR2	2	True	False
RMC1	2	True	False
RMDN2	3	True	False
RMND1	2	False	True
RMND5A	3	False	True
RN7SKP11	2	False	True
RN7SKP30	2	False	True
RN7SKP97	2	False	True
RN7SL118P	2	True	False
RN7SL37P	2	False	True
RN7SL521P	2	False	True
RN7SL552P	2	False	True
RN7SL587P	2	False	True
RN7SL600P	3	False	True
RN7SL608P	2	False	True
RN7SL731P	2	False	True
RN7SL735P	2	False	True
RN7SL749P	2	False	True
RN7SL834P	3	False	True
RNASEH1-AS1	2	True	False
RNASEH2B	3	True	True
RNF10	2	True	False
RNF111	3	True	True
RNF113A	2	False	True
RNF13	2	True	False
RNF138	3	True	True
RNF145	3	True	True
RNF146	2	False	True
RNF170	3	True	True
RNF181	2	False	True
RNF19A	3	True	True
RNF20	2	True	False
RNF207	2	True	False
RNF213	3	True	False
RNF214	2	False	True
RNF216	3	True	False
RNF217	3	True	False
RNF227	2	True	False
RNF24	2	True	False
RNF32	2	True	False
RNF38	4	True	False
RNF5	2	True	False
RNF6	3	False	True
RNF7	2	False	True
RNF8	2	False	True
RNFT2	3	True	False
RNGTT	2	True	False
RNH1	2	True	False
RNMT	3	False	True
RNPC3	3	True	False
RNPEPL1	2	True	False
RO60	3	True	True
ROBO1	2	True	False
ROCK1	3	True	False
ROCK2	4	True	True
ROM1	2	True	False
ROR1	2	False	True
ROR1-AS1	2	False	True
ROR2	3	True	False
RORA	2	True	False
RP2	4	True	True
RPAIN	2	False	True
RPAP3-DT	2	False	True
RPF2	2	True	False
RPGR	3	True	False
RPGRIP1L	2	False	True
RPIA	2	True	False
RPL10	2	True	False
RPL11	2	False	True
RPL11P3	2	False	True
RPL13A	2	False	True
RPL13AP20	2	True	False
RPL13AP7	2	True	False
RPL13P5	2	True	False
RPL15	3	False	True
RPL17-C18orf32	2	True	False
RPL17P19	2	False	True
RPL17P22	2	False	True
RPL21	2	False	True
RPL22	2	False	True
RPL23AP32	3	False	True
RPL23AP82	4	True	True
RPL23P4	2	False	True
RPL24P8	2	True	False
RPL26	2	True	False
RPL26L1	3	False	True
RPL26P6	2	False	True
RPL32P18	2	False	True
RPL32P2	2	False	True
RPL32P32	2	False	True
RPL36AP33	2	False	True
RPL38	2	True	False
RPL5	2	False	True
RPL7A	2	True	False
RPL7AP22	2	False	True
RPL7L1	2	False	True
RPL9P16	2	False	True
RPL9P7	2	False	True
RPLP1	2	False	True
RPN1	2	True	False
RPP25	2	False	True
RPP30	2	False	True
RPP40	2	False	True
RPS12P5	2	True	False
RPS18	3	False	True
RPS18P9	2	False	True
RPS20P4	2	False	True
RPS21	2	True	False
RPS28P4	2	True	False
RPS3	2	True	False
RPS3AP26	2	False	True
RPS3AP38	3	False	True
RPS5	2	True	False
RPS6KA3	2	True	False
RPS6KA5	3	True	False
RPS6KA6	2	True	False
RPS6KB1	4	True	True
RPS6KC1	2	True	False
RPS6KL1	2	True	False
RPS8	2	False	True
RPS9	2	True	False
RPSAP13	2	True	False
RPSAP6	2	False	True
RPTOR	3	True	False
RRAGB	2	False	True
RRBP1	3	True	True
RREB1	3	True	False
RRM1	3	True	True
RRM2	2	False	True
RRM2B	4	False	True
RRN3	3	True	False
RRN3P1	2	False	True
RRP12	2	True	False
RRP15	2	False	True
RRP36	2	False	True
RRP7BP	2	True	False
RSAD2	2	False	True
RSBN1	2	True	False
RSBN1L	2	True	False
RSF1	2	True	False
RSKR	3	False	True
RSL24D1	2	False	True
RSPH3	3	True	True
RSPO3	3	True	True
RSPRY1	4	True	False
RSRC1	2	True	False
RSRC2	2	False	True
RSRP1	3	True	True
RTCA-AS1	2	False	True
RTEL1-TNFRSF6B	2	True	False
RTF1	2	True	False
RTF2	2	False	True
RTKN2	2	False	True
RTL5	2	True	False
RTL8A	2	False	True
RTL8B	2	False	True
RTL8C	3	True	False
RTN1	2	True	False
RTN2	2	False	True
RTN3	2	False	True
RTN4	2	False	True
RUBCN	4	True	False
RUFY2	2	False	True
RUFY3	4	True	True
RUNDC1	2	False	True
RUNX1	3	True	False
RUNX1T1	3	True	False
RUNX2	3	True	False
RUSC2	4	True	True
RUVBL1	3	False	True
RWDD3	2	False	True
RWDD3_TLCD4	2	False	True
RXRA	2	True	False
RYBP	2	True	False
RYK	2	False	True
S100A13	2	False	True
S100A16	2	True	False
S100A2	2	False	True
S100A3	2	False	True
S100A4	3	True	True
S100PBP	2	False	True
S1PR3	2	False	True
SACM1L	2	False	True
SACS	2	True	False
SAE1	2	True	False
SAFB	2	True	False
SAFB2	3	True	True
SAMD10	2	True	False
SAMD12	3	True	True
SAMD4A	3	True	True
SAMD8	3	False	True
SANBR	2	True	False
SAP130	2	True	False
SAP18	2	True	False
SAP25	2	False	True
SAP30-DT	3	True	False
SAP30BP	2	False	True
SAP30L	4	True	True
SAP30L-AS1	2	False	True
SAPCD1	2	False	True
SARS1	2	True	False
SARS2	2	False	True
SART3	2	True	False
SASH1	3	True	False
SASS6	2	True	False
SAT1	3	True	True
SATB1	3	True	True
SBF2	3	True	False
SBF2-AS1	3	True	True
SBNO1	2	True	False
SBNO1-AS1	2	True	False
SBSPON	2	False	True
SCAF11	3	True	False
SCAF4	4	True	False
SCAF8	3	True	True
SCAMP1	2	False	True
SCAMP1-AS1	2	False	True
SCAPER	3	True	False
SCARA3	2	True	False
SCARB2	2	False	True
SCD5	2	True	False
SCFD2	2	True	False
SCG2	2	True	False
SCG5	2	True	False
SCHIP1	2	True	False
SCLT1	2	True	False
SCLY	2	False	True
SCMH1	3	True	True
SCML1	2	True	False
SCML2	2	True	False
SCN2A	3	True	False
SCN8A	5	True	False
SCN9A	3	True	False
SCOC	3	True	False
SCRIB	2	True	False
SCRN1	3	True	True
SCUBE3	3	True	True
SCYL1	2	True	False
SCYL2	2	True	False
SCYL3	2	True	False
SDCCAG8	3	True	True
SDHAF3	2	True	False
SDHAP1	3	True	False
SDHAP3	2	True	False
SDK1	2	True	False
SDSL	2	False	True
SEC14L1	2	False	True
SEC14L1P1	2	False	True
SEC22A	2	True	False
SEC23IP	3	True	False
SEC24A	3	True	False
SEC24B	2	True	False
SEC24D	4	True	True
SEC31A	2	True	False
SEC61A1	2	True	False
SEC61B_TGFBR1	2	False	True
SEC62	3	True	True
SEC63	3	True	False
SECISBP2	3	True	False
SECISBP2L	3	True	False
SEH1L	3	True	False
SEL1L	2	True	False
SEL1L3	4	True	False
SELENOI	2	True	False
SEMA3A	2	True	False
SEMA3D	2	True	False
SEMA3F	2	True	False
SEMA5A	2	True	False
SENP1	4	True	True
SENP3	5	True	True
SENP6	2	True	False
SENP7	2	True	False
SEPHS1	2	False	True
SEPHS2	2	False	True
SEPSECS	2	False	True
SEPSECS-AS1	2	False	True
SEPTIN10	2	False	True
SEPTIN11	4	True	True
SEPTIN2	2	True	False
SEPTIN4-AS1	2	False	True
SEPTIN6	2	True	False
SEPTIN7-DT	2	False	True
SEPTIN8	2	False	True
SEPTIN9	2	True	False
SERAC1	3	True	True
SERBP1	3	True	True
SERF1B_SMN2	2	False	True
SERF2	2	True	False
SERGEF	2	True	False
SERHL2	2	True	False
SERP1	2	True	False
SERP2	3	True	True
SERPINB6	4	False	True
SERPINE2	2	False	True
SERTAD2	2	True	False
SERTAD4	3	True	True
SERTAD4-AS1	2	False	True
SET	2	True	False
SETD3	2	False	True
SETD4	3	True	False
SETD5	4	True	False
SETD7	3	False	True
SETDB1	2	True	False
SETDB2	3	True	False
SETP6	2	False	True
SETX	2	True	False
SEZ6L2	2	True	False
SF1	2	False	True
SF3A1	3	True	False
SF3A2	2	True	False
SF3B1	2	True	False
SF3B2	2	False	True
SF3B3	3	True	False
SFI1	3	True	False
SFMBT1	3	True	False
SFR1	3	True	True
SFRP1	2	False	True
SFSWAP	2	False	True
SGCB	2	False	True
SGF29	2	True	False
SGIP1	3	False	True
SGK1	2	False	True
SGK3	3	False	True
SGMS1	2	True	False
SGMS2	2	True	False
SGO1	2	True	False
SGO2	2	True	False
SGSM2	3	True	False
SGSM3	2	True	False
SGTB	2	True	False
SH2B3	2	True	False
SH2D4A	3	True	True
SH3BGRL	2	False	True
SH3BP2	2	True	False
SH3BP4	2	True	False
SH3BP5	2	True	False
SH3BP5-AS1	2	True	False
SH3D19	2	True	False
SH3KBP1	3	True	True
SH3RF1	2	True	False
SH3RF2	4	True	False
SH3YL1	4	True	True
SHARPIN	2	False	True
SHB	2	True	False
SHC3	3	False	True
SHFL	2	False	True
SHISA3	2	False	True
SHISA4	3	True	True
SHLD2P3	2	True	False
SHMT1	2	True	False
SHOC2	2	False	True
SHPRH	2	True	False
SHROOM3	3	True	False
SHTN1	2	False	True
SIAE	2	True	False
SIDT2	3	True	False
SIGIRR	3	True	True
SIK2	2	False	True
SIKE1	2	True	False
SIN3A	2	True	False
SINHCAF	3	True	True
SIPA1	2	True	False
SIPA1L1	3	True	False
SIPA1L3	3	True	True
SIRPA	3	True	False
SIRT1	2	True	False
SIRT5	3	True	False
SIX2	2	False	True
SIX4	2	True	False
SKA2	2	False	True
SKA3	3	True	True
SKAP2	2	False	True
SKI	2	True	False
SKIL	3	False	True
SKIV2L	3	True	False
SKP2	2	True	False
SLAIN2	2	True	False
SLBP	2	False	True
SLC11A2	3	True	False
SLC12A2	5	True	False
SLC12A6	3	True	False
SLC15A3	2	True	False
SLC16A1	3	True	True
SLC16A1-AS1	2	False	True
SLC16A12	4	True	False
SLC16A5	2	False	True
SLC16A7	2	True	False
SLC19A1	4	True	False
SLC1A3	2	False	True
SLC1A4	2	True	False
SLC20A1	2	True	False
SLC20A2	2	True	False
SLC23A3	3	True	False
SLC25A12	2	False	True
SLC25A13	2	True	False
SLC25A14	2	False	True
SLC25A26	3	True	True
SLC25A32	2	True	False
SLC25A35	2	True	False
SLC25A37	2	True	False
SLC25A4	2	True	False
SLC25A40	3	True	True
SLC25A5-AS1	2	False	True
SLC25A51	2	False	True
SLC26A11	2	True	False
SLC26A2	2	True	False
SLC27A1	2	True	False
SLC27A3	2	True	False
SLC27A4	2	True	False
SLC27A5	2	False	True
SLC29A3	2	True	False
SLC2A11	2	True	False
SLC2A12	3	True	True
SLC2A13	2	True	False
SLC2A3	2	True	False
SLC2A3P1	3	False	True
SLC2A9	2	True	False
SLC30A5	2	True	False
SLC31A1	2	True	False
SLC33A1	2	True	False
SLC35A2	2	False	True
SLC35A4	2	True	False
SLC35B1	2	False	True
SLC35B4	2	False	True
SLC35D1	3	False	True
SLC35E1	2	True	False
SLC35E3	2	True	False
SLC35F3	2	True	False
SLC35F6	2	True	False
SLC37A1	2	True	False
SLC38A1	2	True	False
SLC38A2	3	True	False
SLC38A4	2	True	False
SLC39A10	3	True	True
SLC39A6	2	True	False
SLC39A7	3	False	True
SLC3A2	2	True	False
SLC40A1	2	False	True
SLC41A2	2	True	False
SLC44A1	4	True	True
SLC44A2	2	True	False
SLC44A3	2	True	False
SLC46A3	2	True	False
SLC48A1	3	True	False
SLC4A1AP	3	False	True
SLC4A2	3	True	False
SLC4A4	6	True	True
SLC4A7	3	True	False
SLC4A8	3	True	False
SLC50A1	2	True	False
SLC5A3	3	True	True
SLC66A1L	3	True	True
SLC6A6	2	True	False
SLC6A8	2	True	False
SLC7A11	2	True	False
SLC7A2	2	True	False
SLC8A1	2	False	True
SLC8A1-AS1	3	True	False
SLC9A3R2	4	True	True
SLC9A8	3	False	True
SLC9B2	2	True	False
SLF1	2	False	True
SLFN11	2	True	False
SLFN12	2	False	True
SLFN5	2	True	False
SLIT2	2	True	False
SLK	2	True	False
SLMAP	3	True	False
SLTM	2	True	False
SLU7	2	True	False
SLX1B	2	False	True
SLX4IP	2	False	True
SLX9	2	True	False
SMAD2	3	True	True
SMAD3	2	False	True
SMAD4	2	True	False
SMAD5	2	True	False
SMAD6	2	True	False
SMAD7	2	True	False
SMAP1	2	False	True
SMARCA1	4	True	True
SMARCA4	2	True	False
SMARCA5	3	False	True
SMARCAD1	2	True	False
SMARCC1	3	True	False
SMARCC2	2	True	False
SMARCE1	2	False	True
SMC1A	2	True	False
SMC2	4	True	True
SMC3	3	False	True
SMC4	3	True	True
SMC5	2	False	True
SMC6	2	True	False
SMCO4	2	False	True
SMG1	3	True	False
SMG1P1	4	True	False
SMG1P2	2	True	False
SMG1P3	4	True	True
SMG1P5	2	True	False
SMG1P7	2	True	False
SMG5	2	True	False
SMG6	2	True	False
SMG7	4	True	True
SMIM10	2	False	True
SMIM10L1	2	False	True
SMIM14	2	False	True
SMIM19	2	True	False
SMIM20	2	True	False
SMIM29	2	False	True
SMNDC1	2	False	True
SMO	2	True	False
SMPD4BP	2	True	False
SMURF1	3	True	False
SMURF2	3	True	False
SMYD3	3	True	False
SMYD4	2	True	False
SMYD5	2	True	False
SNAI2	2	True	False
SNAP23	2	True	False
SNAP25	2	False	True
SNAP29	2	True	False
SNAP47	3	True	True
SNAPC4	2	True	False
SNCA	2	False	True
SNCAIP	3	True	False
SNCG	2	True	False
SNHG10	2	False	True
SNHG14	3	True	False
SNHG16	2	False	True
SNHG21	2	True	False
SNHG29	2	False	True
SNHG3	3	False	True
SNHG32	2	False	True
SNRK	2	True	False
SNRNP200	3	True	True
SNRNP27	2	True	False
SNRNP40	2	True	False
SNRNP48	2	True	False
SNRPA	2	True	False
SNRPB	2	False	True
SNRPB2	2	False	True
SNRPE	2	False	True
SNRPG	2	False	True
SNRPN	2	True	False
SNTB1	2	True	False
SNTB2	3	True	True
SNU13	2	False	True
SNUPN	2	False	True
SNW1	2	False	True
SNX13	2	True	False
SNX14	2	False	True
SNX16	2	False	True
SNX18P7	2	False	True
SNX3	2	False	True
SNX33	2	False	True
SNX5	2	True	False
SNX7	2	False	True
SNX9	3	True	True
SOAT1	2	True	False
SOBP	2	True	False
SOCAR	3	True	False
SOCS1	2	True	False
SOCS2	2	True	False
SOCS2-AS1	2	True	False
SOCS3-DT	2	True	False
SOCS5	3	True	True
SOCS6	3	True	True
SOCS7	4	True	False
SOD1	2	False	True
SOD2	2	False	True
SOGA3	2	False	True
SON	2	False	True
SORBS2	2	True	False
SORBS3	3	True	False
SORD	2	True	False
SORL1	2	True	False
SORT1	3	True	False
SOS1	3	True	False
SOS2	3	True	False
SOWAHC	2	True	False
SOX11	2	True	False
SOX12	2	True	False
SP1	5	True	True
SP100	2	True	False
SP110	2	False	True
SP140	2	True	False
SP140L	2	False	True
SP4	3	True	True
SPACA6	2	True	False
SPAG1	2	True	False
SPAG16	2	False	True
SPAG5	2	True	False
SPAG9	2	True	False
SPAST	2	False	True
SPATA1	2	False	True
SPATA18	2	True	False
SPATA5	4	True	True
SPATS2	2	False	True
SPCS1	2	False	True
SPECC1	2	True	False
SPEF2	2	True	False
SPEG	3	True	True
SPEN	4	True	False
SPESP1	3	True	True
SPG11	2	True	False
SPG7	2	True	False
SPHK2	4	True	True
SPICE1	3	True	False
SPIDR	2	True	False
SPIN1	2	True	False
SPIN4	2	False	True
SPINDOC	3	True	True
SPINT1-AS1	2	False	True
SPIRE2	2	True	False
SPNS1	2	False	True
SPOCD1	2	False	True
SPOCK1	3	True	False
SPOP	2	False	True
SPOPL	2	True	False
SPPL2A	2	False	True
SPPL2B	2	True	False
SPPL3	2	False	True
SPRED1	3	True	True
SPRED2	2	False	True
SPRTN	2	False	True
SPRY1	2	True	False
SPRY4	2	True	False
SPRYD4	2	False	True
SPRYD7	2	False	True
SPTAN1	2	False	True
SPTLC2	2	False	True
SPTSSA	2	True	False
SPTY2D1	3	True	True
SQSTM1	2	True	False
SRBD1	3	True	True
SRD5A1	2	True	False
SRD5A3	2	False	True
SREBF2	2	True	False
SREK1	4	True	True
SREK1IP1	2	False	True
SRGAP1	3	True	False
SRGAP2	3	True	False
SRGAP2B	2	True	False
SRGAP2C	5	True	False
SRGAP2D	2	True	False
SRI	2	False	True
SRP14P3	2	False	True
SRP54	2	True	False
SRP54-AS1	2	False	True
SRP9	2	True	False
SRPK2	2	True	False
SRPRA	2	False	True
SRR	3	True	True
SRRM1	3	False	True
SRRM2	3	False	True
SRRM2-AS1	2	True	False
SRRT	2	False	True
SRSF1	2	False	True
SRSF10	3	True	True
SRSF11	2	False	True
SRSF3	3	False	True
SRSF7	2	False	True
SRSF8	2	True	False
SSBP1	2	False	True
SSBP2	2	True	False
SSBP3	2	True	False
SSPN	2	False	True
SSR1	2	False	True
SSR4	2	True	False
SSR4P1	2	True	False
SSX2IP	2	True	False
ST13	2	False	True
ST20	2	False	True
ST3GAL1	3	True	True
ST3GAL2	2	True	False
ST3GAL6	2	True	False
ST7	2	True	False
ST7L	2	False	True
ST8SIA6	2	False	True
STAC	2	False	True
STAG1	3	True	True
STAG2	3	True	True
STAG3L3	2	False	True
STAM-DT	2	True	False
STAM2	2	False	True
STAMBPL1	2	False	True
STARD13	3	True	False
STARD4	2	True	False
STARD9	3	True	False
STAT1	2	True	False
STAT2	2	True	False
STAT3	3	True	True
STAT5B	3	True	False
STAT6	2	True	False
STAU1	2	True	False
STAU2	2	True	False
STBD1	2	False	True
STC1	2	True	False
STIL	4	True	True
STIM2	5	True	False
STING1	2	True	False
STIP1	2	False	True
STK10	2	True	False
STK11	3	False	True
STK17A	2	False	True
STK19	2	False	True
STK19_STK19B	3	True	True
STK25	3	True	False
STK26	2	True	False
STK32B	3	True	True
STK32C	2	False	True
STK38L	2	False	True
STK39	2	True	False
STN1	2	False	True
STOML1	2	True	False
STRBP	4	True	False
STRIP1	2	True	False
STRIP2	3	True	False
STRN3	2	True	False
STT3B	3	True	False
STX12	2	False	True
STX18-AS1	2	True	False
STX2	2	True	False
STX3	5	True	True
STX4	2	True	False
STX8	2	True	False
STXBP1	2	True	False
STXBP4	2	True	False
STXBP5	2	True	False
STXBP6	3	True	True
STYK1	3	True	False
SUDS3	2	False	True
SUFU	3	True	False
SUGCT	2	True	False
SUGP2	3	True	False
SUGT1	2	False	True
SUGT1-DT	2	False	True
SULF1	2	True	False
SUMO3	2	False	True
SUN1	2	True	False
SUPT16H	3	True	True
SUPT20H	3	True	False
SUPT3H	3	True	False
SUPT4H1	2	False	True
SUPT6H	3	False	True
SURF2	2	False	True
SUSD1	4	True	False
SUSD5	2	False	True
SUV39H2	2	False	True
SUV39H2-DT	2	False	True
SUZ12P1	3	True	True
SVIL	3	True	False
SVIL-AS1	2	False	True
SVIP	2	False	True
SWT1	3	True	True
SYCE1L	2	False	True
SYCP2L	2	True	False
SYDE1	3	True	True
SYDE2	4	True	True
SYF2	2	False	True
SYMPK	2	True	False
SYNC	2	True	False
SYNCRIP	3	True	False
SYNE2	2	True	False
SYNE3	2	True	False
SYNGAP1	3	True	False
SYNGR3	2	False	True
SYNJ1	2	True	False
SYNJ2	3	True	True
SYNM	2	False	True
SYPL1	2	False	True
SYS1	2	False	True
SYT1	2	True	False
SYT11	3	True	True
SYTL4	2	True	False
SZRD1	2	True	False
SZT2	2	True	False
TAB3	2	False	True
TACC1	2	True	False
TACC2	3	True	True
TADA2B	2	False	True
TAF1	2	True	False
TAF10	2	False	True
TAF15	2	False	True
TAF1A	2	True	False
TAF1B	3	True	True
TAF1D	2	False	True
TAF2	2	True	False
TAF3	3	True	False
TAF5	2	True	False
TAF5L	2	True	False
TAF7L	2	False	True
TAFA2	2	False	True
TAGAP-AS1	2	False	True
TAGLN	2	False	True
TANC1	2	True	False
TANC2	4	True	False
TANGO6	3	True	False
TAOK1	3	True	False
TAOK2	3	True	False
TAOK3	6	True	False
TAPT1	2	False	True
TARBP1	3	True	False
TARBP2	2	True	False
TARDBP	2	False	True
TARS1	2	False	True
TARS1-DT	2	False	True
TARS3	4	True	True
TAS2R14	2	True	False
TAS2R20	3	False	True
TASOR	3	True	False
TASOR2	3	True	True
TATDN1	2	False	True
TBC1D1	4	True	False
TBC1D12	4	True	False
TBC1D14	2	False	True
TBC1D15	2	False	True
TBC1D17	3	True	False
TBC1D2	2	True	False
TBC1D20	2	True	False
TBC1D22A	2	True	False
TBC1D22B	2	False	True
TBC1D24	4	True	True
TBC1D25	2	True	False
TBC1D31	4	True	True
TBC1D32	2	True	False
TBC1D4	2	True	False
TBC1D5	2	False	True
TBC1D8B	2	True	False
TBC1D9	2	True	False
TBC1D9B	2	True	False
TBCCD1	2	True	False
TBCD	3	True	False
TBCE	2	True	False
TBCEL	2	True	False
TBCK	4	True	False
TBILA	2	False	True
TBK1	2	False	True
TBKBP1	2	True	False
TBL1X	3	True	False
TBL1XR1	3	True	False
TBPL1	2	True	False
TBX18	4	True	False
TBX2	3	True	True
TBX3	2	True	False
TBX5	2	True	False
TBX5-AS1	2	True	False
TBXAS1	2	True	False
TCAF1	3	True	False
TCAIM	3	True	True
TCEA1	3	False	True
TCEA1P2	3	False	True
TCEA1P4	3	False	True
TCEA3	4	True	True
TCEAL1	3	True	True
TCEAL3	2	False	True
TCEAL4	2	False	True
TCEAL7	2	False	True
TCEANC2	2	False	True
TCERG1	3	True	False
TCF12	2	True	False
TCF20	2	False	True
TCF21	2	True	False
TCF25	2	False	True
TCF3	2	True	False
TCF4	2	True	False
TCF7L1	4	True	False
TCF7L2	2	True	False
TCHP	2	False	True
TCIRG1	2	True	False
TCP1	2	True	False
TCP11L1	3	False	True
TCTN3	2	True	False
TDP1	2	True	False
TDRD7	3	True	True
TDRKH	3	True	True
TEAD1	2	True	False
TECPR1	3	True	False
TECPR2	3	True	True
TECR	2	True	False
TEFM	2	False	True
TEK	2	True	False
TELO2	2	True	False
TENM3	2	True	False
TENM3-AS1	2	True	False
TENT2	2	False	True
TENT4A	2	True	False
TENT4B	2	True	False
TEP1	2	True	False
TERF2	2	False	True
TES	3	False	True
TET1	2	True	False
TET2	3	True	True
TEX2	2	True	False
TEX41	3	True	True
TEX9	3	True	True
TFAM	2	False	True
TFAP2A-AS1	3	True	False
TFAP2A-AS2	2	False	True
TFCP2	2	True	False
TFDP2	2	True	False
TFE3	2	True	False
TFRC	2	False	True
TGFB2	3	False	True
TGFB2-AS1	2	False	True
TGFB2-OT1	3	False	True
TGFBR1	2	True	False
TGFBR2	2	False	True
TGFBR3	2	True	False
TGOLN2	2	False	True
THADA	3	True	False
THAP12	2	False	True
THAP2	2	False	True
THAP3	2	True	False
THAP5P1	3	False	True
THAP7	2	True	False
THAP7-AS1	3	True	True
THAP9	2	False	True
THAP9-AS1	2	False	True
THBS2	2	False	True
THEM4	3	False	True
THEM6	3	False	True
THNSL1	2	False	True
THOC2	3	True	False
THRA	2	False	True
THRAP3	3	True	True
THSD1	2	True	False
THUMPD1	3	True	True
THUMPD3	2	False	True
THUMPD3-AS1	2	False	True
THY1	2	False	True
TIA1	2	True	False
TIAM1	2	True	False
TIAM2	2	True	False
TICAM2-AS1	2	False	True
TICRR	2	True	False
TIE1	2	True	False
TIFA	2	False	True
TIGAR	2	False	True
TIGD1	2	False	True
TIGD2	3	True	True
TIGD6	2	False	True
TIMELESS	2	True	False
TIMM17A	2	False	True
TIMM22	2	False	True
TIMM8B	2	False	True
TIMM9	2	False	True
TIMP1	3	True	False
TIMP2	2	True	False
TIMP3	2	False	True
TINF2	2	True	False
TIPARP	3	True	True
TIPIN	3	True	True
TIPRL	2	False	True
TIRAP	2	True	False
TJP1	2	True	False
TK2	2	True	False
TLCD3A	2	False	True
TLCD4	3	False	True
TLCD5	2	False	True
TLE3	2	True	False
TLE6	2	False	True
TLK1	4	True	True
TLK2	3	True	False
TLN1	2	True	False
TLN2	2	True	False
TLNRD1	4	True	True
TLR2	2	False	True
TLR3	3	True	False
TM2D1	2	False	True
TM2D3	2	False	True
TM6SF1	2	False	True
TM9SF1	2	False	True
TM9SF3	2	False	True
TM9SF4	2	False	True
TMA16	2	False	True
TMA7	2	True	False
TMBIM4	2	False	True
TMBIM6	2	True	False
TMCC1	3	True	True
TMCO1	2	False	True
TMCO3	3	False	True
TMED5	2	False	True
TMED7	2	False	True
TMED8	2	True	False
TMEFF1	2	True	False
TMEM107	2	False	True
TMEM108	2	True	False
TMEM117	2	False	True
TMEM120B	2	True	False
TMEM123-DT	2	True	False
TMEM131L	3	True	False
TMEM135	3	True	True
TMEM141	2	False	True
TMEM147	2	False	True
TMEM147-AS1	2	True	False
TMEM14B	2	True	False
TMEM14EP	2	False	True
TMEM156	2	True	False
TMEM161B	3	True	True
TMEM164	2	True	False
TMEM165	2	False	True
TMEM167B-DT	2	True	False
TMEM17	2	False	True
TMEM170A	2	True	False
TMEM171	2	False	True
TMEM18	2	False	True
TMEM181	3	True	False
TMEM185A	2	True	False
TMEM185B	3	True	True
TMEM191A	3	True	False
TMEM200A	3	False	True
TMEM201	2	True	False
TMEM208	2	True	False
TMEM209	3	True	True
TMEM217	3	True	True
TMEM218	3	False	True
TMEM219	2	False	True
TMEM222	2	False	True
TMEM231	2	True	False
TMEM237	4	True	True
TMEM242	2	False	True
TMEM245	3	True	False
TMEM248	2	False	True
TMEM25	2	True	False
TMEM251	3	True	True
TMEM256	2	False	True
TMEM259	2	True	False
TMEM263	2	False	True
TMEM263-DT	2	False	True
TMEM265	3	False	True
TMEM267	2	False	True
TMEM268	2	True	False
TMEM30A-DT	2	False	True
TMEM33	3	True	True
TMEM35B	2	False	True
TMEM38A	2	False	True
TMEM40	2	False	True
TMEM41A	2	True	False
TMEM41B	2	False	True
TMEM42	2	True	False
TMEM43	2	False	True
TMEM44	2	True	False
TMEM44-AS1	3	False	True
TMEM45A	2	False	True
TMEM50A	2	False	True
TMEM60	2	False	True
TMEM63A	2	True	False
TMEM63B	2	False	True
TMEM65	2	False	True
TMEM67	4	True	False
TMEM70	2	True	False
TMEM80	2	True	False
TMEM87A	2	True	False
TMEM87B	3	False	True
TMEM88	2	False	True
TMEM8B	2	True	False
TMEM9	2	False	True
TMEM91	5	True	True
TMEM94	2	True	False
TMEM97	2	False	True
TMEM98	2	False	True
TMEM9B	2	False	True
TMF1	3	True	False
TMOD2	2	True	False
TMOD3	2	False	True
TMPO	4	False	True
TMSB15B	2	True	False
TMSB15B-AS1	3	True	True
TMTC4	3	True	False
TMUB2	2	True	False
TNFAIP1	2	False	True
TNFAIP2	3	True	True
TNFAIP3	2	True	False
TNFAIP6	2	True	False
TNFAIP8L1	2	True	False
TNFRSF10A	2	True	False
TNFRSF10B	2	False	True
TNFRSF10D	2	False	True
TNFRSF19	2	True	False
TNFSF12	2	True	False
TNFSF15	3	True	False
TNKS	3	True	False
TNKS2	2	True	False
TNKS2-AS1	2	False	True
TNNC2	2	True	False
TNNI3	2	True	False
TNPO1	2	True	False
TNRC18	2	True	False
TNRC6A	4	True	True
TNRC6B	3	True	False
TNRC6C	2	True	False
TNS1	3	True	False
TNS1-AS1	2	False	True
TNS2	3	True	False
TNS3	3	True	False
TOM1L1	3	False	True
TOMM22	2	False	True
TOMM5	2	False	True
TOMM70	3	True	True
TOP1	3	False	True
TOP2A	3	True	False
TOP3A	2	True	False
TOPBP1	2	True	False
TOR3A	2	False	True
TOX	2	True	False
TOX2	2	False	True
TOX4	2	False	True
TP53BP1	2	True	False
TP53BP2	4	True	True
TP53I13	2	True	False
TP53I3	2	False	True
TPCN1	2	True	False
TPD52L1	2	True	False
TPGS1	2	True	False
TPK1	3	False	True
TPM3	2	False	True
TPM4	2	True	False
TPP1	2	True	False
TPP2	3	True	True
TPR	2	True	False
TPRKB	2	False	True
TPT1-AS1	2	False	True
TPX2	2	False	True
TRA2A	2	False	True
TRA2B	2	False	True
TRABD2A	2	True	False
TRAC	2	True	False
TRAF3	4	True	True
TRAF3IP2-AS1	2	False	True
TRAF5	2	False	True
TRAF6	3	True	False
TRAF7	2	True	False
TRAK1	4	True	False
TRAK2	2	True	False
TRAM1	2	False	True
TRANK1	3	True	False
TRAPPC1	2	False	True
TRAPPC11	2	True	False
TRAPPC13	2	False	True
TRAPPC9	2	True	False
TRBC2	2	True	False
TREM2	2	False	True
TRERF1	3	True	False
TRIAP1	2	False	True
TRIM11	2	True	False
TRIM13	3	True	False
TRIM14	4	True	True
TRIM2	2	True	False
TRIM22	2	False	True
TRIM23	3	True	True
TRIM24	2	True	False
TRIM25	2	False	True
TRIM27	2	False	True
TRIM33	4	True	False
TRIM34	2	True	False
TRIM37	2	True	False
TRIM38	2	False	True
TRIM4	2	False	True
TRIM41	2	True	False
TRIM44	2	False	True
TRIM52	3	True	True
TRIM52-AS1	3	False	True
TRIM55	2	False	True
TRIM56	3	True	True
TRIM61	2	False	True
TRIM69	2	False	True
TRIM7	3	False	True
TRIM73	3	True	True
TRIM74	2	True	False
TRIM8	3	True	True
TRIML2	2	True	False
TRIO	3	True	False
TRIP11	2	True	False
TRIP6	2	False	True
TRMT10A	2	True	False
TRMT2B	2	True	False
TRMT61A	2	True	False
TRMT61B	2	True	False
TRMU	4	True	True
TRO	2	True	False
TRPC4	3	True	True
TRPC4AP	2	True	False
TRPC6	4	True	False
TRPM7	2	True	False
TRPS1	2	True	False
TRPV2	2	False	True
TRUB2	2	True	False
TSC1	3	True	False
TSC2	4	True	True
TSC22D2	2	False	True
TSEN15	2	False	True
TSEN34	2	True	False
TSG101	2	True	False
TSHZ1	2	False	True
TSHZ3	3	False	True
TSIX	2	False	True
TSKU	2	True	False
TSLP	2	True	False
TSN	2	True	False
TSPAN11	3	True	True
TSPAN12	2	True	False
TSPAN14	2	True	False
TSPAN31	2	True	False
TSPAN4	3	True	True
TSPYL2	3	True	False
TSPYL4	2	True	False
TSPYL5	2	True	False
TSR1	3	True	False
TSTD2	2	True	False
TTBK2	2	True	False
TTC1	2	True	False
TTC12	2	True	False
TTC14	3	True	True
TTC17	3	True	False
TTC21B	3	True	False
TTC23	3	True	False
TTC26	2	False	True
TTC27	2	False	True
TTC28	2	False	True
TTC28-AS1	2	False	True
TTC3	2	True	False
TTC30A	4	False	True
TTC30B	2	True	False
TTC31	2	True	False
TTC32	3	True	True
TTC37	2	True	False
TTC39B	2	False	True
TTC7A	3	True	True
TTC9C	2	False	True
TTF2	3	True	False
TTI1	2	True	False
TTK	2	True	False
TTL	2	False	True
TTLL11	2	True	False
TTLL3	3	True	False
TTLL4	2	True	False
TTLL5	4	True	False
TTLL7	4	True	True
TUB	2	True	False
TUBA5P	2	False	True
TUBB	2	True	False
TUBB2B	2	False	True
TUBB3	2	True	False
TUBB6	2	True	False
TUBD1	2	False	True
TUBE1	2	True	False
TUBG2	2	True	False
TUBGCP2	3	True	True
TUBGCP3	2	True	False
TUBGCP4	3	True	False
TUBGCP5	2	True	False
TUBGCP6	2	True	False
TUFM	2	False	True
TUFT1	3	True	True
TUG1	2	True	False
TUT4	2	True	False
TUT7	3	True	False
TWF1	2	False	True
TWIST2	2	False	True
TXK	2	True	False
TXLNG	2	False	True
TXN2	2	False	True
TXNDC17	2	False	True
TXNL1	2	True	False
TXNRD1	2	False	True
TXNRD2	4	True	True
TYMP	2	True	False
TYMS	2	True	False
TYW1	3	True	True
TYW5	3	False	True
U2AF1L5	2	False	True
U2AF2	2	False	True
U2SURP	4	True	True
UACA	3	True	False
UAP1	2	True	False
UBA1	2	True	False
UBA5	2	False	True
UBA52	2	False	True
UBA6	3	True	False
UBA6-DT	2	True	False
UBAC1	2	False	True
UBAP1L	2	True	False
UBAP2	2	True	False
UBAP2L	2	True	False
UBASH3B	3	True	True
UBB	2	True	False
UBE2A	2	True	False
UBE2C	2	False	True
UBE2D1	2	True	False
UBE2D3	2	True	False
UBE2D3-AS1	3	False	True
UBE2E1	4	True	True
UBE2E2	2	True	False
UBE2E3	2	True	False
UBE2F	3	True	True
UBE2G2	3	False	True
UBE2H	2	True	False
UBE2I	3	True	True
UBE2J1	2	False	True
UBE2J2	2	False	True
UBE2K	2	False	True
UBE2L3	3	True	True
UBE2Q1	4	True	True
UBE2Q2	2	False	True
UBE2Q2L	3	False	True
UBE2Q2P1	2	True	False
UBE3A	5	True	False
UBE3B	2	True	False
UBE3C	2	True	False
UBE4A	2	True	False
UBE4B	2	True	False
UBFD1	2	False	True
UBL3	2	True	False
UBL5	3	False	True
UBL7-DT	2	False	True
UBLCP1	2	False	True
UBN1	2	True	False
UBN2	2	True	False
UBP1	4	True	False
UBQLN1-AS1	3	True	True
UBQLN2	4	False	True
UBR2	2	True	False
UBR4	2	True	False
UBR5	2	True	False
UBTF	3	True	False
UBXN1	2	False	True
UBXN2A	3	True	False
UBXN4	2	True	False
UBXN6	2	True	False
UCK2	2	True	False
UEVLD	2	True	False
UFC1	2	True	False
UFD1	2	False	True
UFL1	2	True	False
UFL1-AS1	2	False	True
UFM1	2	False	True
UGDH	2	False	True
UGGT1	2	True	False
UGGT2	2	True	False
UHMK1	2	True	False
UHRF1	2	True	False
UHRF1BP1	2	True	False
UHRF1BP1L	2	True	False
UHRF2	2	True	False
UIMC1	2	True	False
ULK2	4	True	False
ULK4	3	True	True
ULK4P2	2	False	True
UMAD1	2	False	True
UMPS	2	False	True
UNC50	2	False	True
UNC5B	2	True	False
UNC5B-AS1	2	True	False
UNKL	3	True	False
UPF1	2	True	False
UPF2	2	True	False
UPF3A	3	False	True
UPF3B	2	True	False
UPP1	3	False	True
UQCC1	2	True	False
UQCR10	2	True	False
UQCRC2	2	False	True
UQCRH	2	True	False
URB1	2	True	False
URB2	3	True	False
URGCP	4	True	True
UROD	2	False	True
USE1	3	True	False
USO1	2	False	True
USP1	3	True	True
USP11	2	True	False
USP12	2	False	True
USP13	4	True	True
USP14	2	False	True
USP16	2	False	True
USP24	4	True	False
USP25	3	True	True
USP28	3	True	False
USP30	2	True	False
USP32	3	True	False
USP33	2	True	False
USP34	2	True	False
USP34-DT	2	False	True
USP36	3	True	False
USP37	2	True	False
USP38	2	False	True
USP39	2	True	False
USP4	3	True	False
USP40	2	True	False
USP42	2	True	False
USP45	3	True	True
USP46	2	False	True
USP47	3	True	True
USP48	3	True	True
USP7	2	True	False
USP8	3	True	True
USP9X	2	False	True
USPL1	4	True	True
UST	2	True	False
UTP11	2	True	False
UTP20	4	True	False
UTP23	2	False	True
UTP25	2	True	False
UTP4	2	False	True
UTP6	2	False	True
UTRN	3	True	False
UVSSA	3	True	True
UXT	2	False	True
VAMP2	2	False	True
VAMP4	2	False	True
VAMP8	2	True	False
VANGL1	3	True	True
VAPA	4	False	True
VASP	2	False	True
VBP1	2	False	True
VCL	3	True	True
VCPIP1	3	False	True
VDAC1P8	2	False	True
VDAC2	2	False	True
VEPH1	2	False	True
VGLL3	2	False	True
VGLL4	4	True	False
VIM-AS1	2	False	True
VIRMA	2	True	False
VIRMA-DT	2	False	True
VKORC1L1	3	True	True
VLDLR	2	True	False
VMAC	2	False	True
VMP1	2	True	False
VPS13A	2	False	True
VPS13B	4	True	False
VPS13D	3	True	False
VPS16	2	False	True
VPS18	2	True	False
VPS26A	3	False	True
VPS26C	2	False	True
VPS28	2	False	True
VPS29	2	False	True
VPS35L	2	True	False
VPS36	3	True	True
VPS41	2	True	False
VPS45	2	False	True
VPS4A	2	False	True
VPS53	2	True	False
VPS54	2	False	True
VPS8	2	True	False
VSIG10	3	True	True
VSNL1	2	False	True
VSTM1	2	True	False
VTI1A	2	False	True
VTI1B	2	False	True
VWA8	3	True	False
VWCE	2	True	False
WAC	2	True	False
WAC-AS1	2	False	True
WAPL	3	True	False
WARS1	2	True	False
WARS2-AS1	2	True	False
WASF1	2	False	True
WASH3P	2	False	True
WASH7P	2	True	False
WASH8P	2	True	False
WASHC2A	4	True	True
WASHC2C	2	True	False
WASHC4	3	True	False
WASHC5	2	True	False
WASL	2	True	False
WASL-DT	2	False	True
WBP1	2	False	True
WBP4	3	True	True
WDCP	2	True	False
WDFY2	2	True	False
WDFY3	2	True	False
WDFY3-AS2	3	True	False
WDHD1	2	True	False
WDR1	3	True	True
WDR11	2	True	False
WDR12	2	False	True
WDR13	2	True	False
WDR18	2	True	False
WDR20	2	True	False
WDR26	2	True	False
WDR3	3	True	False
WDR31	3	True	False
WDR35	3	True	False
WDR37	3	True	False
WDR41	3	False	True
WDR43	2	True	False
WDR44	3	True	True
WDR48	2	True	False
WDR5	2	True	False
WDR54	2	True	False
WDR55	4	True	True
WDR59	2	True	False
WDR5B	2	False	True
WDR6	2	True	False
WDR7	3	True	False
WDR73	2	True	False
WDR74	2	True	False
WDR76	2	False	True
WDR82	2	False	True
WDR83	2	True	False
WDR90	3	True	False
WDR91	3	True	False
WDTC1	2	False	True
WEE1	2	False	True
WFDC3	2	True	False
WHAMM	3	True	False
WHAMMP2	2	True	False
WHAMMP3	2	True	False
WIPF1	5	True	True
WIPF2	4	True	False
WIZ	2	True	False
WLS	2	True	False
WNK1	2	True	False
WNK4	2	True	False
WNT5A	3	True	False
WNT5B	2	True	False
WRAP53	2	True	False
WRN	2	True	False
WSB1	2	True	False
WSB2	3	False	True
WTAP	3	True	False
WTIP	3	True	False
WWC1	2	True	False
WWC2	3	True	False
WWC3	2	True	False
WWOX	2	False	True
WWP1	4	True	True
WWP2	3	True	False
WWTR1	3	True	False
XIAP	3	True	True
XIAPP3	2	False	True
XIST	3	True	False
XKR6	3	True	True
XPA	2	False	True
XPC	3	True	True
XPNPEP3	2	True	False
XPO4	2	False	True
XPO5	2	True	False
XPO7	2	True	False
XPOT	2	False	True
XPR1	2	True	False
XRCC1	2	False	True
XRCC3	2	True	False
XRCC4	2	False	True
XRCC6	2	False	True
XRRA1	4	True	False
YAE1	2	False	True
YAF2	3	False	True
YAP1	2	False	True
YARS2	2	False	True
YBEY	2	False	True
YBX1	3	True	True
YEATS2	2	True	False
YEATS4	2	True	False
YES1	3	False	True
YIPF6	3	False	True
YJU2B	3	True	True
YME1L1	4	True	False
YPEL1	2	False	True
YPEL3	2	False	True
YPEL5	2	True	False
YRDC	2	False	True
YTHDC1	2	True	False
YTHDC2	3	True	False
YTHDF3	2	True	False
YWHAB	2	False	True
YWHAE	2	False	True
YWHAH	2	True	False
YWHAZ	2	False	True
YY1	3	True	True
ZADH2	3	False	True
ZBED5	2	True	False
ZBED5-AS1	2	True	False
ZBED6	2	False	True
ZBTB1	2	True	False
ZBTB10	3	True	True
ZBTB11	2	True	False
ZBTB11-AS1	2	True	False
ZBTB14	2	True	False
ZBTB2	2	False	True
ZBTB20	2	True	False
ZBTB24	2	True	False
ZBTB25	3	False	True
ZBTB33	2	False	True
ZBTB34	2	True	False
ZBTB38	4	True	True
ZBTB40	3	True	False
ZBTB41	2	False	True
ZBTB42	2	True	False
ZBTB43	3	True	True
ZBTB44	3	True	False
ZBTB48	2	True	False
ZBTB8A	2	True	False
ZBTB8OS	2	False	True
ZC3H12C	3	False	True
ZC3H13	3	True	False
ZC3H18	2	True	False
ZC3H7A	2	True	False
ZC3H7B	2	False	True
ZC3HAV1	5	True	True
ZC3HAV1L	2	False	True
ZC4H2	2	True	False
ZCCHC10	2	False	True
ZCCHC18	2	False	True
ZCWPW1	2	True	False
ZDBF2	2	True	False
ZDHHC14	2	True	False
ZDHHC17	2	True	False
ZDHHC18	2	True	False
ZDHHC20	2	True	False
ZDHHC21	5	True	True
ZDHHC5	3	True	True
ZDHHC9	2	True	False
ZEB1	3	True	False
ZEB1-AS1	3	True	True
ZER1	2	True	False
ZFAND2B	2	False	True
ZFAND3	2	False	True
ZFAND4	2	True	False
ZFAND6	3	True	False
ZFAS1	2	False	True
ZFAT	2	True	False
ZFC3H1	2	True	False
ZFHX3	2	True	False
ZFHX4	3	True	False
ZFP28-DT	2	False	True
ZFP30	2	True	False
ZFP62	2	False	True
ZFP64	3	True	False
ZFP82	3	True	False
ZFP90	3	True	True
ZFP91	3	False	True
ZFPM1	2	True	False
ZFPM2	2	True	False
ZFPM2-AS1	2	True	False
ZFX	4	True	True
ZFYVE1	2	True	False
ZFYVE16	2	True	False
ZFYVE19	2	False	True
ZFYVE26	3	True	False
ZFYVE9	3	True	True
ZGLP1	2	True	False
ZGPAT	2	True	False
ZGRF1	2	True	False
ZHX1	4	True	True
ZHX3	2	False	True
ZKSCAN2-DT	3	False	True
ZKSCAN5	3	True	False
ZMAT2	2	False	True
ZMPSTE24	2	False	True
ZMYM1	2	True	False
ZMYM2	2	True	False
ZMYM3	2	True	False
ZMYM4	2	False	True
ZMYM5	3	True	False
ZMYM6	4	True	False
ZMYND11	2	True	False
ZMYND8	2	True	False
ZNF101	3	True	False
ZNF106	3	True	False
ZNF131	3	True	False
ZNF140	2	True	False
ZNF142	2	False	True
ZNF143	2	False	True
ZNF146	2	False	True
ZNF175	2	True	False
ZNF200	2	True	False
ZNF211	2	True	False
ZNF213-AS1	2	False	True
ZNF219	2	True	False
ZNF224	2	True	False
ZNF226	2	False	True
ZNF227	2	False	True
ZNF236	5	True	True
ZNF24	2	False	True
ZNF248	3	True	False
ZNF254	2	True	False
ZNF260	3	False	True
ZNF264	2	True	False
ZNF274	2	False	True
ZNF276	2	True	False
ZNF277	2	True	False
ZNF280B	2	False	True
ZNF280C	2	True	False
ZNF280D	2	True	False
ZNF282	2	False	True
ZNF283	3	True	True
ZNF286A	3	True	True
ZNF292	2	True	False
ZNF295-AS1	2	True	False
ZNF318	5	True	True
ZNF322	2	False	True
ZNF326	2	True	False
ZNF331	4	True	True
ZNF335	2	True	False
ZNF337	2	True	False
ZNF337-AS1	3	False	True
ZNF33B	2	False	True
ZNF341	2	True	False
ZNF343	2	False	True
ZNF346	2	True	False
ZNF354B	2	False	True
ZNF354C	2	True	False
ZNF358	2	True	False
ZNF367	2	True	False
ZNF37A	3	True	False
ZNF37BP	2	True	False
ZNF384	2	False	True
ZNF394	2	False	True
ZNF395	2	False	True
ZNF398	2	True	False
ZNF407	4	True	True
ZNF410	2	False	True
ZNF418	2	False	True
ZNF420	2	False	True
ZNF423	2	True	False
ZNF425	2	True	False
ZNF426	2	True	False
ZNF43	2	True	False
ZNF432	2	True	False
ZNF436-AS1	2	False	True
ZNF438	4	True	False
ZNF444	2	False	True
ZNF451	2	True	False
ZNF460	2	False	True
ZNF462	3	True	True
ZNF470	2	False	True
ZNF48	2	False	True
ZNF487	4	False	True
ZNF496	4	True	False
ZNF500	2	False	True
ZNF507	2	True	False
ZNF512B	3	True	False
ZNF518A	4	True	True
ZNF521	2	True	False
ZNF524	2	True	False
ZNF526	2	True	False
ZNF528	2	True	False
ZNF530	4	True	True
ZNF532	2	True	False
ZNF542P	2	False	True
ZNF552	2	False	True
ZNF557	3	True	True
ZNF561-AS1	2	True	False
ZNF566	2	False	True
ZNF567	2	True	False
ZNF568	2	True	False
ZNF570	2	False	True
ZNF573	2	False	True
ZNF576	2	False	True
ZNF580	2	True	False
ZNF581	2	True	False
ZNF582-DT	2	False	True
ZNF583	2	False	True
ZNF586	2	True	False
ZNF587	2	True	False
ZNF589	2	False	True
ZNF592	3	True	True
ZNF594	2	True	False
ZNF600	2	True	False
ZNF608	2	True	False
ZNF611	3	True	False
ZNF614	2	False	True
ZNF618	2	True	False
ZNF619	2	True	False
ZNF620	2	True	False
ZNF621	2	True	False
ZNF622	2	False	True
ZNF624	2	True	False
ZNF625	2	False	True
ZNF627	2	False	True
ZNF638	2	True	False
ZNF639	2	False	True
ZNF644	2	True	False
ZNF646	3	True	False
ZNF653	2	True	False
ZNF654	4	True	True
ZNF655	2	False	True
ZNF658	2	True	False
ZNF664	2	True	False
ZNF667-AS1	2	True	False
ZNF669	2	False	True
ZNF674-AS1	2	False	True
ZNF677	2	True	False
ZNF680	2	True	False
ZNF682	2	True	False
ZNF687	2	True	False
ZNF692	2	True	False
ZNF70	2	True	False
ZNF701	2	True	False
ZNF708	2	True	False
ZNF710-AS1	2	False	True
ZNF713	3	True	False
ZNF721	2	True	False
ZNF738	2	False	True
ZNF740	2	False	True
ZNF749	3	True	True
ZNF75A	2	True	False
ZNF76	2	True	False
ZNF767P	2	True	False
ZNF780B	2	True	False
ZNF782	2	True	False
ZNF787	2	False	True
ZNF79	2	True	False
ZNF8-DT	2	False	True
ZNF800	4	True	True
ZNF804A	2	True	False
ZNF805	2	False	True
ZNF808	2	True	False
ZNF81	2	True	False
ZNF814	3	True	True
ZNF821	2	False	True
ZNF827	2	True	False
ZNF83	2	True	False
ZNF830	2	False	True
ZNF839	2	True	False
ZNF84	3	True	True
ZNF846	3	True	False
ZNF850	2	False	True
ZNF862	2	True	False
ZNF875	3	True	False
ZNF880	2	False	True
ZNF91	2	True	False
ZNFX1	2	True	False
ZNHIT1	2	True	False
ZNHIT3	2	False	True
ZNHIT6	3	True	True
ZNNT1	2	True	False
ZNRD1ASP	2	True	False
ZNRF1	2	True	False
ZNRF2	3	True	True
ZNRF3	2	True	False
ZP1	3	True	False
ZRANB1	4	True	False
ZRANB2	2	False	True
ZRANB3	4	True	True
ZRSR2	2	False	True
ZSCAN12	2	True	False
ZSCAN16	2	True	False
ZSCAN16-AS1	3	False	True
ZSCAN30	2	True	False
ZSWIM6	2	True	False
ZSWIM8	3	True	False
ZSWIM9	3	True	True
ZXDB	2	False	True
ZXDC	2	True	False
ZYG11A	4	True	True
ZYG11B	2	True	False
ZYX	2	False	True
ZZEF1	4	True	False
ZZZ3	3	True	True
novelGene_ABCC4_AS	2	False	True
novelGene_ABL1_AS	2	False	True
novelGene_ADAM19_AS	2	False	True
novelGene_ADAMTS12_AS	2	False	True
novelGene_AFAP1_AS	2	True	False
novelGene_AFF3_AS	2	False	True
novelGene_AKAP13_AS	2	True	False
novelGene_ANKRD17_AS	2	True	False
novelGene_APBB2_AS	2	True	False
novelGene_ARL15_AS	3	True	True
novelGene_ARSJ_AS	3	True	False
novelGene_ASAP1_AS	3	True	False
novelGene_BAZ1A_AS	2	True	False
novelGene_C12orf75_AS	2	True	False
novelGene_CDH12P1_AS	3	False	True
novelGene_CDK5RAP2_AS	2	True	False
novelGene_COL4A1_AS	2	True	False
novelGene_COL8A1_AS	3	True	True
novelGene_COPG2_AS	4	True	False
novelGene_CTNS_AS	2	True	False
novelGene_DMGDH_AS	2	True	False
novelGene_DPF3_AS	3	False	True
novelGene_DPP9_AS	2	False	True
novelGene_EBF3_AS	2	False	True
novelGene_EDIL3_AS	2	True	False
novelGene_EMBP1_AS	2	False	True
novelGene_EMID1_AS	2	False	True
novelGene_ENAH_AS	2	True	False
novelGene_ENSG00000228714_AS	2	False	True
novelGene_ENSG00000229839_AS	2	True	False
novelGene_ENSG00000231918_AS	2	True	False
novelGene_ENSG00000253496_AS	2	False	True
novelGene_ENSG00000257261_AS	2	False	True
novelGene_ENSG00000257496_AS	2	True	False
novelGene_ENSG00000268746_AS	2	True	False
novelGene_ENSG00000272368_AS	2	True	False
novelGene_ENSG00000280614_AS	3	True	False
novelGene_ENSG00000283674_AS	3	True	False
novelGene_ENSG00000285922_AS	2	False	True
novelGene_ENSG00000286016_AS	2	False	True
novelGene_ENSG00000286458_AS	3	True	False
novelGene_ENSG00000286509_AS	2	False	True
novelGene_ENSG00000287937_AS	2	False	True
novelGene_ENSG00000288759_AS	2	False	True
novelGene_EXT1_AS	3	True	False
novelGene_FILIP1L_AS	3	True	False
novelGene_FNIP1_AS	2	False	True
novelGene_FOXP1_AS	2	True	False
novelGene_FSTL3_AS	2	True	False
novelGene_GSK3B_AS	2	True	False
novelGene_H4C9_AS	2	False	True
novelGene_HERC6_AS	3	True	True
novelGene_HMGA2-AS1_AS	2	True	False
novelGene_HMGXB4_AS	3	False	True
novelGene_HROB_AS	2	True	False
novelGene_HTRA1_AS	2	True	False
novelGene_IQCJ-SCHIP1_AS	2	True	False
novelGene_KRTAP2-3_AS	3	True	True
novelGene_LINC00973_AS	2	False	True
novelGene_LINC01323_AS	3	True	False
novelGene_LINC01376_AS	2	True	False
novelGene_LMCD1-AS1_AS	3	True	False
novelGene_MARCHF3_AS	2	True	False
novelGene_MARCHF4_AS	2	True	False
novelGene_MDM2_AS	2	False	True
novelGene_MGLL_AS	2	False	True
novelGene_MIR100HG_AS	2	True	False
novelGene_MPP7_AS	2	False	True
novelGene_MT-ND2_AS	2	True	False
novelGene_MXRA7_AS	2	True	False
novelGene_MXRA8_AS	2	True	False
novelGene_NALF1_AS	3	True	False
novelGene_NTM_AS	2	False	True
novelGene_NUMA1_AS	2	True	False
novelGene_NXNL2_AS	2	False	True
novelGene_OMD_AS	3	True	False
novelGene_PANX1_AS	2	False	True
novelGene_PDE4DIPP2_AS	2	True	False
novelGene_PDXDC1_AS	2	True	False
novelGene_PLAUR_AS	2	True	False
novelGene_PLD1_AS	2	True	False
novelGene_PLXNA2_AS	2	False	True
novelGene_POU2F2_AS	2	True	False
novelGene_PRICKLE2-DT_AS	2	False	True
novelGene_PRKCA-AS1_AS	2	True	False
novelGene_PRKCH_AS	2	True	False
novelGene_PRR13P1_AS	2	True	False
novelGene_PSG8_AS	2	True	False
novelGene_PTPRH_AS	2	False	True
novelGene_PTPRQ_AS	2	True	False
novelGene_PXMP2_AS	2	True	False
novelGene_RASA3_AS	2	True	False
novelGene_RBFOX3_AS	2	False	True
novelGene_REEP3_AS	2	True	False
novelGene_REV3L_AS	2	True	False
novelGene_RHBDL2_AS	2	True	False
novelGene_RXFP2_AS	2	False	True
novelGene_SCN8A_AS	2	False	True
novelGene_SEPTIN7P2_AS	2	True	False
novelGene_SETD2_AS	2	True	False
novelGene_SLC7A14-AS1_AS	2	True	False
novelGene_SMG1P3_AS	2	True	False
novelGene_SRGAP2B_AS	2	True	False
novelGene_STARD4-AS1_AS	2	True	False
novelGene_STK32B_AS	3	False	True
novelGene_TIMP2_AS	2	True	False
novelGene_TMEM14EP_AS	2	True	False
novelGene_TNRC6B_AS	2	True	False
novelGene_TRIB3_AS	2	False	True
novelGene_TRIOBP_AS	2	True	False
novelGene_TRPM3_AS	3	True	True
novelGene_UNC13B_AS	2	True	False
novelGene_ZC3HAV1L_AS	2	False	True
novelGene_ZNF451-AS1_AS	2	False	True
novelGene_ZSWIM7_AS	2	True	False
